order_id,customer_id,product_id,order_date,shipping_date,quantity,unit_price,discount_percent,discount_amount,final_amount,channel,acquisition_channel,payment_method,order_status,city,return_flag,return_reason,shipping_cost,marketplace_commission,fulfillment_cost
720898,581633,384259,29-07-2025,01-08-2025,1,649,20,129.8,519.2,D2C Website,Organic Search,UPI,Delivered,Hyderabad,0,,37.88,0,53.02
753668,581633,385909,27-08-2025,02-09-2025,1,429,5,21.45,407.55,Nykaa,Organic Search,UPI,Delivered,Hyderabad,0,,62.98,95.74,47.25
786439,581633,351856,17-09-2025,19-09-2025,1,449,10,44.9,404.1,Nykaa,Organic Search,Debit Card,Delivered,Hyderabad,0,,84.08,99,48.5
786447,548870,376484,27-06-2024,29-06-2024,1,499,20,99.8,399.2,Quick Commerce,Instagram,Credit Card,Delivered,Pune,0,,68.72,0,21.81
786451,532493,376622,06-01-2024,09-01-2024,1,899,15,134.85,764.15,D2C Website,Google,UPI,Delivered,Delhi,0,,89.29,0,53.06
786455,532493,376484,30-04-2024,04-05-2024,2,499,10,99.8,898.2,D2C Website,Google,Net Banking,Delivered,Delhi,0,,42.79,0,29.85
753690,532493,370644,04-09-2024,08-09-2024,1,449,0,0,449,Offline Store,Google,Cash on Delivery,Delivered,Delhi,0,,0,0,48.41
786462,532493,318726,25-10-2024,28-10-2024,1,549,40,219.6,329.4,Amazon,Google,UPI,Delivered,Delhi,0,,75.51,78.35,30.9
786463,532493,328746,07-11-2025,11-11-2025,1,299,10,29.9,269.1,Amazon,Google,UPI,Delivered,Delhi,0,,81.34,50.51,27.58
786474,540685,397912,07-07-2025,08-07-2025,1,399,20,79.8,319.2,Myntra,Google,Wallet,Delivered,Bengaluru,0,,84.62,51.56,39.54
786479,540685,360142,20-07-2025,23-07-2025,3,349,10,104.7,942.3,D2C Website,Google,UPI,Delivered,Bengaluru,0,,75.71,0,58.21
753714,540685,397912,23-08-2025,29-08-2025,2,399,25,199.5,598.5,Nykaa,Google,Cash on Delivery,Delivered,Bengaluru,0,,50.66,121.87,42.8
786486,540687,332325,18-08-2025,20-08-2025,2,399,15,119.7,678.3,Nykaa,Influencer,Net Banking,Delivered,Pune,0,,62.39,139.37,25.08
786497,598032,360142,24-04-2024,26-04-2024,1,349,20,69.8,279.2,Amazon,Instagram,UPI,Delivered,Mumbai,0,,39.6,52.71,47.74
753729,598032,332325,25-04-2024,29-04-2024,2,399,10,79.8,718.2,Amazon,Instagram,UPI,Delivered,Mumbai,0,,42.85,139.19,43.88
720971,598032,360142,28-07-2024,02-08-2024,1,349,25,87.25,261.75,Myntra,Instagram,Debit Card,Delivered,Mumbai,0,,46.57,44.21,32.72
720975,589838,373579,17-09-2025,20-09-2025,1,449,5,22.45,426.55,Amazon,Influencer,Debit Card,Delivered,Bengaluru,0,,46.04,78.92,45.77
786512,598038,376484,16-08-2025,21-08-2025,2,499,20,199.6,798.4,Nykaa,Google,UPI,Delivered,Mumbai,0,,45.69,134.45,46.32
786517,557080,318301,10-03-2025,15-03-2025,1,249,25,62.25,186.75,Amazon,Instagram,Credit Card,Delivered,Bengaluru,0,,52.47,38.23,24.45
753752,557080,360142,08-06-2025,13-06-2025,1,349,20,69.8,279.2,Myntra,Instagram,Debit Card,Delivered,Bengaluru,0,,44.35,59.15,57.31
786530,557080,318726,30-06-2025,02-07-2025,3,549,25,411.75,1235.25,Myntra,Instagram,Credit Card,Delivered,Bengaluru,0,,35.32,269.82,20.14
721001,557080,318726,31-10-2025,04-11-2025,1,549,10,54.9,494.1,Amazon,Instagram,Credit Card,Delivered,Bengaluru,0,,47.35,80.03,45.13
786537,557080,397647,08-12-2025,09-12-2025,2,799,5,79.9,1518.1,Myntra,Instagram,UPI,Delivered,Bengaluru,0,,61.2,352.81,42.86
721002,507936,384259,08-12-2025,14-12-2025,2,649,10,129.8,1168.2,Quick Commerce,Referral,UPI,Delivered,Ahmedabad,0,,61.98,0,30
786540,557091,397912,19-05-2025,21-05-2025,1,399,20,79.8,319.2,D2C Website,Google,Cash on Delivery,Delivered,Indore,0,,83.37,0,28.95
753773,507944,318301,10-01-2025,12-01-2025,1,249,20,49.8,199.2,D2C Website,Instagram,Debit Card,Delivered,Nagpur,0,,57.57,0,55.19
721004,507944,373579,23-03-2025,27-03-2025,1,449,0,0,449,Amazon,Instagram,Debit Card,Delivered,Nagpur,0,,46.45,95.48,36.23
753778,507944,385909,11-05-2025,15-05-2025,1,429,10,42.9,386.1,Nykaa,Instagram,Credit Card,Delivered,Nagpur,0,,56.36,75.05,34.54
721012,507944,397647,07-07-2025,12-07-2025,1,799,10,79.9,719.1,D2C Website,Instagram,Net Banking,Delivered,Nagpur,0,,83.05,0,46.37
753781,507944,373579,17-07-2025,21-07-2025,1,449,15,67.35,381.65,D2C Website,Instagram,UPI,Delivered,Nagpur,0,,77.02,0,36.33
721016,507944,318301,09-08-2025,11-08-2025,3,249,10,74.7,672.3,Amazon,Instagram,Net Banking,Delivered,Nagpur,0,,64.86,132.46,38.09
721017,598059,318301,29-09-2024,01-10-2024,1,249,0,0,249,Nykaa,Influencer,UPI,Delivered,Lucknow,0,,71.28,59.51,57.48
786554,598059,373579,14-12-2024,18-12-2024,2,449,20,179.6,718.4,Amazon,Influencer,Debit Card,Delivered,Lucknow,0,,66.21,122.59,26.89
753790,581678,384259,24-10-2025,30-10-2025,3,649,5,97.35,1849.65,D2C Website,Google,Credit Card,Delivered,Kochi,0,,38.59,0,20.86
786560,581678,376484,30-10-2025,31-10-2025,2,499,10,99.8,898.2,Nykaa,Google,UPI,Delivered,Kochi,0,,86.24,142.81,34.27
721026,581678,376484,05-11-2025,07-11-2025,3,499,0,0,1497,Amazon,Google,UPI,Delivered,Kochi,0,,69.28,234.43,32.62
786563,581678,376484,14-11-2025,18-11-2025,3,499,0,0,1497,D2C Website,Google,Net Banking,Delivered,Kochi,0,,73.7,0,31.59
786562,581678,376484,25-11-2025,30-11-2025,2,499,20,199.6,798.4,Myntra,Google,UPI,Delivered,Kochi,0,,43.98,190.06,24.74
721044,581678,376484,26-11-2025,30-11-2025,3,499,25,374.25,1122.75,Offline Store,Google,Debit Card,Delivered,Kochi,0,,0,0,42.09
721048,581678,328746,03-12-2025,06-12-2025,2,299,15,89.7,508.3,Amazon,Google,Net Banking,Delivered,Kochi,0,,88.69,122.18,46.55
721049,581678,376484,17-12-2025,21-12-2025,1,499,15,74.85,424.15,Nykaa,Google,Cash on Delivery,Delivered,Kochi,0,,83.41,65.29,38.91
786587,581678,376484,26-12-2025,27-12-2025,1,499,10,49.9,449.1,Myntra,Google,Cash on Delivery,Delivered,Kochi,0,,54.93,111.73,37.64
721061,532527,351856,16-12-2024,19-12-2024,1,449,5,22.45,426.55,Amazon,Marketplace,Cash on Delivery,Delivered,Bengaluru,0,,38.79,101.8,25.4
786598,532527,360142,31-05-2025,04-06-2025,3,349,15,157.05,889.95,Amazon,Marketplace,UPI,Delivered,Bengaluru,0,,86.43,143.37,58.42
786599,532527,332325,14-08-2025,20-08-2025,1,399,20,79.8,319.2,Amazon,Marketplace,Credit Card,Returned,Bengaluru,1,Changed Mind,87.18,70.59,23.32
753833,532527,318726,22-09-2025,26-09-2025,1,549,15,82.35,466.65,D2C Website,Marketplace,UPI,Delivered,Bengaluru,0,,84.01,0,36.71
786609,532527,376484,14-11-2025,17-11-2025,1,499,20,99.8,399.2,Myntra,Marketplace,Credit Card,Delivered,Bengaluru,0,,63.62,71.07,56.64
753841,557104,328746,21-01-2025,27-01-2025,1,299,25,74.75,224.25,Amazon,Referral,Cash on Delivery,Delivered,Nagpur,0,,58.81,43.7,21.62
721075,557104,384259,27-04-2025,03-05-2025,1,649,10,64.9,584.1,Amazon,Referral,Debit Card,Delivered,Nagpur,0,,65.32,92.3,25.23
786613,557104,328746,23-11-2025,28-11-2025,2,299,15,89.7,508.3,Offline Store,Referral,Credit Card,Delivered,Nagpur,0,,0,0,42.95
753848,589873,397912,22-07-2025,23-07-2025,1,399,25,99.75,299.25,D2C Website,Referral,Net Banking,Delivered,Delhi,0,,49.87,0,35.01
786619,589873,376622,30-07-2025,04-08-2025,1,899,20,179.8,719.2,Quick Commerce,Referral,Debit Card,Delivered,Delhi,0,,78.13,0,36.29
753852,589873,318726,22-10-2025,25-10-2025,1,549,25,137.25,411.75,D2C Website,Referral,Credit Card,Delivered,Delhi,0,,65.38,0,39.55
721087,532530,318726,23-10-2025,24-10-2025,1,549,0,0,549,Amazon,Marketplace,Cash on Delivery,Delivered,Mumbai,0,,82.38,132.49,55.83
786626,532530,370644,26-12-2025,28-12-2025,1,449,0,0,449,Quick Commerce,Marketplace,UPI,Delivered,Mumbai,0,,40.89,0,22.98
786632,540730,397912,24-12-2025,26-12-2025,1,399,10,39.9,359.1,Amazon,Offline Store,Net Banking,Delivered,Bengaluru,0,,35.53,84.88,20.54
721108,581691,328746,01-07-2025,06-07-2025,1,299,25,74.75,224.25,Quick Commerce,Instagram,Credit Card,Delivered,Kolkata,0,,82.92,0,38.43
786649,589889,384259,26-11-2024,27-11-2024,2,649,0,0,1298,D2C Website,Offline Store,UPI,Delivered,Delhi,0,,45.97,0,49.84
753883,524356,373579,15-02-2024,21-02-2024,1,449,0,0,449,D2C Website,Organic Search,UPI,Delivered,Bengaluru,0,,37.75,0,23.18
753884,524356,397912,15-05-2024,20-05-2024,2,399,10,79.8,718.2,Amazon,Organic Search,UPI,Returned,Bengaluru,1,Better Price Found Elsewhere,73.95,166.45,39.81
721116,524356,360142,30-04-2025,02-05-2025,1,349,15,52.35,296.65,Nykaa,Organic Search,UPI,Delivered,Bengaluru,0,,67.55,66.2,54.44
786655,557125,370644,12-06-2025,14-06-2025,1,449,15,67.35,381.65,Amazon,Instagram,Net Banking,Delivered,Bengaluru,0,,45.41,79.21,24.96
786661,557125,376622,01-07-2025,03-07-2025,1,899,10,89.9,809.1,D2C Website,Instagram,Credit Card,Delivered,Bengaluru,0,,52.68,0,59.68
786665,557125,318726,26-07-2025,01-08-2025,1,549,0,0,549,Amazon,Instagram,UPI,Delivered,Bengaluru,0,,57.68,98.64,45.62
721130,557125,384259,31-07-2025,03-08-2025,2,649,20,259.6,1038.4,Myntra,Instagram,Cash on Delivery,Delivered,Bengaluru,0,,64.18,232.13,46.19
721131,557125,376484,17-08-2025,20-08-2025,1,499,0,0,499,Amazon,Instagram,Wallet,Delivered,Bengaluru,0,,38.39,82.9,39.76
753900,507972,384259,04-10-2025,08-10-2025,1,649,10,64.9,584.1,D2C Website,Marketplace,UPI,Cancelled,Ahmedabad,0,,77.04,0,48.64
721129,565323,370644,01-11-2025,07-11-2025,1,449,10,44.9,404.1,Nykaa,Instagram,Cash on Delivery,Delivered,Guwahati,0,,75.82,78.83,39.22
786670,565323,332325,04-11-2025,08-11-2025,1,399,10,39.9,359.1,Myntra,Instagram,UPI,Delivered,Guwahati,0,,45.47,89.74,43.49
721135,565323,318726,26-11-2025,29-11-2025,2,549,10,109.8,988.2,D2C Website,Instagram,Debit Card,Delivered,Guwahati,0,,83.4,0,32.97
786673,565323,347447,03-12-2025,07-12-2025,1,349,0,0,349,D2C Website,Instagram,Credit Card,Returned,Guwahati,1,Damaged in Transit,84.45,0,38.09
753907,565323,347447,09-12-2025,15-12-2025,1,349,15,52.35,296.65,Myntra,Instagram,UPI,Delivered,Guwahati,0,,36.35,56.94,25.58
721146,557132,385909,07-01-2025,13-01-2025,1,429,20,85.8,343.2,Amazon,Marketplace,Cash on Delivery,Cancelled,Mumbai,0,,87.03,56.66,28.68
721150,557132,332325,17-03-2025,21-03-2025,2,399,25,199.5,598.5,Nykaa,Marketplace,Credit Card,Delivered,Mumbai,0,,36.19,109.96,35.69
721152,557132,328746,06-07-2025,11-07-2025,1,299,0,0,299,D2C Website,Marketplace,UPI,Delivered,Mumbai,0,,45.45,0,44.27
721155,557132,376622,23-07-2025,27-07-2025,1,899,10,89.9,809.1,D2C Website,Marketplace,UPI,Delivered,Mumbai,0,,43.79,0,58.76
721158,573519,385909,11-12-2024,17-12-2024,1,429,20,85.8,343.2,Quick Commerce,Marketplace,Cash on Delivery,Delivered,Jaipur,0,,69.68,0,47.36
721164,573519,318726,25-03-2025,26-03-2025,2,549,5,54.9,1043.1,Myntra,Marketplace,Cash on Delivery,Delivered,Jaipur,0,,53.76,211.71,34.93
753939,573519,351856,11-05-2025,13-05-2025,3,449,5,67.35,1279.65,Nykaa,Marketplace,UPI,Delivered,Jaipur,0,,38.47,316.13,37.88
786714,573519,360142,06-07-2025,08-07-2025,3,349,0,0,1047,Quick Commerce,Marketplace,Cash on Delivery,Delivered,Jaipur,0,,72.86,0,56.41
753950,573519,332325,13-08-2025,19-08-2025,1,399,20,79.8,319.2,Amazon,Marketplace,UPI,Delivered,Jaipur,0,,78.27,78.92,42.2
753961,573519,318726,15-08-2025,18-08-2025,2,549,15,164.7,933.3,Nykaa,Marketplace,Credit Card,Delivered,Jaipur,0,,88.1,224.17,51.26
786734,573519,332325,27-08-2025,29-08-2025,1,399,25,99.75,299.25,Myntra,Marketplace,Net Banking,Delivered,Jaipur,0,,79.73,63.12,29.96
786743,548944,328746,28-02-2025,04-03-2025,1,299,0,0,299,Nykaa,Instagram,Credit Card,Delivered,Pune,0,,39.47,63.5,39.64
721211,548944,384259,20-06-2025,26-06-2025,1,649,0,0,649,D2C Website,Instagram,Debit Card,Delivered,Pune,0,,59.72,0,51.1
753983,548944,384259,29-09-2025,02-10-2025,1,649,0,0,649,Offline Store,Instagram,UPI,Delivered,Pune,0,,0,0,34.55
786754,507989,373579,30-07-2025,01-08-2025,1,449,25,112.25,336.75,Amazon,Organic Search,UPI,Returned,Pune,1,Damaged in Transit,80.37,61.53,39.3
721218,573526,384259,30-01-2025,05-02-2025,1,649,15,97.35,551.65,Amazon,Organic Search,UPI,Delivered,Kolkata,0,,68.28,133.7,31.82
753992,573526,318726,27-05-2025,29-05-2025,1,549,20,109.8,439.2,D2C Website,Organic Search,UPI,Delivered,Kolkata,0,,62.73,0,29.93
754000,573526,376484,02-06-2025,08-06-2025,1,499,10,49.9,449.1,Amazon,Organic Search,Credit Card,Delivered,Kolkata,0,,49.35,67.86,25.76
754002,573526,376484,18-11-2025,24-11-2025,1,499,15,74.85,424.15,D2C Website,Organic Search,UPI,Delivered,Kolkata,0,,58.18,0,34.75
721237,565338,373579,15-09-2025,21-09-2025,1,449,20,89.8,359.2,Quick Commerce,Offline Store,Credit Card,Delivered,Bengaluru,0,,43.63,0,37.77
754008,540768,332325,22-12-2024,27-12-2024,1,399,20,79.8,319.2,Myntra,Instagram,UPI,Delivered,Pune,0,,41.82,78.4,54.71
786776,540768,318726,09-01-2025,12-01-2025,2,549,15,164.7,933.3,Quick Commerce,Instagram,Debit Card,Delivered,Pune,0,,80.75,0,35
786781,540768,373579,18-02-2025,22-02-2025,1,449,10,44.9,404.1,Nykaa,Instagram,UPI,Delivered,Pune,0,,52.96,76.6,53.44
721245,540768,332325,22-02-2025,25-02-2025,1,399,20,79.8,319.2,Amazon,Instagram,Wallet,Delivered,Pune,0,,37.17,72.03,40.47
754020,540768,376622,20-05-2025,26-05-2025,1,899,20,179.8,719.2,D2C Website,Instagram,UPI,Returned,Pune,1,Damaged in Transit,38.51,0,22.72
786798,540768,318726,21-05-2025,22-05-2025,2,549,15,164.7,933.3,Offline Store,Instagram,Credit Card,Delivered,Pune,0,,0,0,57.6
786805,540768,360142,06-08-2025,09-08-2025,3,349,15,157.05,889.95,Myntra,Instagram,UPI,Delivered,Pune,0,,57.7,163.59,50.03
721270,540768,332325,26-09-2025,01-10-2025,3,399,35,418.95,778.05,D2C Website,Instagram,Debit Card,Delivered,Pune,0,,57.9,0,51.59
754044,598112,376484,01-04-2025,02-04-2025,1,499,5,24.95,474.05,D2C Website,Marketplace,Credit Card,Delivered,Kolkata,0,,82.78,0,29.1
721281,598112,328746,19-04-2025,25-04-2025,1,299,5,14.95,284.05,D2C Website,Marketplace,UPI,Returned,Kolkata,1,Damaged in Transit,37.89,0,53.72
721282,598112,351856,02-05-2025,06-05-2025,2,449,0,0,898,D2C Website,Marketplace,UPI,Delivered,Kolkata,0,,47.05,0,29.31
786824,598112,385909,02-07-2025,04-07-2025,1,429,5,21.45,407.55,D2C Website,Marketplace,UPI,Delivered,Kolkata,0,,52.76,0,50.24
754059,557154,384259,12-11-2025,15-11-2025,1,649,25,162.25,486.75,Amazon,Offline Store,Debit Card,Returned,Hyderabad,1,Product Not As Described,73.34,105.61,42
786840,557154,328746,14-12-2025,16-12-2025,1,299,10,29.9,269.1,Amazon,Offline Store,UPI,Delivered,Hyderabad,0,,67.05,45.98,20.29
721305,516199,318726,19-01-2025,21-01-2025,1,549,5,27.45,521.55,Amazon,Instagram,Net Banking,Delivered,Chandigarh,0,,69.52,78.62,44.91
721311,516199,384259,03-05-2025,06-05-2025,1,649,15,97.35,551.65,Amazon,Instagram,UPI,Delivered,Chandigarh,0,,46.09,91.57,44.3
786848,516199,376622,18-05-2025,21-05-2025,1,899,20,179.8,719.2,Myntra,Instagram,UPI,Delivered,Chandigarh,0,,70.78,136.12,38.07
721313,516199,351856,14-07-2025,20-07-2025,1,449,20,89.8,359.2,D2C Website,Instagram,Credit Card,Delivered,Chandigarh,0,,77.35,0,28.18
786850,516199,318301,25-12-2025,29-12-2025,1,249,5,12.45,236.55,Amazon,Instagram,Net Banking,Delivered,Chandigarh,0,,83.08,53.05,28.01
786847,589928,318301,27-10-2024,31-10-2024,3,249,0,0,747,D2C Website,Instagram,UPI,Delivered,Kolkata,0,,69.44,0,42.67
786853,589928,397912,21-01-2025,24-01-2025,2,399,0,0,798,Nykaa,Instagram,Credit Card,Delivered,Kolkata,0,,35.68,121.6,53.18
721319,589928,373579,26-01-2025,28-01-2025,1,449,5,22.45,426.55,Nykaa,Instagram,UPI,Delivered,Kolkata,0,,74.6,94.69,38.32
786867,589928,385909,26-03-2025,28-03-2025,1,429,10,42.9,386.1,Offline Store,Instagram,UPI,Delivered,Kolkata,0,,0,0,39.21
721331,589928,397912,19-11-2025,25-11-2025,1,399,20,79.8,319.2,D2C Website,Instagram,Credit Card,Returned,Kolkata,1,Product Not As Described,48.67,0,44.65
721333,532591,318726,11-09-2025,12-09-2025,2,549,15,164.7,933.3,Quick Commerce,Google,UPI,Delivered,Ahmedabad,0,,87.07,0,57.21
754109,557176,397912,21-09-2025,22-09-2025,1,399,15,59.85,339.15,Myntra,Referral,Credit Card,Delivered,Chennai,0,,88.4,72.77,49.67
721344,557176,370644,29-09-2025,02-10-2025,1,449,0,0,449,Nykaa,Referral,UPI,Delivered,Chennai,0,,77.37,68.36,55.94
721349,557176,373579,20-11-2025,23-11-2025,1,449,5,22.45,426.55,Myntra,Referral,Unknown,Delivered,Chennai,0,,89.08,103.75,56.58
754118,557176,328746,11-12-2025,17-12-2025,1,299,5,14.95,284.05,Offline Store,Referral,Cash on Delivery,Delivered,Chennai,0,,0,0,47.27
721354,557199,318301,12-12-2025,13-12-2025,1,249,10,24.9,224.1,Myntra,Google,Net Banking,Delivered,Nagpur,0,,60.04,49.86,55.46
721356,573584,397647,18-08-2025,19-08-2025,3,799,5,119.85,2277.15,Myntra,Instagram,Debit Card,Delivered,Bengaluru,0,,75.23,450.81,26.13
754124,549009,360142,11-01-2025,12-01-2025,2,349,25,174.5,523.5,D2C Website,Organic Search,Credit Card,Delivered,Mumbai,0,,80.67,0,36.5
754127,589974,385909,27-11-2025,28-11-2025,1,429,5,21.45,407.55,Amazon,Organic Search,UPI,Delivered,Pune,0,,74.04,96.85,48.75
754135,598167,332325,19-11-2025,25-11-2025,2,399,20,159.6,638.4,D2C Website,Google,Debit Card,Delivered,Lucknow,0,,82.96,0,29.39
721368,549015,318726,29-01-2025,31-01-2025,1,549,0,0,549,Myntra,Influencer,UPI,Returned,Delhi,1,Wrong Item Delivered,50.76,123.11,23.54
754141,549015,370644,17-08-2025,21-08-2025,2,449,20,179.6,718.4,Myntra,Influencer,Net Banking,Returned,Delhi,1,Better Price Found Elsewhere,55.53,146.88,56.07
754149,549015,318726,14-09-2025,19-09-2025,2,549,15,164.7,933.3,D2C Website,Influencer,Credit Card,Delivered,Delhi,0,,52.64,0,45.57
786918,549015,384259,20-10-2025,25-10-2025,3,649,10,194.7,1752.3,Nykaa,Influencer,Cash on Delivery,Delivered,Delhi,0,,54.11,344.76,31.7
721383,549015,384259,22-10-2025,26-10-2025,1,649,10,64.9,584.1,D2C Website,Influencer,Credit Card,Delivered,Delhi,0,,57.43,0,58.46
721381,549015,376484,05-12-2025,08-12-2025,1,499,15,74.85,424.15,Myntra,Influencer,Debit Card,Delivered,Delhi,0,,54.73,77.74,38.66
754154,598174,360142,28-11-2025,03-12-2025,1,349,0,0,349,Amazon,Influencer,Net Banking,Delivered,Coimbatore,0,,75.96,74.43,54.04
786925,598174,332325,05-12-2025,07-12-2025,2,399,10,79.8,718.2,Quick Commerce,Influencer,UPI,Delivered,Coimbatore,0,,56.8,0,52.94
754158,598174,318301,06-12-2025,11-12-2025,1,249,0,0,249,D2C Website,Influencer,UPI,Delivered,Coimbatore,0,,63.58,0,43.02
786933,598174,318301,17-12-2025,22-12-2025,1,249,0,0,249,Amazon,Influencer,Debit Card,Delivered,Coimbatore,0,,47.47,41.45,48.39
721402,598174,370644,28-12-2025,29-12-2025,1,449,0,0,449,Nykaa,Influencer,Cash on Delivery,Delivered,Coimbatore,0,,55.53,104.91,57.48
754171,598176,397912,05-01-2025,10-01-2025,1,399,25,99.75,299.25,D2C Website,Instagram,Cash on Delivery,Returned,Mumbai,1,Product Not As Described,57.44,0,50.06
721405,573608,351856,16-08-2025,18-08-2025,1,449,5,22.45,426.55,D2C Website,Influencer,Net Banking,Cancelled,Chennai,0,,84.24,0,27.53
721406,540846,318726,31-10-2025,02-11-2025,2,549,5,54.9,1043.1,Myntra,Google,Credit Card,Delivered,Kolkata,0,,46.51,188.06,45.53
786944,540846,351856,04-11-2025,06-11-2025,2,449,10,89.8,808.2,Nykaa,Google,UPI,Delivered,Kolkata,0,,41.66,123.74,27.43
754184,540846,385909,09-11-2025,10-11-2025,1,429,25,107.25,321.75,D2C Website,Google,UPI,Delivered,Kolkata,0,,59.89,0,24.76
754186,540846,351856,30-11-2025,06-12-2025,1,449,15,67.35,381.65,Amazon,Google,UPI,Delivered,Kolkata,0,,51.51,83.88,35.51
786954,540846,360142,24-12-2025,28-12-2025,2,349,0,0,698,Amazon,Google,UPI,Delivered,Kolkata,0,,69.94,168.88,43.73
786960,573620,360142,09-07-2025,10-07-2025,1,349,0,0,349,Nykaa,Instagram,Debit Card,Delivered,Kolkata,0,,78.88,68.88,50.12
786966,573620,373579,25-07-2025,29-07-2025,1,449,20,89.8,359.2,D2C Website,Instagram,Wallet,Delivered,Kolkata,0,,69.11,0,34.04
786967,573620,373579,09-10-2025,13-10-2025,1,449,10,44.9,404.1,D2C Website,Instagram,UPI,Delivered,Kolkata,0,,55.9,0,58.51
721435,532662,332325,19-02-2025,20-02-2025,1,399,20,79.8,319.2,D2C Website,Google,Debit Card,Delivered,Hyderabad,0,,74.84,0,48.62
721437,532662,376484,05-10-2025,09-10-2025,1,499,10,49.9,449.1,D2C Website,Google,UPI,Delivered,Hyderabad,0,,53.56,0,44.14
721455,532662,376484,14-12-2025,17-12-2025,1,499,40,199.6,299.4,Amazon,Google,Credit Card,Delivered,Hyderabad,0,,82.01,68.18,28.66
754225,557240,318301,30-12-2025,01-01-2026,1,249,15,37.35,211.65,Amazon,Instagram,Cash on Delivery,Delivered,Coimbatore,0,,36.55,46.04,40.25
786998,540857,332325,06-07-2025,09-07-2025,1,399,20,79.8,319.2,Nykaa,Referral,Debit Card,Delivered,Chandigarh,0,,85.87,60.27,46.15
754230,549060,397647,18-09-2025,20-09-2025,2,799,5,79.9,1518.1,Myntra,Organic Search,UPI,Delivered,Kolkata,0,,43.95,272.25,31.61
754234,549060,376622,01-10-2025,02-10-2025,1,899,25,224.75,674.25,Amazon,Organic Search,UPI,Delivered,Kolkata,0,,39.23,166.44,39.29
721468,581830,373579,29-10-2025,03-11-2025,1,449,15,67.35,381.65,Myntra,Google,Cash on Delivery,Delivered,Vadodara,0,,59.46,65.98,48.03
787023,581830,385909,07-11-2025,08-11-2025,1,429,5,21.45,407.55,Nykaa,Google,UPI,Delivered,Vadodara,0,,88.83,66.51,44.21
754256,581830,351856,10-11-2025,14-11-2025,1,449,5,22.45,426.55,Myntra,Google,UPI,Delivered,Vadodara,0,,36.13,93.79,41.01
754261,581830,351856,15-11-2025,21-11-2025,3,449,35,471.45,875.55,Nykaa,Google,Net Banking,Delivered,Vadodara,0,,36.84,167.99,37.45
721499,581830,385909,17-11-2025,18-11-2025,2,429,20,171.6,686.4,Amazon,Google,UPI,Delivered,Vadodara,0,,87.18,121,34.31
721501,581830,376484,18-11-2025,20-11-2025,2,499,25,249.5,748.5,Myntra,Google,UPI,Delivered,Vadodara,0,,41.66,177.81,26.48
754270,581830,351856,09-12-2025,15-12-2025,1,449,10,44.9,404.1,Nykaa,Google,Wallet,Returned,Vadodara,1,Allergic Reaction,65.03,87.28,42.29
787040,581830,332325,14-12-2025,15-12-2025,2,399,10,79.8,718.2,D2C Website,Google,Cash on Delivery,Delivered,Vadodara,0,,71.09,0,43.28
787046,581830,351856,21-12-2025,22-12-2025,2,449,0,0,898,Nykaa,Google,UPI,Cancelled,Vadodara,0,,42.33,147.94,48.06
721514,590023,351856,08-05-2024,13-05-2024,3,449,5,67.35,1279.65,Nykaa,Organic Search,Debit Card,Delivered,Indore,0,,42.54,304.61,56.83
721516,590023,351856,19-08-2024,21-08-2024,1,449,0,0,449,Myntra,Organic Search,Debit Card,Delivered,Indore,0,,61.33,88.67,23.96
754289,590023,360142,23-01-2025,29-01-2025,1,349,0,0,349,Myntra,Organic Search,UPI,Delivered,Indore,0,,38.9,82.32,46.68
721521,590023,384259,30-09-2025,02-10-2025,1,649,5,32.45,616.55,Myntra,Organic Search,Net Banking,Delivered,Indore,0,,63.24,96.67,59.49
787060,590023,351856,15-10-2025,17-10-2025,3,449,10,134.7,1212.3,D2C Website,Organic Search,UPI,Delivered,Indore,0,,57.74,0,45.02
787062,590023,351856,16-12-2025,19-12-2025,1,449,10,44.9,404.1,D2C Website,Organic Search,Credit Card,Delivered,Indore,0,,76.38,0,21.72
721527,590027,318301,06-08-2024,08-08-2024,1,249,25,62.25,186.75,D2C Website,Marketplace,Debit Card,Delivered,Hyderabad,0,,86.19,0,35.63
787063,516299,328746,06-04-2025,10-04-2025,1,299,20,59.8,239.2,Myntra,Organic Search,Credit Card,Delivered,Bhopal,0,,83.88,54.79,45.84
754304,508109,373579,24-01-2025,29-01-2025,1,449,0,0,449,D2C Website,Instagram,Credit Card,Delivered,Lucknow,0,,62.34,0,23
787073,540888,384259,26-09-2025,01-10-2025,1,649,15,97.35,551.65,Nykaa,Google,Debit Card,Delivered,Hyderabad,0,,43.01,131.94,45.66
721538,598235,384259,27-07-2025,30-07-2025,1,649,5,32.45,616.55,Quick Commerce,Instagram,UPI,Delivered,Mumbai,0,,68.29,0,56.77
754306,598235,318726,12-08-2025,16-08-2025,3,549,20,329.4,1317.6,Myntra,Instagram,UPI,Delivered,Mumbai,0,,82.91,248.51,47.54
721558,598235,370644,12-09-2025,18-09-2025,1,449,25,112.25,336.75,Amazon,Instagram,Cash on Delivery,Delivered,Mumbai,0,,66.57,72.77,38.77
754328,598235,376484,30-10-2025,03-11-2025,1,499,25,124.75,374.25,D2C Website,Instagram,Cash on Delivery,Delivered,Mumbai,0,,64.3,0,44.65
787097,598235,347447,09-12-2025,15-12-2025,1,349,15,52.35,296.65,Quick Commerce,Instagram,Cash on Delivery,Delivered,Mumbai,0,,49.92,0,31.56
787096,581857,397647,18-01-2025,23-01-2025,1,799,15,119.85,679.15,Quick Commerce,Google,UPI,Delivered,Mumbai,0,,88.48,0,27.67
754331,581857,360142,14-04-2025,20-04-2025,1,349,35,122.15,226.85,Nykaa,Google,UPI,Delivered,Mumbai,0,,58.31,40.01,46.36
754332,532706,373579,23-04-2025,25-04-2025,1,449,20,89.8,359.2,Myntra,Instagram,Credit Card,Delivered,Hyderabad,0,,64.85,66.86,32.85
721565,516334,351856,06-12-2025,11-12-2025,1,449,5,22.45,426.55,Quick Commerce,Instagram,Cash on Delivery,Delivered,Mumbai,0,,80.67,0,27.32
754336,516334,384259,10-12-2025,14-12-2025,1,649,0,0,649,D2C Website,Instagram,UPI,Delivered,Mumbai,0,,56.54,0,48.68
754357,516334,328746,12-12-2025,16-12-2025,1,299,5,14.95,284.05,Offline Store,Instagram,UPI,Delivered,Mumbai,0,,0,0,25.85
721596,516334,318726,14-12-2025,17-12-2025,1,549,10,54.9,494.1,Amazon,Instagram,Cash on Delivery,Delivered,Mumbai,0,,65.29,92.72,35.72
787135,516334,347447,17-12-2025,20-12-2025,1,349,15,52.35,296.65,D2C Website,Instagram,Debit Card,Delivered,Mumbai,0,,60.01,0,59.63
721603,516341,351856,22-01-2025,26-01-2025,2,449,25,224.5,673.5,Myntra,Instagram,Debit Card,Delivered,Bengaluru,0,,58.52,104.46,59.27
721605,516341,385909,26-01-2025,30-01-2025,1,429,20,85.8,343.2,D2C Website,Instagram,Cash on Delivery,Returned,Bengaluru,1,Product Not As Described,52.22,0,25.59
787142,581885,397912,26-08-2025,27-08-2025,2,399,25,199.5,598.5,D2C Website,Influencer,Net Banking,Delivered,Mumbai,0,,38.87,0,24.3
754378,581885,318726,29-08-2025,31-08-2025,1,549,10,54.9,494.1,D2C Website,Influencer,Credit Card,Delivered,Mumbai,0,,85.92,0,47.47
754380,508161,385909,20-06-2024,23-06-2024,1,429,15,64.35,364.65,Amazon,Google,UPI,Delivered,Kolkata,0,,69.01,63.1,42.82
787151,508161,351856,10-08-2024,15-08-2024,1,449,0,0,449,Amazon,Google,UPI,Delivered,Kolkata,0,,36.26,77.96,43.36
754386,508161,373579,02-10-2024,04-10-2024,1,449,0,0,449,Offline Store,Google,Cash on Delivery,Delivered,Kolkata,0,,0,0,53
721624,508161,351856,20-03-2025,25-03-2025,2,449,0,0,898,Myntra,Google,Cash on Delivery,Delivered,Kolkata,0,,66.42,149.1,44.57
787162,508161,351856,21-05-2025,25-05-2025,1,449,20,89.8,359.2,D2C Website,Google,UPI,Delivered,Kolkata,0,,48.54,0,36.26
787163,532742,376484,20-12-2025,21-12-2025,1,499,15,74.85,424.15,D2C Website,Offline Store,Cash on Delivery,Delivered,Mumbai,0,,71.91,0,37.41
754396,532742,376622,21-12-2025,25-12-2025,1,899,20,179.8,719.2,Amazon,Offline Store,Cash on Delivery,Delivered,Mumbai,0,,81.6,124.58,36.34
754401,532742,332325,22-12-2025,24-12-2025,1,399,15,59.85,339.15,Nykaa,Offline Store,Debit Card,Delivered,Mumbai,0,,68.83,63.91,35.21
754404,565513,351856,26-07-2025,01-08-2025,2,449,15,134.7,763.3,D2C Website,Influencer,UPI,Delivered,Chennai,0,,78.43,0,40.96
787173,549131,328746,19-02-2025,21-02-2025,2,299,15,89.7,508.3,Amazon,Google,Cash on Delivery,Delivered,Ahmedabad,0,,73.44,106.79,35.11
754405,549131,370644,09-08-2025,11-08-2025,1,449,5,22.45,426.55,D2C Website,Google,UPI,Delivered,Ahmedabad,0,,54.43,0,30.97
721641,549131,397647,25-08-2025,27-08-2025,1,799,10,79.9,719.1,D2C Website,Google,Debit Card,Delivered,Ahmedabad,0,,83.28,0,58.43
754411,549131,397647,19-10-2025,24-10-2025,1,799,15,119.85,679.15,D2C Website,Google,Net Banking,Delivered,Ahmedabad,0,,73.37,0,38.09
787197,590096,351856,11-06-2025,14-06-2025,1,449,5,22.45,426.55,Amazon,Influencer,Credit Card,Delivered,Bhopal,0,,85.14,75.46,30.39
754432,590096,376484,08-09-2025,10-09-2025,1,499,5,24.95,474.05,Offline Store,Influencer,Credit Card,Delivered,Bhopal,0,,0,0,45.8
787205,549140,318726,30-07-2025,31-07-2025,2,549,10,109.8,988.2,D2C Website,Google,Net Banking,Delivered,Mumbai,0,,39.95,0,56.63
721671,549140,318726,22-10-2025,28-10-2025,1,549,20,109.8,439.2,D2C Website,Google,Credit Card,Delivered,Mumbai,0,,48.77,0,41.01
787208,549140,360142,26-10-2025,28-10-2025,1,349,10,34.9,314.1,Myntra,Google,UPI,Delivered,Mumbai,0,,50.32,74.08,56.64
754444,540953,351856,04-06-2025,09-06-2025,1,449,15,67.35,381.65,Nykaa,Google,Debit Card,Delivered,Chandigarh,0,,69.15,90.52,42.9
754446,557340,332325,10-10-2025,12-10-2025,2,399,0,0,798,D2C Website,Offline Store,Net Banking,Delivered,Surat,0,,79.43,0,27.82
787215,557340,397912,24-10-2025,25-10-2025,1,399,0,0,399,D2C Website,Offline Store,Unknown,Delivered,Surat,0,,49.8,0,51.33
787225,557340,376484,11-11-2025,15-11-2025,1,499,15,74.85,424.15,D2C Website,Offline Store,UPI,Delivered,Surat,0,,55.29,0,27.16
721694,557340,328746,17-11-2025,19-11-2025,1,299,25,74.75,224.25,Amazon,Offline Store,Net Banking,Delivered,Surat,0,,82.05,33.83,50.65
787231,557340,332325,27-11-2025,28-11-2025,2,399,5,39.9,758.1,Amazon,Offline Store,Debit Card,Returned,Surat,1,Allergic Reaction,56.66,181.55,26.68
787235,590111,397647,18-01-2025,21-01-2025,2,799,0,0,1598,Amazon,Instagram,Debit Card,Delivered,Bhopal,0,,48.52,284.33,27.01
721704,590111,384259,15-03-2025,17-03-2025,2,649,5,64.9,1233.1,D2C Website,Instagram,Credit Card,Delivered,Bhopal,0,,68.33,0,21.69
754474,590111,384259,19-09-2025,21-09-2025,1,649,0,0,649,Offline Store,Instagram,UPI,Delivered,Bhopal,0,,0,0,38.43
721707,532768,373579,16-08-2025,19-08-2025,1,449,20,89.8,359.2,Quick Commerce,Influencer,UPI,Delivered,Mumbai,0,,66.76,0,53.51
787245,532768,360142,01-09-2025,04-09-2025,1,349,15,52.35,296.65,Amazon,Influencer,Net Banking,Delivered,Mumbai,0,,62.67,56.59,39.99
721710,532768,373579,15-09-2025,17-09-2025,1,449,0,0,449,D2C Website,Influencer,Credit Card,Returned,Mumbai,1,Product Not As Described,89.71,0,53.68
721712,532768,376484,16-09-2025,21-09-2025,1,499,20,99.8,399.2,D2C Website,Influencer,UPI,Delivered,Mumbai,0,,56.04,0,31.98
787251,532768,397647,20-09-2025,24-09-2025,3,799,0,0,2397,Amazon,Influencer,Debit Card,Delivered,Mumbai,0,,58.95,363.4,45.54
754484,532768,376484,22-09-2025,27-09-2025,1,499,15,74.85,424.15,Quick Commerce,Influencer,UPI,Returned,Mumbai,1,Wrong Item Delivered,76.21,0,45.96
754502,532768,318301,06-11-2025,10-11-2025,1,249,0,0,249,D2C Website,Influencer,Cash on Delivery,Delivered,Mumbai,0,,74.21,0,34.86
721734,532768,397912,18-12-2025,20-12-2025,1,399,20,79.8,319.2,Amazon,Influencer,Debit Card,Delivered,Mumbai,0,,87.12,49.52,55.88
787274,540963,397912,02-09-2025,03-09-2025,2,399,25,199.5,598.5,Quick Commerce,Instagram,Credit Card,Delivered,Indore,0,,85.02,0,55.48
787281,540966,384259,22-09-2025,25-09-2025,2,649,0,0,1298,Quick Commerce,Instagram,UPI,Delivered,Ahmedabad,0,,63.19,0,39.08
787282,581927,373579,09-05-2025,14-05-2025,1,449,35,157.15,291.85,D2C Website,Influencer,UPI,Delivered,Kochi,0,,89.57,0,25.84
787285,581927,360142,10-06-2025,13-06-2025,1,349,15,52.35,296.65,Quick Commerce,Influencer,UPI,Delivered,Kochi,0,,63.02,0,45.23
721750,581927,370644,10-07-2025,14-07-2025,1,449,15,67.35,381.65,Amazon,Influencer,Debit Card,Delivered,Kochi,0,,60.32,87.72,44.87
754521,581927,376622,15-07-2025,16-07-2025,2,899,35,629.3,1168.7,D2C Website,Influencer,UPI,Delivered,Kochi,0,,67.21,0,55.34
754523,581927,318726,21-07-2025,25-07-2025,2,549,25,274.5,823.5,Amazon,Influencer,UPI,Delivered,Kochi,0,,77.86,126.5,49.15
787298,524586,347447,26-01-2025,29-01-2025,2,349,10,69.8,628.2,D2C Website,Instagram,UPI,Delivered,Indore,0,,59.19,0,48.9
721771,524586,347447,24-03-2025,26-03-2025,1,349,5,17.45,331.55,Nykaa,Instagram,UPI,Delivered,Indore,0,,68.93,56.24,31.03
721773,532780,351856,24-11-2025,25-11-2025,1,449,15,67.35,381.65,Quick Commerce,Organic Search,Cash on Delivery,Delivered,Chennai,0,,45.7,0,42.77
721774,590128,384259,27-07-2025,29-07-2025,1,649,15,97.35,551.65,Quick Commerce,Instagram,Debit Card,Delivered,Mumbai,0,,38.64,0,54.35
721783,590128,347447,23-10-2025,27-10-2025,1,349,40,139.6,209.4,D2C Website,Instagram,Credit Card,Delivered,Mumbai,0,,47.05,0,56.61
787320,590128,332325,24-12-2025,30-12-2025,1,399,35,139.65,259.35,Nykaa,Instagram,UPI,Delivered,Mumbai,0,,60.28,40.98,55.98
754557,557366,373579,12-10-2025,15-10-2025,1,449,15,67.35,381.65,Quick Commerce,Instagram,UPI,Returned,Ahmedabad,1,Better Price Found Elsewhere,65.14,0,56.05
754558,557377,328746,17-05-2025,19-05-2025,1,299,35,104.65,194.35,D2C Website,Instagram,UPI,Delivered,Delhi,0,,80.94,0,43.59
754565,557377,347447,08-12-2025,13-12-2025,1,349,0,0,349,D2C Website,Instagram,Wallet,Delivered,Delhi,0,,48.49,0,52.6
754566,565570,351856,02-02-2025,07-02-2025,1,449,40,179.6,269.4,Myntra,Influencer,Wallet,Delivered,Mumbai,0,,89.52,66.62,22.05
787337,598341,376484,10-12-2024,12-12-2024,2,499,0,0,998,Amazon,Referral,Credit Card,Delivered,Mumbai,0,,40.42,165,41.69
787340,598341,332325,31-12-2024,06-01-2025,2,399,5,39.9,758.1,Quick Commerce,Referral,UPI,Delivered,Mumbai,0,,66.16,0,31.96
721805,598341,328746,06-02-2025,11-02-2025,1,299,20,59.8,239.2,Amazon,Referral,Cash on Delivery,Delivered,Mumbai,0,,38.65,58.09,32.56
787342,598341,332325,08-02-2025,12-02-2025,1,399,0,0,399,Quick Commerce,Referral,Net Banking,Returned,Mumbai,1,Product Not As Described,58.77,0,36.57
754575,598341,332325,28-07-2025,31-07-2025,2,399,25,199.5,598.5,D2C Website,Referral,Cash on Delivery,Delivered,Mumbai,0,,41.5,0,29.43
721808,598341,370644,22-11-2025,26-11-2025,2,449,15,134.7,763.3,Myntra,Referral,Cash on Delivery,Delivered,Mumbai,0,,46.77,144.75,37.2
754580,598341,332325,12-12-2025,14-12-2025,3,399,10,119.7,1077.3,D2C Website,Referral,UPI,Delivered,Mumbai,0,,44.07,0,26.37
787350,598341,318726,23-12-2025,27-12-2025,1,549,0,0,549,Nykaa,Referral,UPI,Delivered,Mumbai,0,,39.53,87.88,49.5
721818,581959,384259,22-07-2024,25-07-2024,1,649,5,32.45,616.55,Nykaa,Google,Net Banking,Delivered,Kolkata,0,,72.71,115.1,53.07
754590,581959,376622,22-08-2024,27-08-2024,1,899,5,44.95,854.05,D2C Website,Google,UPI,Delivered,Kolkata,0,,44.09,0,32.39
754596,581959,376484,10-09-2024,15-09-2024,1,499,5,24.95,474.05,Offline Store,Google,Cash on Delivery,Cancelled,Kolkata,0,,0,0,21.58
721828,581959,373579,22-10-2024,24-10-2024,3,449,15,202.05,1144.95,Offline Store,Google,Debit Card,Delivered,Kolkata,0,,0,0,55.88
721840,581959,332325,03-12-2024,07-12-2024,1,399,25,99.75,299.25,Offline Store,Google,Credit Card,Delivered,Kolkata,0,,0,0,43.73
721842,581959,376484,22-12-2024,27-12-2024,3,499,15,224.55,1272.45,D2C Website,Google,UPI,Delivered,Kolkata,0,,68.7,0,25.54
787380,581959,328746,17-01-2025,20-01-2025,1,299,10,29.9,269.1,Myntra,Google,UPI,Returned,Kolkata,1,Damaged in Transit,63.32,61.25,39.86
787382,581959,318726,14-11-2025,20-11-2025,1,549,5,27.45,521.55,Offline Store,Google,Net Banking,Delivered,Kolkata,0,,0,0,35.74
721854,581959,351856,06-12-2025,08-12-2025,1,449,5,22.45,426.55,D2C Website,Google,Debit Card,Delivered,Kolkata,0,,79.56,0,34.35
721856,549192,376484,01-05-2025,05-05-2025,1,499,10,49.9,449.1,Amazon,Influencer,Credit Card,Delivered,Ahmedabad,0,,89.15,77.92,32.37
787394,549192,376622,07-09-2025,09-09-2025,1,899,15,134.85,764.15,Quick Commerce,Influencer,UPI,Delivered,Ahmedabad,0,,73.68,0,21.47
721859,549192,384259,04-10-2025,05-10-2025,1,649,10,64.9,584.1,Nykaa,Influencer,UPI,Delivered,Ahmedabad,0,,41.94,145.92,48.91
754636,549192,328746,29-11-2025,02-12-2025,1,299,25,74.75,224.25,Offline Store,Influencer,UPI,Delivered,Ahmedabad,0,,0,0,43.17
754638,508232,370644,07-01-2025,13-01-2025,1,449,5,22.45,426.55,Quick Commerce,Instagram,Credit Card,Delivered,Bengaluru,0,,71.94,0,49.18
787410,508232,376484,03-06-2025,09-06-2025,1,499,10,49.9,449.1,Amazon,Instagram,UPI,Delivered,Bengaluru,0,,36.86,88.62,26.26
754643,573772,360142,22-10-2025,26-10-2025,1,349,10,34.9,314.1,Nykaa,Influencer,Credit Card,Delivered,Mumbai,0,,71.21,62.75,35.9
787414,573772,373579,19-11-2025,25-11-2025,1,449,20,89.8,359.2,Offline Store,Influencer,UPI,Delivered,Mumbai,0,,0,0,32.59
754646,532816,373579,18-08-2025,20-08-2025,1,449,10,44.9,404.1,D2C Website,Google,Net Banking,Delivered,Pune,0,,57.87,0,39.48
721880,500053,376484,07-11-2025,09-11-2025,1,499,0,0,499,Nykaa,Google,Net Banking,Delivered,Kolkata,0,,87.64,104.99,56.29
787422,581973,360142,15-09-2025,16-09-2025,1,349,10,34.9,314.1,D2C Website,Instagram,Debit Card,Delivered,Delhi,0,,74.13,0,52.01
721895,565597,385909,18-02-2024,22-02-2024,1,429,15,64.35,364.65,D2C Website,Google,Cash on Delivery,Delivered,Mumbai,0,,88.31,0,28.07
754664,598366,351856,22-03-2025,26-03-2025,1,449,15,67.35,381.65,D2C Website,Instagram,UPI,Delivered,Surat,0,,75.22,0,21.58
754668,598366,397647,17-07-2025,22-07-2025,1,799,5,39.95,759.05,Nykaa,Instagram,Cash on Delivery,Delivered,Surat,0,,76.57,154.75,21.78
754673,598366,385909,12-08-2025,16-08-2025,2,429,20,171.6,686.4,Amazon,Instagram,Credit Card,Delivered,Surat,0,,38.45,169.2,53.18
721906,598366,384259,21-12-2025,25-12-2025,2,649,0,0,1298,Quick Commerce,Instagram,Cash on Delivery,Delivered,Surat,0,,68.48,0,29.24
754675,573792,384259,06-11-2025,09-11-2025,1,649,15,97.35,551.65,D2C Website,Organic Search,Credit Card,Delivered,Pune,0,,70.86,0,21.55
754677,581987,384259,16-10-2025,18-10-2025,2,649,10,129.8,1168.2,Myntra,Google,Debit Card,Delivered,Mumbai,0,,59.71,286.44,35.88
787453,581987,376484,17-11-2025,18-11-2025,1,499,10,49.9,449.1,Amazon,Google,Debit Card,Delivered,Mumbai,0,,79.79,79.65,41.86
721921,581987,360142,18-11-2025,23-11-2025,1,349,5,17.45,331.55,Amazon,Google,UPI,Delivered,Mumbai,0,,77.17,74.03,51.52
787460,581987,384259,05-12-2025,11-12-2025,3,649,15,292.05,1654.95,D2C Website,Google,Cash on Delivery,Returned,Mumbai,1,Better Price Found Elsewhere,89.39,0,28.54
754695,581987,376484,22-12-2025,27-12-2025,2,499,25,249.5,748.5,Nykaa,Google,Cash on Delivery,Delivered,Mumbai,0,,47.92,120.95,59.57
721928,541033,351856,26-10-2025,31-10-2025,1,449,15,67.35,381.65,D2C Website,Google,Cash on Delivery,Delivered,Chennai,0,,35.78,0,37.18
754702,500074,385909,19-12-2025,20-12-2025,1,429,20,85.8,343.2,D2C Website,Google,Credit Card,Delivered,Lucknow,0,,86.21,0,49.24
787475,565612,373579,28-11-2024,30-11-2024,2,449,5,44.9,853.1,Myntra,Instagram,Credit Card,Delivered,Chandigarh,0,,50.88,193.24,59.92
721939,565612,373579,20-12-2024,26-12-2024,2,449,40,359.2,538.8,Nykaa,Instagram,UPI,Returned,Chandigarh,1,Product Not As Described,83.03,133.77,54.12
787493,565612,360142,07-04-2025,09-04-2025,3,349,10,104.7,942.3,Nykaa,Instagram,Debit Card,Delivered,Chandigarh,0,,41.68,183.87,50.64
787495,565612,360142,13-04-2025,17-04-2025,1,349,15,52.35,296.65,Nykaa,Instagram,UPI,Delivered,Chandigarh,0,,68.79,58.77,51.42
787498,565612,360142,16-08-2025,17-08-2025,1,349,15,52.35,296.65,Quick Commerce,Instagram,UPI,Returned,Chandigarh,1,Wrong Item Delivered,56.33,0,27.57
754732,565612,373579,15-09-2025,21-09-2025,2,449,10,89.8,808.2,Myntra,Instagram,Debit Card,Delivered,Chandigarh,0,,79.24,195.09,51.73
787501,565612,318301,14-12-2025,15-12-2025,3,249,35,261.45,485.55,Myntra,Instagram,UPI,Delivered,Chandigarh,0,,63.71,89.44,47.58
754747,557422,318726,24-04-2025,27-04-2025,1,549,15,82.35,466.65,Quick Commerce,Instagram,Debit Card,Delivered,Mumbai,0,,78.6,0,37.3
787516,557424,397647,20-08-2024,24-08-2024,2,799,20,319.6,1278.4,Offline Store,Google,Unknown,Delivered,Kolkata,0,,0,0,49.91
787518,557424,376484,12-09-2024,18-09-2024,1,499,0,0,499,Myntra,Google,Cash on Delivery,Delivered,Kolkata,0,,85.21,107.64,39.78
787519,557424,318726,05-10-2024,09-10-2024,1,549,15,82.35,466.65,D2C Website,Google,UPI,Delivered,Kolkata,0,,55.29,0,56
721989,557424,384259,27-11-2025,29-11-2025,2,649,0,0,1298,Offline Store,Google,Wallet,Delivered,Kolkata,0,,0,0,34.22
754767,557424,384259,14-12-2025,17-12-2025,1,649,15,97.35,551.65,Quick Commerce,Google,UPI,Delivered,Kolkata,0,,57.85,0,53.5
787537,532850,318301,13-04-2025,18-04-2025,1,249,0,0,249,Amazon,Organic Search,UPI,Delivered,Chennai,0,,42.47,40.25,39.77
722004,532850,328746,19-04-2025,25-04-2025,1,299,10,29.9,269.1,Myntra,Organic Search,Credit Card,Delivered,Chennai,0,,79.6,43.59,51.45
787551,532850,351856,08-05-2025,10-05-2025,1,449,0,0,449,Amazon,Organic Search,Wallet,Delivered,Chennai,0,,51.14,104.27,54.35
787552,532850,384259,30-12-2025,02-01-2026,1,649,10,64.9,584.1,Amazon,Organic Search,UPI,Delivered,Chennai,0,,73.27,145.93,52.63
787557,532853,373579,11-10-2024,12-10-2024,1,449,5,22.45,426.55,D2C Website,Marketplace,UPI,Delivered,Hyderabad,0,,75.62,0,36.27
722027,532853,370644,10-07-2025,13-07-2025,1,449,10,44.9,404.1,Amazon,Marketplace,Wallet,Delivered,Hyderabad,0,,82.82,89.38,57.26
754797,532853,373579,03-08-2025,04-08-2025,3,449,10,134.7,1212.3,Myntra,Marketplace,Credit Card,Delivered,Hyderabad,0,,49.53,193.38,33.35
754798,532853,318301,21-09-2025,23-09-2025,2,249,5,24.9,473.1,D2C Website,Marketplace,Net Banking,Delivered,Hyderabad,0,,67.02,0,23.15
722033,557433,332325,16-08-2024,21-08-2024,1,399,25,99.75,299.25,Myntra,Marketplace,Credit Card,Delivered,Kolkata,0,,84.85,61.23,46.32
754801,557433,385909,02-12-2025,06-12-2025,1,429,25,107.25,321.75,Amazon,Marketplace,UPI,Delivered,Kolkata,0,,85.54,49.57,36.81
787571,557433,376484,10-12-2025,13-12-2025,1,499,20,99.8,399.2,Nykaa,Marketplace,Debit Card,Cancelled,Kolkata,0,,40.19,65.34,57.79
754807,557433,376484,11-12-2025,15-12-2025,1,499,15,74.85,424.15,Nykaa,Marketplace,UPI,Delivered,Kolkata,0,,57.33,97.96,24.28
722040,508285,376484,02-01-2025,08-01-2025,1,499,15,74.85,424.15,Nykaa,Instagram,Credit Card,Delivered,Delhi,0,,40.71,93.34,52.49
754808,508285,332325,16-02-2025,22-02-2025,1,399,0,0,399,Nykaa,Instagram,Net Banking,Delivered,Delhi,0,,87.65,66.61,54.55
754811,508285,397912,24-02-2025,28-02-2025,2,399,25,199.5,598.5,Amazon,Instagram,UPI,Delivered,Delhi,0,,50.03,121.08,51.79
722044,508285,373579,28-03-2025,30-03-2025,2,449,0,0,898,Offline Store,Instagram,Cash on Delivery,Delivered,Delhi,0,,0,0,29.52
754815,508285,376484,12-05-2025,17-05-2025,1,499,0,0,499,Myntra,Instagram,Debit Card,Delivered,Delhi,0,,64.03,84.45,33.77
722049,524672,318726,03-03-2025,06-03-2025,1,549,10,54.9,494.1,D2C Website,Instagram,UPI,Delivered,Mumbai,0,,82.09,0,24.99
787586,524672,332325,26-12-2025,01-01-2026,1,399,5,19.95,379.05,Amazon,Instagram,UPI,Delivered,Mumbai,0,,41.3,56.91,43.63
754820,516483,384259,28-08-2025,03-09-2025,1,649,10,64.9,584.1,Amazon,Organic Search,Cash on Delivery,Delivered,Delhi,0,,47.7,129.15,30
754823,516483,384259,30-08-2025,31-08-2025,1,649,5,32.45,616.55,Nykaa,Organic Search,Credit Card,Delivered,Delhi,0,,47,100.68,58.38
722058,516483,347447,14-09-2025,20-09-2025,1,349,0,0,349,D2C Website,Organic Search,UPI,Delivered,Delhi,0,,41.09,0,47.85
754831,516483,384259,23-12-2025,26-12-2025,1,649,5,32.45,616.55,D2C Website,Organic Search,Net Banking,Delivered,Delhi,0,,42.94,0,48.97
787602,516483,318726,24-12-2025,27-12-2025,1,549,15,82.35,466.65,Amazon,Organic Search,UPI,Delivered,Delhi,0,,71.27,89.18,47.21
722072,598419,351856,17-11-2025,23-11-2025,1,449,0,0,449,D2C Website,Influencer,Credit Card,Delivered,Delhi,0,,56.41,0,27.52
754842,516505,385909,25-10-2024,28-10-2024,1,429,25,107.25,321.75,Amazon,Influencer,Net Banking,Delivered,Delhi,0,,38.38,63.18,55.56
787612,516505,385909,01-02-2025,05-02-2025,1,429,0,0,429,Myntra,Influencer,Credit Card,Delivered,Delhi,0,,41.07,73.09,31.49
787613,516505,351856,17-02-2025,19-02-2025,1,449,10,44.9,404.1,Nykaa,Influencer,Wallet,Delivered,Delhi,0,,78.21,61.17,41.18
722079,516505,385909,11-05-2025,14-05-2025,1,429,5,21.45,407.55,D2C Website,Influencer,Debit Card,Delivered,Delhi,0,,47.34,0,28.04
787621,516505,373579,07-06-2025,11-06-2025,1,449,15,67.35,381.65,Myntra,Influencer,Credit Card,Returned,Delhi,1,Damaged in Transit,61.42,67.54,37.53
722087,598430,370644,19-01-2025,21-01-2025,1,449,15,67.35,381.65,Amazon,Influencer,UPI,Delivered,Ahmedabad,0,,70.3,78.3,25.79
722089,598430,397647,21-06-2025,24-06-2025,1,799,0,0,799,Amazon,Influencer,Wallet,Delivered,Ahmedabad,0,,49.95,174.97,46.33
722091,598430,318301,03-10-2025,09-10-2025,1,249,15,37.35,211.65,Amazon,Influencer,Debit Card,Delivered,Ahmedabad,0,,87.64,33.08,24.28
754870,508326,384259,12-12-2025,14-12-2025,2,649,15,194.7,1103.3,Amazon,Google,Net Banking,Delivered,Guwahati,0,,65.58,239.24,44.54
754874,508330,376484,13-11-2025,18-11-2025,1,499,40,199.6,299.4,D2C Website,Referral,UPI,Delivered,Mumbai,0,,87.72,0,33.1
787642,541104,376622,24-05-2025,25-05-2025,1,899,0,0,899,Offline Store,Google,Cash on Delivery,Delivered,Pune,0,,0,0,27.49
787643,541104,384259,17-09-2025,23-09-2025,1,649,15,97.35,551.65,Amazon,Google,Cash on Delivery,Delivered,Pune,0,,79.25,96.6,43.45
787648,532914,318726,29-05-2025,01-06-2025,2,549,15,164.7,933.3,Amazon,Influencer,UPI,Delivered,Mumbai,0,,53.34,162.5,29.1
787649,598453,318726,13-06-2025,18-06-2025,1,549,15,82.35,466.65,Myntra,Instagram,Cash on Delivery,Delivered,Pune,0,,82.66,80.79,28.2
722114,598453,385909,20-06-2025,26-06-2025,3,429,0,0,1287,Amazon,Instagram,Wallet,Delivered,Pune,0,,88.68,280.69,37.65
787653,598453,351856,17-11-2025,23-11-2025,1,449,5,22.45,426.55,Amazon,Instagram,UPI,Delivered,Pune,0,,37.01,79.8,20.47
722119,500150,373579,28-12-2024,31-12-2024,1,449,0,0,449,D2C Website,Instagram,Wallet,Returned,Chennai,1,Wrong Item Delivered,68.65,0,23.74
787659,500150,351856,26-02-2025,03-03-2025,2,449,10,89.8,808.2,Quick Commerce,Instagram,Debit Card,Delivered,Chennai,0,,69.6,0,50.44
754899,500150,351856,03-04-2025,09-04-2025,2,449,10,89.8,808.2,D2C Website,Instagram,Debit Card,Delivered,Chennai,0,,44.19,0,50.29
722131,500150,376622,29-06-2025,03-07-2025,1,899,5,44.95,854.05,Amazon,Instagram,UPI,Delivered,Chennai,0,,57.65,146.59,33.23
787680,500150,351856,08-09-2025,13-09-2025,2,449,15,134.7,763.3,D2C Website,Instagram,Credit Card,Delivered,Chennai,0,,66.66,0,20
722145,500150,376622,06-10-2025,09-10-2025,3,899,25,674.25,2022.75,Amazon,Instagram,UPI,Delivered,Chennai,0,,44.04,415.94,49.56
754919,524727,384259,08-01-2025,10-01-2025,1,649,5,32.45,616.55,Offline Store,Instagram,Credit Card,Delivered,Delhi,0,,0,0,26.28
754920,541114,376484,19-06-2025,22-06-2025,1,499,0,0,499,D2C Website,Google,UPI,Delivered,Chennai,0,,71.39,0,29.03
787696,541114,318301,13-07-2025,14-07-2025,1,249,5,12.45,236.55,D2C Website,Google,Net Banking,Delivered,Chennai,0,,74.82,0,34.67
754932,541114,397647,22-07-2025,25-07-2025,1,799,10,79.9,719.1,D2C Website,Google,Cash on Delivery,Delivered,Chennai,0,,58.75,0,47.52
722167,541114,332325,23-07-2025,25-07-2025,1,399,15,59.85,339.15,Amazon,Google,Credit Card,Returned,Chennai,1,Better Price Found Elsewhere,55.6,51.13,41.32
754938,541114,347447,29-07-2025,02-08-2025,1,349,0,0,349,Quick Commerce,Google,Unknown,Delivered,Chennai,0,,77.04,0,28.47
787706,590266,376484,09-12-2025,11-12-2025,1,499,10,49.9,449.1,Amazon,Google,UPI,Delivered,Indore,0,,74.25,74.83,48.55
722176,516540,370644,29-05-2025,31-05-2025,1,449,20,89.8,359.2,Nykaa,Instagram,Credit Card,Delivered,Ahmedabad,0,,71.33,75.23,28.62
722179,549308,332325,20-11-2025,24-11-2025,1,399,20,79.8,319.2,D2C Website,Referral,Debit Card,Delivered,Mumbai,0,,49.31,0,28.57
754950,516544,328746,22-08-2025,26-08-2025,1,299,25,74.75,224.25,Offline Store,Referral,Credit Card,Delivered,Jaipur,0,,0,0,50.9
722184,573889,385909,15-05-2025,21-05-2025,1,429,10,42.9,386.1,Quick Commerce,Instagram,Net Banking,Delivered,Bengaluru,0,,37.96,0,49.48
754959,516547,318726,22-10-2025,26-10-2025,1,549,5,27.45,521.55,Amazon,Instagram,UPI,Delivered,Surat,0,,74.18,112.12,52.67
722193,516551,373579,20-08-2025,22-08-2025,2,449,15,134.7,763.3,Myntra,Influencer,UPI,Returned,Kolkata,1,Changed Mind,37.79,132.85,54.33
722195,565715,328746,06-10-2025,11-10-2025,1,299,20,59.8,239.2,D2C Website,Marketplace,Debit Card,Delivered,Indore,0,,63.88,0,23.74
787750,565715,328746,21-12-2025,26-12-2025,2,299,20,119.6,478.4,Amazon,Marketplace,Credit Card,Delivered,Indore,0,,58.52,80.29,54.01
754986,532951,397647,29-12-2025,04-01-2026,2,799,20,319.6,1278.4,Quick Commerce,Organic Search,Credit Card,Delivered,Bengaluru,0,,43.13,0,37.69
722224,532953,397912,19-02-2025,21-02-2025,1,399,20,79.8,319.2,D2C Website,Instagram,Debit Card,Delivered,Delhi,0,,89.6,0,33.51
754994,532953,318726,22-04-2025,23-04-2025,1,549,15,82.35,466.65,Nykaa,Instagram,Net Banking,Delivered,Delhi,0,,73,106.18,54.52
754997,532953,397647,27-05-2025,28-05-2025,1,799,0,0,799,Quick Commerce,Instagram,Credit Card,Delivered,Delhi,0,,76.67,0,52.32
787771,532953,397912,18-06-2025,19-06-2025,1,399,10,39.9,359.1,D2C Website,Instagram,Debit Card,Delivered,Delhi,0,,61.44,0,52.21
755003,541145,318301,11-11-2024,16-11-2024,2,249,20,99.6,398.4,Myntra,Organic Search,Credit Card,Delivered,Bengaluru,0,,54.43,65.73,35.16
755009,541145,360142,31-08-2025,05-09-2025,2,349,15,104.7,593.3,D2C Website,Organic Search,Credit Card,Delivered,Bengaluru,0,,76.39,0,30.43
722245,541145,384259,31-10-2025,02-11-2025,1,649,20,129.8,519.2,Nykaa,Organic Search,Debit Card,Delivered,Bengaluru,0,,61.22,107.81,39.65
755013,541145,318301,20-11-2025,21-11-2025,3,249,20,149.4,597.6,D2C Website,Organic Search,Cash on Delivery,Delivered,Bengaluru,0,,80.34,0,31.56
722248,573920,318726,24-02-2025,28-02-2025,1,549,0,0,549,D2C Website,Google,Net Banking,Returned,Delhi,1,Product Not As Described,62.89,0,38.69
722253,508392,376484,14-12-2024,18-12-2024,1,499,20,99.8,399.2,Myntra,Instagram,Wallet,Delivered,Delhi,0,,54.88,73.51,40.64
722264,508392,376484,07-01-2025,11-01-2025,3,499,15,224.55,1272.45,D2C Website,Instagram,Debit Card,Delivered,Delhi,0,,41.76,0,36.52
787802,508392,376622,17-04-2025,22-04-2025,1,899,10,89.9,809.1,D2C Website,Instagram,UPI,Delivered,Delhi,0,,52.69,0,46.45
755034,508392,347447,25-04-2025,27-04-2025,2,349,0,0,698,Amazon,Instagram,UPI,Delivered,Delhi,0,,37.3,130.9,48.57
755038,508392,376484,16-11-2025,17-11-2025,1,499,10,49.9,449.1,D2C Website,Instagram,Credit Card,Delivered,Delhi,0,,48.22,0,44.08
722283,516591,373579,08-08-2024,13-08-2024,1,449,10,44.9,404.1,Myntra,Influencer,UPI,Delivered,Jaipur,0,,82.09,99.13,41.03
755052,516591,351856,20-07-2025,21-07-2025,1,449,0,0,449,Quick Commerce,Influencer,Cash on Delivery,Delivered,Jaipur,0,,37.58,0,24.9
787823,557560,397912,26-11-2025,01-12-2025,1,399,15,59.85,339.15,Nykaa,Instagram,Debit Card,Delivered,Jaipur,0,,75.33,59.74,58.49
755057,541180,318726,03-07-2025,05-07-2025,1,549,25,137.25,411.75,D2C Website,Instagram,Wallet,Delivered,Bengaluru,0,,55.79,0,50.55
755058,500221,397912,23-04-2025,25-04-2025,3,399,25,299.25,897.75,D2C Website,Instagram,UPI,Delivered,Ahmedabad,0,,38.6,0,47.87
787828,500221,328746,29-06-2025,02-07-2025,1,299,15,44.85,254.15,Amazon,Instagram,Debit Card,Delivered,Ahmedabad,0,,70.49,51.38,46.68
722298,549372,328746,02-07-2025,03-07-2025,1,299,0,0,299,Nykaa,Marketplace,Net Banking,Delivered,Bengaluru,0,,74.43,57.4,34.73
755067,549377,384259,21-06-2025,24-06-2025,3,649,10,194.7,1752.3,Nykaa,Marketplace,Credit Card,Delivered,Delhi,0,,43.62,373.53,57.85
755073,549377,376484,02-07-2025,05-07-2025,1,499,10,49.9,449.1,Myntra,Marketplace,Debit Card,Delivered,Delhi,0,,57.18,69.27,29.16
722307,549377,397647,07-07-2025,10-07-2025,1,799,35,279.65,519.35,Nykaa,Marketplace,UPI,Delivered,Delhi,0,,45.54,87.61,54.62
787843,549377,370644,04-08-2025,10-08-2025,2,449,0,0,898,Myntra,Marketplace,Debit Card,Delivered,Delhi,0,,57.62,168.58,31.19
722312,549377,384259,14-08-2025,19-08-2025,1,649,25,162.25,486.75,Quick Commerce,Marketplace,UPI,Delivered,Delhi,0,,64.17,0,56.65
787852,549377,328746,29-08-2025,31-08-2025,1,299,15,44.85,254.15,Offline Store,Marketplace,UPI,Delivered,Delhi,0,,0,0,34.73
787856,549377,318301,18-09-2025,23-09-2025,1,249,35,87.15,161.85,Nykaa,Marketplace,UPI,Delivered,Delhi,0,,50.15,37.72,49.02
722326,549377,384259,29-09-2025,04-10-2025,1,649,10,64.9,584.1,D2C Website,Marketplace,Cash on Delivery,Delivered,Delhi,0,,38.38,0,47.53
722335,549377,360142,07-10-2025,13-10-2025,1,349,15,52.35,296.65,Myntra,Marketplace,Net Banking,Delivered,Delhi,0,,51.03,73.96,28.19
722336,549377,373579,27-12-2025,30-12-2025,1,449,0,0,449,Myntra,Marketplace,UPI,Delivered,Delhi,0,,67.29,90.98,55.34
722338,508418,318726,09-11-2025,11-11-2025,1,549,0,0,549,Amazon,Instagram,Unknown,Delivered,Delhi,0,,74.12,87.29,38.19
787876,582149,385909,02-03-2025,04-03-2025,1,429,15,64.35,364.65,D2C Website,Instagram,Credit Card,Delivered,Ahmedabad,0,,40.03,0,47.15
722344,582149,351856,11-11-2025,13-11-2025,1,449,25,112.25,336.75,Quick Commerce,Instagram,UPI,Delivered,Ahmedabad,0,,52.77,0,29.03
722345,582149,385909,13-12-2025,14-12-2025,1,429,15,64.35,364.65,Offline Store,Instagram,Unknown,Delivered,Ahmedabad,0,,0,0,58.25
787883,516614,318726,27-01-2025,31-01-2025,1,549,35,192.15,356.85,Quick Commerce,Marketplace,Cash on Delivery,Cancelled,Bhopal,0,,74.62,0,40.98
755116,516614,397912,26-05-2025,28-05-2025,1,399,25,99.75,299.25,Nykaa,Marketplace,UPI,Delivered,Bhopal,0,,79.59,45.68,43.44
722359,516614,397912,27-06-2025,01-07-2025,1,399,15,59.85,339.15,Myntra,Marketplace,Net Banking,Delivered,Bhopal,0,,67.85,55.21,56.97
787896,516614,373579,03-08-2025,07-08-2025,1,449,10,44.9,404.1,Quick Commerce,Marketplace,Debit Card,Delivered,Bhopal,0,,70.03,0,39.89
787897,516614,397912,23-08-2025,28-08-2025,1,399,35,139.65,259.35,Quick Commerce,Marketplace,UPI,Cancelled,Bhopal,0,,74.86,0,36.62
722365,598536,376484,07-10-2025,10-10-2025,1,499,25,124.75,374.25,Offline Store,Instagram,Credit Card,Delivered,Mumbai,0,,0,0,33.83
755134,582155,347447,17-08-2025,18-08-2025,1,349,15,52.35,296.65,D2C Website,Influencer,Debit Card,Delivered,Mumbai,0,,70.16,0,43
722376,582155,397912,17-10-2025,20-10-2025,1,399,25,99.75,299.25,Nykaa,Influencer,Credit Card,Delivered,Mumbai,0,,61.25,56.77,53.52
722377,565771,351856,04-08-2024,06-08-2024,2,449,10,89.8,808.2,Amazon,Instagram,Cash on Delivery,Delivered,Nagpur,0,,46.86,133.97,44.08
787914,598548,318301,18-12-2025,21-12-2025,2,249,15,74.7,423.3,D2C Website,Organic Search,Wallet,Delivered,Vadodara,0,,58,0,23.69
722380,590357,318726,22-09-2025,28-09-2025,1,549,15,82.35,466.65,Myntra,Organic Search,UPI,Delivered,Indore,0,,36.17,87.12,51.68
755150,590357,376484,02-12-2025,06-12-2025,1,499,20,99.8,399.2,D2C Website,Organic Search,Cash on Delivery,Delivered,Indore,0,,88.15,0,49.75
722383,573975,332325,08-12-2025,14-12-2025,1,399,10,39.9,359.1,Amazon,Google,Cash on Delivery,Delivered,Bengaluru,0,,35.99,81.89,21.69
787921,557595,376484,29-09-2025,02-10-2025,2,499,0,0,998,D2C Website,Google,Debit Card,Delivered,Vadodara,0,,83.65,0,23.54
755164,557595,376484,08-11-2025,09-11-2025,1,499,0,0,499,Nykaa,Google,Debit Card,Delivered,Vadodara,0,,39,109.03,57.61
755170,557595,373579,25-12-2025,27-12-2025,2,449,10,89.8,808.2,D2C Website,Google,UPI,Delivered,Vadodara,0,,48.97,0,33.62
755179,573989,373579,04-12-2025,09-12-2025,1,449,10,44.9,404.1,D2C Website,Offline Store,Net Banking,Delivered,Kolkata,0,,66.46,0,39.42
755182,533029,397647,18-09-2025,24-09-2025,1,799,5,39.95,759.05,Nykaa,Instagram,Unknown,Delivered,Kolkata,0,,89.12,161.01,53.26
755184,598567,397912,19-07-2025,22-07-2025,1,399,10,39.9,359.1,Offline Store,Marketplace,Cash on Delivery,Delivered,Mumbai,0,,0,0,20.2
722417,598567,332325,20-08-2025,24-08-2025,1,399,15,59.85,339.15,D2C Website,Marketplace,UPI,Delivered,Mumbai,0,,53.84,0,29.5
755188,541224,373579,17-11-2025,18-11-2025,1,449,15,67.35,381.65,Quick Commerce,Organic Search,Debit Card,Delivered,Hyderabad,0,,70.48,0,44.58
755191,565799,384259,21-12-2025,27-12-2025,2,649,20,259.6,1038.4,Myntra,Instagram,UPI,Delivered,Pune,0,,37.61,218.65,34.73
755193,565799,376484,26-12-2025,01-01-2026,3,499,5,74.85,1422.15,Nykaa,Instagram,UPI,Delivered,Pune,0,,66.57,254.47,57.4
722427,574000,328746,20-09-2025,26-09-2025,2,299,25,149.5,448.5,D2C Website,Marketplace,UPI,Delivered,Nagpur,0,,65.4,0,44.19
722431,574000,397912,13-10-2025,19-10-2025,2,399,20,159.6,638.4,Amazon,Marketplace,Cash on Delivery,Delivered,Nagpur,0,,81.98,144.35,23.59
755203,574000,328746,13-11-2025,15-11-2025,2,299,25,149.5,448.5,Myntra,Marketplace,Debit Card,Delivered,Nagpur,0,,56.13,83.7,58.08
755212,574000,328746,20-11-2025,23-11-2025,2,299,20,119.6,478.4,Amazon,Marketplace,UPI,Delivered,Nagpur,0,,77.48,85.84,55.49
787983,574000,347447,24-11-2025,26-11-2025,1,349,10,34.9,314.1,Amazon,Marketplace,Cash on Delivery,Delivered,Nagpur,0,,40.96,75.09,53.57
722447,590388,328746,11-05-2025,13-05-2025,1,299,0,0,299,D2C Website,Organic Search,Cash on Delivery,Delivered,Bengaluru,0,,58.64,0,42.56
755215,500282,370644,13-06-2025,18-06-2025,1,449,15,67.35,381.65,D2C Website,Marketplace,Wallet,Delivered,Ahmedabad,0,,89.45,0,38.92
787994,549441,373579,27-09-2025,28-09-2025,1,449,25,112.25,336.75,Myntra,Instagram,Wallet,Delivered,Ahmedabad,0,,46.87,56.37,42.47
722458,549441,370644,18-10-2025,20-10-2025,1,449,25,112.25,336.75,Nykaa,Instagram,UPI,Delivered,Ahmedabad,0,,71.86,57.93,44.1
722460,582210,332325,02-07-2025,07-07-2025,1,399,20,79.8,319.2,Amazon,Organic Search,Debit Card,Delivered,Chandigarh,0,,88.95,74.56,53.12
788000,582210,370644,08-10-2025,12-10-2025,1,449,25,112.25,336.75,Nykaa,Organic Search,UPI,Delivered,Chandigarh,0,,42.84,54.48,47.81
755234,582210,397647,12-11-2025,15-11-2025,1,799,20,159.8,639.2,Quick Commerce,Organic Search,Wallet,Delivered,Chandigarh,0,,79.25,0,51.36
722468,582213,332325,12-09-2025,18-09-2025,3,399,20,239.4,957.6,D2C Website,Marketplace,UPI,Delivered,Delhi,0,,71.35,0,23.74
788006,557640,384259,03-07-2025,04-07-2025,1,649,0,0,649,Nykaa,Instagram,UPI,Delivered,Bengaluru,0,,40.4,149.84,53.22
722473,557640,370644,09-08-2025,11-08-2025,2,449,40,359.2,538.8,Nykaa,Instagram,UPI,Delivered,Bengaluru,0,,53.53,97.72,56.95
788022,557640,318726,11-09-2025,13-09-2025,1,549,15,82.35,466.65,Offline Store,Instagram,UPI,Returned,Bengaluru,1,Damaged in Transit,0,0,35.95
788027,557640,318726,27-09-2025,29-09-2025,1,549,15,82.35,466.65,Amazon,Instagram,Credit Card,Delivered,Bengaluru,0,,81.74,106.08,30.88
722492,557640,384259,23-11-2025,24-11-2025,1,649,5,32.45,616.55,Myntra,Instagram,Cash on Delivery,Delivered,Bengaluru,0,,76.38,102.61,20.04
788029,533065,328746,01-10-2025,05-10-2025,1,299,0,0,299,Amazon,Organic Search,Credit Card,Delivered,Kolkata,0,,89.91,56.49,24.67
788037,516683,385909,27-02-2025,05-03-2025,2,429,20,171.6,686.4,D2C Website,Organic Search,UPI,Delivered,Lucknow,0,,68.65,0,52.94
755270,516683,385909,02-03-2025,03-03-2025,1,429,0,0,429,Quick Commerce,Organic Search,UPI,Delivered,Lucknow,0,,38.64,0,41.11
755269,516683,351856,03-05-2025,06-05-2025,1,449,25,112.25,336.75,Nykaa,Organic Search,UPI,Delivered,Lucknow,0,,39.02,71.72,49.51
755275,516683,373579,04-10-2025,08-10-2025,2,449,10,89.8,808.2,D2C Website,Organic Search,Debit Card,Delivered,Lucknow,0,,82.46,0,40.87
722509,565836,397912,11-11-2025,17-11-2025,2,399,20,159.6,638.4,Nykaa,Organic Search,Credit Card,Cancelled,Mumbai,0,,47.13,142.36,31.19
755277,524878,328746,21-05-2025,25-05-2025,3,299,0,0,897,Amazon,Google,UPI,Delivered,Mumbai,0,,59.7,198.62,25.59
755279,524878,376622,10-08-2025,14-08-2025,1,899,0,0,899,Myntra,Google,Wallet,Delivered,Mumbai,0,,53.95,188.46,42.22
755280,524878,318726,11-08-2025,15-08-2025,1,549,10,54.9,494.1,D2C Website,Google,Cash on Delivery,Delivered,Mumbai,0,,80.43,0,56.91
722514,524878,384259,30-10-2025,01-11-2025,3,649,20,389.4,1557.6,Myntra,Google,Credit Card,Delivered,Mumbai,0,,38.67,378.88,51.11
722515,590422,397647,30-11-2025,03-12-2025,1,799,25,199.75,599.25,D2C Website,Influencer,Credit Card,Delivered,Mumbai,0,,44.42,0,33.79
722521,590422,318726,02-12-2025,03-12-2025,1,549,10,54.9,494.1,Quick Commerce,Influencer,UPI,Delivered,Mumbai,0,,85.99,0,38.57
755290,590422,376484,04-12-2025,06-12-2025,1,499,10,49.9,449.1,Myntra,Influencer,UPI,Delivered,Mumbai,0,,43.99,70.89,35.19
755291,590422,318726,05-12-2025,09-12-2025,1,549,5,27.45,521.55,Myntra,Influencer,Credit Card,Delivered,Mumbai,0,,71.83,105,25.29
755296,590422,373579,08-12-2025,13-12-2025,1,449,15,67.35,381.65,Amazon,Influencer,Cash on Delivery,Delivered,Mumbai,0,,45.47,71.6,37.9
788065,590422,318726,12-12-2025,17-12-2025,3,549,10,164.7,1482.3,Nykaa,Influencer,Cash on Delivery,Delivered,Mumbai,0,,37.71,261.57,58.45
788079,590422,332325,14-12-2025,17-12-2025,2,399,10,79.8,718.2,Amazon,Influencer,UPI,Delivered,Mumbai,0,,51.17,169.79,21.72
755312,590422,328746,27-12-2025,31-12-2025,1,299,0,0,299,Myntra,Influencer,UPI,Returned,Mumbai,1,Wrong Item Delivered,48.01,74.6,28.2
755314,590422,332325,28-12-2025,29-12-2025,2,399,20,159.6,638.4,Amazon,Influencer,Cash on Delivery,Delivered,Mumbai,0,,86.02,129.86,56.2
755315,590422,376622,29-12-2025,02-01-2026,2,899,25,449.5,1348.5,Amazon,Influencer,UPI,Delivered,Mumbai,0,,45.27,225.24,20.56
722551,557654,373579,20-12-2025,24-12-2025,1,449,10,44.9,404.1,Myntra,Google,UPI,Delivered,Bengaluru,0,,80.5,84.42,24.09
755320,598617,328746,06-01-2025,11-01-2025,1,299,15,44.85,254.15,Nykaa,Organic Search,Net Banking,Delivered,Mumbai,0,,62.02,56.79,49.25
722553,524890,318726,22-09-2025,24-09-2025,3,549,0,0,1647,D2C Website,Google,UPI,Delivered,Hyderabad,0,,81.64,0,27.09
788091,524890,328746,11-11-2025,14-11-2025,1,299,20,59.8,239.2,D2C Website,Google,Debit Card,Delivered,Hyderabad,0,,53.62,0,42.9
788092,524890,376484,10-12-2025,16-12-2025,1,499,15,74.85,424.15,D2C Website,Google,Cash on Delivery,Delivered,Hyderabad,0,,78.21,0,43.54
788103,533082,360142,25-05-2025,31-05-2025,1,349,5,17.45,331.55,Amazon,Instagram,UPI,Delivered,Nagpur,0,,61.31,53.68,22.44
722571,582240,397912,29-03-2025,02-04-2025,1,399,10,39.9,359.1,D2C Website,Offline Store,UPI,Cancelled,Indore,0,,79.42,0,54.4
788111,516704,397912,10-08-2025,15-08-2025,3,399,15,179.55,1017.45,Offline Store,Instagram,UPI,Delivered,Lucknow,0,,0,0,46.36
788112,582242,384259,25-08-2025,28-08-2025,1,649,0,0,649,Nykaa,Instagram,Cash on Delivery,Delivered,Lucknow,0,,89.57,107.68,47.15
722579,533092,332325,03-11-2025,07-11-2025,1,399,40,159.6,239.4,D2C Website,Instagram,Cash on Delivery,Delivered,Mumbai,0,,72.77,0,36.2
788121,533092,318726,26-12-2025,27-12-2025,1,549,15,82.35,466.65,Myntra,Instagram,Credit Card,Delivered,Mumbai,0,,44.58,105.93,59.27
755359,500336,370644,09-08-2025,10-08-2025,1,449,20,89.8,359.2,Quick Commerce,Google,Cash on Delivery,Delivered,Mumbai,0,,64.38,0,47.27
755360,500336,328746,19-10-2025,24-10-2025,3,299,5,44.85,852.15,Nykaa,Google,Wallet,Delivered,Mumbai,0,,65.07,152.43,20.65
722595,524914,360142,16-01-2025,17-01-2025,2,349,0,0,698,Myntra,Influencer,Debit Card,Delivered,Lucknow,0,,47.64,152.99,53.67
722599,516728,360142,01-08-2024,07-08-2024,1,349,0,0,349,Amazon,Influencer,UPI,Delivered,Delhi,0,,54.07,55.28,45.04
788137,516728,318726,02-12-2024,03-12-2024,1,549,0,0,549,Quick Commerce,Influencer,Credit Card,Delivered,Delhi,0,,59.28,0,34.28
755369,516728,397647,13-01-2025,18-01-2025,2,799,25,399.5,1198.5,D2C Website,Influencer,Wallet,Delivered,Delhi,0,,56.48,0,27.84
755372,516728,360142,20-01-2025,26-01-2025,1,349,0,0,349,D2C Website,Influencer,UPI,Delivered,Delhi,0,,86.36,0,38.08
755374,516728,351856,01-03-2025,02-03-2025,3,449,10,134.7,1212.3,D2C Website,Influencer,Credit Card,Delivered,Delhi,0,,38.49,0,45.11
722608,516728,328746,22-08-2025,26-08-2025,2,299,10,59.8,538.2,Quick Commerce,Influencer,Debit Card,Delivered,Delhi,0,,62.09,0,41.68
755381,516728,351856,27-08-2025,01-09-2025,1,449,5,22.45,426.55,D2C Website,Influencer,Credit Card,Delivered,Delhi,0,,62.82,0,48.74
755382,516728,360142,08-10-2025,10-10-2025,1,349,40,139.6,209.4,D2C Website,Influencer,UPI,Delivered,Delhi,0,,66.72,0,39.76
755386,516728,360142,01-12-2025,07-12-2025,2,349,25,174.5,523.5,Amazon,Influencer,Credit Card,Delivered,Delhi,0,,35.04,114.2,45.74
755389,516728,373579,05-12-2025,07-12-2025,1,449,15,67.35,381.65,D2C Website,Influencer,Debit Card,Delivered,Delhi,0,,73.25,0,55.32
722621,524920,376484,20-12-2025,24-12-2025,1,499,40,199.6,299.4,Amazon,Instagram,UPI,Delivered,Mumbai,0,,72.71,63.46,42.77
788160,590461,328746,16-06-2025,19-06-2025,1,299,5,14.95,284.05,D2C Website,Referral,Net Banking,Delivered,Pune,0,,44.67,0,49.86
755403,500350,360142,20-08-2025,24-08-2025,1,349,20,69.8,279.2,Quick Commerce,Organic Search,UPI,Delivered,Mumbai,0,,45.79,0,34.12
788172,500350,318301,07-09-2025,10-09-2025,1,249,20,49.8,199.2,Amazon,Organic Search,Net Banking,Delivered,Mumbai,0,,87.34,34.79,47.34
755407,500350,351856,13-10-2025,16-10-2025,1,449,35,157.15,291.85,D2C Website,Organic Search,Credit Card,Delivered,Mumbai,0,,80.67,0,28.89
755410,500350,328746,16-11-2025,21-11-2025,1,299,20,59.8,239.2,Quick Commerce,Organic Search,UPI,Delivered,Mumbai,0,,85.81,0,57.38
755433,524931,370644,23-12-2025,29-12-2025,2,449,25,224.5,673.5,Amazon,Instagram,Credit Card,Delivered,Bengaluru,0,,77.99,136.7,34.8
755436,574085,376484,15-11-2025,21-11-2025,1,499,10,49.9,449.1,Myntra,Instagram,Credit Card,Delivered,Chennai,0,,87.34,83.79,39.59
722670,590476,397647,18-01-2025,19-01-2025,2,799,25,399.5,1198.5,Amazon,Offline Store,Credit Card,Delivered,Indore,0,,77.52,270.38,31.49
722671,590476,376484,15-09-2025,16-09-2025,2,499,25,249.5,748.5,Quick Commerce,Offline Store,Cash on Delivery,Delivered,Indore,0,,69.55,0,24.8
788208,598669,351856,24-10-2024,25-10-2024,1,449,10,44.9,404.1,Myntra,Instagram,Wallet,Delivered,Pune,0,,44.06,84.82,27.97
788209,516750,397647,21-12-2025,23-12-2025,1,799,20,159.8,639.2,Amazon,Instagram,Credit Card,Delivered,Delhi,0,,81.12,98.29,28.41
755450,557711,376484,12-07-2025,13-07-2025,1,499,5,24.95,474.05,Myntra,Google,UPI,Delivered,Jaipur,0,,40.9,86.65,49.16
788219,557711,332325,22-08-2025,24-08-2025,1,399,15,59.85,339.15,Offline Store,Google,Debit Card,Delivered,Jaipur,0,,0,0,39.03
755452,590480,347447,05-06-2024,08-06-2024,1,349,15,52.35,296.65,Nykaa,Google,Net Banking,Delivered,Indore,0,,36.94,68.01,34.15
755455,590480,328746,05-07-2024,10-07-2024,2,299,25,149.5,448.5,Offline Store,Google,UPI,Delivered,Indore,0,,0,0,59.9
788224,590480,376484,27-08-2024,01-09-2024,2,499,0,0,998,D2C Website,Google,Cash on Delivery,Delivered,Indore,0,,38.31,0,49.3
788225,590480,376484,08-09-2024,12-09-2024,1,499,0,0,499,Myntra,Google,UPI,Delivered,Indore,0,,47.93,92.86,40.57
788247,590480,332325,20-10-2024,23-10-2024,2,399,5,39.9,758.1,Nykaa,Google,Cash on Delivery,Delivered,Indore,0,,86.43,181.2,42.3
755481,590480,318726,18-01-2025,22-01-2025,1,549,20,109.8,439.2,Nykaa,Google,UPI,Delivered,Indore,0,,82.52,107.85,43.34
722713,590480,328746,16-02-2025,20-02-2025,2,299,5,29.9,568.1,Nykaa,Google,Credit Card,Delivered,Indore,0,,82.44,101.1,25.53
722715,590480,384259,30-07-2025,04-08-2025,1,649,20,129.8,519.2,Amazon,Google,UPI,Delivered,Indore,0,,82.67,96.76,51.5
788257,590480,376484,21-08-2025,24-08-2025,2,499,35,349.3,648.7,D2C Website,Google,Debit Card,Returned,Indore,1,Product Not As Described,42.09,0,58.32
722722,500371,318301,22-08-2025,25-08-2025,3,249,10,74.7,672.3,Amazon,Marketplace,Credit Card,Delivered,Bengaluru,0,,35.34,163.54,21.58
788265,508564,373579,29-06-2025,30-06-2025,2,449,15,134.7,763.3,Amazon,Organic Search,Debit Card,Delivered,Jaipur,0,,83.26,124.5,55.32
755498,508564,328746,30-06-2025,03-07-2025,1,299,0,0,299,D2C Website,Organic Search,Cash on Delivery,Delivered,Jaipur,0,,38.81,0,20.22
722738,508564,318726,05-08-2025,06-08-2025,1,549,5,27.45,521.55,D2C Website,Organic Search,Cash on Delivery,Delivered,Jaipur,0,,69.84,0,37.03
788280,565909,384259,09-05-2025,12-05-2025,1,649,15,97.35,551.65,Offline Store,Instagram,UPI,Delivered,Chandigarh,0,,0,0,40.99
722745,565909,373579,29-05-2025,03-06-2025,2,449,10,89.8,808.2,Nykaa,Instagram,Net Banking,Delivered,Chandigarh,0,,42.92,179.16,58.52
722751,565916,384259,23-05-2025,27-05-2025,2,649,10,129.8,1168.2,Amazon,Instagram,Wallet,Delivered,Bengaluru,0,,74.56,267.38,31.71
788291,524957,360142,06-11-2025,09-11-2025,1,349,10,34.9,314.1,Amazon,Instagram,Debit Card,Delivered,Patna,0,,73.7,78.05,56.77
755524,582306,384259,30-07-2025,01-08-2025,1,649,15,97.35,551.65,D2C Website,Google,Debit Card,Delivered,Bengaluru,0,,44.51,0,41.73
722756,557733,370644,09-01-2025,10-01-2025,1,449,15,67.35,381.65,D2C Website,Organic Search,Cash on Delivery,Delivered,Mumbai,0,,68.36,0,55.15
755531,541359,385909,28-10-2025,29-10-2025,1,429,10,42.9,386.1,Offline Store,Instagram,Cash on Delivery,Delivered,Pune,0,,0,0,49.53
722764,557749,397912,24-12-2024,26-12-2024,2,399,5,39.9,758.1,D2C Website,Google,UPI,Delivered,Mumbai,0,,65.4,0,33.8
755535,557749,373579,29-12-2024,02-01-2025,1,449,0,0,449,Myntra,Google,Net Banking,Delivered,Mumbai,0,,71.58,99.06,27.08
722769,557749,397912,06-02-2025,09-02-2025,1,399,5,19.95,379.05,Myntra,Google,Wallet,Delivered,Mumbai,0,,76.08,69.02,34.53
755540,557749,397912,25-02-2025,01-03-2025,1,399,25,99.75,299.25,D2C Website,Google,Cash on Delivery,Delivered,Mumbai,0,,43.51,0,42.85
755542,590519,318301,10-12-2024,11-12-2024,1,249,5,12.45,236.55,Amazon,Offline Store,UPI,Delivered,Mumbai,0,,71.84,53.83,38.14
722776,590520,360142,26-10-2025,27-10-2025,1,349,25,87.25,261.75,D2C Website,Instagram,Cash on Delivery,Delivered,Chennai,0,,65.22,0,27.27
755545,524983,328746,22-12-2025,26-12-2025,2,299,0,0,598,D2C Website,Offline Store,Debit Card,Delivered,Delhi,0,,60.14,0,28.6
788316,508609,397647,07-06-2025,09-06-2025,2,799,0,0,1598,Amazon,Marketplace,Credit Card,Delivered,Ahmedabad,0,,85.03,392.34,28.56
755550,508609,360142,16-07-2025,18-07-2025,1,349,5,17.45,331.55,D2C Website,Marketplace,UPI,Delivered,Ahmedabad,0,,75.3,0,51.98
755552,508609,370644,17-07-2025,22-07-2025,2,449,5,44.9,853.1,D2C Website,Marketplace,UPI,Delivered,Ahmedabad,0,,51.68,0,42.13
788330,508609,373579,22-08-2025,24-08-2025,1,449,15,67.35,381.65,D2C Website,Marketplace,Credit Card,Delivered,Ahmedabad,0,,55,0,58.57
788335,508609,373579,22-10-2025,27-10-2025,1,449,15,67.35,381.65,Nykaa,Marketplace,UPI,Delivered,Ahmedabad,0,,51.94,78.47,36.72
755572,508609,370644,27-10-2025,02-11-2025,2,449,5,44.9,853.1,Nykaa,Marketplace,UPI,Delivered,Ahmedabad,0,,62.12,191.41,26.46
722806,508609,384259,14-11-2025,16-11-2025,2,649,10,129.8,1168.2,Myntra,Marketplace,Cash on Delivery,Delivered,Ahmedabad,0,,49.36,241.94,30.16
755576,500425,376484,14-08-2024,19-08-2024,1,499,35,174.65,324.35,Nykaa,Instagram,UPI,Delivered,Indore,0,,59.13,76.57,27.47
755579,500425,360142,31-08-2024,01-09-2024,1,349,0,0,349,Nykaa,Instagram,UPI,Delivered,Indore,0,,71.67,63.91,43.84
722815,500425,376484,07-11-2024,11-11-2024,1,499,0,0,499,Nykaa,Instagram,UPI,Delivered,Indore,0,,73.94,85.54,52.7
755584,582345,351856,13-07-2024,19-07-2024,1,449,5,22.45,426.55,Myntra,Instagram,UPI,Delivered,Hyderabad,0,,78.63,68.19,35.89
755583,582345,376484,26-10-2024,27-10-2024,1,499,5,24.95,474.05,Myntra,Instagram,Unknown,Delivered,Hyderabad,0,,83.59,79.32,30.61
755586,582345,376484,14-11-2024,19-11-2024,1,499,35,174.65,324.35,Amazon,Instagram,Cash on Delivery,Delivered,Hyderabad,0,,60.61,70.9,40.14
788356,582345,318726,18-02-2025,22-02-2025,1,549,25,137.25,411.75,D2C Website,Instagram,UPI,Delivered,Hyderabad,0,,46.58,0,49.6
722825,582345,373579,28-11-2025,01-12-2025,1,449,10,44.9,404.1,Nykaa,Instagram,UPI,Delivered,Hyderabad,0,,48.02,75.06,41.4
788363,557779,397912,28-09-2024,01-10-2024,1,399,20,79.8,319.2,Amazon,Marketplace,Cash on Delivery,Delivered,Patna,0,,56.33,55.42,23.28
755598,557779,318726,01-01-2025,06-01-2025,1,549,15,82.35,466.65,Nykaa,Marketplace,UPI,Delivered,Patna,0,,54.08,91.47,54.87
755603,516828,384259,07-02-2024,08-02-2024,1,649,10,64.9,584.1,D2C Website,Referral,Credit Card,Returned,Bengaluru,1,Better Price Found Elsewhere,61.29,0,46.15
722843,516828,328746,08-02-2024,13-02-2024,2,299,20,119.6,478.4,D2C Website,Referral,UPI,Cancelled,Bengaluru,0,,68.66,0,27.85
755611,516828,385909,19-04-2024,23-04-2024,1,429,10,42.9,386.1,Amazon,Referral,Cash on Delivery,Delivered,Bengaluru,0,,72.77,61.11,39.99
788396,516828,328746,15-06-2024,16-06-2024,3,299,15,134.55,762.45,Amazon,Referral,Wallet,Delivered,Bengaluru,0,,43.3,118.06,26.07
722871,516828,347447,04-07-2024,05-07-2024,2,349,10,69.8,628.2,Amazon,Referral,UPI,Delivered,Bengaluru,0,,87.81,152.27,36.4
788408,516828,318726,05-01-2025,07-01-2025,1,549,20,109.8,439.2,D2C Website,Referral,Unknown,Delivered,Bengaluru,0,,68.32,0,49.84
788410,516828,376484,28-08-2025,29-08-2025,1,499,0,0,499,Offline Store,Referral,UPI,Delivered,Bengaluru,0,,0,0,24.18
788413,516828,328746,06-09-2025,07-09-2025,2,299,5,29.9,568.1,D2C Website,Referral,Credit Card,Delivered,Bengaluru,0,,74.69,0,37.86
755652,516828,376484,03-11-2025,09-11-2025,2,499,10,99.8,898.2,Nykaa,Referral,Credit Card,Delivered,Bengaluru,0,,59.07,182.26,29.95
722890,516828,376484,24-11-2025,30-11-2025,2,499,20,199.6,798.4,Myntra,Referral,Debit Card,Delivered,Bengaluru,0,,66.45,122.72,37.26
788430,508639,351856,18-09-2025,22-09-2025,1,449,0,0,449,Nykaa,Influencer,Net Banking,Delivered,Surat,0,,51.58,97.21,40.84
788432,574177,376484,08-10-2024,09-10-2024,1,499,0,0,499,Amazon,Instagram,UPI,Delivered,Hyderabad,0,,72.57,114.26,45.01
755666,574177,328746,25-12-2024,28-12-2024,2,299,5,29.9,568.1,Amazon,Instagram,Credit Card,Delivered,Hyderabad,0,,52.97,117.96,25.39
755667,598759,384259,15-06-2025,20-06-2025,1,649,15,97.35,551.65,Quick Commerce,Influencer,UPI,Delivered,Pune,0,,81.58,0,59.78
722900,598759,332325,13-07-2025,17-07-2025,2,399,5,39.9,758.1,Quick Commerce,Influencer,Wallet,Returned,Pune,1,Better Price Found Elsewhere,38.63,0,49.68
788436,590573,347447,03-06-2025,09-06-2025,1,349,5,17.45,331.55,Myntra,Google,UPI,Delivered,Mumbai,0,,42.05,69.5,47.78
788440,500464,351856,15-10-2024,17-10-2024,3,449,20,269.4,1077.6,Amazon,Referral,UPI,Delivered,Kolkata,0,,52.97,200.33,34.67
755680,500464,385909,06-11-2024,08-11-2024,2,429,15,128.7,729.3,Amazon,Referral,Net Banking,Delivered,Kolkata,0,,86.78,111.37,55.52
722913,500464,385909,30-11-2024,01-12-2024,1,429,15,64.35,364.65,Nykaa,Referral,UPI,Delivered,Kolkata,0,,37.96,72.27,24.92
755683,500464,351856,27-02-2025,03-03-2025,2,449,10,89.8,808.2,D2C Website,Referral,Credit Card,Delivered,Kolkata,0,,62.22,0,22.41
755687,500464,351856,16-04-2025,17-04-2025,1,449,25,112.25,336.75,Myntra,Referral,Net Banking,Delivered,Kolkata,0,,39.7,74.81,37.05
755690,500464,351856,15-10-2025,19-10-2025,3,449,5,67.35,1279.65,D2C Website,Referral,UPI,Delivered,Kolkata,0,,41.96,0,31.26
722923,525042,376484,21-05-2025,24-05-2025,2,499,20,199.6,798.4,Amazon,Google,UPI,Delivered,Mumbai,0,,80.53,188.75,47.38
755694,598771,347447,22-09-2025,26-09-2025,1,349,10,34.9,314.1,Myntra,Referral,UPI,Delivered,Bengaluru,0,,59.83,71.25,36.93
722931,598771,328746,11-12-2025,16-12-2025,1,299,15,44.85,254.15,Amazon,Referral,Cash on Delivery,Delivered,Bengaluru,0,,72.24,49.38,59.92
755702,541436,397912,03-04-2025,04-04-2025,1,399,5,19.95,379.05,Quick Commerce,Instagram,Credit Card,Returned,Hyderabad,1,Changed Mind,38.27,0,24.74
755703,541436,397912,26-05-2025,27-05-2025,2,399,20,159.6,638.4,Myntra,Instagram,Cash on Delivery,Delivered,Hyderabad,0,,85.13,97.46,51.7
788472,541436,370644,11-06-2025,12-06-2025,1,449,10,44.9,404.1,Nykaa,Instagram,UPI,Delivered,Hyderabad,0,,86.88,71.78,39.56
788473,541436,360142,29-06-2025,30-06-2025,3,349,10,104.7,942.3,D2C Website,Instagram,Wallet,Delivered,Hyderabad,0,,63.43,0,52.49
788476,541436,397912,06-08-2025,10-08-2025,2,399,0,0,798,Quick Commerce,Instagram,Net Banking,Delivered,Hyderabad,0,,67.6,0,54.74
755708,541436,332325,08-08-2025,11-08-2025,1,399,10,39.9,359.1,D2C Website,Instagram,Wallet,Delivered,Hyderabad,0,,60.49,0,27.82
788479,541436,370644,10-11-2025,14-11-2025,3,449,10,134.7,1212.3,Myntra,Instagram,Cash on Delivery,Delivered,Hyderabad,0,,74.19,188.38,33.29
788486,541436,397647,24-11-2025,27-11-2025,2,799,15,239.7,1358.3,D2C Website,Instagram,Wallet,Delivered,Hyderabad,0,,64.19,0,31.02
788487,541436,397647,03-12-2025,07-12-2025,2,799,15,239.7,1358.3,Nykaa,Instagram,Net Banking,Delivered,Hyderabad,0,,36.36,299.38,42.61
788488,541441,328746,21-06-2025,25-06-2025,1,299,20,59.8,239.2,Nykaa,Influencer,UPI,Delivered,Ahmedabad,0,,62.29,50.14,28.18
722950,574228,384259,18-09-2025,22-09-2025,2,649,0,0,1298,Myntra,Offline Store,Cash on Delivery,Delivered,Mumbai,0,,83.93,303.52,37.47
722954,574228,318726,28-09-2025,01-10-2025,1,549,25,137.25,411.75,Amazon,Offline Store,Credit Card,Delivered,Mumbai,0,,80.69,83.36,47.98
722957,574228,351856,29-09-2025,30-09-2025,2,449,20,179.6,718.4,Offline Store,Offline Store,Cash on Delivery,Delivered,Mumbai,0,,0,0,30.64
755725,574228,351856,20-11-2025,21-11-2025,1,449,15,67.35,381.65,Quick Commerce,Offline Store,Net Banking,Delivered,Mumbai,0,,53.17,0,43.57
755731,566039,318301,03-11-2025,07-11-2025,2,249,0,0,498,Quick Commerce,Influencer,Credit Card,Delivered,Delhi,0,,71.66,0,24.97
722965,541467,384259,16-09-2025,22-09-2025,1,649,5,32.45,616.55,Amazon,Organic Search,Net Banking,Delivered,Surat,0,,77.25,107.03,42.08
722968,516901,397912,04-05-2024,10-05-2024,1,399,15,59.85,339.15,D2C Website,Organic Search,UPI,Delivered,Pune,0,,38.62,0,51.38
755737,516901,385909,11-01-2025,16-01-2025,1,429,5,21.45,407.55,Amazon,Organic Search,Credit Card,Delivered,Pune,0,,67.43,62.68,45.86
788509,516901,384259,19-03-2025,23-03-2025,3,649,15,292.05,1654.95,D2C Website,Organic Search,Debit Card,Delivered,Pune,0,,56.73,0,44.24
755744,516901,373579,09-12-2025,15-12-2025,1,449,15,67.35,381.65,Nykaa,Organic Search,UPI,Delivered,Pune,0,,60.48,59.73,37.56
722980,549672,376484,07-04-2025,08-04-2025,1,499,10,49.9,449.1,D2C Website,Instagram,Credit Card,Returned,Kolkata,1,Damaged in Transit,56.01,0,23.98
755750,549672,318726,08-07-2025,12-07-2025,1,549,10,54.9,494.1,Quick Commerce,Instagram,Cash on Delivery,Delivered,Kolkata,0,,37.7,0,39.2
722984,533289,318301,27-12-2025,29-12-2025,3,249,20,149.4,597.6,Nykaa,Organic Search,UPI,Delivered,Vadodara,0,,46.6,115.75,47.56
722988,549674,332325,24-08-2024,29-08-2024,3,399,10,119.7,1077.3,Myntra,Organic Search,Credit Card,Delivered,Mumbai,0,,74.13,163.17,56.44
755758,549674,328746,20-02-2025,24-02-2025,1,299,5,14.95,284.05,Myntra,Organic Search,Net Banking,Delivered,Mumbai,0,,42.68,69.76,28.57
723006,549674,376484,03-12-2025,07-12-2025,2,499,5,49.9,948.1,D2C Website,Organic Search,UPI,Delivered,Mumbai,0,,64.73,0,26.86
788555,549674,384259,17-12-2025,18-12-2025,1,649,15,97.35,551.65,D2C Website,Organic Search,Debit Card,Delivered,Mumbai,0,,71.34,0,46.37
788562,549674,397647,30-12-2025,05-01-2026,2,799,10,159.8,1438.2,D2C Website,Organic Search,Credit Card,Delivered,Mumbai,0,,40.23,0,57.24
755796,525105,397647,21-10-2025,24-10-2025,1,799,5,39.95,759.05,Myntra,Instagram,Cash on Delivery,Delivered,Mumbai,0,,66.44,170.86,43.82
723029,525112,397912,09-08-2024,10-08-2024,2,399,15,119.7,678.3,Amazon,Instagram,Debit Card,Delivered,Mumbai,0,,69.43,138.2,58.58
755797,525112,373579,07-09-2024,12-09-2024,1,449,15,67.35,381.65,Quick Commerce,Instagram,UPI,Delivered,Mumbai,0,,80.12,0,22.82
755799,525112,318301,13-10-2024,17-10-2024,2,249,5,24.9,473.1,Amazon,Instagram,UPI,Delivered,Mumbai,0,,42.6,85.35,50.31
755798,525112,318301,14-08-2025,17-08-2025,1,249,0,0,249,D2C Website,Instagram,UPI,Delivered,Mumbai,0,,75.56,0,29.33
723033,525112,373579,18-08-2025,23-08-2025,2,449,0,0,898,Quick Commerce,Instagram,Debit Card,Delivered,Mumbai,0,,86.29,0,41.56
788575,549689,318726,03-05-2025,07-05-2025,1,549,10,54.9,494.1,Nykaa,Google,Cash on Delivery,Delivered,Chennai,0,,80.58,107.05,27.19
723044,549689,332325,20-08-2025,25-08-2025,1,399,25,99.75,299.25,Nykaa,Google,Cash on Delivery,Delivered,Chennai,0,,40.03,62.71,45.92
755816,549689,384259,10-11-2025,12-11-2025,1,649,10,64.9,584.1,Myntra,Google,Cash on Delivery,Delivered,Chennai,0,,79.94,116.8,30.82
755822,549692,360142,04-04-2025,10-04-2025,1,349,0,0,349,Nykaa,Instagram,UPI,Delivered,Pune,0,,54.51,53.86,48.54
755824,549692,373579,05-08-2025,06-08-2025,1,449,0,0,449,Nykaa,Instagram,Debit Card,Delivered,Pune,0,,54.5,86.37,21.76
723066,549692,397912,11-09-2025,17-09-2025,3,399,0,0,1197,Amazon,Instagram,Cash on Delivery,Delivered,Pune,0,,72.08,237.9,52.34
755838,549692,397912,18-09-2025,20-09-2025,1,399,0,0,399,Nykaa,Instagram,UPI,Delivered,Pune,0,,40.89,74.91,57.24
723078,549692,384259,02-10-2025,08-10-2025,2,649,5,64.9,1233.1,D2C Website,Instagram,UPI,Delivered,Pune,0,,56.9,0,31.71
755846,549692,373579,30-10-2025,04-11-2025,1,449,0,0,449,D2C Website,Instagram,Debit Card,Delivered,Pune,0,,73.61,0,31.32
755850,549692,373579,09-11-2025,13-11-2025,2,449,0,0,898,D2C Website,Instagram,UPI,Delivered,Pune,0,,74.62,0,57.42
723083,549692,370644,23-12-2025,26-12-2025,1,449,20,89.8,359.2,D2C Website,Instagram,UPI,Cancelled,Pune,0,,52.18,0,22.59
723082,549692,397912,26-12-2025,31-12-2025,1,399,10,39.9,359.1,D2C Website,Instagram,Net Banking,Delivered,Pune,0,,56.23,0,26.39
755858,549695,376484,24-12-2025,28-12-2025,2,499,15,149.7,848.3,Amazon,Organic Search,Debit Card,Delivered,Mumbai,0,,35.02,173.62,58.71
723094,598848,373579,28-11-2025,02-12-2025,1,449,15,67.35,381.65,Myntra,Offline Store,Debit Card,Delivered,Hyderabad,0,,68.77,76.4,55.21
755868,598848,373579,15-12-2025,18-12-2025,1,449,0,0,449,Nykaa,Offline Store,UPI,Delivered,Hyderabad,0,,89.31,74.15,41.09
755876,541505,384259,28-11-2025,30-11-2025,1,649,20,129.8,519.2,Amazon,Instagram,Wallet,Returned,Chennai,1,Damaged in Transit,84.28,83.74,59.77
755878,541505,397912,29-11-2025,02-12-2025,1,399,25,99.75,299.25,Amazon,Instagram,Credit Card,Delivered,Chennai,0,,70.21,74.43,26.53
755888,541505,397912,01-12-2025,03-12-2025,2,399,0,0,798,Offline Store,Instagram,Cash on Delivery,Delivered,Chennai,0,,0,0,24.32
723121,541505,370644,06-12-2025,12-12-2025,1,449,0,0,449,Quick Commerce,Instagram,Debit Card,Delivered,Chennai,0,,35.02,0,27.46
788660,541505,397647,24-12-2025,27-12-2025,2,799,10,159.8,1438.2,D2C Website,Instagram,Cash on Delivery,Delivered,Chennai,0,,63.11,0,36.02
723125,541505,397647,27-12-2025,02-01-2026,1,799,25,199.75,599.25,Myntra,Instagram,Wallet,Delivered,Chennai,0,,84.85,99.81,31.14
788662,516932,360142,14-08-2025,15-08-2025,1,349,5,17.45,331.55,Nykaa,Instagram,UPI,Delivered,Mumbai,0,,70.77,63.95,54.92
755898,598858,318726,07-08-2025,11-08-2025,1,549,10,54.9,494.1,D2C Website,Google,Debit Card,Delivered,Pune,0,,38.47,0,50.22
788668,598858,328746,23-12-2025,29-12-2025,1,299,5,14.95,284.05,Amazon,Google,Wallet,Delivered,Pune,0,,73.51,57.26,43.78
755902,557898,397912,14-07-2025,18-07-2025,1,399,5,19.95,379.05,Amazon,Instagram,Credit Card,Delivered,Vadodara,0,,40.33,77.75,23.18
788672,557898,397912,24-07-2025,29-07-2025,2,399,10,79.8,718.2,Quick Commerce,Instagram,Cash on Delivery,Delivered,Vadodara,0,,40.75,0,29.06
788673,557898,351856,29-11-2025,01-12-2025,1,449,5,22.45,426.55,Quick Commerce,Instagram,Net Banking,Delivered,Vadodara,0,,69.46,0,57.89
723138,557898,384259,30-11-2025,05-12-2025,1,649,0,0,649,Amazon,Instagram,UPI,Delivered,Vadodara,0,,85.33,137.42,47.96
755904,557905,384259,20-09-2025,21-09-2025,1,649,15,97.35,551.65,D2C Website,Marketplace,UPI,Delivered,Hyderabad,0,,67.36,0,59.16
723153,557905,347447,08-10-2025,09-10-2025,1,349,15,52.35,296.65,Myntra,Marketplace,Cash on Delivery,Delivered,Hyderabad,0,,74.73,62.7,47.18
755927,557905,360142,25-11-2025,29-11-2025,1,349,5,17.45,331.55,D2C Website,Marketplace,Credit Card,Delivered,Hyderabad,0,,37.45,0,24.54
723163,557905,332325,26-12-2025,30-12-2025,2,399,20,159.6,638.4,D2C Website,Marketplace,Cash on Delivery,Delivered,Hyderabad,0,,38.4,0,53.3
723165,590673,373579,14-12-2024,17-12-2024,3,449,5,67.35,1279.65,Amazon,Google,Debit Card,Delivered,Delhi,0,,70.62,316.82,24
788706,590673,360142,27-12-2024,30-12-2024,1,349,20,69.8,279.2,D2C Website,Google,Debit Card,Delivered,Delhi,0,,38.07,0,39.42
788712,557912,385909,15-09-2024,20-09-2024,1,429,0,0,429,D2C Website,Marketplace,Cash on Delivery,Delivered,Mumbai,0,,48.76,0,21.88
755945,557912,332325,28-02-2025,04-03-2025,1,399,10,39.9,359.1,Offline Store,Marketplace,Wallet,Delivered,Mumbai,0,,0,0,30.96
723182,525144,328746,08-12-2025,12-12-2025,2,299,0,0,598,Myntra,Google,Wallet,Delivered,Hyderabad,0,,58.97,109.25,26.47
755950,598885,376484,25-08-2025,28-08-2025,1,499,10,49.9,449.1,Nykaa,Offline Store,Credit Card,Delivered,Coimbatore,0,,64.56,87.26,21.17
723183,598885,373579,22-09-2025,25-09-2025,1,449,5,22.45,426.55,D2C Website,Offline Store,Cash on Delivery,Delivered,Coimbatore,0,,88.06,0,27.69
788719,582502,384259,23-04-2025,26-04-2025,2,649,15,194.7,1103.3,D2C Website,Influencer,Debit Card,Delivered,Kolkata,0,,83.17,0,51.33
723186,582502,328746,14-06-2025,16-06-2025,2,299,10,59.8,538.2,D2C Website,Influencer,UPI,Delivered,Kolkata,0,,53.51,0,31.57
788723,582502,328746,11-08-2025,17-08-2025,1,299,5,14.95,284.05,Amazon,Influencer,Credit Card,Delivered,Kolkata,0,,47.59,59.88,22.15
723187,582502,384259,15-10-2025,21-10-2025,1,649,15,97.35,551.65,D2C Website,Influencer,UPI,Delivered,Kolkata,0,,82.06,0,24.74
788726,582502,376484,12-11-2025,14-11-2025,1,499,10,49.9,449.1,Amazon,Influencer,Cash on Delivery,Delivered,Kolkata,0,,58.55,103.21,55.25
723190,598886,373579,20-03-2025,22-03-2025,1,449,5,22.45,426.55,Myntra,Instagram,UPI,Delivered,Lucknow,0,,56.46,90.14,24.15
788740,598886,332325,26-03-2025,01-04-2025,1,399,10,39.9,359.1,Quick Commerce,Instagram,Credit Card,Delivered,Lucknow,0,,40.08,0,56.43
788744,525166,351856,28-08-2025,02-09-2025,1,449,10,44.9,404.1,D2C Website,Google,Debit Card,Delivered,Delhi,0,,89.64,0,20.24
755977,557939,318726,19-11-2025,23-11-2025,3,549,25,411.75,1235.25,Myntra,Referral,Credit Card,Delivered,Chennai,0,,65.74,246.37,27.84
755982,557939,376484,19-12-2025,22-12-2025,1,499,10,49.9,449.1,Quick Commerce,Referral,UPI,Delivered,Chennai,0,,89.68,0,36.34
723214,557939,318726,22-12-2025,24-12-2025,1,549,15,82.35,466.65,Amazon,Referral,Credit Card,Delivered,Chennai,0,,43.1,89.83,24.44
755985,557939,332325,26-12-2025,28-12-2025,2,399,10,79.8,718.2,Amazon,Referral,Credit Card,Delivered,Chennai,0,,76.78,124.16,39.15
755987,566132,376484,16-09-2025,22-09-2025,1,499,25,124.75,374.25,Quick Commerce,Google,UPI,Delivered,Mumbai,0,,76.39,0,21.92
788760,508799,397647,15-01-2025,18-01-2025,1,799,5,39.95,759.05,Amazon,Organic Search,UPI,Delivered,Surat,0,,42.04,127.13,46.87
723224,557954,328746,12-08-2025,15-08-2025,3,299,5,44.85,852.15,Quick Commerce,Influencer,UPI,Delivered,Lucknow,0,,54.91,0,50.1
723230,557961,347447,03-01-2025,09-01-2025,1,349,0,0,349,D2C Website,Offline Store,UPI,Delivered,Patna,0,,49,0,46.11
756011,533386,397647,29-07-2024,31-07-2024,1,799,0,0,799,Quick Commerce,Instagram,Cash on Delivery,Delivered,Mumbai,0,,39.22,0,25.6
723246,533386,370644,11-02-2025,17-02-2025,3,449,10,134.7,1212.3,Nykaa,Instagram,Debit Card,Delivered,Mumbai,0,,64.55,216.45,50.61
788785,557963,376484,28-04-2024,30-04-2024,1,499,25,124.75,374.25,D2C Website,Google,Cash on Delivery,Delivered,Hyderabad,0,,51.14,0,45.66
756019,557963,376484,15-03-2025,19-03-2025,1,499,15,74.85,424.15,Offline Store,Google,Debit Card,Delivered,Hyderabad,0,,0,0,27.67
723253,557963,332325,25-04-2025,30-04-2025,2,399,25,199.5,598.5,Nykaa,Google,UPI,Delivered,Hyderabad,0,,39,99.93,38.99
723256,557963,384259,08-05-2025,14-05-2025,2,649,25,324.5,973.5,Myntra,Google,Credit Card,Delivered,Hyderabad,0,,38.7,224.02,51.36
788795,557963,384259,29-10-2025,30-10-2025,1,649,10,64.9,584.1,Myntra,Google,Cash on Delivery,Delivered,Hyderabad,0,,45.69,129.36,35.46
756027,582544,360142,24-09-2024,29-09-2024,1,349,0,0,349,D2C Website,Instagram,Cash on Delivery,Delivered,Delhi,0,,49.67,0,55.75
723264,582544,384259,19-11-2024,21-11-2024,2,649,20,259.6,1038.4,D2C Website,Instagram,Debit Card,Delivered,Delhi,0,,35.65,0,54.31
756033,566162,397912,31-10-2025,04-11-2025,1,399,0,0,399,D2C Website,Organic Search,Cash on Delivery,Delivered,Kolkata,0,,63.28,0,22.68
756034,566162,397912,05-11-2025,07-11-2025,2,399,0,0,798,D2C Website,Organic Search,UPI,Delivered,Kolkata,0,,48.99,0,46.8
723267,566162,360142,12-12-2025,15-12-2025,1,349,0,0,349,Nykaa,Organic Search,Debit Card,Delivered,Kolkata,0,,46.56,81.17,41.4
756039,566162,397912,18-12-2025,19-12-2025,1,399,25,99.75,299.25,Amazon,Organic Search,UPI,Delivered,Kolkata,0,,59.77,63.43,51.37
788809,566162,373579,27-12-2025,02-01-2026,1,449,20,89.8,359.2,Nykaa,Organic Search,Net Banking,Delivered,Kolkata,0,,79.02,81.02,46.78
723281,541588,318726,11-04-2025,16-04-2025,1,549,15,82.35,466.65,Nykaa,Instagram,Credit Card,Delivered,Chennai,0,,71.36,93.44,54.97
756051,574364,318301,19-02-2025,22-02-2025,2,249,0,0,498,D2C Website,Offline Store,Cash on Delivery,Delivered,Mumbai,0,,73.67,0,53.5
723283,574364,351856,08-04-2025,12-04-2025,1,449,15,67.35,381.65,Nykaa,Offline Store,Credit Card,Delivered,Mumbai,0,,47.79,66.93,52.41
756055,574364,370644,24-06-2025,29-06-2025,1,449,20,89.8,359.2,Myntra,Offline Store,Cash on Delivery,Delivered,Mumbai,0,,74.08,88.49,27
788823,574364,376622,24-08-2025,26-08-2025,1,899,20,179.8,719.2,Amazon,Offline Store,Credit Card,Delivered,Mumbai,0,,67.58,154.53,26.51
756063,574364,318726,09-10-2025,14-10-2025,2,549,5,54.9,1043.1,D2C Website,Offline Store,Cash on Delivery,Delivered,Mumbai,0,,43.3,0,24.51
788832,574364,397912,16-10-2025,21-10-2025,2,399,20,159.6,638.4,Myntra,Offline Store,Wallet,Delivered,Mumbai,0,,79.93,120.78,57.75
723295,574364,373579,05-11-2025,07-11-2025,3,449,10,134.7,1212.3,Amazon,Offline Store,Credit Card,Delivered,Mumbai,0,,37.72,244.24,43.12
756068,574364,370644,11-11-2025,13-11-2025,3,449,35,471.45,875.55,Offline Store,Offline Store,Wallet,Delivered,Mumbai,0,,0,0,21.79
788842,574364,397647,15-11-2025,17-11-2025,3,799,0,0,2397,Amazon,Offline Store,Wallet,Delivered,Mumbai,0,,35.9,572.63,47.67
788846,574364,370644,21-11-2025,25-11-2025,2,449,0,0,898,Myntra,Offline Store,UPI,Delivered,Mumbai,0,,36.64,138.77,53.65
756083,533408,373579,23-12-2025,27-12-2025,1,449,15,67.35,381.65,D2C Website,Instagram,UPI,Delivered,Kolkata,0,,65.13,0,52.71
788853,508834,376484,27-12-2024,30-12-2024,1,499,15,74.85,424.15,Amazon,Instagram,Credit Card,Delivered,Bengaluru,0,,84.38,94.35,31.57
723318,508834,318301,10-02-2025,12-02-2025,1,249,5,12.45,236.55,Myntra,Instagram,Cash on Delivery,Delivered,Bengaluru,0,,63.07,37.49,21.89
756087,598951,360142,08-08-2025,09-08-2025,2,349,0,0,698,Amazon,Influencer,Cash on Delivery,Delivered,Delhi,0,,77.52,118.56,20.68
756088,598951,385909,22-08-2025,26-08-2025,1,429,20,85.8,343.2,Nykaa,Influencer,Cash on Delivery,Delivered,Delhi,0,,79.96,51.6,31.16
788857,598951,384259,21-09-2025,27-09-2025,2,649,10,129.8,1168.2,D2C Website,Influencer,Net Banking,Cancelled,Delhi,0,,59.06,0,22.98
723322,598951,318301,22-09-2025,28-09-2025,2,249,40,199.2,298.8,Myntra,Influencer,UPI,Returned,Delhi,1,Wrong Item Delivered,84.33,57.75,35.6
756093,598951,373579,16-10-2025,17-10-2025,1,449,0,0,449,Amazon,Influencer,Net Banking,Delivered,Delhi,0,,56.61,107.98,34.84
788862,598951,370644,21-11-2025,27-11-2025,3,449,10,134.7,1212.3,Quick Commerce,Influencer,UPI,Delivered,Delhi,0,,81.24,0,59.72
788864,598951,318301,01-12-2025,04-12-2025,1,249,10,24.9,224.1,D2C Website,Influencer,Wallet,Delivered,Delhi,0,,59.59,0,32.96
788867,598951,373579,15-12-2025,20-12-2025,3,449,0,0,1347,Amazon,Influencer,Cash on Delivery,Delivered,Delhi,0,,37.31,285.38,44.61
723332,598951,384259,24-12-2025,29-12-2025,2,649,5,64.9,1233.1,D2C Website,Influencer,UPI,Delivered,Delhi,0,,58.64,0,41.93
723331,517038,318726,31-05-2025,05-06-2025,1,549,10,54.9,494.1,Nykaa,Referral,UPI,Returned,Mumbai,1,Allergic Reaction,57.29,102.01,35.54
723339,549808,376484,17-07-2025,19-07-2025,1,499,25,124.75,374.25,Myntra,Instagram,UPI,Delivered,Surat,0,,63.6,77.02,45.41
788880,582578,360142,21-11-2025,24-11-2025,2,349,10,69.8,628.2,Myntra,Google,Debit Card,Delivered,Bengaluru,0,,54.97,121.16,53.76
756112,582578,360142,24-11-2025,28-11-2025,1,349,0,0,349,Myntra,Google,Cash on Delivery,Delivered,Bengaluru,0,,41.96,73.11,57.73
723345,582578,328746,13-12-2025,19-12-2025,1,299,0,0,299,Myntra,Google,Debit Card,Delivered,Bengaluru,0,,81.71,55.57,45.24
756118,582578,373579,21-12-2025,23-12-2025,2,449,40,359.2,538.8,Amazon,Google,Cash on Delivery,Delivered,Bengaluru,0,,39.33,97.13,54.19
723351,582578,397912,29-12-2025,03-01-2026,3,399,0,0,1197,Nykaa,Google,Net Banking,Delivered,Bengaluru,0,,39.01,196.21,38.44
788894,558008,318301,09-05-2025,12-05-2025,3,249,20,149.4,597.6,Myntra,Marketplace,Credit Card,Delivered,Bengaluru,0,,42.59,129.74,31.87
788895,558008,318726,29-10-2025,30-10-2025,2,549,40,439.2,658.8,D2C Website,Marketplace,Cash on Delivery,Delivered,Bengaluru,0,,72.01,0,53.39
788906,558008,332325,31-10-2025,03-11-2025,3,399,15,179.55,1017.45,D2C Website,Marketplace,UPI,Delivered,Bengaluru,0,,74.2,0,36.11
788907,558008,318726,14-11-2025,17-11-2025,1,549,10,54.9,494.1,D2C Website,Marketplace,UPI,Delivered,Bengaluru,0,,42.75,0,57.72
788908,525242,397647,19-09-2024,25-09-2024,3,799,15,359.55,2037.45,Nykaa,Referral,Cash on Delivery,Delivered,Jaipur,0,,40.79,492.3,42.14
723373,525242,318301,30-09-2024,03-10-2024,2,249,25,124.5,373.5,Amazon,Referral,Net Banking,Delivered,Jaipur,0,,52.54,87.21,51.18
756143,525242,397647,05-01-2025,10-01-2025,3,799,0,0,2397,Amazon,Referral,UPI,Delivered,Jaipur,0,,55.19,561.99,53.22
756149,525242,351856,10-04-2025,11-04-2025,3,449,25,336.75,1010.25,Nykaa,Referral,Net Banking,Delivered,Jaipur,0,,69.77,156.57,28.78
788917,525242,397912,20-08-2025,23-08-2025,2,399,40,319.2,478.8,Nykaa,Referral,UPI,Delivered,Jaipur,0,,60.26,117.34,28.45
723385,525242,318726,27-08-2025,31-08-2025,1,549,5,27.45,521.55,Myntra,Referral,Wallet,Delivered,Jaipur,0,,85.57,104.47,44.44
756164,525242,360142,12-10-2025,15-10-2025,1,349,5,17.45,331.55,Nykaa,Referral,UPI,Delivered,Jaipur,0,,63.61,52.68,57.81
788932,525242,397912,17-11-2025,19-11-2025,1,399,5,19.95,379.05,Myntra,Referral,Credit Card,Delivered,Jaipur,0,,59.89,66.78,23.6
756168,525242,373579,18-11-2025,19-11-2025,1,449,15,67.35,381.65,D2C Website,Referral,Net Banking,Delivered,Jaipur,0,,86.37,0,56.97
723401,525242,373579,03-12-2025,06-12-2025,3,449,5,67.35,1279.65,D2C Website,Referral,Credit Card,Returned,Jaipur,1,Changed Mind,38.63,0,51.45
788939,574395,373579,04-02-2025,05-02-2025,1,449,20,89.8,359.2,Nykaa,Instagram,Cash on Delivery,Delivered,Patna,0,,68.57,88.89,53.75
756175,517054,318301,08-10-2024,10-10-2024,1,249,15,37.35,211.65,Amazon,Influencer,Credit Card,Delivered,Surat,0,,37.4,47.57,34.51
788946,517054,360142,30-05-2025,03-06-2025,1,349,20,69.8,279.2,Nykaa,Influencer,Credit Card,Delivered,Surat,0,,45.98,57.78,21.31
723412,590794,360142,06-02-2024,10-02-2024,1,349,35,122.15,226.85,Amazon,Organic Search,Credit Card,Returned,Bengaluru,1,Changed Mind,89.34,49.92,23.46
756181,590794,397912,17-02-2024,22-02-2024,2,399,20,159.6,638.4,D2C Website,Organic Search,Debit Card,Delivered,Bengaluru,0,,65.9,0,33.09
788954,590794,318301,19-12-2024,25-12-2024,1,249,25,62.25,186.75,Amazon,Organic Search,Cash on Delivery,Delivered,Bengaluru,0,,60.76,38.61,43.72
723419,590794,397647,01-10-2025,05-10-2025,3,799,20,479.4,1917.6,D2C Website,Organic Search,UPI,Delivered,Bengaluru,0,,67.73,0,31.16
723426,590794,360142,29-12-2025,30-12-2025,1,349,25,87.25,261.75,Amazon,Organic Search,Debit Card,Returned,Bengaluru,1,Changed Mind,87.76,58.44,51.72
723433,549834,328746,16-05-2025,18-05-2025,2,299,10,59.8,538.2,Nykaa,Instagram,Cash on Delivery,Delivered,Delhi,0,,39.55,124.37,56.07
756202,558028,397912,14-04-2024,17-04-2024,2,399,0,0,798,Amazon,Influencer,UPI,Delivered,Pune,0,,77.61,131.97,46.56
788971,598992,328746,14-04-2024,18-04-2024,2,299,10,59.8,538.2,Offline Store,Organic Search,Cash on Delivery,Delivered,Pune,0,,0,0,28.53
723435,500688,373579,04-12-2025,07-12-2025,1,449,40,179.6,269.4,D2C Website,Google,Debit Card,Delivered,Bengaluru,0,,43.33,0,41.2
723437,500688,376484,05-12-2025,08-12-2025,2,499,15,149.7,848.3,Myntra,Google,Cash on Delivery,Delivered,Bengaluru,0,,75.99,164.18,37.91
756206,500688,360142,17-12-2025,19-12-2025,1,349,20,69.8,279.2,D2C Website,Google,UPI,Delivered,Bengaluru,0,,89.81,0,55.64
723440,500688,384259,22-12-2025,27-12-2025,1,649,20,129.8,519.2,Amazon,Google,UPI,Delivered,Bengaluru,0,,44.73,93.64,52.01
788978,598994,332325,16-11-2024,21-11-2024,1,399,5,19.95,379.05,Quick Commerce,Marketplace,Cash on Delivery,Delivered,Hyderabad,0,,53.37,0,37.82
756217,598994,376484,06-02-2025,09-02-2025,1,499,20,99.8,399.2,Myntra,Marketplace,UPI,Delivered,Hyderabad,0,,59.69,75.59,33.42
788987,598994,332325,02-04-2025,06-04-2025,1,399,20,79.8,319.2,D2C Website,Marketplace,UPI,Cancelled,Hyderabad,0,,66.05,0,49.17
756223,598994,318726,16-11-2025,17-11-2025,1,549,25,137.25,411.75,Amazon,Marketplace,UPI,Delivered,Hyderabad,0,,77.11,75.49,24.29
723461,598994,318726,19-12-2025,25-12-2025,1,549,5,27.45,521.55,Myntra,Marketplace,UPI,Delivered,Hyderabad,0,,89.46,79.67,24.07
723462,533466,384259,07-04-2025,11-04-2025,1,649,20,129.8,519.2,Amazon,Referral,Debit Card,Cancelled,Kolkata,0,,40.21,126.76,59.45
723464,590812,318726,19-09-2025,20-09-2025,1,549,20,109.8,439.2,Myntra,Influencer,UPI,Delivered,Kolkata,0,,69.86,73.66,36.24
789006,590812,373579,13-10-2025,15-10-2025,1,449,0,0,449,D2C Website,Influencer,UPI,Delivered,Kolkata,0,,85.6,0,30.72
723474,590812,373579,27-10-2025,02-11-2025,2,449,10,89.8,808.2,Quick Commerce,Influencer,Debit Card,Delivered,Kolkata,0,,35.04,0,23.31
756243,590812,318726,27-12-2025,31-12-2025,1,549,0,0,549,D2C Website,Influencer,Credit Card,Delivered,Kolkata,0,,78.17,0,56
789015,549856,351856,02-06-2024,04-06-2024,1,449,5,22.45,426.55,Amazon,Influencer,Debit Card,Delivered,Bengaluru,0,,73.48,96.38,22.03
756250,549857,351856,14-12-2024,16-12-2024,1,449,15,67.35,381.65,D2C Website,Referral,Credit Card,Delivered,Lucknow,0,,54.09,0,51.92
723486,549857,376484,30-08-2025,04-09-2025,1,499,0,0,499,Amazon,Referral,UPI,Delivered,Lucknow,0,,68.97,106.47,21.28
789024,549857,384259,11-11-2025,15-11-2025,1,649,35,227.15,421.85,Offline Store,Referral,Wallet,Delivered,Lucknow,0,,0,0,37.72
723491,549857,332325,16-12-2025,18-12-2025,1,399,0,0,399,Quick Commerce,Referral,Cash on Delivery,Delivered,Lucknow,0,,65.29,0,57.23
723500,566244,385909,07-09-2025,08-09-2025,1,429,0,0,429,D2C Website,Influencer,UPI,Delivered,Mumbai,0,,56.6,0,58.3
789037,566244,328746,12-09-2025,15-09-2025,1,299,0,0,299,Amazon,Influencer,Credit Card,Cancelled,Mumbai,0,,72.95,45.21,43.16
756270,566244,351856,03-10-2025,06-10-2025,2,449,25,224.5,673.5,D2C Website,Influencer,Cash on Delivery,Delivered,Mumbai,0,,36.73,0,28.58
789040,566244,376622,20-10-2025,25-10-2025,2,899,0,0,1798,Myntra,Influencer,Debit Card,Delivered,Mumbai,0,,38.54,406.41,41.71
723506,566244,384259,25-11-2025,26-11-2025,3,649,20,389.4,1557.6,Myntra,Influencer,Cash on Delivery,Returned,Mumbai,1,Damaged in Transit,53.52,387.92,44.61
723510,566244,351856,28-11-2025,03-12-2025,1,449,10,44.9,404.1,D2C Website,Influencer,Debit Card,Delivered,Mumbai,0,,76.8,0,29.75
756280,566244,351856,29-11-2025,04-12-2025,2,449,25,224.5,673.5,D2C Website,Influencer,UPI,Delivered,Mumbai,0,,37.51,0,35.52
789054,566244,328746,09-12-2025,13-12-2025,1,299,5,14.95,284.05,D2C Website,Influencer,Debit Card,Delivered,Mumbai,0,,66.32,0,43.1
789056,566244,376622,19-12-2025,23-12-2025,1,899,10,89.9,809.1,Amazon,Influencer,Credit Card,Delivered,Mumbai,0,,84.99,197.66,41.9
756289,566244,376484,29-12-2025,02-01-2026,1,499,10,49.9,449.1,Quick Commerce,Influencer,UPI,Delivered,Mumbai,0,,61.26,0,21.76
723529,508907,376484,13-01-2025,19-01-2025,3,499,25,374.25,1122.75,Nykaa,Organic Search,Credit Card,Delivered,Kolkata,0,,87.6,248.88,46.49
756299,508907,347447,02-05-2025,05-05-2025,1,349,10,34.9,314.1,Nykaa,Organic Search,Debit Card,Delivered,Kolkata,0,,89.26,69.07,54.48
756300,508907,318726,13-05-2025,17-05-2025,1,549,15,82.35,466.65,D2C Website,Organic Search,Net Banking,Delivered,Kolkata,0,,55.73,0,53.92
723534,533491,385909,07-11-2025,09-11-2025,1,429,15,64.35,364.65,Amazon,Instagram,UPI,Delivered,Pune,0,,39.01,84.91,28.5
723536,533491,318726,20-11-2025,23-11-2025,2,549,0,0,1098,Quick Commerce,Instagram,Cash on Delivery,Delivered,Pune,0,,56.51,0,31.43
723537,500726,384259,04-12-2024,06-12-2024,1,649,35,227.15,421.85,D2C Website,Instagram,UPI,Delivered,Mumbai,0,,66.5,0,51.16
723544,500726,384259,05-02-2025,07-02-2025,1,649,15,97.35,551.65,Amazon,Instagram,UPI,Delivered,Mumbai,0,,38.84,129.97,49.49
789080,500726,397912,28-08-2025,29-08-2025,2,399,0,0,798,Amazon,Instagram,Cash on Delivery,Delivered,Mumbai,0,,81.14,190.91,21.86
756317,500726,397647,20-09-2025,26-09-2025,2,799,5,79.9,1518.1,Amazon,Instagram,UPI,Delivered,Mumbai,0,,85.24,309.85,40.42
756324,566263,376484,15-08-2025,19-08-2025,1,499,25,124.75,374.25,Amazon,Instagram,UPI,Delivered,Indore,0,,68.89,85.87,20.26
723559,566263,351856,22-08-2025,25-08-2025,3,449,35,471.45,875.55,Myntra,Instagram,Debit Card,Delivered,Indore,0,,60.11,212.19,50.17
756328,566263,318726,30-10-2025,04-11-2025,1,549,25,137.25,411.75,Offline Store,Instagram,UPI,Delivered,Indore,0,,0,0,41.72
723567,599035,360142,01-12-2025,03-12-2025,3,349,0,0,1047,D2C Website,Organic Search,UPI,Delivered,Mumbai,0,,67.65,0,36.94
723576,558079,384259,20-07-2025,24-07-2025,1,649,20,129.8,519.2,D2C Website,Organic Search,Cash on Delivery,Delivered,Kolkata,0,,83.53,0,51.89
789116,558079,347447,22-07-2025,24-07-2025,3,349,10,104.7,942.3,Offline Store,Organic Search,Cash on Delivery,Returned,Kolkata,1,Damaged in Transit,0,0,34.15
723580,558079,332325,23-12-2025,24-12-2025,1,399,10,39.9,359.1,D2C Website,Organic Search,UPI,Delivered,Kolkata,0,,89.08,0,55.6
723581,525313,370644,20-10-2025,24-10-2025,1,449,0,0,449,Offline Store,Instagram,Wallet,Delivered,Mumbai,0,,0,0,52.05
723584,558082,318726,22-11-2025,27-11-2025,1,549,10,54.9,494.1,Amazon,Instagram,Cash on Delivery,Delivered,Hyderabad,0,,73.52,83.46,26.73
789123,541704,332325,09-08-2024,12-08-2024,1,399,5,19.95,379.05,Nykaa,Influencer,Credit Card,Delivered,Kochi,0,,41.85,76.74,42.91
789126,599061,376484,16-07-2025,21-07-2025,1,499,25,124.75,374.25,Quick Commerce,Marketplace,UPI,Delivered,Coimbatore,0,,40.85,0,24.48
789128,508950,347447,14-10-2024,19-10-2024,1,349,40,139.6,209.4,Offline Store,Instagram,UPI,Delivered,Jaipur,0,,0,0,42.76
756363,508950,385909,20-02-2025,24-02-2025,1,429,20,85.8,343.2,Amazon,Instagram,Credit Card,Delivered,Jaipur,0,,55.99,75.19,40.67
789135,508950,318726,12-03-2025,15-03-2025,1,549,20,109.8,439.2,D2C Website,Instagram,UPI,Delivered,Jaipur,0,,61.33,0,50.62
723601,508950,351856,11-06-2025,13-06-2025,3,449,0,0,1347,D2C Website,Instagram,Net Banking,Delivered,Jaipur,0,,88.85,0,44.35
756372,508950,351856,11-09-2025,16-09-2025,2,449,15,134.7,763.3,Myntra,Instagram,Wallet,Delivered,Jaipur,0,,63,127.65,33.27
756375,517146,384259,30-12-2025,31-12-2025,1,649,5,32.45,616.55,Amazon,Instagram,Debit Card,Cancelled,Kolkata,0,,74.73,101,39.07
789151,517154,384259,15-09-2025,17-09-2025,1,649,10,64.9,584.1,Offline Store,Influencer,Debit Card,Delivered,Chandigarh,0,,0,0,41.47
723628,566307,397647,10-05-2025,16-05-2025,2,799,15,239.7,1358.3,D2C Website,Google,Cash on Delivery,Delivered,Pune,0,,38.25,0,23.55
789165,500772,397647,28-09-2024,04-10-2024,3,799,20,479.4,1917.6,Myntra,Google,UPI,Delivered,Chandigarh,0,,38.63,431.03,58.96
756403,500772,376622,19-12-2024,24-12-2024,1,899,5,44.95,854.05,Myntra,Google,Cash on Delivery,Delivered,Chandigarh,0,,35.56,144.87,25.06
756408,558115,347447,06-10-2024,12-10-2024,1,349,25,87.25,261.75,Amazon,Instagram,UPI,Delivered,Surat,0,,86.54,40.59,47.84
723641,558115,376622,22-11-2024,24-11-2024,1,899,25,224.75,674.25,Amazon,Instagram,UPI,Delivered,Surat,0,,54.75,130.73,57.21
723642,549925,332325,17-11-2025,18-11-2025,3,399,0,0,1197,Offline Store,Organic Search,Wallet,Delivered,Delhi,0,,0,0,50.37
789180,549925,351856,24-11-2025,28-11-2025,3,449,5,67.35,1279.65,D2C Website,Organic Search,Wallet,Delivered,Delhi,0,,37.59,0,30.14
756414,549925,384259,10-12-2025,16-12-2025,1,649,0,0,649,D2C Website,Organic Search,Cash on Delivery,Delivered,Delhi,0,,38.16,0,48.61
723646,582691,373579,04-03-2025,06-03-2025,3,449,15,202.05,1144.95,Offline Store,Offline Store,Debit Card,Delivered,Delhi,0,,0,0,47.35
723647,582691,332325,08-05-2025,13-05-2025,1,399,20,79.8,319.2,Nykaa,Offline Store,Cash on Delivery,Delivered,Delhi,0,,79.71,69.67,59.13
723659,582691,384259,15-07-2025,18-07-2025,2,649,0,0,1298,Nykaa,Offline Store,Wallet,Delivered,Delhi,0,,82.33,273.63,26.36
756431,582691,384259,05-08-2025,10-08-2025,1,649,0,0,649,Amazon,Offline Store,Cash on Delivery,Delivered,Delhi,0,,36.6,158.62,29.92
789201,582691,397647,04-09-2025,09-09-2025,3,799,5,119.85,2277.15,D2C Website,Offline Store,Cash on Delivery,Delivered,Delhi,0,,38.68,0,35.48
723667,582691,328746,06-09-2025,11-09-2025,2,299,5,29.9,568.1,Amazon,Offline Store,UPI,Cancelled,Delhi,0,,86.64,134.56,36.79
789204,582691,328746,16-10-2025,17-10-2025,1,299,0,0,299,Myntra,Offline Store,Cash on Delivery,Delivered,Delhi,0,,55.27,61.51,53.65
789205,582691,332325,09-11-2025,13-11-2025,2,399,20,159.6,638.4,Nykaa,Offline Store,Cash on Delivery,Delivered,Delhi,0,,84,143.84,35.33
723670,582691,332325,22-11-2025,24-11-2025,1,399,25,99.75,299.25,Amazon,Offline Store,Net Banking,Delivered,Delhi,0,,56.65,60.21,34.47
756442,508968,318726,17-05-2025,19-05-2025,1,549,40,219.6,329.4,Nykaa,Influencer,Cash on Delivery,Delivered,Chennai,0,,53.91,68.11,32.09
723675,533544,360142,28-03-2025,30-03-2025,1,349,15,52.35,296.65,Amazon,Instagram,Cash on Delivery,Delivered,Lucknow,0,,80.87,57.37,23.54
789212,533544,397912,28-04-2025,01-05-2025,1,399,0,0,399,D2C Website,Instagram,UPI,Delivered,Lucknow,0,,57.6,0,25.5
723678,533544,373579,10-09-2025,13-09-2025,1,449,10,44.9,404.1,Amazon,Instagram,Credit Card,Delivered,Lucknow,0,,52.63,83.03,46.94
723680,566317,376484,27-11-2025,02-12-2025,2,499,0,0,998,Nykaa,Referral,Credit Card,Delivered,Pune,0,,75.69,211.35,57.21
723681,590894,318301,22-08-2024,28-08-2024,1,249,10,24.9,224.1,Amazon,Marketplace,Credit Card,Returned,Lucknow,1,Wrong Item Delivered,49.5,48.91,28.04
756450,590894,332325,19-10-2024,21-10-2024,1,399,25,99.75,299.25,D2C Website,Marketplace,Credit Card,Delivered,Lucknow,0,,74.61,0,58.5
789218,533550,397647,14-03-2024,19-03-2024,2,799,20,319.6,1278.4,D2C Website,Instagram,Net Banking,Delivered,Mumbai,0,,48.5,0,57.97
723689,533550,318301,23-01-2025,29-01-2025,1,249,10,24.9,224.1,D2C Website,Instagram,Debit Card,Delivered,Mumbai,0,,57.31,0,34.95
756466,533550,328746,24-01-2025,27-01-2025,1,299,20,59.8,239.2,D2C Website,Instagram,UPI,Delivered,Mumbai,0,,77.81,0,35.62
756469,533550,360142,28-11-2025,04-12-2025,1,349,15,52.35,296.65,Myntra,Instagram,Debit Card,Delivered,Mumbai,0,,59.94,54.31,43.47
723704,517172,328746,20-11-2024,24-11-2024,1,299,25,74.75,224.25,Amazon,Referral,Credit Card,Delivered,Mumbai,0,,82.15,44.23,35.72
756472,517172,384259,31-12-2024,05-01-2025,3,649,0,0,1947,Amazon,Referral,UPI,Delivered,Mumbai,0,,79.38,366.49,37.24
789243,517172,384259,08-04-2025,10-04-2025,1,649,5,32.45,616.55,Quick Commerce,Referral,UPI,Delivered,Mumbai,0,,53.88,0,34.8
789245,517172,360142,04-05-2025,05-05-2025,3,349,5,52.35,994.65,D2C Website,Referral,UPI,Delivered,Mumbai,0,,85.89,0,57.47
756479,508981,376622,29-12-2025,30-12-2025,1,899,25,224.75,674.25,Offline Store,Organic Search,UPI,Delivered,Patna,0,,0,0,27.41
789249,549941,328746,14-02-2025,17-02-2025,1,299,35,104.65,194.35,Quick Commerce,Organic Search,Debit Card,Delivered,Pune,0,,56.84,0,53.77
756485,549941,373579,09-10-2025,11-10-2025,1,449,20,89.8,359.2,Amazon,Organic Search,UPI,Delivered,Pune,0,,50.19,85.13,29.58
789262,549941,397912,27-12-2025,01-01-2026,2,399,40,319.2,478.8,Nykaa,Organic Search,UPI,Delivered,Pune,0,,56.16,84.54,57.33
789268,517176,385909,04-05-2025,06-05-2025,1,429,15,64.35,364.65,Nykaa,Referral,UPI,Delivered,Delhi,0,,57.85,60.44,24.65
756503,517176,373579,08-06-2025,11-06-2025,1,449,25,112.25,336.75,Nykaa,Referral,UPI,Delivered,Delhi,0,,59.9,77.78,36.51
723736,517176,397912,29-10-2025,02-11-2025,1,399,15,59.85,339.15,D2C Website,Referral,Credit Card,Cancelled,Delhi,0,,87.86,0,47.23
789281,517176,328746,23-12-2025,26-12-2025,2,299,5,29.9,568.1,D2C Website,Referral,Debit Card,Delivered,Delhi,0,,42.81,0,24.81
723748,558138,384259,06-11-2025,09-11-2025,1,649,40,259.6,389.4,D2C Website,Influencer,Credit Card,Delivered,Chennai,0,,71.19,0,49.56
723755,558138,318301,15-11-2025,20-11-2025,2,249,20,99.6,398.4,D2C Website,Influencer,Credit Card,Delivered,Chennai,0,,49.29,0,53.77
756524,558138,347447,21-11-2025,27-11-2025,1,349,25,87.25,261.75,D2C Website,Influencer,UPI,Delivered,Chennai,0,,41.18,0,27.76
723758,558138,332325,30-11-2025,06-12-2025,1,399,10,39.9,359.1,D2C Website,Influencer,Net Banking,Delivered,Chennai,0,,72.22,0,47.66
756532,558138,332325,05-12-2025,08-12-2025,1,399,5,19.95,379.05,Nykaa,Influencer,Wallet,Delivered,Chennai,0,,47.24,87.95,37.79
789300,582719,397912,16-04-2025,22-04-2025,1,399,20,79.8,319.2,D2C Website,Instagram,UPI,Delivered,Ahmedabad,0,,45.36,0,38.72
789302,508992,332325,05-11-2025,06-11-2025,1,399,25,99.75,299.25,Amazon,Google,Credit Card,Delivered,Kolkata,0,,54.64,63.72,26.1
756533,508992,351856,21-12-2025,26-12-2025,1,449,25,112.25,336.75,Quick Commerce,Google,Cash on Delivery,Delivered,Kolkata,0,,86.02,0,34.7
723771,508993,397647,04-05-2025,05-05-2025,1,799,0,0,799,D2C Website,Organic Search,Credit Card,Delivered,Kolkata,0,,61.61,0,47.3
756547,500800,385909,19-04-2025,23-04-2025,1,429,15,64.35,364.65,Nykaa,Instagram,UPI,Delivered,Delhi,0,,41.6,89.17,21.06
789318,500800,347447,21-06-2025,26-06-2025,1,349,40,139.6,209.4,Amazon,Instagram,Unknown,Delivered,Delhi,0,,85.52,33.99,50.52
723784,500800,360142,26-06-2025,02-07-2025,1,349,0,0,349,D2C Website,Instagram,UPI,Returned,Delhi,1,Product Not As Described,62.19,0,26.58
789320,574531,397912,19-06-2024,21-06-2024,1,399,15,59.85,339.15,D2C Website,Instagram,Cash on Delivery,Delivered,Bengaluru,0,,54.02,0,48.37
756554,582727,370644,04-06-2024,09-06-2024,1,449,5,22.45,426.55,Myntra,Instagram,UPI,Delivered,Lucknow,0,,78.13,100.49,33.76
723791,582727,373579,13-07-2024,18-07-2024,1,449,15,67.35,381.65,Nykaa,Instagram,UPI,Delivered,Lucknow,0,,71.26,91.34,28.53
756559,582727,318301,15-07-2024,17-07-2024,1,249,10,24.9,224.1,Nykaa,Instagram,UPI,Delivered,Lucknow,0,,79.81,49.15,29.07
756561,590921,328746,20-07-2025,24-07-2025,1,299,10,29.9,269.1,Quick Commerce,Google,Credit Card,Delivered,Mumbai,0,,80.56,0,51.27
723800,590921,332325,01-10-2025,04-10-2025,3,399,5,59.85,1137.15,Myntra,Google,UPI,Delivered,Mumbai,0,,58.48,196.34,40.29
723804,590921,318726,21-10-2025,25-10-2025,1,549,25,137.25,411.75,D2C Website,Google,Debit Card,Delivered,Mumbai,0,,84.91,0,42.05
723812,558153,328746,02-04-2025,07-04-2025,2,299,20,119.6,478.4,Amazon,Organic Search,UPI,Cancelled,Hyderabad,0,,45.99,111.46,21.54
789356,558153,351856,19-04-2025,20-04-2025,1,449,15,67.35,381.65,Nykaa,Organic Search,UPI,Delivered,Hyderabad,0,,70.46,61.06,58.09
723822,558153,318726,10-06-2025,12-06-2025,2,549,20,219.6,878.4,Nykaa,Organic Search,Debit Card,Delivered,Hyderabad,0,,65.81,180.8,58.48
756595,558153,318726,08-07-2025,12-07-2025,1,549,15,82.35,466.65,Amazon,Organic Search,Wallet,Returned,Hyderabad,1,Wrong Item Delivered,58.91,109.28,48.3
756596,541770,397912,09-02-2025,13-02-2025,1,399,20,79.8,319.2,Quick Commerce,Organic Search,Credit Card,Delivered,Bengaluru,0,,42.21,0,28.39
723827,541770,328746,16-06-2025,18-06-2025,1,299,25,74.75,224.25,Amazon,Organic Search,UPI,Delivered,Bengaluru,0,,42.79,55.67,26.46
756602,541770,384259,04-09-2025,05-09-2025,1,649,25,162.25,486.75,D2C Website,Organic Search,Debit Card,Delivered,Bengaluru,0,,76.49,0,31.68
789372,541770,376484,20-11-2025,23-11-2025,1,499,25,124.75,374.25,Amazon,Organic Search,Debit Card,Delivered,Bengaluru,0,,75.73,81.23,26.17
723838,549968,347447,24-04-2025,25-04-2025,1,349,5,17.45,331.55,Amazon,Organic Search,Credit Card,Delivered,Indore,0,,68.99,76.95,59.72
723840,549968,318726,27-04-2025,03-05-2025,1,549,10,54.9,494.1,D2C Website,Organic Search,UPI,Delivered,Indore,0,,56.43,0,53.32
789383,549968,384259,23-07-2025,29-07-2025,2,649,25,324.5,973.5,D2C Website,Organic Search,UPI,Delivered,Indore,0,,78.93,0,22.67
756616,549968,376484,18-08-2025,23-08-2025,1,499,5,24.95,474.05,Nykaa,Organic Search,UPI,Delivered,Indore,0,,78.61,89.92,31.03
756618,549968,328746,12-12-2025,13-12-2025,1,299,10,29.9,269.1,Amazon,Organic Search,Credit Card,Delivered,Indore,0,,82.12,48.85,57.99
723853,533586,332325,20-07-2025,22-07-2025,1,399,10,39.9,359.1,Nykaa,Google,UPI,Delivered,Mumbai,0,,71.36,60.13,40.35
789392,533586,376484,04-08-2025,08-08-2025,1,499,10,49.9,449.1,Amazon,Google,Debit Card,Delivered,Mumbai,0,,61.04,104.56,34.62
789393,533586,376622,24-08-2025,30-08-2025,1,899,35,314.65,584.35,Nykaa,Google,UPI,Delivered,Mumbai,0,,54.88,115.48,30.06
789394,533586,384259,07-10-2025,09-10-2025,1,649,40,259.6,389.4,Amazon,Google,Credit Card,Delivered,Mumbai,0,,55.26,84.1,37.12
756625,533586,332325,07-12-2025,08-12-2025,1,399,15,59.85,339.15,Offline Store,Google,UPI,Delivered,Mumbai,0,,0,0,50.66
756629,599125,318726,19-12-2024,25-12-2024,1,549,5,27.45,521.55,D2C Website,Organic Search,UPI,Delivered,Kochi,0,,74.65,0,43.7
756633,599125,376622,29-04-2025,02-05-2025,2,899,0,0,1798,Offline Store,Organic Search,Credit Card,Delivered,Kochi,0,,0,0,39.87
789404,599125,318726,18-07-2025,19-07-2025,1,549,5,27.45,521.55,Nykaa,Organic Search,Debit Card,Delivered,Kochi,0,,42.54,78.26,30.14
789408,599125,376484,28-09-2025,30-09-2025,1,499,10,49.9,449.1,Nykaa,Organic Search,UPI,Delivered,Kochi,0,,82.68,70.56,39.85
723877,509016,318301,07-11-2025,10-11-2025,1,249,0,0,249,Amazon,Referral,UPI,Delivered,Mumbai,0,,48.4,42.37,48.66
723878,549986,370644,02-10-2024,08-10-2024,2,449,15,134.7,763.3,D2C Website,Instagram,UPI,Delivered,Pune,0,,37,0,58.2
789417,549986,318301,17-10-2024,18-10-2024,1,249,10,24.9,224.1,Nykaa,Instagram,Cash on Delivery,Delivered,Pune,0,,61.61,44.61,23.2
723882,549986,370644,04-11-2024,06-11-2024,1,449,15,67.35,381.65,Amazon,Instagram,Wallet,Delivered,Pune,0,,72.12,82.13,21.13
756649,549986,351856,13-11-2024,19-11-2024,1,449,10,44.9,404.1,D2C Website,Instagram,Net Banking,Delivered,Pune,0,,64.17,0,44.87
756657,582756,332325,20-01-2025,26-01-2025,2,399,10,79.8,718.2,Amazon,Influencer,Credit Card,Delivered,Indore,0,,72.67,175.29,56
723891,582756,397647,18-05-2025,21-05-2025,1,799,5,39.95,759.05,D2C Website,Influencer,Debit Card,Delivered,Indore,0,,68.14,0,45.2
789435,525415,397912,22-05-2025,28-05-2025,1,399,10,39.9,359.1,Offline Store,Influencer,UPI,Delivered,Nagpur,0,,0,0,45.48
756669,525415,397647,02-07-2025,03-07-2025,1,799,0,0,799,Quick Commerce,Influencer,Debit Card,Delivered,Nagpur,0,,43.72,0,43.44
756670,525415,370644,23-09-2025,24-09-2025,2,449,15,134.7,763.3,D2C Website,Influencer,UPI,Delivered,Nagpur,0,,61.75,0,35.13
789438,525415,384259,03-11-2025,08-11-2025,1,649,5,32.45,616.55,D2C Website,Influencer,Credit Card,Cancelled,Nagpur,0,,78.97,0,31.36
789440,517224,360142,19-10-2025,21-10-2025,2,349,0,0,698,Quick Commerce,Instagram,Cash on Delivery,Delivered,Delhi,0,,65.87,0,35.83
789441,599148,328746,26-06-2025,30-06-2025,2,299,0,0,598,Offline Store,Organic Search,Cash on Delivery,Delivered,Jaipur,0,,0,0,37.91
789443,590957,332325,20-05-2024,24-05-2024,1,399,15,59.85,339.15,Nykaa,Instagram,UPI,Delivered,Chennai,0,,54.12,63.95,47.63
756675,509038,318726,22-06-2024,23-06-2024,1,549,5,27.45,521.55,D2C Website,Instagram,UPI,Delivered,Delhi,0,,54.42,0,47.96
723910,590964,376484,27-12-2025,01-01-2026,1,499,25,124.75,374.25,Myntra,Referral,UPI,Delivered,Mumbai,0,,60.54,63.12,23.16
756685,590964,373579,28-12-2025,02-01-2026,1,449,40,179.6,269.4,Myntra,Referral,Cash on Delivery,Delivered,Mumbai,0,,73.28,44.11,28.91
723920,590964,384259,29-12-2025,04-01-2026,1,649,15,97.35,551.65,D2C Website,Referral,Cash on Delivery,Delivered,Mumbai,0,,60.63,0,20.32
756689,525430,351856,01-11-2024,06-11-2024,1,449,25,112.25,336.75,D2C Website,Instagram,UPI,Delivered,Mumbai,0,,57.74,0,28.25
756694,574593,384259,17-01-2025,22-01-2025,1,649,0,0,649,Amazon,Offline Store,Cash on Delivery,Delivered,Chennai,0,,81.75,131.39,53.62
789463,550019,318301,25-07-2025,29-07-2025,2,249,10,49.8,448.2,D2C Website,Influencer,UPI,Delivered,Kochi,0,,48.64,0,58.89
789469,550019,384259,11-08-2025,14-08-2025,2,649,5,64.9,1233.1,D2C Website,Influencer,Net Banking,Delivered,Kochi,0,,51.91,0,30.3
723935,525443,318726,01-12-2025,02-12-2025,1,549,10,54.9,494.1,Myntra,Organic Search,Debit Card,Delivered,Surat,0,,67.4,119.97,50.12
723941,558222,347447,26-10-2024,30-10-2024,1,349,25,87.25,261.75,Offline Store,Instagram,Cash on Delivery,Delivered,Chennai,0,,0,0,43
723942,558222,318726,01-09-2025,05-09-2025,1,549,20,109.8,439.2,D2C Website,Instagram,Cash on Delivery,Delivered,Chennai,0,,63.92,0,47.04
723944,509071,318726,13-11-2024,16-11-2024,1,549,0,0,549,Nykaa,Marketplace,Cash on Delivery,Delivered,Mumbai,0,,74.76,89.39,48.94
789484,509071,328746,02-01-2025,07-01-2025,1,299,5,14.95,284.05,D2C Website,Marketplace,Credit Card,Delivered,Mumbai,0,,64.32,0,50.82
723950,509071,376484,15-01-2025,18-01-2025,3,499,15,224.55,1272.45,Nykaa,Marketplace,Wallet,Delivered,Mumbai,0,,88.2,210.93,59.91
789487,509071,328746,11-02-2025,15-02-2025,2,299,10,59.8,538.2,Amazon,Marketplace,UPI,Delivered,Mumbai,0,,41.33,117.93,39.15
789505,509071,332325,19-08-2025,22-08-2025,2,399,0,0,798,D2C Website,Marketplace,UPI,Delivered,Mumbai,0,,81.84,0,33.91
756742,574607,373579,20-12-2025,22-12-2025,1,449,15,67.35,381.65,Myntra,Influencer,Net Banking,Delivered,Kolkata,0,,48.44,62.04,21.72
756744,574607,370644,22-12-2025,26-12-2025,2,449,0,0,898,D2C Website,Influencer,Credit Card,Delivered,Kolkata,0,,55.98,0,22.56
789517,574607,318301,24-12-2025,26-12-2025,1,249,25,62.25,186.75,D2C Website,Influencer,Net Banking,Delivered,Kolkata,0,,80.26,0,25.66
723984,574607,376484,26-12-2025,29-12-2025,2,499,10,99.8,898.2,Offline Store,Influencer,Cash on Delivery,Delivered,Kolkata,0,,0,0,51.15
789523,574607,384259,27-12-2025,31-12-2025,1,649,35,227.15,421.85,Quick Commerce,Influencer,UPI,Returned,Kolkata,1,Better Price Found Elsewhere,56.64,0,34.25
789526,517275,328746,12-01-2025,15-01-2025,1,299,15,44.85,254.15,D2C Website,Influencer,Debit Card,Delivered,Kochi,0,,69.54,0,53.58
723996,550052,397647,10-07-2025,11-07-2025,1,799,35,279.65,519.35,D2C Website,Instagram,UPI,Delivered,Pune,0,,54.83,0,31.93
723999,550052,360142,14-08-2025,17-08-2025,1,349,0,0,349,D2C Website,Instagram,Net Banking,Delivered,Pune,0,,47.17,0,22.9
756769,550052,397912,08-10-2025,13-10-2025,3,399,10,119.7,1077.3,D2C Website,Instagram,UPI,Delivered,Pune,0,,83.68,0,31.86
724004,550052,360142,13-11-2025,17-11-2025,1,349,10,34.9,314.1,Amazon,Instagram,UPI,Delivered,Pune,0,,42.47,68.18,54.32
724018,509099,384259,09-03-2025,15-03-2025,2,649,10,129.8,1168.2,D2C Website,Organic Search,UPI,Delivered,Kolkata,0,,62.74,0,47.73
789564,509099,318726,19-10-2025,23-10-2025,2,549,15,164.7,933.3,D2C Website,Organic Search,Cash on Delivery,Delivered,Kolkata,0,,64.71,0,21.12
789568,525485,318726,11-12-2024,14-12-2024,1,549,20,109.8,439.2,Quick Commerce,Referral,Cash on Delivery,Returned,Hyderabad,1,Better Price Found Elsewhere,67.04,0,22
724034,525485,373579,18-07-2025,19-07-2025,1,449,25,112.25,336.75,Offline Store,Referral,UPI,Delivered,Hyderabad,0,,0,0,58.89
756803,525485,376622,27-09-2025,30-09-2025,1,899,20,179.8,719.2,Nykaa,Referral,Cash on Delivery,Delivered,Hyderabad,0,,89.65,126.83,32.08
756810,525485,376622,28-09-2025,29-09-2025,1,899,15,134.85,764.15,Nykaa,Referral,Debit Card,Delivered,Hyderabad,0,,78.53,155.62,34.66
756811,582831,376484,09-06-2025,13-06-2025,1,499,10,49.9,449.1,Nykaa,Google,Credit Card,Delivered,Bengaluru,0,,76.34,75.5,49.19
724044,582831,384259,30-10-2025,01-11-2025,1,649,20,129.8,519.2,Amazon,Google,Credit Card,Delivered,Bengaluru,0,,89.67,84.81,44.94
724045,582831,318726,25-11-2025,27-11-2025,2,549,0,0,1098,Amazon,Google,UPI,Delivered,Bengaluru,0,,66.55,200.95,24.31
756814,533681,376484,28-09-2025,29-09-2025,1,499,15,74.85,424.15,Myntra,Marketplace,Credit Card,Delivered,Hyderabad,0,,60.76,74.38,22.71
756815,566462,370644,24-09-2025,28-09-2025,1,449,10,44.9,404.1,Nykaa,Google,UPI,Delivered,Kolkata,0,,59.06,93.58,37.07
789592,509120,376622,03-12-2024,09-12-2024,1,899,5,44.95,854.05,D2C Website,Offline Store,UPI,Delivered,Bengaluru,0,,50.29,0,34.81
724057,509120,318301,08-02-2025,10-02-2025,2,249,15,74.7,423.3,Amazon,Offline Store,Cash on Delivery,Delivered,Bengaluru,0,,65.59,94.6,30.33
756828,566469,376484,20-02-2025,22-02-2025,1,499,10,49.9,449.1,Nykaa,Influencer,Credit Card,Delivered,Chennai,0,,78.58,108.59,21.87
789600,517322,384259,05-08-2025,11-08-2025,1,649,15,97.35,551.65,Offline Store,Organic Search,Credit Card,Cancelled,Delhi,0,,0,0,56.69
756836,517322,373579,14-12-2025,18-12-2025,1,449,15,67.35,381.65,D2C Website,Organic Search,Debit Card,Delivered,Delhi,0,,87.67,0,46.48
756840,574668,376484,21-10-2025,25-10-2025,1,499,25,124.75,374.25,D2C Website,Google,UPI,Delivered,Mumbai,0,,74.72,0,56.65
789610,574668,318726,30-11-2025,05-12-2025,1,549,25,137.25,411.75,D2C Website,Google,UPI,Delivered,Mumbai,0,,77.69,0,24.06
724077,500942,376484,17-03-2025,21-03-2025,1,499,15,74.85,424.15,Nykaa,Google,UPI,Delivered,Coimbatore,0,,68.04,96.99,54.49
756848,500942,376484,18-05-2025,19-05-2025,2,499,0,0,998,D2C Website,Google,Debit Card,Delivered,Coimbatore,0,,70.19,0,29.1
756849,558287,318726,03-06-2025,04-06-2025,1,549,20,109.8,439.2,Nykaa,Organic Search,UPI,Delivered,Pune,0,,37.21,79.79,58.23
724083,558287,332325,06-06-2025,09-06-2025,2,399,20,159.6,638.4,Myntra,Organic Search,UPI,Delivered,Pune,0,,50.5,144.17,30.19
756854,558287,376484,09-09-2025,15-09-2025,2,499,20,199.6,798.4,Quick Commerce,Organic Search,UPI,Delivered,Pune,0,,48.61,0,29.96
756858,558287,384259,15-11-2025,20-11-2025,1,649,15,97.35,551.65,D2C Website,Organic Search,UPI,Delivered,Pune,0,,39.2,0,27.45
756861,558287,376484,03-12-2025,04-12-2025,1,499,35,174.65,324.35,Nykaa,Organic Search,Wallet,Delivered,Pune,0,,60.18,52.52,40.54
756866,541904,376622,12-05-2024,16-05-2024,1,899,0,0,899,D2C Website,Instagram,UPI,Delivered,Mumbai,0,,75.85,0,22
724108,517342,351856,18-11-2024,24-11-2024,1,449,20,89.8,359.2,Offline Store,Google,Credit Card,Delivered,Pune,0,,0,0,43.93
789647,517342,351856,05-01-2025,06-01-2025,1,449,20,89.8,359.2,D2C Website,Google,Debit Card,Delivered,Pune,0,,44.5,0,25.68
756880,517342,373579,22-03-2025,26-03-2025,1,449,5,22.45,426.55,D2C Website,Google,UPI,Delivered,Pune,0,,48.74,0,42.3
789650,517342,385909,18-04-2025,19-04-2025,1,429,20,85.8,343.2,Amazon,Google,Wallet,Delivered,Pune,0,,42.94,61.41,35.03
724123,517342,376484,30-07-2025,02-08-2025,2,499,15,149.7,848.3,Myntra,Google,Credit Card,Delivered,Pune,0,,83.35,149.36,35.3
789660,509150,318726,06-11-2025,12-11-2025,1,549,10,54.9,494.1,Offline Store,Influencer,Unknown,Delivered,Kolkata,0,,0,0,41.58
724125,566497,397912,04-04-2024,08-04-2024,2,399,5,39.9,758.1,D2C Website,Instagram,Net Banking,Delivered,Chennai,0,,80.84,0,32.19
756894,566497,385909,05-04-2024,09-04-2024,1,429,5,21.45,407.55,Myntra,Instagram,Cash on Delivery,Delivered,Chennai,0,,53.18,84.77,30.84
789663,574691,373579,02-08-2025,07-08-2025,1,449,20,89.8,359.2,D2C Website,Instagram,Credit Card,Delivered,Mumbai,0,,38.93,0,50.64
724127,574691,385909,03-11-2025,09-11-2025,1,429,25,107.25,321.75,D2C Website,Instagram,Debit Card,Delivered,Mumbai,0,,49.16,0,48.08
756893,574691,384259,04-11-2025,08-11-2025,2,649,20,259.6,1038.4,Amazon,Instagram,Net Banking,Delivered,Mumbai,0,,87.12,177.48,43.91
756895,566507,376484,05-12-2024,07-12-2024,2,499,0,0,998,D2C Website,Google,UPI,Delivered,Bhopal,0,,62.39,0,32.76
756899,517361,376484,28-08-2025,01-09-2025,1,499,10,49.9,449.1,Myntra,Organic Search,Wallet,Delivered,Bengaluru,0,,64.85,85.3,25.67
724135,517361,370644,02-10-2025,03-10-2025,1,449,5,22.45,426.55,D2C Website,Organic Search,UPI,Delivered,Bengaluru,0,,66.5,0,57.1
756904,509171,376484,19-03-2025,22-03-2025,2,499,15,149.7,848.3,D2C Website,Offline Store,Net Banking,Delivered,Pune,0,,87.53,0,50.74
724149,509171,351856,11-04-2025,13-04-2025,1,449,10,44.9,404.1,Myntra,Offline Store,Cash on Delivery,Delivered,Pune,0,,71.57,73.38,43.26
724150,550140,376622,02-10-2025,08-10-2025,2,899,5,89.9,1708.1,D2C Website,Marketplace,Credit Card,Delivered,Delhi,0,,43.48,0,36.34
789688,566540,328746,13-08-2025,14-08-2025,1,299,20,59.8,239.2,D2C Website,Google,UPI,Delivered,Mumbai,0,,49.26,0,40.57
789694,566540,332325,18-09-2025,23-09-2025,1,399,5,19.95,379.05,D2C Website,Google,Cash on Delivery,Delivered,Mumbai,0,,45.7,0,48.95
756927,566540,332325,17-10-2025,22-10-2025,1,399,5,19.95,379.05,Offline Store,Google,UPI,Delivered,Mumbai,0,,0,0,21.62
756928,566540,370644,07-11-2025,12-11-2025,1,449,0,0,449,Offline Store,Google,Credit Card,Delivered,Mumbai,0,,0,0,28.98
789700,566540,332325,21-11-2025,22-11-2025,2,399,5,39.9,758.1,D2C Website,Google,Cash on Delivery,Delivered,Mumbai,0,,39.6,0,54.02
789707,566542,373579,26-07-2025,29-07-2025,1,449,0,0,449,Nykaa,Organic Search,UPI,Delivered,Ahmedabad,0,,85.14,90.31,24.51
724173,501007,328746,11-09-2024,15-09-2024,1,299,20,59.8,239.2,D2C Website,Instagram,Wallet,Cancelled,Surat,0,,89.53,0,31.92
789710,501007,347447,09-10-2024,14-10-2024,1,349,10,34.9,314.1,D2C Website,Instagram,Debit Card,Delivered,Surat,0,,52.97,0,42.25
789711,566543,332325,25-05-2025,27-05-2025,1,399,25,99.75,299.25,Amazon,Organic Search,UPI,Delivered,Jaipur,0,,37.34,65.05,35.53
724182,501013,318726,26-07-2025,29-07-2025,1,549,25,137.25,411.75,Quick Commerce,Referral,Cash on Delivery,Delivered,Kolkata,0,,77.68,0,58.39
724191,501013,328746,04-11-2025,07-11-2025,1,299,40,119.6,179.4,D2C Website,Referral,Wallet,Delivered,Kolkata,0,,56.96,0,32.43
724195,501013,384259,23-11-2025,28-11-2025,2,649,25,324.5,973.5,Amazon,Referral,UPI,Returned,Kolkata,1,Changed Mind,51.29,158.61,27.21
724199,501013,384259,02-12-2025,04-12-2025,1,649,20,129.8,519.2,Amazon,Referral,Credit Card,Delivered,Kolkata,0,,42.97,100.52,23
789744,501013,373579,16-12-2025,19-12-2025,2,449,5,44.9,853.1,Myntra,Referral,UPI,Delivered,Kolkata,0,,43.97,131.84,30.12
789746,566550,351856,07-05-2025,13-05-2025,1,449,15,67.35,381.65,D2C Website,Google,Debit Card,Delivered,Hyderabad,0,,63.11,0,55.2
789751,501025,351856,12-09-2025,16-09-2025,1,449,5,22.45,426.55,D2C Website,Influencer,Net Banking,Delivered,Mumbai,0,,59.56,0,53.02
724219,566562,384259,11-09-2025,17-09-2025,1,649,0,0,649,Amazon,Google,Debit Card,Delivered,Mumbai,0,,63.25,139.64,27.97
724223,574766,397912,20-04-2025,24-04-2025,1,399,25,99.75,299.25,Nykaa,Google,Credit Card,Cancelled,Surat,0,,72.85,45.51,26.72
789762,574766,318301,01-06-2025,02-06-2025,1,249,15,37.35,211.65,Amazon,Google,Cash on Delivery,Delivered,Surat,0,,43.87,35.91,33.47
724227,582960,385909,31-12-2024,06-01-2025,1,429,15,64.35,364.65,D2C Website,Google,Wallet,Delivered,Patna,0,,79.53,0,30.81
724233,582960,385909,17-02-2025,19-02-2025,1,429,10,42.9,386.1,Myntra,Google,Credit Card,Delivered,Patna,0,,54.54,57.99,47.56
757002,582960,385909,12-06-2025,17-06-2025,1,429,10,42.9,386.1,D2C Website,Google,UPI,Delivered,Patna,0,,77.81,0,50.69
757001,550196,351856,09-06-2025,13-06-2025,1,449,10,44.9,404.1,Quick Commerce,Influencer,Debit Card,Delivered,Chennai,0,,86.35,0,54.31
789779,550196,376484,07-10-2025,12-10-2025,2,499,0,0,998,D2C Website,Influencer,UPI,Delivered,Chennai,0,,46.37,0,54.88
789780,550196,376484,25-10-2025,29-10-2025,1,499,0,0,499,Nykaa,Influencer,UPI,Delivered,Chennai,0,,46.21,118.9,52.58
757012,550196,397647,16-12-2025,22-12-2025,2,799,20,319.6,1278.4,Offline Store,Influencer,Debit Card,Delivered,Chennai,0,,0,0,33.45
724251,591163,370644,17-09-2025,19-09-2025,1,449,0,0,449,Amazon,Influencer,Credit Card,Delivered,Surat,0,,77.73,81.03,20.03
789787,591163,347447,06-10-2025,08-10-2025,1,349,5,17.45,331.55,D2C Website,Influencer,UPI,Delivered,Surat,0,,78.51,0,28.05
724258,591163,360142,01-12-2025,06-12-2025,2,349,10,69.8,628.2,D2C Website,Influencer,UPI,Delivered,Surat,0,,72.02,0,53.97
724259,591163,373579,03-12-2025,05-12-2025,1,449,10,44.9,404.1,Myntra,Influencer,Debit Card,Delivered,Surat,0,,75.54,68.17,49.13
724264,591163,373579,16-12-2025,20-12-2025,1,449,20,89.8,359.2,D2C Website,Influencer,Credit Card,Delivered,Surat,0,,86.58,0,49.45
789800,550205,328746,03-08-2025,07-08-2025,1,299,5,14.95,284.05,Myntra,Google,UPI,Delivered,Bengaluru,0,,58.24,61.09,45.17
757034,582978,385909,12-09-2024,18-09-2024,1,429,0,0,429,Nykaa,Instagram,Wallet,Delivered,Mumbai,0,,40.52,87.44,46.17
757037,501061,376484,05-12-2024,06-12-2024,1,499,15,74.85,424.15,D2C Website,Instagram,Credit Card,Delivered,Chandigarh,0,,62.67,0,24.43
789805,501061,384259,28-04-2025,02-05-2025,1,649,10,64.9,584.1,Nykaa,Instagram,UPI,Delivered,Chandigarh,0,,48.58,118.76,47.71
757043,501061,384259,16-05-2025,20-05-2025,1,649,0,0,649,Nykaa,Instagram,Debit Card,Delivered,Chandigarh,0,,89.49,141.19,52.88
789816,501061,332325,28-05-2025,01-06-2025,1,399,5,19.95,379.05,Quick Commerce,Instagram,Credit Card,Delivered,Chandigarh,0,,73.28,0,52.88
789824,501061,376484,07-08-2025,09-08-2025,2,499,0,0,998,Myntra,Instagram,UPI,Delivered,Chandigarh,0,,80.62,185.02,25.53
724288,501061,385909,15-08-2025,18-08-2025,3,429,25,321.75,965.25,Amazon,Instagram,Debit Card,Delivered,Chandigarh,0,,84.01,202.04,26.5
789830,599374,351856,12-10-2025,18-10-2025,1,449,15,67.35,381.65,Nykaa,Referral,UPI,Delivered,Chandigarh,0,,82.39,62.46,20.9
789832,599374,351856,05-12-2025,09-12-2025,1,449,20,89.8,359.2,D2C Website,Referral,UPI,Delivered,Chandigarh,0,,68.95,0,36.92
789833,599374,351856,06-12-2025,09-12-2025,2,449,25,224.5,673.5,D2C Website,Referral,Net Banking,Delivered,Chandigarh,0,,59.08,0,44.75
757067,599374,351856,30-12-2025,04-01-2026,1,449,0,0,449,Nykaa,Referral,Cash on Delivery,Delivered,Chandigarh,0,,60.15,102.45,47.44
757068,582991,328746,12-03-2025,17-03-2025,2,299,0,0,598,D2C Website,Instagram,UPI,Delivered,Hyderabad,0,,41.19,0,38.48
757070,582991,397647,12-05-2025,16-05-2025,2,799,15,239.7,1358.3,Nykaa,Instagram,UPI,Delivered,Hyderabad,0,,46.34,289.31,49.32
789842,582991,360142,23-06-2025,28-06-2025,1,349,15,52.35,296.65,D2C Website,Instagram,Debit Card,Returned,Hyderabad,1,Changed Mind,55.95,0,51.06
757079,582991,318301,27-06-2025,28-06-2025,2,249,20,99.6,398.4,Nykaa,Instagram,Cash on Delivery,Delivered,Hyderabad,0,,78.58,72.35,26.67
789853,582991,397912,01-08-2025,05-08-2025,1,399,5,19.95,379.05,D2C Website,Instagram,Net Banking,Delivered,Hyderabad,0,,52.97,0,26.84
724331,582991,360142,28-08-2025,29-08-2025,1,349,20,69.8,279.2,Amazon,Instagram,Net Banking,Delivered,Hyderabad,0,,60.23,45.78,35.87
724334,582991,376622,20-10-2025,25-10-2025,2,899,0,0,1798,D2C Website,Instagram,Credit Card,Delivered,Hyderabad,0,,35.99,0,41.77
757105,582991,318301,21-11-2025,24-11-2025,3,249,20,149.4,597.6,D2C Website,Instagram,Debit Card,Delivered,Hyderabad,0,,40.74,0,28.86
757106,582991,332325,10-12-2025,15-12-2025,2,399,0,0,798,D2C Website,Instagram,Debit Card,Delivered,Hyderabad,0,,45.45,0,46.63
724341,582991,360142,15-12-2025,19-12-2025,2,349,25,174.5,523.5,Nykaa,Instagram,UPI,Delivered,Hyderabad,0,,65.31,121.18,44.75
789883,582998,360142,05-08-2024,07-08-2024,3,349,10,104.7,942.3,Amazon,Organic Search,Net Banking,Cancelled,Mumbai,0,,59.59,228.55,34.82
789884,582998,370644,09-04-2025,10-04-2025,1,449,5,22.45,426.55,D2C Website,Organic Search,Wallet,Delivered,Mumbai,0,,72.38,0,48.81
757117,582998,318301,18-06-2025,22-06-2025,2,249,20,99.6,398.4,Nykaa,Organic Search,Debit Card,Delivered,Mumbai,0,,77.82,95.16,34.24
757119,582998,373579,06-11-2025,09-11-2025,1,449,35,157.15,291.85,Amazon,Organic Search,UPI,Delivered,Mumbai,0,,49.36,46.61,42.61
789887,566616,332325,20-06-2025,24-06-2025,1,399,0,0,399,D2C Website,Google,Cash on Delivery,Delivered,Bhopal,0,,62.65,0,39.19
757123,517477,384259,02-09-2025,03-09-2025,1,649,0,0,649,Nykaa,Google,Debit Card,Delivered,Coimbatore,0,,83.3,107.86,52.15
757127,533862,332325,10-06-2025,13-06-2025,1,399,15,59.85,339.15,Myntra,Organic Search,Credit Card,Delivered,Bengaluru,0,,47.7,55.04,56.76
757131,509287,376484,26-04-2025,29-04-2025,1,499,15,74.85,424.15,Amazon,Instagram,UPI,Delivered,Chennai,0,,65.72,104.12,57.17
789903,509287,347447,10-06-2025,13-06-2025,2,349,25,174.5,523.5,Amazon,Instagram,UPI,Delivered,Chennai,0,,55.78,127.73,51.5
724368,509287,384259,22-10-2025,25-10-2025,1,649,10,64.9,584.1,D2C Website,Instagram,UPI,Delivered,Chennai,0,,68.62,0,37.45
724369,509287,332325,07-12-2025,10-12-2025,1,399,10,39.9,359.1,D2C Website,Instagram,Credit Card,Delivered,Chennai,0,,77.25,0,27.37
757146,591214,376484,11-10-2025,12-10-2025,1,499,5,24.95,474.05,Amazon,Organic Search,UPI,Delivered,Mumbai,0,,69.94,81.32,46.4
724380,558446,397912,25-09-2025,29-09-2025,1,399,5,19.95,379.05,Offline Store,Google,Wallet,Delivered,Nagpur,0,,0,0,56.03
757155,566648,376622,13-12-2025,15-12-2025,1,899,10,89.9,809.1,Quick Commerce,Instagram,Wallet,Delivered,Bengaluru,0,,52.19,0,39.56
757156,509305,370644,02-11-2024,05-11-2024,1,449,10,44.9,404.1,Quick Commerce,Instagram,UPI,Delivered,Chennai,0,,47,0,26.65
789923,574847,376484,02-02-2025,08-02-2025,2,499,0,0,998,Myntra,Referral,Credit Card,Delivered,Ahmedabad,0,,62.21,246.5,37.02
757163,574847,328746,01-03-2025,07-03-2025,1,299,20,59.8,239.2,Amazon,Referral,UPI,Delivered,Ahmedabad,0,,54.06,41.77,32.84
757164,574847,384259,07-03-2025,12-03-2025,3,649,20,389.4,1557.6,D2C Website,Referral,Credit Card,Delivered,Ahmedabad,0,,44.95,0,46.74
724400,574847,347447,19-03-2025,22-03-2025,2,349,10,69.8,628.2,Amazon,Referral,Credit Card,Delivered,Ahmedabad,0,,40.58,148.21,24.63
757168,574847,376484,07-04-2025,11-04-2025,1,499,5,24.95,474.05,D2C Website,Referral,Debit Card,Delivered,Ahmedabad,0,,39.62,0,22.66
789939,574847,328746,06-05-2025,07-05-2025,3,299,15,134.55,762.45,Offline Store,Referral,UPI,Delivered,Ahmedabad,0,,0,0,45.47
724404,574847,376484,02-06-2025,07-06-2025,1,499,25,124.75,374.25,Amazon,Referral,Cash on Delivery,Delivered,Ahmedabad,0,,51.9,72.91,38.86
757171,574847,376484,08-06-2025,14-06-2025,1,499,10,49.9,449.1,Quick Commerce,Referral,Debit Card,Delivered,Ahmedabad,0,,77.48,0,31.9
757177,574847,332325,21-08-2025,27-08-2025,1,399,10,39.9,359.1,Myntra,Referral,UPI,Delivered,Ahmedabad,0,,41.17,80.16,51.58
789946,574847,351856,30-09-2025,03-10-2025,2,449,15,134.7,763.3,D2C Website,Referral,UPI,Delivered,Ahmedabad,0,,73.63,0,59.2
789950,542081,332325,08-10-2025,13-10-2025,1,399,20,79.8,319.2,Offline Store,Instagram,Credit Card,Delivered,Lucknow,0,,0,0,33.33
757186,591235,332325,12-08-2025,14-08-2025,2,399,25,199.5,598.5,D2C Website,Google,Cash on Delivery,Delivered,Lucknow,0,,46.98,0,23.33
789954,550277,332325,26-05-2025,01-06-2025,1,399,10,39.9,359.1,Myntra,Referral,Net Banking,Delivered,Nagpur,0,,45.02,75.44,57.45
724421,509329,351856,21-11-2025,26-11-2025,2,449,15,134.7,763.3,D2C Website,Instagram,Cash on Delivery,Delivered,Mumbai,0,,78.69,0,39.2
724426,583066,347447,31-07-2025,04-08-2025,1,349,15,52.35,296.65,Nykaa,Offline Store,Net Banking,Delivered,Bhopal,0,,52.24,64.8,24.89
789966,583066,384259,08-10-2025,12-10-2025,1,649,10,64.9,584.1,D2C Website,Offline Store,Debit Card,Delivered,Bhopal,0,,71.35,0,57.06
724431,583066,328746,16-12-2025,20-12-2025,2,299,10,59.8,538.2,Amazon,Offline Store,UPI,Returned,Bhopal,1,Product Not As Described,37.75,122.94,40.48
757203,599462,384259,29-08-2025,04-09-2025,1,649,10,64.9,584.1,D2C Website,Instagram,UPI,Delivered,Bengaluru,0,,51.09,0,54.77
724435,591272,351856,29-05-2025,03-06-2025,1,449,20,89.8,359.2,Amazon,Google,UPI,Delivered,Surat,0,,47.35,89.33,52.55
757216,591272,385909,16-09-2025,21-09-2025,1,429,10,42.9,386.1,Offline Store,Google,Credit Card,Delivered,Surat,0,,0,0,55.55
724450,591272,347447,26-09-2025,30-09-2025,1,349,0,0,349,Amazon,Google,UPI,Delivered,Surat,0,,37.9,83.97,43.5
757219,591272,370644,19-10-2025,20-10-2025,1,449,0,0,449,Quick Commerce,Google,Wallet,Delivered,Surat,0,,41.17,0,41.29
724452,591272,347447,07-11-2025,11-11-2025,2,349,20,139.6,558.4,D2C Website,Google,UPI,Delivered,Surat,0,,35.93,0,56.24
790001,566698,318726,14-06-2024,19-06-2024,1,549,0,0,549,Offline Store,Google,Credit Card,Delivered,Kochi,0,,0,0,40.88
724470,566698,376622,24-06-2024,26-06-2024,1,899,35,314.65,584.35,Nykaa,Google,Credit Card,Delivered,Kochi,0,,75.49,110.43,40.58
790015,566698,328746,02-09-2024,07-09-2024,3,299,10,89.7,807.3,D2C Website,Google,Net Banking,Delivered,Kochi,0,,84.55,0,46.8
757250,566698,376622,23-09-2025,28-09-2025,1,899,20,179.8,719.2,Nykaa,Google,Debit Card,Delivered,Kochi,0,,85.1,120.16,34.84
790018,509359,384259,02-12-2024,07-12-2024,1,649,25,162.25,486.75,D2C Website,Instagram,UPI,Delivered,Kolkata,0,,63.51,0,24.45
790026,509359,318726,07-12-2024,09-12-2024,1,549,20,109.8,439.2,Amazon,Instagram,UPI,Delivered,Kolkata,0,,67.11,85.25,49.25
790027,509359,351856,02-02-2025,08-02-2025,1,449,25,112.25,336.75,Amazon,Instagram,Debit Card,Delivered,Kolkata,0,,80.1,78.75,31.97
724492,550328,384259,03-10-2025,07-10-2025,2,649,5,64.9,1233.1,D2C Website,Instagram,UPI,Delivered,Chennai,0,,53.05,0,43.22
757264,591289,318726,21-03-2025,22-03-2025,1,549,20,109.8,439.2,D2C Website,Google,Cash on Delivery,Delivered,Mumbai,0,,78.71,0,28.24
757271,542143,318301,25-06-2025,29-06-2025,2,249,20,99.6,398.4,Nykaa,Marketplace,UPI,Delivered,Patna,0,,45.02,63.94,28.71
757273,558529,385909,21-11-2025,26-11-2025,3,429,15,193.05,1093.95,D2C Website,Offline Store,Debit Card,Delivered,Mumbai,0,,39.51,0,29.83
790041,591303,370644,29-04-2025,30-04-2025,1,449,10,44.9,404.1,D2C Website,Influencer,Debit Card,Delivered,Bhopal,0,,85.4,0,43.06
757280,591303,376484,18-05-2025,19-05-2025,1,499,25,124.75,374.25,Quick Commerce,Influencer,UPI,Delivered,Bhopal,0,,68.95,0,56.68
724514,599503,373579,10-11-2025,14-11-2025,1,449,15,67.35,381.65,Nykaa,Organic Search,Cash on Delivery,Delivered,Delhi,0,,52.36,59.04,42.41
790051,574928,384259,10-03-2025,12-03-2025,1,649,5,32.45,616.55,D2C Website,Instagram,Debit Card,Delivered,Chennai,0,,55.55,0,45.12
790052,574928,397912,19-09-2025,25-09-2025,2,399,20,159.6,638.4,Nykaa,Instagram,UPI,Delivered,Chennai,0,,76.5,143.69,38.59
790053,533972,385909,24-02-2025,26-02-2025,1,429,0,0,429,D2C Website,Google,Wallet,Delivered,Jaipur,0,,36.1,0,49.78
724524,583130,397912,12-12-2024,13-12-2024,1,399,10,39.9,359.1,Offline Store,Google,Wallet,Delivered,Mumbai,0,,0,0,54.31
724525,583130,376484,20-04-2025,25-04-2025,1,499,20,99.8,399.2,D2C Website,Google,Credit Card,Delivered,Mumbai,0,,51.91,0,45.85
790067,583136,347447,19-12-2025,25-12-2025,1,349,15,52.35,296.65,Amazon,Influencer,Credit Card,Delivered,Kochi,0,,72.95,61.52,33.12
724535,517601,347447,18-12-2025,24-12-2025,1,349,5,17.45,331.55,Quick Commerce,Organic Search,UPI,Delivered,Pune,0,,50.59,0,22.44
757305,542176,373579,13-09-2025,15-09-2025,2,449,5,44.9,853.1,D2C Website,Marketplace,Cash on Delivery,Delivered,Mumbai,0,,84.82,0,57.31
790075,574946,318726,17-02-2025,22-02-2025,2,549,25,274.5,823.5,D2C Website,Influencer,Credit Card,Delivered,Hyderabad,0,,57.05,0,29.81
757310,574946,385909,20-03-2025,25-03-2025,1,429,15,64.35,364.65,D2C Website,Influencer,UPI,Delivered,Hyderabad,0,,35.39,0,33.35
790090,574946,351856,23-04-2025,27-04-2025,1,449,20,89.8,359.2,D2C Website,Influencer,Credit Card,Delivered,Hyderabad,0,,69.81,0,31.68
724555,574946,370644,29-04-2025,30-04-2025,1,449,20,89.8,359.2,D2C Website,Influencer,Credit Card,Delivered,Hyderabad,0,,82.34,0,52.82
790092,574946,351856,05-07-2025,09-07-2025,1,449,0,0,449,D2C Website,Influencer,Credit Card,Delivered,Hyderabad,0,,54.64,0,51.59
757325,574946,385909,21-07-2025,25-07-2025,1,429,0,0,429,D2C Website,Influencer,Debit Card,Delivered,Hyderabad,0,,56.61,0,47.15
790094,574946,318726,01-08-2025,03-08-2025,3,549,5,82.35,1564.65,Nykaa,Influencer,UPI,Delivered,Hyderabad,0,,60.93,377.24,27.27
757331,574946,385909,21-08-2025,23-08-2025,2,429,5,42.9,815.1,Nykaa,Influencer,Debit Card,Cancelled,Hyderabad,0,,77.11,156.65,35.13
757333,574946,351856,19-09-2025,21-09-2025,2,449,0,0,898,D2C Website,Influencer,UPI,Delivered,Hyderabad,0,,63.67,0,35.11
790107,574946,376622,27-12-2025,28-12-2025,1,899,20,179.8,719.2,D2C Website,Influencer,Debit Card,Delivered,Hyderabad,0,,72.56,0,23.06
757343,501220,347447,17-02-2025,20-02-2025,3,349,20,209.4,837.6,Myntra,Referral,Cash on Delivery,Delivered,Nagpur,0,,85.55,194.17,36.38
757345,501220,351856,19-06-2025,22-06-2025,1,449,10,44.9,404.1,D2C Website,Referral,Credit Card,Delivered,Nagpur,0,,37.06,0,46.77
790124,501231,397647,19-07-2025,22-07-2025,1,799,40,319.6,479.4,Amazon,Google,UPI,Delivered,Pune,0,,58.22,92.03,57.35
757357,501231,397647,09-09-2025,10-09-2025,1,799,15,119.85,679.15,Amazon,Google,Debit Card,Delivered,Pune,0,,49.88,119.47,24.64
790128,501231,360142,19-11-2025,21-11-2025,1,349,15,52.35,296.65,Nykaa,Google,UPI,Delivered,Pune,0,,85.96,68.06,43.01
724596,566768,384259,08-11-2025,11-11-2025,1,649,5,32.45,616.55,D2C Website,Referral,Debit Card,Delivered,Bengaluru,0,,82.33,0,46.37
724598,566768,384259,17-11-2025,23-11-2025,1,649,25,162.25,486.75,Myntra,Referral,Net Banking,Delivered,Bengaluru,0,,44.52,100.74,41.46
757373,566768,351856,26-12-2025,31-12-2025,1,449,40,179.6,269.4,Quick Commerce,Referral,Debit Card,Delivered,Bengaluru,0,,77.09,0,54.85
724607,599536,332325,21-12-2024,27-12-2024,1,399,0,0,399,Amazon,Google,UPI,Delivered,Pune,0,,53.08,93.02,49.94
757376,574963,328746,26-04-2025,30-04-2025,1,299,10,29.9,269.1,Nykaa,Offline Store,UPI,Delivered,Chennai,0,,70.3,45.65,36.99
724608,550394,328746,29-11-2025,30-11-2025,1,299,0,0,299,D2C Website,Organic Search,Credit Card,Delivered,Delhi,0,,81.15,0,52.83
757379,566784,318726,27-12-2024,01-01-2025,2,549,25,274.5,823.5,D2C Website,Google,UPI,Delivered,Hyderabad,0,,62.9,0,28.22
790148,566784,384259,30-12-2024,05-01-2025,1,649,10,64.9,584.1,Myntra,Google,Debit Card,Delivered,Hyderabad,0,,47.23,143.79,29.36
790151,566784,376484,18-02-2025,22-02-2025,1,499,10,49.9,449.1,Myntra,Google,Cash on Delivery,Delivered,Hyderabad,0,,40.19,104.61,48.7
757386,566784,332325,30-05-2025,04-06-2025,2,399,0,0,798,Myntra,Google,UPI,Delivered,Hyderabad,0,,54.2,194.88,40.51
790156,566784,328746,14-07-2025,18-07-2025,2,299,15,89.7,508.3,D2C Website,Google,Debit Card,Delivered,Hyderabad,0,,45.25,0,25.11
724621,566784,318726,09-10-2025,12-10-2025,1,549,20,109.8,439.2,D2C Website,Google,Debit Card,Delivered,Hyderabad,0,,88.34,0,56.95
757392,525825,373579,03-05-2025,05-05-2025,1,449,5,22.45,426.55,Myntra,Referral,UPI,Delivered,Bengaluru,0,,74.83,90.05,34.24
724630,509447,397912,19-08-2025,22-08-2025,2,399,15,119.7,678.3,Nykaa,Organic Search,Credit Card,Delivered,Mumbai,0,,72.96,105.58,47.58
790167,542219,376484,06-04-2025,09-04-2025,1,499,40,199.6,299.4,D2C Website,Instagram,UPI,Delivered,Bhopal,0,,77.94,0,53.61
790168,542219,397647,06-05-2025,07-05-2025,1,799,15,119.85,679.15,D2C Website,Instagram,UPI,Delivered,Bhopal,0,,74.3,0,32.38
724633,542219,328746,04-06-2025,06-06-2025,1,299,25,74.75,224.25,Nykaa,Instagram,UPI,Delivered,Bhopal,0,,87.37,39.85,21.13
790169,542219,347447,30-11-2025,05-12-2025,1,349,0,0,349,Nykaa,Instagram,UPI,Delivered,Bhopal,0,,89.06,78.33,54.62
724635,501267,373579,23-03-2024,26-03-2024,2,449,0,0,898,D2C Website,Google,UPI,Delivered,Chennai,0,,62.28,0,31.94
757403,501267,397647,24-03-2024,27-03-2024,1,799,5,39.95,759.05,Quick Commerce,Google,UPI,Delivered,Chennai,0,,80.78,0,47.76
724637,591382,397647,12-07-2025,14-07-2025,2,799,20,319.6,1278.4,D2C Website,Marketplace,Cash on Delivery,Delivered,Ahmedabad,0,,63.92,0,23.97
790175,591382,397912,16-07-2025,17-07-2025,1,399,0,0,399,Nykaa,Marketplace,Debit Card,Delivered,Ahmedabad,0,,56.96,65.81,47.78
790176,591382,318726,28-07-2025,30-07-2025,1,549,15,82.35,466.65,Myntra,Marketplace,UPI,Delivered,Ahmedabad,0,,53.44,71.48,51.7
790183,591382,328746,30-07-2025,03-08-2025,2,299,15,89.7,508.3,Myntra,Marketplace,UPI,Delivered,Ahmedabad,0,,54.82,79.81,36.37
757417,591382,370644,18-10-2025,19-10-2025,3,449,25,336.75,1010.25,Quick Commerce,Marketplace,Cash on Delivery,Delivered,Ahmedabad,0,,60.57,0,44.2
790186,591382,397912,16-11-2025,17-11-2025,2,399,5,39.9,758.1,Offline Store,Marketplace,UPI,Delivered,Ahmedabad,0,,0,0,25.46
724651,591382,384259,09-12-2025,14-12-2025,2,649,10,129.8,1168.2,D2C Website,Marketplace,Cash on Delivery,Delivered,Ahmedabad,0,,36.43,0,38.46
757424,550422,397647,09-04-2024,10-04-2024,1,799,15,119.85,679.15,D2C Website,Google,Credit Card,Delivered,Delhi,0,,44.44,0,23.74
790192,591384,397912,06-11-2025,12-11-2025,1,399,0,0,399,Amazon,Marketplace,Wallet,Delivered,Jaipur,0,,71.03,95.15,39.82
757425,591384,351856,10-12-2025,11-12-2025,1,449,0,0,449,D2C Website,Marketplace,UPI,Delivered,Jaipur,0,,48.96,0,54.81
724662,542237,318726,10-08-2025,11-08-2025,1,549,5,27.45,521.55,D2C Website,Referral,UPI,Delivered,Hyderabad,0,,41.1,0,26.69
724670,550432,397647,22-10-2025,26-10-2025,3,799,5,119.85,2277.15,Amazon,Organic Search,Net Banking,Delivered,Hyderabad,0,,37.96,397.33,59.13
790209,550432,360142,21-12-2025,24-12-2025,1,349,5,17.45,331.55,Nykaa,Organic Search,Credit Card,Delivered,Hyderabad,0,,84.63,75.81,27.35
724673,525856,376484,23-03-2025,28-03-2025,1,499,20,99.8,399.2,Nykaa,Instagram,UPI,Delivered,Jaipur,0,,87.49,63.16,56.55
757443,525856,347447,28-05-2025,29-05-2025,1,349,10,34.9,314.1,D2C Website,Instagram,Cash on Delivery,Delivered,Jaipur,0,,51.78,0,52.93
757445,525856,373579,16-06-2025,20-06-2025,2,449,15,134.7,763.3,Quick Commerce,Instagram,Credit Card,Delivered,Jaipur,0,,55.67,0,20.9
790215,525856,384259,03-07-2025,07-07-2025,1,649,35,227.15,421.85,D2C Website,Instagram,UPI,Delivered,Jaipur,0,,54.42,0,23.77
724685,525856,328746,07-09-2025,11-09-2025,1,299,15,44.85,254.15,Amazon,Instagram,Credit Card,Delivered,Jaipur,0,,68.15,54.68,32
790222,583202,376622,11-01-2025,14-01-2025,2,899,20,359.6,1438.4,Myntra,Instagram,Cash on Delivery,Delivered,Mumbai,0,,64.7,267.41,24.48
724686,542245,384259,03-07-2025,09-07-2025,1,649,35,227.15,421.85,Myntra,Influencer,Net Banking,Delivered,Delhi,0,,64.54,103.57,56.89
724696,542245,347447,31-10-2025,04-11-2025,1,349,20,69.8,279.2,Myntra,Influencer,UPI,Delivered,Delhi,0,,76.66,53.18,31.42
724704,542247,370644,28-09-2025,02-10-2025,1,449,0,0,449,D2C Website,Influencer,Wallet,Delivered,Ahmedabad,0,,78.51,0,56.33
790241,599598,332325,27-08-2025,28-08-2025,1,399,40,159.6,239.4,Quick Commerce,Instagram,Net Banking,Delivered,Jaipur,0,,49.81,0,38.25
757477,599598,376484,13-09-2025,19-09-2025,1,499,10,49.9,449.1,Nykaa,Instagram,Debit Card,Delivered,Jaipur,0,,65.66,104.23,23.54
757478,599598,332325,05-10-2025,10-10-2025,1,399,5,19.95,379.05,Amazon,Instagram,Debit Card,Delivered,Jaipur,0,,81.55,67.91,25.23
790249,599598,376484,17-11-2025,18-11-2025,1,499,15,74.85,424.15,Nykaa,Instagram,Wallet,Delivered,Jaipur,0,,74.94,87.85,41.16
757482,599598,328746,08-12-2025,10-12-2025,1,299,10,29.9,269.1,Nykaa,Instagram,UPI,Delivered,Jaipur,0,,69.39,66.25,53.34
757481,591411,360142,09-06-2025,14-06-2025,1,349,15,52.35,296.65,Amazon,Instagram,Net Banking,Delivered,Ahmedabad,0,,59.7,57.46,58.02
757484,566840,347447,10-12-2025,15-12-2025,1,349,5,17.45,331.55,D2C Website,Organic Search,UPI,Delivered,Delhi,0,,57.56,0,30.97
757486,599613,347447,04-02-2024,10-02-2024,2,349,15,104.7,593.3,D2C Website,Instagram,Cash on Delivery,Delivered,Hyderabad,0,,72.75,0,49.7
790256,599613,384259,02-04-2024,05-04-2024,1,649,10,64.9,584.1,Nykaa,Instagram,Cash on Delivery,Delivered,Hyderabad,0,,46.45,87.7,28.71
724729,599613,370644,14-07-2024,15-07-2024,2,449,0,0,898,Myntra,Instagram,Debit Card,Delivered,Hyderabad,0,,78.63,168.55,49.75
757498,599613,397647,16-07-2024,20-07-2024,1,799,20,159.8,639.2,D2C Website,Instagram,UPI,Delivered,Hyderabad,0,,41.12,0,20.19
790271,599613,397647,17-08-2024,22-08-2024,1,799,20,159.8,639.2,Myntra,Instagram,UPI,Delivered,Hyderabad,0,,39.95,132.19,30.08
724744,591422,373579,09-11-2024,14-11-2024,1,449,20,89.8,359.2,Myntra,Google,Cash on Delivery,Delivered,Hyderabad,0,,56.15,84.43,50.12
724749,509508,351856,06-05-2024,12-05-2024,1,449,5,22.45,426.55,Offline Store,Organic Search,Cash on Delivery,Delivered,Bengaluru,0,,0,0,57.35
790286,501330,351856,14-08-2025,18-08-2025,1,449,25,112.25,336.75,D2C Website,Influencer,Cash on Delivery,Delivered,Bengaluru,0,,68.98,0,35.53
757520,501330,384259,06-09-2025,12-09-2025,1,649,0,0,649,Offline Store,Influencer,Credit Card,Delivered,Bengaluru,0,,0,0,41.73
724752,501330,370644,25-10-2025,26-10-2025,1,449,10,44.9,404.1,Nykaa,Influencer,Cash on Delivery,Delivered,Bengaluru,0,,65.12,95.63,39.2
724754,501330,318726,22-11-2025,24-11-2025,1,549,10,54.9,494.1,Amazon,Influencer,Net Banking,Delivered,Bengaluru,0,,67.82,75.25,53.65
790290,501330,328746,15-12-2025,18-12-2025,1,299,5,14.95,284.05,D2C Website,Influencer,Cash on Delivery,Delivered,Bengaluru,0,,48.7,0,24.75
757524,534099,376484,22-10-2024,27-10-2024,1,499,10,49.9,449.1,D2C Website,Instagram,Credit Card,Delivered,Mumbai,0,,52.51,0,46.49
724756,534099,376622,05-11-2024,08-11-2024,1,899,25,224.75,674.25,D2C Website,Instagram,UPI,Delivered,Mumbai,0,,53.13,0,25.66
757529,534099,376622,29-10-2025,01-11-2025,1,899,0,0,899,Myntra,Instagram,UPI,Delivered,Mumbai,0,,69.98,136.48,52.2
724762,550488,351856,02-08-2025,04-08-2025,1,449,15,67.35,381.65,Myntra,Marketplace,Debit Card,Delivered,Pune,0,,57.71,66.38,21.2
757534,599641,328746,18-12-2025,22-12-2025,1,299,5,14.95,284.05,Quick Commerce,Instagram,UPI,Returned,Jaipur,1,Product Not As Described,43.15,0,22.15
757535,599641,328746,22-12-2025,27-12-2025,1,299,0,0,299,D2C Website,Instagram,Wallet,Delivered,Jaipur,0,,83.47,0,48.84
790307,599641,347447,23-12-2025,29-12-2025,1,349,5,17.45,331.55,D2C Website,Instagram,UPI,Returned,Jaipur,1,Damaged in Transit,85.06,0,47.55
790308,599641,328746,25-12-2025,27-12-2025,1,299,0,0,299,Nykaa,Instagram,Net Banking,Delivered,Jaipur,0,,67.81,60.2,50.68
757541,599641,373579,29-12-2025,31-12-2025,1,449,15,67.35,381.65,D2C Website,Instagram,Cash on Delivery,Delivered,Jaipur,0,,56.51,0,21.35
790310,599642,397912,15-05-2024,21-05-2024,3,399,15,179.55,1017.45,Nykaa,Google,Net Banking,Delivered,Pune,0,,47.51,166.45,56.51
790311,599642,373579,14-07-2024,16-07-2024,2,449,5,44.9,853.1,D2C Website,Google,UPI,Delivered,Pune,0,,43.79,0,57.22
724780,583269,397912,14-05-2024,15-05-2024,1,399,25,99.75,299.25,Nykaa,Offline Store,UPI,Delivered,Delhi,0,,40.21,49.66,50.86
724785,525928,384259,07-11-2025,13-11-2025,2,649,0,0,1298,Amazon,Instagram,Credit Card,Delivered,Kochi,0,,44.72,203.71,45.26
757554,525928,384259,08-11-2025,13-11-2025,1,649,0,0,649,Quick Commerce,Instagram,Wallet,Returned,Kochi,1,Product Not As Described,71.61,0,55.69
757557,509545,318726,18-08-2024,22-08-2024,1,549,10,54.9,494.1,D2C Website,Organic Search,Cash on Delivery,Delivered,Pune,0,,47.05,0,30.58
790327,599663,384259,22-09-2024,24-09-2024,2,649,5,64.9,1233.1,D2C Website,Instagram,Net Banking,Delivered,Jaipur,0,,63.73,0,38.33
790334,583283,373579,28-08-2025,29-08-2025,2,449,10,89.8,808.2,D2C Website,Organic Search,Cash on Delivery,Delivered,Mumbai,0,,41.88,0,46.19
724819,583283,397647,09-09-2025,14-09-2025,1,799,20,159.8,639.2,D2C Website,Organic Search,Cash on Delivery,Delivered,Mumbai,0,,35.63,0,49.42
724820,583283,397912,16-09-2025,19-09-2025,2,399,10,79.8,718.2,Nykaa,Organic Search,UPI,Delivered,Mumbai,0,,84.02,166.26,56.54
757587,583283,397647,13-11-2025,16-11-2025,1,799,10,79.9,719.1,D2C Website,Organic Search,UPI,Delivered,Mumbai,0,,37.53,0,55.01
724824,583283,318301,19-12-2025,21-12-2025,1,249,15,37.35,211.65,D2C Website,Organic Search,UPI,Delivered,Mumbai,0,,58.04,0,28.75
724831,566910,373579,06-09-2024,07-09-2024,1,449,15,67.35,381.65,D2C Website,Marketplace,Net Banking,Delivered,Surat,0,,35.38,0,39.97
757602,566910,318726,18-10-2024,24-10-2024,1,549,15,82.35,466.65,D2C Website,Marketplace,Debit Card,Delivered,Surat,0,,88.02,0,32.37
790380,566910,397647,09-07-2025,12-07-2025,1,799,10,79.9,719.1,D2C Website,Marketplace,Debit Card,Delivered,Surat,0,,65.71,0,36.87
724844,566910,373579,21-10-2025,25-10-2025,1,449,0,0,449,D2C Website,Marketplace,Debit Card,Delivered,Surat,0,,43.98,0,32.71
724846,599680,373579,19-10-2025,25-10-2025,1,449,15,67.35,381.65,D2C Website,Influencer,Credit Card,Delivered,Jaipur,0,,56.68,0,59.47
790383,583307,360142,26-11-2025,02-12-2025,2,349,20,139.6,558.4,Offline Store,Marketplace,Cash on Delivery,Delivered,Bengaluru,0,,0,0,58.11
757619,583307,351856,28-11-2025,01-12-2025,2,449,15,134.7,763.3,D2C Website,Marketplace,Cash on Delivery,Returned,Bengaluru,1,Allergic Reaction,87.6,0,44.86
724854,583307,376622,19-12-2025,23-12-2025,2,899,5,89.9,1708.1,Amazon,Marketplace,Net Banking,Delivered,Bengaluru,0,,82.09,331.71,30.78
724856,583307,384259,25-12-2025,29-12-2025,2,649,20,259.6,1038.4,D2C Website,Marketplace,UPI,Delivered,Bengaluru,0,,39.43,0,26.39
790392,599693,384259,03-02-2025,04-02-2025,1,649,0,0,649,D2C Website,Organic Search,Debit Card,Delivered,Kolkata,0,,88.62,0,24.35
790394,517781,370644,06-10-2025,08-10-2025,1,449,20,89.8,359.2,Quick Commerce,Google,Net Banking,Delivered,Surat,0,,52.23,0,30.88
757627,558743,328746,14-11-2024,20-11-2024,1,299,15,44.85,254.15,D2C Website,Marketplace,UPI,Delivered,Mumbai,0,,75.64,0,35.14
757624,517786,351856,30-12-2024,31-12-2024,1,449,25,112.25,336.75,D2C Website,Instagram,Debit Card,Delivered,Delhi,0,,70.05,0,53.74
757630,542363,360142,19-08-2024,22-08-2024,1,349,0,0,349,Offline Store,Instagram,UPI,Cancelled,Surat,0,,0,0,51.43
790400,591521,351856,08-10-2024,14-10-2024,1,449,5,22.45,426.55,Nykaa,Referral,UPI,Delivered,Bengaluru,0,,45.76,85.01,42.02
724876,591521,385909,21-10-2024,25-10-2024,1,429,20,85.8,343.2,D2C Website,Referral,Cash on Delivery,Delivered,Bengaluru,0,,82.14,0,37.16
724885,591521,318726,13-11-2024,16-11-2024,1,549,10,54.9,494.1,Myntra,Referral,Cash on Delivery,Delivered,Bengaluru,0,,62.52,113.1,54.56
757653,591521,385909,19-04-2025,25-04-2025,1,429,10,42.9,386.1,Amazon,Referral,Debit Card,Delivered,Bengaluru,0,,67.27,77.87,36.79
757659,591521,385909,25-04-2025,29-04-2025,1,429,15,64.35,364.65,Quick Commerce,Referral,Credit Card,Delivered,Bengaluru,0,,82.64,0,20.73
757670,509602,370644,02-09-2024,04-09-2024,1,449,15,67.35,381.65,Myntra,Google,UPI,Delivered,Bhopal,0,,45.78,71.41,49.99
724905,509602,373579,21-10-2024,27-10-2024,1,449,5,22.45,426.55,Offline Store,Google,UPI,Delivered,Bhopal,0,,0,0,54.53
790445,509602,318301,22-01-2025,26-01-2025,1,249,5,12.45,236.55,Amazon,Google,Wallet,Delivered,Bhopal,0,,87.31,49.94,36.96
757677,534179,376622,15-11-2024,21-11-2024,2,899,15,269.7,1528.3,Quick Commerce,Organic Search,Wallet,Returned,Delhi,1,Product Not As Described,82.98,0,35.4
757682,534179,318301,06-12-2024,08-12-2024,1,249,25,62.25,186.75,Myntra,Organic Search,UPI,Delivered,Delhi,0,,46.09,46.68,43.79
757685,534179,328746,06-06-2025,11-06-2025,2,299,25,149.5,448.5,Amazon,Organic Search,UPI,Delivered,Delhi,0,,37.72,108.2,23.58
790457,542372,328746,11-11-2025,12-11-2025,1,299,5,14.95,284.05,Amazon,Instagram,Credit Card,Delivered,Hyderabad,0,,62.3,63.92,23.96
724921,542372,347447,23-11-2025,29-11-2025,1,349,0,0,349,Myntra,Instagram,Credit Card,Delivered,Hyderabad,0,,76.21,53.94,55.39
724927,542372,360142,15-12-2025,17-12-2025,2,349,15,104.7,593.3,D2C Website,Instagram,Wallet,Delivered,Hyderabad,0,,86.69,0,47.35
724928,558756,376484,23-03-2025,29-03-2025,3,499,10,149.7,1347.3,Amazon,Organic Search,Debit Card,Delivered,Delhi,0,,82.7,272.68,56.85
757703,558756,318726,13-06-2025,14-06-2025,1,549,0,0,549,D2C Website,Organic Search,Credit Card,Delivered,Delhi,0,,59.07,0,28.94
757708,558756,318726,26-06-2025,02-07-2025,3,549,5,82.35,1564.65,Amazon,Organic Search,UPI,Delivered,Delhi,0,,44.16,308.63,41.14
790478,558756,384259,18-10-2025,22-10-2025,2,649,20,259.6,1038.4,D2C Website,Organic Search,UPI,Delivered,Delhi,0,,35.19,0,25.5
757712,558756,397912,25-11-2025,26-11-2025,2,399,0,0,798,Amazon,Organic Search,Credit Card,Delivered,Delhi,0,,87,157.04,24.23
790485,558756,376484,29-12-2025,04-01-2026,1,499,10,49.9,449.1,Offline Store,Organic Search,Cash on Delivery,Delivered,Delhi,0,,0,0,51.17
757718,525995,328746,05-09-2024,10-09-2024,1,299,15,44.85,254.15,Offline Store,Instagram,Credit Card,Delivered,Mumbai,0,,0,0,35.37
724955,525995,384259,19-11-2024,20-11-2024,1,649,40,259.6,389.4,Amazon,Instagram,UPI,Delivered,Mumbai,0,,81.06,77.3,21.61
790491,525995,332325,27-12-2025,01-01-2026,2,399,40,319.2,478.8,Offline Store,Instagram,Credit Card,Cancelled,Mumbai,0,,0,0,55.99
757725,575156,373579,20-04-2025,26-04-2025,1,449,15,67.35,381.65,Amazon,Instagram,UPI,Delivered,Chennai,0,,78.14,78.2,38.62
757726,591551,376484,23-12-2025,26-12-2025,2,499,25,249.5,748.5,Amazon,Influencer,Net Banking,Returned,Delhi,1,Allergic Reaction,78.91,134.22,25.4
724960,591551,397912,24-12-2025,26-12-2025,1,399,10,39.9,359.1,Amazon,Influencer,Net Banking,Delivered,Delhi,0,,56.49,83.46,21.52
757729,591551,318726,28-12-2025,02-01-2026,1,549,0,0,549,D2C Website,Influencer,UPI,Delivered,Delhi,0,,56.03,0,34.1
790507,509632,373579,26-10-2025,27-10-2025,1,449,5,22.45,426.55,D2C Website,Influencer,Debit Card,Delivered,Ahmedabad,0,,59.34,0,47.31
724975,509632,384259,20-11-2025,25-11-2025,1,649,40,259.6,389.4,Offline Store,Influencer,Cash on Delivery,Returned,Ahmedabad,1,Wrong Item Delivered,0,0,29.84
724978,550604,318726,16-08-2024,19-08-2024,1,549,5,27.45,521.55,D2C Website,Influencer,Debit Card,Delivered,Chennai,0,,41.35,0,36.26
790517,558799,397647,03-09-2024,07-09-2024,1,799,5,39.95,759.05,D2C Website,Instagram,Wallet,Delivered,Hyderabad,0,,46.97,0,34.56
724987,558799,328746,08-10-2024,14-10-2024,3,299,15,134.55,762.45,Amazon,Instagram,Credit Card,Delivered,Hyderabad,0,,78,134.04,31.28
790526,558800,376484,11-09-2024,12-09-2024,1,499,0,0,499,Amazon,Google,UPI,Returned,Lucknow,1,Product Not As Described,75.62,120.4,44.03
790529,558800,332325,16-02-2025,17-02-2025,1,399,15,59.85,339.15,Quick Commerce,Google,Cash on Delivery,Delivered,Lucknow,0,,47.57,0,25.89
790531,558800,376484,01-05-2025,02-05-2025,1,499,15,74.85,424.15,Nykaa,Google,Net Banking,Delivered,Lucknow,0,,77,94.15,48.57
757763,558800,376484,03-12-2025,09-12-2025,3,499,10,149.7,1347.3,D2C Website,Google,UPI,Delivered,Lucknow,0,,74.21,0,29.8
757767,550615,332325,24-08-2024,25-08-2024,1,399,20,79.8,319.2,D2C Website,Referral,UPI,Delivered,Jaipur,0,,35.94,0,24.74
725008,550615,332325,17-01-2025,21-01-2025,2,399,40,319.2,478.8,D2C Website,Referral,Debit Card,Delivered,Jaipur,0,,77.28,0,26.22
790546,550615,351856,06-04-2025,11-04-2025,1,449,10,44.9,404.1,Amazon,Referral,Cash on Delivery,Delivered,Jaipur,0,,41.73,95.19,38.9
757780,550615,318301,08-12-2025,11-12-2025,1,249,35,87.15,161.85,D2C Website,Referral,Cash on Delivery,Delivered,Jaipur,0,,85.29,0,24.45
790552,567000,360142,26-12-2025,30-12-2025,1,349,0,0,349,D2C Website,Google,UPI,Delivered,Bengaluru,0,,53.12,0,23.94
757788,534237,397647,18-03-2025,21-03-2025,1,799,25,199.75,599.25,Amazon,Instagram,Unknown,Delivered,Kochi,0,,81.97,99.16,45.58
725020,534237,360142,08-10-2025,13-10-2025,1,349,15,52.35,296.65,Myntra,Instagram,UPI,Delivered,Kochi,0,,56.08,51.23,26.14
725023,534237,397912,13-10-2025,17-10-2025,1,399,25,99.75,299.25,Amazon,Instagram,Net Banking,Delivered,Kochi,0,,55.34,70.1,31.21
725032,534237,397912,11-11-2025,15-11-2025,1,399,10,39.9,359.1,Myntra,Instagram,UPI,Delivered,Kochi,0,,59.28,66.72,21.09
757805,599775,385909,13-06-2025,16-06-2025,1,429,0,0,429,Quick Commerce,Organic Search,UPI,Delivered,Coimbatore,0,,49.5,0,46.09
790577,542437,397647,24-10-2025,30-10-2025,2,799,0,0,1598,Nykaa,Instagram,UPI,Delivered,Pune,0,,61.77,274.3,32.28
725046,509681,376622,29-11-2024,30-11-2024,1,899,15,134.85,764.15,Quick Commerce,Organic Search,Cash on Delivery,Delivered,Bengaluru,0,,62.68,0,32.97
725055,509681,328746,22-03-2025,24-03-2025,1,299,15,44.85,254.15,D2C Website,Organic Search,Credit Card,Delivered,Bengaluru,0,,43.91,0,26.91
757847,509681,373579,18-08-2025,22-08-2025,1,449,10,44.9,404.1,Quick Commerce,Organic Search,Net Banking,Delivered,Bengaluru,0,,57.16,0,25.9
757852,558838,370644,29-04-2025,03-05-2025,1,449,25,112.25,336.75,Nykaa,Influencer,Wallet,Delivered,Surat,0,,35.57,58.95,46.11
790628,526071,373579,05-02-2025,11-02-2025,1,449,5,22.45,426.55,Nykaa,Referral,Wallet,Delivered,Lucknow,0,,74.96,78.41,58.68
725101,526071,328746,16-03-2025,20-03-2025,2,299,25,149.5,448.5,Nykaa,Referral,Debit Card,Delivered,Lucknow,0,,41.9,83.34,55.72
757870,526071,385909,03-09-2025,08-09-2025,3,429,15,193.05,1093.95,Quick Commerce,Referral,UPI,Delivered,Lucknow,0,,68.41,0,36.26
757872,567033,351856,15-11-2024,16-11-2024,1,449,0,0,449,Amazon,Marketplace,Debit Card,Delivered,Delhi,0,,77.76,102.38,30.39
725106,567033,376484,13-01-2025,14-01-2025,3,499,25,374.25,1122.75,Amazon,Marketplace,Unknown,Delivered,Delhi,0,,68.22,274.35,25.79
790649,567033,360142,12-02-2025,16-02-2025,1,349,10,34.9,314.1,Amazon,Marketplace,Credit Card,Delivered,Delhi,0,,53.01,77.17,54.15
757887,567033,360142,25-06-2025,28-06-2025,2,349,20,139.6,558.4,Amazon,Marketplace,UPI,Delivered,Delhi,0,,72.5,101.31,49.51
725119,567033,328746,30-10-2025,31-10-2025,2,299,15,89.7,508.3,Amazon,Marketplace,Net Banking,Delivered,Delhi,0,,83.5,101.67,39.99
725124,567033,397647,05-11-2025,08-11-2025,2,799,40,639.2,958.8,Nykaa,Marketplace,UPI,Delivered,Delhi,0,,67.27,225.37,54.51
757892,558841,332325,04-09-2025,08-09-2025,1,399,20,79.8,319.2,Amazon,Marketplace,UPI,Delivered,Pune,0,,75.08,52.04,27.21
790660,558841,397647,13-09-2025,15-09-2025,1,799,10,79.9,719.1,Myntra,Marketplace,UPI,Delivered,Pune,0,,40.68,118.45,50.46
725127,558841,347447,20-09-2025,23-09-2025,1,349,20,69.8,279.2,Offline Store,Marketplace,Debit Card,Delivered,Pune,0,,0,0,39.6
790673,558841,370644,03-10-2025,07-10-2025,3,449,25,336.75,1010.25,Nykaa,Marketplace,UPI,Delivered,Pune,0,,77.87,168.14,26.3
790674,558841,360142,28-11-2025,01-12-2025,1,349,15,52.35,296.65,Nykaa,Marketplace,Credit Card,Delivered,Pune,0,,65.39,52.45,43.08
790676,501504,397647,04-07-2025,05-07-2025,1,799,0,0,799,D2C Website,Google,UPI,Delivered,Bengaluru,0,,87.54,0,20.31
790680,517892,397912,04-07-2025,05-07-2025,1,399,10,39.9,359.1,Quick Commerce,Instagram,UPI,Delivered,Kochi,0,,76.08,0,59.8
790681,575243,360142,17-05-2025,20-05-2025,2,349,10,69.8,628.2,Nykaa,Organic Search,UPI,Delivered,Lucknow,0,,62.25,119.2,23.1
725146,550667,318726,13-04-2024,17-04-2024,2,549,15,164.7,933.3,D2C Website,Instagram,Cash on Delivery,Delivered,Bengaluru,0,,59.51,0,51.14
725150,550667,318301,06-06-2024,12-06-2024,1,249,5,12.45,236.55,Quick Commerce,Instagram,UPI,Delivered,Bengaluru,0,,36.81,0,43.33
757918,550667,318301,15-06-2024,19-06-2024,1,249,10,24.9,224.1,Amazon,Instagram,UPI,Delivered,Bengaluru,0,,85.43,37.73,35.07
757920,550667,318301,01-11-2024,02-11-2024,2,249,10,49.8,448.2,D2C Website,Instagram,Debit Card,Delivered,Bengaluru,0,,59.23,0,42.53
725153,550667,328746,29-06-2025,03-07-2025,3,299,10,89.7,807.3,Amazon,Instagram,Cash on Delivery,Delivered,Bengaluru,0,,35.29,195.03,28.89
725154,550667,360142,13-07-2025,19-07-2025,1,349,20,69.8,279.2,Nykaa,Instagram,Debit Card,Delivered,Bengaluru,0,,49.31,67.84,26.25
757923,509710,397647,20-12-2024,26-12-2024,1,799,0,0,799,Myntra,Organic Search,Cash on Delivery,Delivered,Surat,0,,47.37,178.83,38.48
757925,575248,384259,18-11-2024,23-11-2024,1,649,0,0,649,Amazon,Instagram,UPI,Delivered,Bengaluru,0,,66.49,107.74,52.89
757927,583442,332325,12-09-2025,17-09-2025,2,399,10,79.8,718.2,Myntra,Marketplace,Wallet,Delivered,Bengaluru,0,,80.67,112,48.74
790707,526100,351856,04-07-2025,06-07-2025,1,449,35,157.15,291.85,Myntra,Instagram,UPI,Delivered,Surat,0,,88.75,52.64,43.52
757939,526100,351856,14-08-2025,20-08-2025,2,449,20,179.6,718.4,D2C Website,Instagram,Wallet,Cancelled,Surat,0,,55.55,0,38.11
757941,526100,351856,15-09-2025,20-09-2025,1,449,20,89.8,359.2,D2C Website,Instagram,UPI,Delivered,Surat,0,,79.88,0,36.75
757944,526100,332325,18-12-2025,21-12-2025,1,399,0,0,399,D2C Website,Instagram,Net Banking,Delivered,Surat,0,,81.56,0,20.87
757947,526100,376622,28-12-2025,29-12-2025,1,899,0,0,899,Myntra,Instagram,UPI,Delivered,Surat,0,,66.08,217.77,53.7
757952,542487,376484,12-10-2024,14-10-2024,1,499,20,99.8,399.2,Amazon,Google,Cash on Delivery,Delivered,Delhi,0,,77.71,95.97,57.78
725185,509724,347447,26-01-2025,29-01-2025,1,349,40,139.6,209.4,Amazon,Google,Debit Card,Delivered,Lucknow,0,,67.16,50.55,26.93
725189,509724,376484,02-06-2025,04-06-2025,1,499,5,24.95,474.05,D2C Website,Google,Credit Card,Delivered,Lucknow,0,,44.53,0,58.3
757958,509724,384259,23-11-2025,24-11-2025,2,649,5,64.9,1233.1,Amazon,Google,Credit Card,Delivered,Lucknow,0,,84.82,284.8,52.21
725192,526111,360142,24-05-2025,27-05-2025,1,349,5,17.45,331.55,D2C Website,Influencer,Debit Card,Delivered,Chandigarh,0,,74.49,0,55.9
725197,526111,332325,20-07-2025,24-07-2025,1,399,20,79.8,319.2,D2C Website,Influencer,Credit Card,Delivered,Chandigarh,0,,79.72,0,52.34
725204,526111,332325,15-09-2025,17-09-2025,1,399,25,99.75,299.25,Amazon,Influencer,Credit Card,Delivered,Chandigarh,0,,48.51,67.48,55.01
757981,591655,351856,28-09-2025,30-09-2025,1,449,5,22.45,426.55,D2C Website,Organic Search,UPI,Delivered,Pune,0,,42.27,0,52.47
757986,517927,376484,07-11-2025,09-11-2025,1,499,0,0,499,Amazon,Google,UPI,Delivered,Guwahati,0,,76.4,114.2,23.62
790756,517927,351856,14-11-2025,15-11-2025,1,449,0,0,449,Myntra,Google,UPI,Delivered,Guwahati,0,,67.91,82.32,32.52
725221,517927,332325,04-12-2025,09-12-2025,1,399,10,39.9,359.1,Amazon,Google,UPI,Delivered,Guwahati,0,,41.48,88.03,29.71
790757,517927,351856,11-12-2025,13-12-2025,1,449,25,112.25,336.75,Offline Store,Google,Cash on Delivery,Delivered,Guwahati,0,,0,0,38.39
725226,517927,385909,17-12-2025,20-12-2025,2,429,5,42.9,815.1,Myntra,Google,Debit Card,Returned,Guwahati,1,Wrong Item Delivered,56.12,196.15,43.81
725228,558893,360142,13-05-2024,18-05-2024,2,349,20,139.6,558.4,Amazon,Referral,UPI,Delivered,Patna,0,,39.18,105.85,29.16
758004,558893,318301,18-01-2025,22-01-2025,3,249,20,149.4,597.6,D2C Website,Referral,UPI,Delivered,Patna,0,,71.73,0,40.35
758006,558893,318301,06-05-2025,09-05-2025,2,249,20,99.6,398.4,D2C Website,Referral,Cash on Delivery,Delivered,Patna,0,,84.35,0,25.67
725238,558893,318301,04-09-2025,09-09-2025,1,249,25,62.25,186.75,D2C Website,Referral,Debit Card,Delivered,Patna,0,,59.67,0,50.66
758009,558893,384259,01-11-2025,06-11-2025,1,649,20,129.8,519.2,Amazon,Referral,Cash on Delivery,Delivered,Patna,0,,83.36,112.14,56.1
790778,526130,397912,09-05-2025,10-05-2025,1,399,0,0,399,D2C Website,Marketplace,Credit Card,Delivered,Ahmedabad,0,,73.78,0,22.51
725248,542516,370644,28-04-2025,29-04-2025,2,449,10,89.8,808.2,D2C Website,Instagram,Credit Card,Delivered,Ahmedabad,0,,49.9,0,48.79
725249,542517,373579,09-11-2025,11-11-2025,2,449,25,224.5,673.5,Nykaa,Referral,Wallet,Delivered,Chennai,0,,81.82,104.35,39.4
758017,599871,332325,19-10-2025,21-10-2025,1,399,20,79.8,319.2,Amazon,Referral,Credit Card,Delivered,Kolkata,0,,82.3,71.54,26.13
725252,599871,328746,14-11-2025,19-11-2025,2,299,25,149.5,448.5,Myntra,Referral,Credit Card,Delivered,Kolkata,0,,69.56,103.99,47.02
725276,599871,384259,02-12-2025,07-12-2025,2,649,20,259.6,1038.4,D2C Website,Referral,UPI,Delivered,Kolkata,0,,67.49,0,49.44
790814,534335,397912,22-11-2025,26-11-2025,1,399,0,0,399,Quick Commerce,Instagram,Cash on Delivery,Delivered,Delhi,0,,62.1,0,35.29
790819,534335,376622,30-11-2025,02-12-2025,1,899,5,44.95,854.05,Amazon,Instagram,UPI,Delivered,Delhi,0,,67.39,192.81,59.45
725287,534335,318301,29-12-2025,30-12-2025,1,249,10,24.9,224.1,Nykaa,Instagram,Credit Card,Delivered,Delhi,0,,38.14,47.45,33.61
725295,591680,351856,16-10-2025,21-10-2025,3,449,0,0,1347,Nykaa,Instagram,Debit Card,Delivered,Bengaluru,0,,44.45,301.57,50.99
790831,526158,370644,03-01-2025,06-01-2025,1,449,0,0,449,Quick Commerce,Marketplace,UPI,Delivered,Kolkata,0,,41.89,0,43.38
790835,526158,328746,04-03-2025,07-03-2025,2,299,40,239.2,358.8,Offline Store,Marketplace,UPI,Delivered,Kolkata,0,,0,0,54.49
725301,526158,351856,23-03-2025,26-03-2025,2,449,15,134.7,763.3,Amazon,Marketplace,Debit Card,Delivered,Kolkata,0,,67.21,120.61,26.75
725304,526158,376484,20-07-2025,22-07-2025,1,499,10,49.9,449.1,Amazon,Marketplace,Cash on Delivery,Delivered,Kolkata,0,,40.85,67.75,27.33
790842,526158,384259,11-09-2025,17-09-2025,2,649,35,454.3,843.7,Quick Commerce,Marketplace,UPI,Delivered,Kolkata,0,,57.32,0,50.28
758077,583507,376484,25-09-2025,30-09-2025,1,499,40,199.6,299.4,D2C Website,Offline Store,Cash on Delivery,Delivered,Bengaluru,0,,67.39,0,30.08
725317,534362,351856,22-12-2025,24-12-2025,2,449,15,134.7,763.3,Amazon,Google,UPI,Delivered,Chandigarh,0,,50.04,133.25,31.5
758090,599901,318301,12-08-2025,17-08-2025,1,249,0,0,249,Quick Commerce,Instagram,Net Banking,Delivered,Chandigarh,0,,57.96,0,26.81
790858,526174,318301,26-11-2025,29-11-2025,2,249,0,0,498,D2C Website,Offline Store,Net Banking,Delivered,Delhi,0,,37.89,0,43.23
790861,526174,376484,04-12-2025,06-12-2025,1,499,0,0,499,Offline Store,Offline Store,UPI,Delivered,Delhi,0,,0,0,53.44
790869,526174,360142,21-12-2025,22-12-2025,1,349,25,87.25,261.75,D2C Website,Offline Store,Credit Card,Returned,Delhi,1,Product Not As Described,68.8,0,22
790880,526174,376484,22-12-2025,27-12-2025,1,499,10,49.9,449.1,Amazon,Offline Store,UPI,Delivered,Delhi,0,,46.04,84.01,44.77
725345,526174,385909,25-12-2025,28-12-2025,2,429,0,0,858,D2C Website,Offline Store,UPI,Delivered,Delhi,0,,40.15,0,57.99
758114,526174,376484,30-12-2025,31-12-2025,1,499,15,74.85,424.15,Amazon,Offline Store,Credit Card,Delivered,Delhi,0,,36.17,81.43,41.16
758117,591715,328746,08-08-2025,12-08-2025,1,299,25,74.75,224.25,Nykaa,Google,UPI,Delivered,Bengaluru,0,,72.68,36.12,36.72
790888,517987,385909,10-11-2025,12-11-2025,1,429,20,85.8,343.2,Amazon,Instagram,Net Banking,Returned,Ahmedabad,1,Wrong Item Delivered,54.47,75.96,20.59
790898,517987,332325,20-11-2025,22-11-2025,1,399,0,0,399,D2C Website,Instagram,Debit Card,Delivered,Ahmedabad,0,,45.99,0,36.95
758135,517987,376622,27-11-2025,01-12-2025,1,899,20,179.8,719.2,Amazon,Instagram,UPI,Returned,Ahmedabad,1,Damaged in Transit,72.03,169.54,28.22
725374,517987,384259,29-11-2025,03-12-2025,2,649,25,324.5,973.5,Offline Store,Instagram,Net Banking,Delivered,Ahmedabad,0,,0,0,45.72
725377,517987,332325,27-12-2025,30-12-2025,1,399,10,39.9,359.1,Myntra,Instagram,UPI,Delivered,Ahmedabad,0,,58.94,57.21,25.49
725381,558947,384259,17-06-2025,20-06-2025,1,649,35,227.15,421.85,Myntra,Instagram,Credit Card,Delivered,Indore,0,,41.4,97.75,49.95
758150,501607,318726,11-06-2025,14-06-2025,2,549,20,219.6,878.4,Nykaa,Instagram,Net Banking,Delivered,Pune,0,,85.52,168.67,21.27
790926,501607,385909,19-08-2025,23-08-2025,1,429,20,85.8,343.2,Offline Store,Instagram,Debit Card,Delivered,Pune,0,,0,0,38.94
790927,501607,376484,28-10-2025,29-10-2025,2,499,20,199.6,798.4,Nykaa,Instagram,UPI,Delivered,Pune,0,,89.89,155,53.44
790928,542568,397912,10-05-2025,13-05-2025,1,399,20,79.8,319.2,Nykaa,Google,Cash on Delivery,Delivered,Mumbai,0,,47.05,63.72,33.81
725397,542568,397912,09-07-2025,11-07-2025,2,399,20,159.6,638.4,D2C Website,Google,Cash on Delivery,Delivered,Mumbai,0,,56.38,0,30.22
790938,575341,328746,25-09-2025,28-09-2025,1,299,25,74.75,224.25,Offline Store,Referral,UPI,Delivered,Pune,0,,0,0,34.79
725403,575341,360142,13-11-2025,15-11-2025,1,349,10,34.9,314.1,Quick Commerce,Referral,Debit Card,Delivered,Pune,0,,66.23,0,31.23
758171,509807,360142,19-11-2025,23-11-2025,2,349,0,0,698,D2C Website,Marketplace,UPI,Delivered,Chandigarh,0,,49.64,0,46.11
725405,567154,347447,28-02-2025,02-03-2025,2,349,20,139.6,558.4,Quick Commerce,Google,Cash on Delivery,Delivered,Chennai,0,,53.55,0,55.43
758170,567154,318726,17-11-2025,20-11-2025,2,549,20,219.6,878.4,D2C Website,Google,Credit Card,Delivered,Chennai,0,,56.49,0,31.14
725407,599930,397647,04-03-2025,09-03-2025,1,799,15,119.85,679.15,Nykaa,Instagram,Cash on Delivery,Delivered,Hyderabad,0,,39.27,134.26,46.88
758177,550779,373579,01-03-2025,04-03-2025,1,449,25,112.25,336.75,Nykaa,Google,Cash on Delivery,Delivered,Delhi,0,,84.86,67.52,30.48
725419,550779,360142,10-08-2025,11-08-2025,1,349,25,87.25,261.75,D2C Website,Google,UPI,Delivered,Delhi,0,,55.63,0,41.69
758189,550779,328746,03-12-2025,09-12-2025,2,299,20,119.6,478.4,Quick Commerce,Google,Credit Card,Delivered,Delhi,0,,54.33,0,36.63
758190,550779,370644,09-12-2025,13-12-2025,1,449,5,22.45,426.55,Amazon,Google,Credit Card,Delivered,Delhi,0,,76.53,101.38,36.17
758192,599943,385909,07-06-2025,13-06-2025,1,429,0,0,429,Nykaa,Instagram,Credit Card,Delivered,Delhi,0,,63.57,94.12,52.66
758194,542600,328746,05-06-2024,09-06-2024,1,299,35,104.65,194.35,Nykaa,Google,Cash on Delivery,Delivered,Pune,0,,66.73,42.67,24.4
758198,542600,384259,04-09-2024,07-09-2024,1,649,5,32.45,616.55,Amazon,Google,Wallet,Delivered,Pune,0,,70.74,135.49,53.51
790969,509838,351856,11-11-2025,14-11-2025,1,449,5,22.45,426.55,D2C Website,Referral,Debit Card,Delivered,Pune,0,,83.53,0,21.33
758209,558991,328746,02-09-2025,05-09-2025,1,299,20,59.8,239.2,Myntra,Instagram,Cash on Delivery,Delivered,Delhi,0,,48.51,50.04,21.08
790981,558991,373579,22-10-2025,26-10-2025,1,449,15,67.35,381.65,Amazon,Instagram,Wallet,Delivered,Delhi,0,,57.25,58.1,48.03
725451,558991,397647,28-12-2025,29-12-2025,3,799,20,479.4,1917.6,D2C Website,Instagram,UPI,Delivered,Delhi,0,,42.46,0,49.4
758224,518030,376622,25-04-2025,30-04-2025,2,899,15,269.7,1528.3,Nykaa,Google,Wallet,Delivered,Jaipur,0,,62.94,307.48,40.28
725457,518030,376484,05-08-2025,10-08-2025,2,499,10,99.8,898.2,Offline Store,Google,Wallet,Delivered,Jaipur,0,,0,0,47.05
758226,518035,373579,08-01-2025,10-01-2025,1,449,10,44.9,404.1,Nykaa,Instagram,UPI,Delivered,Bengaluru,0,,72.39,68.87,26.77
790995,518035,376622,29-01-2025,03-02-2025,1,899,25,224.75,674.25,D2C Website,Instagram,UPI,Delivered,Bengaluru,0,,62.7,0,39.26
790997,599956,360142,02-11-2025,03-11-2025,1,349,15,52.35,296.65,D2C Website,Influencer,Cash on Delivery,Delivered,Lucknow,0,,38.23,0,45.92
725465,501658,385909,12-06-2024,16-06-2024,2,429,5,42.9,815.1,Amazon,Google,UPI,Delivered,Mumbai,0,,38.37,137.49,22.79
758236,501658,376484,31-07-2024,05-08-2024,1,499,10,49.9,449.1,Amazon,Google,UPI,Delivered,Mumbai,0,,83.38,97.73,38.98
758238,501658,397647,28-06-2025,03-07-2025,1,799,35,279.65,519.35,D2C Website,Google,Credit Card,Delivered,Mumbai,0,,77.17,0,40.36
791010,501658,384259,09-08-2025,15-08-2025,1,649,10,64.9,584.1,Quick Commerce,Google,UPI,Delivered,Mumbai,0,,79.9,0,57.22
758246,501658,351856,22-11-2025,27-11-2025,1,449,0,0,449,Amazon,Google,Credit Card,Delivered,Mumbai,0,,88.12,98.89,50.78
725480,583579,328746,11-08-2025,12-08-2025,1,299,20,59.8,239.2,D2C Website,Instagram,Net Banking,Delivered,Chennai,0,,85.29,0,20.24
758249,542622,384259,27-12-2025,30-12-2025,1,649,35,227.15,421.85,Myntra,Instagram,Debit Card,Delivered,Mumbai,0,,43.68,88.05,28.25
725486,575392,328746,04-08-2024,10-08-2024,1,299,5,14.95,284.05,D2C Website,Instagram,Cash on Delivery,Delivered,Kolkata,0,,87.67,0,32.1
791025,599973,376622,21-04-2025,25-04-2025,1,899,20,179.8,719.2,D2C Website,Organic Search,Net Banking,Delivered,Lucknow,0,,55.92,0,27.19
758258,599973,376484,08-06-2025,13-06-2025,1,499,0,0,499,Amazon,Organic Search,Wallet,Delivered,Lucknow,0,,49.22,74.95,44.29
791027,599973,328746,03-09-2025,06-09-2025,2,299,15,89.7,508.3,Quick Commerce,Organic Search,Net Banking,Delivered,Lucknow,0,,85.19,0,49.7
791029,599973,332325,12-10-2025,14-10-2025,2,399,0,0,798,Nykaa,Organic Search,Wallet,Delivered,Lucknow,0,,78.05,175.35,47.75
791030,599973,328746,12-11-2025,13-11-2025,1,299,10,29.9,269.1,Amazon,Organic Search,UPI,Delivered,Lucknow,0,,57.79,54.86,40.08
758262,509862,318726,19-11-2024,22-11-2024,1,549,25,137.25,411.75,Quick Commerce,Referral,UPI,Returned,Mumbai,1,Product Not As Described,64.02,0,54.55
791031,509862,318726,10-03-2025,11-03-2025,1,549,0,0,549,Amazon,Referral,Debit Card,Delivered,Mumbai,0,,83.54,129.07,43.24
758271,509862,347447,29-04-2025,01-05-2025,1,349,15,52.35,296.65,Myntra,Referral,UPI,Delivered,Mumbai,0,,40.12,63.9,20.06
725507,509862,318726,15-08-2025,16-08-2025,1,549,10,54.9,494.1,D2C Website,Referral,UPI,Delivered,Mumbai,0,,37.99,0,43.96
758277,509869,397647,26-11-2024,30-11-2024,1,799,10,79.9,719.1,D2C Website,Marketplace,Net Banking,Returned,Coimbatore,1,Changed Mind,46.2,0,40.53
725509,509876,385909,11-06-2024,15-06-2024,1,429,20,85.8,343.2,Nykaa,Marketplace,Credit Card,Delivered,Bengaluru,0,,44.11,56.64,57.83
758284,509876,318301,17-09-2025,23-09-2025,1,249,15,37.35,211.65,D2C Website,Marketplace,Net Banking,Delivered,Bengaluru,0,,51.28,0,31.97
725523,583606,328746,22-09-2024,26-09-2024,2,299,40,239.2,358.8,Nykaa,Organic Search,Wallet,Delivered,Mumbai,0,,66.87,72.03,33.56
791066,583606,384259,17-08-2025,23-08-2025,1,649,15,97.35,551.65,Quick Commerce,Organic Search,Cash on Delivery,Delivered,Mumbai,0,,69.72,0,23.55
725532,583606,347447,22-11-2025,23-11-2025,1,349,0,0,349,D2C Website,Organic Search,Credit Card,Delivered,Mumbai,0,,67.58,0,24.49
758304,599991,328746,18-11-2025,20-11-2025,1,299,25,74.75,224.25,Amazon,Google,Net Banking,Delivered,Bengaluru,0,,42.28,42.75,42.3
725543,509880,397647,25-10-2024,30-10-2024,1,799,20,159.8,639.2,Nykaa,Instagram,UPI,Delivered,Bengaluru,0,,76.66,99.51,27.01
725544,583611,360142,23-03-2025,26-03-2025,1,349,5,17.45,331.55,D2C Website,Google,Wallet,Delivered,Delhi,0,,79.17,0,35.26
758316,583611,370644,31-03-2025,06-04-2025,2,449,20,179.6,718.4,Myntra,Google,UPI,Delivered,Delhi,0,,72.43,179.48,55
791090,583611,397912,18-10-2025,19-10-2025,2,399,10,79.8,718.2,D2C Website,Google,UPI,Delivered,Delhi,0,,75.47,0,31.81
758328,559048,384259,18-11-2024,21-11-2024,2,649,20,259.6,1038.4,Nykaa,Marketplace,Credit Card,Delivered,Jaipur,0,,67.21,217.72,57.55
725562,559048,376484,26-01-2025,28-01-2025,1,499,15,74.85,424.15,Myntra,Marketplace,UPI,Delivered,Jaipur,0,,45.05,74.17,56.38
791099,559048,384259,29-07-2025,02-08-2025,1,649,20,129.8,519.2,Nykaa,Marketplace,UPI,Delivered,Jaipur,0,,38.23,126,44.4
791104,559049,351856,03-04-2024,06-04-2024,2,449,0,0,898,Nykaa,Organic Search,Cash on Delivery,Delivered,Mumbai,0,,81.45,163.28,55.66
725569,559049,351856,16-08-2024,19-08-2024,2,449,15,134.7,763.3,Quick Commerce,Organic Search,Cash on Delivery,Delivered,Mumbai,0,,73.41,0,37
791105,559050,370644,30-10-2025,02-11-2025,1,449,5,22.45,426.55,Nykaa,Instagram,Cash on Delivery,Delivered,Bengaluru,0,,35.89,75.86,29.72
725571,575454,384259,13-09-2024,15-09-2024,1,649,15,97.35,551.65,D2C Website,Instagram,Net Banking,Delivered,Hyderabad,0,,50.2,0,48.49
791108,575454,373579,12-10-2024,14-10-2024,2,449,25,224.5,673.5,D2C Website,Instagram,UPI,Delivered,Hyderabad,0,,47.7,0,21.54
758340,575454,328746,10-05-2025,14-05-2025,2,299,15,89.7,508.3,D2C Website,Instagram,Debit Card,Delivered,Hyderabad,0,,69.37,0,41.16
758342,575454,318726,20-08-2025,21-08-2025,2,549,15,164.7,933.3,D2C Website,Instagram,Debit Card,Delivered,Hyderabad,0,,66.98,0,42.68
725576,575454,328746,07-10-2025,13-10-2025,1,299,5,14.95,284.05,D2C Website,Instagram,Credit Card,Delivered,Hyderabad,0,,42.42,0,22.02
725578,575454,328746,19-10-2025,24-10-2025,2,299,20,119.6,478.4,D2C Website,Instagram,Debit Card,Delivered,Hyderabad,0,,45.15,0,58.45
758350,575454,332325,25-11-2025,27-11-2025,2,399,15,119.7,678.3,Nykaa,Instagram,Debit Card,Delivered,Hyderabad,0,,39,130.03,38.15
791122,575454,328746,19-12-2025,24-12-2025,3,299,15,134.55,762.45,Nykaa,Instagram,Net Banking,Delivered,Hyderabad,0,,53.96,128.79,44.41
791123,575456,385909,12-12-2025,14-12-2025,2,429,15,128.7,729.3,D2C Website,Instagram,Cash on Delivery,Delivered,Pune,0,,65.41,0,39.1
791127,567271,385909,03-05-2024,08-05-2024,1,429,15,64.35,364.65,D2C Website,Organic Search,UPI,Delivered,Bengaluru,0,,85.4,0,37.35
758361,567271,351856,14-05-2024,19-05-2024,3,449,5,67.35,1279.65,Myntra,Organic Search,Net Banking,Delivered,Bengaluru,0,,46.01,204.19,41.12
725612,567271,385909,19-05-2024,24-05-2024,1,429,10,42.9,386.1,D2C Website,Organic Search,Credit Card,Delivered,Bengaluru,0,,89.51,0,36.1
791152,575465,360142,03-08-2025,04-08-2025,1,349,40,139.6,209.4,Quick Commerce,Instagram,Cash on Delivery,Delivered,Hyderabad,0,,71.2,0,38.66
758385,575465,397912,07-08-2025,12-08-2025,2,399,5,39.9,758.1,D2C Website,Instagram,Credit Card,Delivered,Hyderabad,0,,86.91,0,58.26
758387,575470,318726,06-05-2024,07-05-2024,1,549,15,82.35,466.65,Amazon,Instagram,UPI,Delivered,Pune,0,,66.02,104.11,28.71
791160,559087,385909,21-08-2025,24-08-2025,2,429,15,128.7,729.3,Quick Commerce,Instagram,Cash on Delivery,Delivered,Chennai,0,,69.96,0,41.74
758402,559087,332325,10-11-2025,16-11-2025,2,399,15,119.7,678.3,D2C Website,Instagram,Cash on Delivery,Delivered,Chennai,0,,86.69,0,25.42
791178,526318,318726,25-12-2024,31-12-2024,1,549,15,82.35,466.65,Amazon,Instagram,Credit Card,Delivered,Surat,0,,47.84,94.2,53.27
725644,526318,318726,31-12-2024,04-01-2025,1,549,0,0,549,D2C Website,Instagram,Wallet,Delivered,Surat,0,,58.55,0,57.7
725647,518131,373579,25-09-2024,30-09-2024,2,449,0,0,898,D2C Website,Instagram,Debit Card,Delivered,Ahmedabad,0,,88.84,0,21.36
725652,518131,373579,04-07-2025,07-07-2025,1,449,10,44.9,404.1,Quick Commerce,Instagram,Debit Card,Delivered,Ahmedabad,0,,42.24,0,20.17
725653,518131,397912,13-12-2025,16-12-2025,3,399,20,239.4,957.6,D2C Website,Instagram,Cash on Delivery,Delivered,Ahmedabad,0,,86.44,0,37.94
758422,518131,397647,23-12-2025,24-12-2025,2,799,25,399.5,1198.5,D2C Website,Instagram,Cash on Delivery,Delivered,Ahmedabad,0,,58.68,0,33.33
758427,567286,376484,18-10-2025,20-10-2025,1,499,10,49.9,449.1,Myntra,Referral,Debit Card,Delivered,Bengaluru,0,,49.17,81.17,48.43
791197,567286,384259,26-11-2025,27-11-2025,1,649,5,32.45,616.55,D2C Website,Referral,Net Banking,Delivered,Bengaluru,0,,61.52,0,44.75
791200,518136,328746,30-06-2025,01-07-2025,1,299,10,29.9,269.1,D2C Website,Google,Credit Card,Delivered,Delhi,0,,62.27,0,45.69
725668,534522,328746,23-09-2025,27-09-2025,1,299,5,14.95,284.05,Quick Commerce,Referral,Net Banking,Delivered,Hyderabad,0,,66.66,0,46.53
758437,534522,385909,14-10-2025,16-10-2025,1,429,5,21.45,407.55,Myntra,Referral,UPI,Delivered,Hyderabad,0,,75.93,95.09,43.35
791220,518140,328746,15-09-2025,19-09-2025,1,299,0,0,299,Nykaa,Influencer,UPI,Delivered,Guwahati,0,,45.44,58.59,49.27
758454,509961,318726,09-11-2025,14-11-2025,1,549,5,27.45,521.55,Myntra,Offline Store,Debit Card,Delivered,Delhi,0,,58.72,92.36,37.76
758455,509961,384259,10-11-2025,14-11-2025,1,649,5,32.45,616.55,D2C Website,Offline Store,Credit Card,Delivered,Delhi,0,,77.6,0,32.61
725688,509961,384259,01-12-2025,02-12-2025,2,649,20,259.6,1038.4,Nykaa,Offline Store,Net Banking,Delivered,Delhi,0,,52.67,204.61,51.1
758459,509961,385909,14-12-2025,18-12-2025,1,429,15,64.35,364.65,Quick Commerce,Offline Store,UPI,Delivered,Delhi,0,,88.76,0,47.52
791230,583695,328746,03-10-2025,07-10-2025,1,299,10,29.9,269.1,Quick Commerce,Organic Search,UPI,Delivered,Kolkata,0,,87.86,0,26.66
758465,591891,373579,17-06-2024,19-06-2024,1,449,0,0,449,Amazon,Referral,Debit Card,Delivered,Hyderabad,0,,79.77,69.01,42.33
725701,591891,318726,28-12-2024,29-12-2024,1,549,10,54.9,494.1,Amazon,Referral,Debit Card,Delivered,Hyderabad,0,,39.35,101.02,49.46
791242,591891,384259,24-03-2025,28-03-2025,1,649,10,64.9,584.1,D2C Website,Referral,UPI,Delivered,Hyderabad,0,,74.51,0,44.77
758478,591891,360142,25-04-2025,27-04-2025,1,349,5,17.45,331.55,Myntra,Referral,Cash on Delivery,Delivered,Hyderabad,0,,56.91,53.61,45.86
758479,559130,376484,26-06-2024,29-06-2024,1,499,20,99.8,399.2,Nykaa,Organic Search,Cash on Delivery,Delivered,Hyderabad,0,,80.59,69.69,20.5
725712,550940,351856,14-05-2025,17-05-2025,1,449,10,44.9,404.1,D2C Website,Instagram,Credit Card,Delivered,Delhi,0,,89.7,0,29.95
758482,550940,397912,16-12-2025,22-12-2025,1,399,15,59.85,339.15,D2C Website,Instagram,Net Banking,Delivered,Delhi,0,,44.8,0,52.17
758495,526365,360142,19-12-2024,24-12-2024,1,349,20,69.8,279.2,D2C Website,Marketplace,Debit Card,Delivered,Coimbatore,0,,72.65,0,31.15
791264,501792,397912,08-04-2024,10-04-2024,2,399,15,119.7,678.3,Amazon,Organic Search,UPI,Delivered,Kolkata,0,,73.38,112.42,23.62
725727,501792,318301,17-04-2024,20-04-2024,2,249,35,174.3,323.7,D2C Website,Organic Search,Debit Card,Delivered,Kolkata,0,,74.01,0,28.27
791267,501792,397912,25-06-2025,27-06-2025,1,399,20,79.8,319.2,Amazon,Organic Search,UPI,Delivered,Kolkata,0,,46,61.21,57.3
725736,501792,373579,24-09-2025,28-09-2025,1,449,0,0,449,D2C Website,Organic Search,Net Banking,Delivered,Kolkata,0,,81.75,0,40.13
791275,501792,397912,01-10-2025,02-10-2025,1,399,0,0,399,D2C Website,Organic Search,Credit Card,Delivered,Kolkata,0,,81.22,0,39.5
791280,542753,318726,12-09-2025,13-09-2025,2,549,15,164.7,933.3,Quick Commerce,Influencer,Credit Card,Delivered,Delhi,0,,68.83,0,41.63
725745,542753,376622,28-09-2025,04-10-2025,2,899,25,449.5,1348.5,Nykaa,Influencer,Unknown,Delivered,Delhi,0,,82.61,334.3,23.15
791284,542753,385909,22-11-2025,24-11-2025,1,429,25,107.25,321.75,Amazon,Influencer,Credit Card,Delivered,Delhi,0,,40.29,60.44,41.48
758517,542753,332325,02-12-2025,07-12-2025,2,399,20,159.6,638.4,Amazon,Influencer,UPI,Delivered,Delhi,0,,56.96,106.17,27.46
791285,542753,351856,07-12-2025,12-12-2025,1,449,25,112.25,336.75,Nykaa,Influencer,Net Banking,Delivered,Delhi,0,,89.68,51.6,51.95
791286,591905,332325,02-10-2025,03-10-2025,2,399,0,0,798,Nykaa,Referral,UPI,Delivered,Kochi,0,,60.87,167.63,20.28
791290,575525,328746,20-02-2024,23-02-2024,2,299,20,119.6,478.4,D2C Website,Instagram,UPI,Delivered,Mumbai,0,,74.95,0,58.34
758541,575525,397647,13-03-2024,18-03-2024,1,799,10,79.9,719.1,Amazon,Instagram,UPI,Delivered,Mumbai,0,,42.57,156.69,45.62
725774,575529,384259,30-06-2025,01-07-2025,1,649,25,162.25,486.75,D2C Website,Organic Search,Credit Card,Delivered,Jaipur,0,,66.48,0,49.17
791316,575529,397647,27-08-2025,31-08-2025,1,799,15,119.85,679.15,D2C Website,Organic Search,UPI,Delivered,Jaipur,0,,61.73,0,35.5
758549,575529,318726,21-09-2025,25-09-2025,1,549,20,109.8,439.2,D2C Website,Organic Search,Credit Card,Delivered,Jaipur,0,,52.97,0,50.36
791318,575529,347447,21-12-2025,22-12-2025,1,349,25,87.25,261.75,Myntra,Organic Search,Net Banking,Delivered,Jaipur,0,,42.58,64.82,35.37
791320,575529,376484,23-12-2025,26-12-2025,1,499,10,49.9,449.1,D2C Website,Organic Search,UPI,Delivered,Jaipur,0,,55.57,0,52.52
725785,591917,376484,26-05-2025,30-05-2025,1,499,15,74.85,424.15,Amazon,Influencer,Debit Card,Returned,Vadodara,1,Allergic Reaction,37.85,102.99,29.46
791323,591917,376484,22-08-2025,26-08-2025,1,499,0,0,499,D2C Website,Influencer,Net Banking,Delivered,Vadodara,0,,80.61,0,34.84
758559,591917,328746,27-10-2025,01-11-2025,1,299,0,0,299,D2C Website,Influencer,UPI,Delivered,Vadodara,0,,39.83,0,45.33
758560,518191,376622,24-11-2025,29-11-2025,1,899,20,179.8,719.2,D2C Website,Influencer,Cash on Delivery,Delivered,Bhopal,0,,35.6,0,28.65
791331,550968,376484,01-03-2025,07-03-2025,2,499,20,199.6,798.4,Amazon,Organic Search,Wallet,Delivered,Delhi,0,,55.07,122.06,20.93
758564,550968,360142,24-04-2025,26-04-2025,2,349,10,69.8,628.2,Amazon,Organic Search,UPI,Delivered,Delhi,0,,60.3,142.44,34.84
791339,510011,385909,23-06-2025,25-06-2025,1,429,25,107.25,321.75,Amazon,Organic Search,Unknown,Delivered,Mumbai,0,,69.28,49.6,41.34
725805,510011,360142,24-07-2025,28-07-2025,1,349,0,0,349,Nykaa,Organic Search,UPI,Delivered,Mumbai,0,,62.11,80.78,31.81
791347,510011,328746,27-08-2025,30-08-2025,1,299,15,44.85,254.15,D2C Website,Organic Search,UPI,Delivered,Mumbai,0,,67.48,0,25.48
725813,510011,347447,20-10-2025,26-10-2025,2,349,10,69.8,628.2,D2C Website,Organic Search,Cash on Delivery,Delivered,Mumbai,0,,68.27,0,47.74
791353,510011,373579,08-11-2025,10-11-2025,1,449,0,0,449,Myntra,Organic Search,Credit Card,Delivered,Mumbai,0,,35.9,72.93,42.44
791361,501824,376484,16-08-2024,19-08-2024,1,499,40,199.6,299.4,D2C Website,Instagram,Debit Card,Delivered,Patna,0,,81.49,0,50.48
791367,501824,384259,03-01-2025,07-01-2025,1,649,35,227.15,421.85,Amazon,Instagram,UPI,Delivered,Patna,0,,78.68,70.36,34.84
758600,501824,376484,05-01-2025,10-01-2025,2,499,35,349.3,648.7,Amazon,Instagram,UPI,Delivered,Patna,0,,57.41,117.73,20.48
725837,501824,318726,08-07-2025,12-07-2025,1,549,5,27.45,521.55,D2C Website,Instagram,Wallet,Delivered,Patna,0,,58.1,0,25.58
758611,501824,332325,18-10-2025,19-10-2025,1,399,40,159.6,239.4,D2C Website,Instagram,Debit Card,Delivered,Patna,0,,51.3,0,54.55
791384,583746,373579,31-05-2024,02-06-2024,1,449,0,0,449,D2C Website,Influencer,Net Banking,Delivered,Mumbai,0,,78.99,0,22.52
758619,583746,370644,04-07-2025,05-07-2025,1,449,10,44.9,404.1,D2C Website,Influencer,Credit Card,Delivered,Mumbai,0,,87.52,0,47.24
725859,583748,373579,21-04-2025,25-04-2025,1,449,0,0,449,D2C Website,Influencer,Debit Card,Delivered,Bengaluru,0,,40.16,0,36.93
725869,534600,332325,01-12-2025,03-12-2025,1,399,5,19.95,379.05,Nykaa,Instagram,Credit Card,Delivered,Bengaluru,0,,46.51,68.31,43.63
725873,534600,347447,11-12-2025,16-12-2025,3,349,10,104.7,942.3,Myntra,Instagram,Credit Card,Delivered,Bengaluru,0,,88.27,208.22,49.28
791418,534600,384259,18-12-2025,19-12-2025,1,649,25,162.25,486.75,Myntra,Instagram,UPI,Delivered,Bengaluru,0,,86.64,88.58,56.72
758652,559177,332325,29-06-2025,30-06-2025,1,399,5,19.95,379.05,Nykaa,Instagram,Debit Card,Delivered,Chandigarh,0,,76.72,84.73,57.3
791424,559186,376484,15-10-2024,19-10-2024,1,499,5,24.95,474.05,Quick Commerce,Google,UPI,Returned,Mumbai,1,Damaged in Transit,83.68,0,42.15
791425,559186,397912,11-01-2025,14-01-2025,3,399,25,299.25,897.75,D2C Website,Google,Wallet,Delivered,Mumbai,0,,62.22,0,45.09
725891,559186,328746,28-04-2025,02-05-2025,1,299,10,29.9,269.1,D2C Website,Google,Debit Card,Returned,Mumbai,1,Product Not As Described,35.38,0,47.47
725892,559186,384259,29-05-2025,31-05-2025,3,649,10,194.7,1752.3,Nykaa,Google,Credit Card,Delivered,Mumbai,0,,73.17,436.99,53.9
791430,559186,384259,25-10-2025,26-10-2025,2,649,20,259.6,1038.4,D2C Website,Google,Credit Card,Delivered,Mumbai,0,,48.44,0,20.24
725901,575574,376622,21-08-2024,24-08-2024,2,899,35,629.3,1168.7,D2C Website,Influencer,Wallet,Delivered,Chennai,0,,48.3,0,27.59
791439,575574,376622,30-10-2024,05-11-2024,1,899,25,224.75,674.25,D2C Website,Influencer,Cash on Delivery,Delivered,Chennai,0,,73.42,0,28.51
758672,575574,370644,12-06-2025,14-06-2025,1,449,15,67.35,381.65,Amazon,Influencer,UPI,Delivered,Chennai,0,,50.9,90.09,21.6
791442,501854,328746,25-07-2025,27-07-2025,1,299,10,29.9,269.1,Myntra,Google,UPI,Delivered,Delhi,0,,86.41,62.31,55.83
791452,567391,385909,07-11-2025,09-11-2025,2,429,5,42.9,815.1,Nykaa,Organic Search,UPI,Delivered,Ahmedabad,0,,69.21,197.13,48.36
791457,542823,318301,29-12-2025,31-12-2025,2,249,10,49.8,448.2,Nykaa,Google,Wallet,Delivered,Bengaluru,0,,45.03,77.91,43.01
791458,510057,376622,25-10-2025,29-10-2025,1,899,10,89.9,809.1,D2C Website,Organic Search,Cash on Delivery,Delivered,Hyderabad,0,,47.54,0,51.94
725929,591983,328746,03-04-2024,06-04-2024,2,299,0,0,598,Amazon,Instagram,UPI,Delivered,Mumbai,0,,67.5,93.92,25.97
791472,591983,376622,08-04-2024,14-04-2024,1,899,20,179.8,719.2,D2C Website,Instagram,Debit Card,Delivered,Mumbai,0,,80.09,0,54.48
725936,542840,318726,02-09-2025,04-09-2025,1,549,0,0,549,Nykaa,Google,Cash on Delivery,Delivered,Chennai,0,,85.93,85.51,32.94
725938,542840,385909,30-11-2025,05-12-2025,2,429,20,171.6,686.4,Nykaa,Google,Credit Card,Cancelled,Chennai,0,,87.77,116.81,24.97
758707,559233,328746,10-08-2025,12-08-2025,1,299,0,0,299,Offline Store,Marketplace,Wallet,Returned,Chandigarh,1,Damaged in Transit,0,0,38.7
758711,559233,397647,11-08-2025,13-08-2025,1,799,15,119.85,679.15,Myntra,Marketplace,Cash on Delivery,Delivered,Chandigarh,0,,74.93,130,47.99
791480,559233,328746,19-08-2025,23-08-2025,1,299,0,0,299,D2C Website,Marketplace,UPI,Delivered,Chandigarh,0,,51.43,0,39.13
791483,559233,328746,26-08-2025,30-08-2025,1,299,25,74.75,224.25,D2C Website,Marketplace,Debit Card,Delivered,Chandigarh,0,,65.72,0,22.09
725954,559233,376622,03-09-2025,04-09-2025,2,899,5,89.9,1708.1,Quick Commerce,Marketplace,UPI,Delivered,Chandigarh,0,,52.23,0,44.96
725957,559233,328746,13-09-2025,15-09-2025,2,299,0,0,598,Nykaa,Marketplace,Net Banking,Delivered,Chandigarh,0,,80.33,94.77,45.61
791494,559233,376484,21-10-2025,24-10-2025,1,499,10,49.9,449.1,Amazon,Marketplace,Debit Card,Delivered,Chandigarh,0,,62.28,73.31,20.74
725965,559233,328746,10-12-2025,14-12-2025,2,299,25,149.5,448.5,Amazon,Marketplace,UPI,Delivered,Chandigarh,0,,62.85,101.3,37.12
791505,559233,397647,22-12-2025,25-12-2025,2,799,20,319.6,1278.4,Amazon,Marketplace,Net Banking,Cancelled,Chandigarh,0,,85.93,192.07,53.22
725971,534663,328746,07-09-2025,13-09-2025,2,299,0,0,598,D2C Website,Marketplace,Debit Card,Delivered,Surat,0,,79.27,0,46.49
725987,534664,347447,14-12-2025,18-12-2025,1,349,0,0,349,Amazon,Marketplace,UPI,Delivered,Lucknow,0,,59.63,62.22,32.6
758755,551049,318726,05-01-2025,11-01-2025,1,549,10,54.9,494.1,D2C Website,Organic Search,Net Banking,Delivered,Pune,0,,72.37,0,49.94
791528,551049,376484,27-02-2025,05-03-2025,2,499,25,249.5,748.5,D2C Website,Organic Search,Credit Card,Delivered,Pune,0,,89.85,0,51.58
758762,551049,332325,04-03-2025,10-03-2025,1,399,5,19.95,379.05,Nykaa,Organic Search,Wallet,Returned,Pune,1,Wrong Item Delivered,75.71,58.16,55.55
791533,551049,376484,07-08-2025,08-08-2025,2,499,0,0,998,D2C Website,Organic Search,Unknown,Delivered,Pune,0,,67.85,0,52.02
726006,551049,384259,09-09-2025,13-09-2025,1,649,20,129.8,519.2,Nykaa,Organic Search,Wallet,Delivered,Pune,0,,46.91,100.54,25.27
758776,583819,376622,02-12-2025,06-12-2025,1,899,10,89.9,809.1,Offline Store,Organic Search,Credit Card,Delivered,Lucknow,0,,0,0,24.03
791544,559245,318301,13-07-2024,16-07-2024,1,249,5,12.45,236.55,D2C Website,Referral,Debit Card,Delivered,Mumbai,0,,65.93,0,33.58
726009,575631,376622,16-05-2025,18-05-2025,1,899,10,89.9,809.1,Amazon,Google,Cash on Delivery,Delivered,Chennai,0,,73.45,156.72,56.77
726012,534675,332325,23-10-2025,28-10-2025,2,399,5,39.9,758.1,Nykaa,Offline Store,Credit Card,Delivered,Bengaluru,0,,62.37,136.78,26.9
726013,567449,360142,25-11-2025,29-11-2025,1,349,5,17.45,331.55,Nykaa,Instagram,Credit Card,Delivered,Pune,0,,73.28,74.48,22.57
758781,534687,351856,23-05-2024,28-05-2024,2,449,5,44.9,853.1,Amazon,Google,Credit Card,Delivered,Delhi,0,,38.18,183.33,46.29
791551,534687,351856,05-06-2024,08-06-2024,3,449,20,269.4,1077.6,Amazon,Google,UPI,Delivered,Delhi,0,,56.14,217.91,23.08
758783,534687,376622,09-08-2024,15-08-2024,2,899,25,449.5,1348.5,D2C Website,Google,Debit Card,Delivered,Delhi,0,,66.65,0,34.8
791556,534687,332325,18-04-2025,24-04-2025,1,399,10,39.9,359.1,Nykaa,Google,UPI,Returned,Delhi,1,Allergic Reaction,88.49,75.39,58.74
726025,534687,318726,04-07-2025,05-07-2025,1,549,10,54.9,494.1,D2C Website,Google,Net Banking,Delivered,Delhi,0,,52.85,0,37.14
791562,510114,373579,22-12-2025,28-12-2025,1,449,35,157.15,291.85,Nykaa,Organic Search,Credit Card,Delivered,Lucknow,0,,82.1,72.12,54.32
726027,510114,373579,25-12-2025,27-12-2025,1,449,15,67.35,381.65,D2C Website,Organic Search,Net Banking,Delivered,Lucknow,0,,41.56,0,53.58
726031,510114,373579,28-12-2025,30-12-2025,1,449,10,44.9,404.1,Myntra,Organic Search,Cash on Delivery,Delivered,Lucknow,0,,42.28,76.14,23.96
726033,501934,360142,15-09-2025,21-09-2025,1,349,5,17.45,331.55,Nykaa,Organic Search,Wallet,Delivered,Pune,0,,53.18,81.27,46.62
726035,501934,397647,26-11-2025,30-11-2025,1,799,10,79.9,719.1,D2C Website,Organic Search,Credit Card,Delivered,Pune,0,,76.34,0,34.34
791572,518320,347447,27-07-2025,31-07-2025,1,349,40,139.6,209.4,Amazon,Instagram,UPI,Delivered,Bengaluru,0,,37.88,31.53,40.95
758805,518320,318726,17-08-2025,21-08-2025,1,549,0,0,549,Amazon,Instagram,Debit Card,Delivered,Bengaluru,0,,51.01,129.34,22.3
726039,542906,328746,14-07-2025,17-07-2025,1,299,10,29.9,269.1,D2C Website,Instagram,UPI,Delivered,Jaipur,0,,43.46,0,55.67
791575,501947,376484,06-11-2024,11-11-2024,1,499,20,99.8,399.2,Myntra,Influencer,UPI,Delivered,Delhi,0,,42.9,71.7,53.92
726041,501947,328746,21-06-2025,26-06-2025,1,299,15,44.85,254.15,D2C Website,Influencer,Wallet,Delivered,Delhi,0,,64.39,0,37.03
791583,501947,373579,30-07-2025,01-08-2025,2,449,20,179.6,718.4,D2C Website,Influencer,Debit Card,Returned,Delhi,1,Better Price Found Elsewhere,80.13,0,54.69
758816,501947,376484,31-10-2025,01-11-2025,2,499,25,249.5,748.5,Offline Store,Influencer,Credit Card,Delivered,Delhi,0,,0,0,58.33
791590,510155,376484,29-10-2025,01-11-2025,1,499,25,124.75,374.25,D2C Website,Influencer,Wallet,Delivered,Pune,0,,49.73,0,56.65
758833,551116,373579,08-10-2024,09-10-2024,1,449,5,22.45,426.55,D2C Website,Instagram,Credit Card,Returned,Bengaluru,1,Changed Mind,53.3,0,21.94
758837,551116,351856,16-10-2024,22-10-2024,1,449,5,22.45,426.55,D2C Website,Instagram,Wallet,Delivered,Bengaluru,0,,36.67,0,44.35
791606,534737,360142,06-10-2025,09-10-2025,1,349,20,69.8,279.2,Myntra,Google,UPI,Delivered,Pune,0,,77.36,42.22,45.52
758839,534741,318301,24-09-2025,29-09-2025,1,249,25,62.25,186.75,D2C Website,Instagram,Wallet,Delivered,Ahmedabad,0,,42.42,0,30.91
758847,534741,373579,22-10-2025,27-10-2025,3,449,0,0,1347,D2C Website,Instagram,Wallet,Delivered,Ahmedabad,0,,46.54,0,35.57
726081,534741,397647,19-12-2025,20-12-2025,1,799,15,119.85,679.15,Offline Store,Instagram,UPI,Delivered,Ahmedabad,0,,0,0,56.57
726082,534741,376484,25-12-2025,28-12-2025,1,499,15,74.85,424.15,D2C Website,Instagram,Net Banking,Delivered,Ahmedabad,0,,55.77,0,47.65
726083,583904,332325,10-01-2025,15-01-2025,2,399,5,39.9,758.1,D2C Website,Influencer,Credit Card,Delivered,Jaipur,0,,76.87,0,21.81
791620,583904,376622,12-01-2025,16-01-2025,1,899,5,44.95,854.05,Myntra,Influencer,Cash on Delivery,Delivered,Jaipur,0,,48.8,189.36,25.89
758861,583904,351856,27-04-2025,28-04-2025,2,449,10,89.8,808.2,Myntra,Influencer,UPI,Delivered,Jaipur,0,,54.46,199.58,41.22
726094,583904,318726,11-05-2025,13-05-2025,1,549,0,0,549,D2C Website,Influencer,Net Banking,Cancelled,Jaipur,0,,50.42,0,53.66
791633,583904,351856,16-06-2025,18-06-2025,2,449,20,179.6,718.4,D2C Website,Influencer,Credit Card,Delivered,Jaipur,0,,43.45,0,29.09
726099,583904,384259,24-06-2025,28-06-2025,1,649,5,32.45,616.55,D2C Website,Influencer,UPI,Delivered,Jaipur,0,,60.91,0,41.3
726112,583904,318726,15-09-2025,20-09-2025,1,549,40,219.6,329.4,D2C Website,Influencer,Debit Card,Delivered,Jaipur,0,,87.17,0,46.25
726114,583904,318301,23-10-2025,27-10-2025,1,249,25,62.25,186.75,Amazon,Influencer,UPI,Delivered,Jaipur,0,,72.77,46.56,48.87
791652,583904,332325,26-11-2025,01-12-2025,1,399,15,59.85,339.15,D2C Website,Influencer,UPI,Delivered,Jaipur,0,,74.81,0,53.56
726117,583904,376484,15-12-2025,21-12-2025,2,499,15,149.7,848.3,D2C Website,Influencer,Cash on Delivery,Delivered,Jaipur,0,,56.8,0,40.57
791654,518373,376484,12-09-2025,14-09-2025,3,499,15,224.55,1272.45,Amazon,Google,Credit Card,Delivered,Mumbai,0,,88.41,218.83,37.17
758886,518373,318726,18-11-2025,21-11-2025,1,549,10,54.9,494.1,Nykaa,Google,Cash on Delivery,Delivered,Mumbai,0,,69.25,92.73,31.2
726118,518373,351856,27-12-2025,31-12-2025,1,449,20,89.8,359.2,Nykaa,Google,Credit Card,Delivered,Mumbai,0,,40.43,72.43,59.29
791660,534760,318726,13-12-2024,18-12-2024,1,549,5,27.45,521.55,Myntra,Influencer,UPI,Delivered,Mumbai,0,,85.31,128.65,23.46
758894,534760,376484,08-07-2025,13-07-2025,1,499,5,24.95,474.05,Amazon,Influencer,Cash on Delivery,Delivered,Mumbai,0,,39.97,108.95,41.64
758904,534760,318726,27-07-2025,29-07-2025,2,549,5,54.9,1043.1,D2C Website,Influencer,Cash on Delivery,Delivered,Mumbai,0,,80.28,0,52.87
726142,592104,332325,28-12-2025,02-01-2026,1,399,25,99.75,299.25,Myntra,Influencer,Cash on Delivery,Returned,Mumbai,1,Allergic Reaction,86.03,72.82,29.42
758911,592121,397912,27-08-2024,01-09-2024,1,399,20,79.8,319.2,Offline Store,Google,UPI,Delivered,Ahmedabad,0,,0,0,43.17
726145,592121,397647,22-09-2024,24-09-2024,1,799,5,39.95,759.05,Nykaa,Google,Debit Card,Delivered,Ahmedabad,0,,66.53,165.42,21.44
726146,592121,397912,09-12-2024,13-12-2024,1,399,25,99.75,299.25,D2C Website,Google,Cash on Delivery,Delivered,Ahmedabad,0,,50,0,51.98
791684,592121,360142,02-08-2025,08-08-2025,1,349,5,17.45,331.55,Myntra,Google,UPI,Delivered,Ahmedabad,0,,65.37,71.98,52.4
726149,592121,370644,26-08-2025,31-08-2025,1,449,10,44.9,404.1,Offline Store,Google,Wallet,Delivered,Ahmedabad,0,,0,0,30.38
758918,502011,397912,26-07-2025,31-07-2025,3,399,0,0,1197,D2C Website,Google,Cash on Delivery,Returned,Pune,1,Changed Mind,89.39,0,55.14
791686,502011,360142,24-08-2025,29-08-2025,1,349,20,69.8,279.2,D2C Website,Google,Credit Card,Delivered,Pune,0,,37.19,0,38.1
791692,502011,397647,10-10-2025,15-10-2025,1,799,5,39.95,759.05,Myntra,Google,Debit Card,Delivered,Pune,0,,89.32,141.91,50.48
791700,592124,370644,02-03-2025,07-03-2025,1,449,5,22.45,426.55,Quick Commerce,Instagram,Net Banking,Delivered,Bengaluru,0,,49.5,0,40.47
791701,510205,332325,04-12-2025,06-12-2025,1,399,15,59.85,339.15,Amazon,Organic Search,Credit Card,Delivered,Ahmedabad,0,,56.92,74.11,26.04
726167,534782,360142,13-06-2024,14-06-2024,1,349,0,0,349,Amazon,Influencer,Unknown,Delivered,Delhi,0,,68.14,79.79,45.28
791705,575748,373579,14-08-2025,16-08-2025,3,449,15,202.05,1144.95,Quick Commerce,Instagram,UPI,Delivered,Bengaluru,0,,70.59,0,41.6
758939,575748,376484,06-12-2025,12-12-2025,1,499,10,49.9,449.1,Amazon,Instagram,Cash on Delivery,Delivered,Bengaluru,0,,77.19,71.78,52.62
758944,575748,385909,07-12-2025,11-12-2025,2,429,0,0,858,D2C Website,Instagram,UPI,Delivered,Bengaluru,0,,57.1,0,48.61
726177,551173,376484,24-01-2025,25-01-2025,1,499,5,24.95,474.05,Nykaa,Organic Search,UPI,Delivered,Hyderabad,0,,61.46,77.36,25.87
726179,567561,332325,19-01-2025,22-01-2025,2,399,10,79.8,718.2,Amazon,Organic Search,Unknown,Delivered,Surat,0,,86.13,144.46,37.47
791717,567561,384259,21-01-2025,25-01-2025,2,649,0,0,1298,D2C Website,Organic Search,Cash on Delivery,Returned,Surat,1,Allergic Reaction,48.34,0,32.65
758950,567561,373579,13-04-2025,17-04-2025,1,449,10,44.9,404.1,Amazon,Organic Search,UPI,Delivered,Surat,0,,57.76,81.27,40.74
726186,534795,397912,25-09-2025,28-09-2025,3,399,5,59.85,1137.15,D2C Website,Instagram,Cash on Delivery,Returned,Hyderabad,1,Allergic Reaction,59.54,0,52.01
726197,592141,347447,23-06-2025,25-06-2025,2,349,15,104.7,593.3,Quick Commerce,Influencer,Cash on Delivery,Delivered,Delhi,0,,71.2,0,55.19
791738,592141,397647,04-12-2025,07-12-2025,1,799,10,79.9,719.1,Amazon,Influencer,UPI,Delivered,Delhi,0,,81.43,110.94,32.73
758973,592141,370644,11-12-2025,12-12-2025,1,449,15,67.35,381.65,D2C Website,Influencer,UPI,Delivered,Delhi,0,,70.4,0,40.99
758975,542992,376622,27-08-2024,30-08-2024,1,899,5,44.95,854.05,D2C Website,Influencer,UPI,Delivered,Pune,0,,55.22,0,40.36
758978,542992,347447,10-09-2024,11-09-2024,1,349,5,17.45,331.55,Nykaa,Influencer,Cash on Delivery,Delivered,Pune,0,,61.59,59.96,22.06
726212,542992,376484,11-09-2024,12-09-2024,3,499,15,224.55,1272.45,Quick Commerce,Influencer,UPI,Delivered,Pune,0,,86.49,0,59.11
726213,542992,328746,11-11-2024,12-11-2024,1,299,0,0,299,Amazon,Influencer,Debit Card,Delivered,Pune,0,,59.42,60.87,32.97
726217,534814,332325,26-03-2024,30-03-2024,1,399,0,0,399,Amazon,Google,Wallet,Delivered,Delhi,0,,59.55,77.82,22.14
726224,534814,318726,03-05-2024,05-05-2024,2,549,10,109.8,988.2,Amazon,Google,Debit Card,Delivered,Delhi,0,,77.79,178.13,30.68
758994,534814,332325,05-10-2025,08-10-2025,1,399,0,0,399,Quick Commerce,Google,Credit Card,Delivered,Delhi,0,,88.7,0,42.98
758997,534814,373579,25-10-2025,27-10-2025,1,449,5,22.45,426.55,D2C Website,Google,Cash on Delivery,Delivered,Delhi,0,,58.28,0,54.25
791765,534814,384259,02-12-2025,03-12-2025,1,649,25,162.25,486.75,D2C Website,Google,Cash on Delivery,Delivered,Delhi,0,,46.99,0,25.39
791771,543007,351856,26-08-2025,01-09-2025,1,449,15,67.35,381.65,Amazon,Referral,Debit Card,Delivered,Chennai,0,,67.03,61.79,39.93
791780,543007,328746,28-08-2025,30-08-2025,1,299,35,104.65,194.35,D2C Website,Referral,Wallet,Delivered,Chennai,0,,73.68,0,25.89
726248,543007,385909,01-11-2025,02-11-2025,1,429,10,42.9,386.1,Amazon,Referral,Debit Card,Returned,Chennai,1,Product Not As Described,77.57,95.05,28.34
759017,534816,351856,16-09-2025,17-09-2025,1,449,10,44.9,404.1,Offline Store,Offline Store,UPI,Delivered,Mumbai,0,,0,0,34.73
791789,543025,385909,23-05-2025,26-05-2025,1,429,5,21.45,407.55,Amazon,Referral,Credit Card,Delivered,Ahmedabad,0,,75.5,95.96,22.76
726254,543025,351856,26-05-2025,01-06-2025,1,449,0,0,449,D2C Website,Referral,UPI,Delivered,Ahmedabad,0,,48.61,0,37.31
791791,543025,318726,09-06-2025,13-06-2025,2,549,10,109.8,988.2,D2C Website,Referral,UPI,Delivered,Ahmedabad,0,,51.49,0,51.79
726257,518449,397647,26-08-2025,28-08-2025,1,799,15,119.85,679.15,Myntra,Google,Cash on Delivery,Delivered,Mumbai,0,,69.77,125.33,34.27
726260,502068,384259,24-09-2025,28-09-2025,1,649,25,162.25,486.75,Amazon,Google,UPI,Delivered,Pune,0,,86.1,118.37,24.6
726263,567621,328746,24-02-2025,25-02-2025,1,299,15,44.85,254.15,D2C Website,Influencer,UPI,Delivered,Surat,0,,84.37,0,23.08
759031,584012,397647,06-09-2025,12-09-2025,1,799,20,159.8,639.2,D2C Website,Google,Credit Card,Returned,Lucknow,1,Damaged in Transit,50.77,0,59.94
791803,584012,385909,06-11-2025,09-11-2025,1,429,0,0,429,Myntra,Google,Cash on Delivery,Delivered,Lucknow,0,,56.26,92.99,55.57
726267,584012,318726,08-11-2025,11-11-2025,1,549,5,27.45,521.55,Amazon,Google,Unknown,Delivered,Lucknow,0,,61.78,88.84,37.99
791810,543054,376622,11-12-2025,17-12-2025,2,899,5,89.9,1708.1,D2C Website,Influencer,Debit Card,Delivered,Delhi,0,,64.48,0,31.54
791812,559441,384259,31-07-2024,01-08-2024,1,649,5,32.45,616.55,Myntra,Instagram,Credit Card,Delivered,Delhi,0,,81.9,118.67,33.92
726281,592214,384259,16-06-2025,22-06-2025,1,649,15,97.35,551.65,D2C Website,Instagram,Wallet,Delivered,Delhi,0,,56.15,0,52.77
759055,526680,360142,24-12-2025,28-12-2025,1,349,0,0,349,Amazon,Instagram,Debit Card,Delivered,Delhi,0,,76.04,56.65,59.6
726293,543065,376484,03-01-2024,05-01-2024,1,499,15,74.85,424.15,Nykaa,Offline Store,Debit Card,Delivered,Indore,0,,85.34,95.29,31.12
791831,543064,376484,17-01-2025,19-01-2025,1,499,10,49.9,449.1,Offline Store,Google,Wallet,Delivered,Bhopal,0,,0,0,47.96
726299,526685,384259,14-07-2025,16-07-2025,1,649,0,0,649,D2C Website,Instagram,Debit Card,Delivered,Mumbai,0,,88.46,0,42.15
759069,559459,328746,17-08-2025,23-08-2025,1,299,10,29.9,269.1,Quick Commerce,Google,UPI,Delivered,Ahmedabad,0,,61.09,0,38.09
726306,559459,318726,23-10-2025,25-10-2025,1,549,15,82.35,466.65,D2C Website,Google,UPI,Delivered,Ahmedabad,0,,50.18,0,36.14
791847,559460,373579,24-11-2024,26-11-2024,1,449,0,0,449,Nykaa,Instagram,UPI,Delivered,Bengaluru,0,,60.19,83.09,54.06
791853,559460,373579,06-12-2024,10-12-2024,1,449,25,112.25,336.75,D2C Website,Instagram,Wallet,Delivered,Bengaluru,0,,42.71,0,52.36
759097,510308,397912,09-03-2025,11-03-2025,1,399,20,79.8,319.2,D2C Website,Instagram,Cash on Delivery,Delivered,Delhi,0,,42.05,0,28.73
791872,510308,385909,02-06-2025,05-06-2025,1,429,20,85.8,343.2,Amazon,Instagram,Credit Card,Delivered,Delhi,0,,84.15,73.54,45.35
759105,592231,332325,09-12-2025,11-12-2025,2,399,10,79.8,718.2,Quick Commerce,Instagram,Credit Card,Delivered,Chennai,0,,59.13,0,54.03
726337,584040,351856,26-01-2025,31-01-2025,1,449,10,44.9,404.1,D2C Website,Instagram,Unknown,Delivered,Indore,0,,46.9,0,54.33
791875,575849,373579,18-05-2024,23-05-2024,2,449,20,179.6,718.4,Nykaa,Google,Cash on Delivery,Delivered,Delhi,0,,64.34,117.87,41.44
726336,575849,360142,20-07-2024,23-07-2024,1,349,35,122.15,226.85,Amazon,Google,Credit Card,Delivered,Delhi,0,,47.84,39.5,30.11
759110,575849,384259,15-11-2024,19-11-2024,3,649,20,389.4,1557.6,D2C Website,Google,Cash on Delivery,Delivered,Delhi,0,,73.27,0,34.95
791895,575849,328746,15-12-2024,20-12-2024,2,299,0,0,598,Nykaa,Google,Credit Card,Delivered,Delhi,0,,40.1,98.6,30.43
791900,575849,397647,01-02-2025,05-02-2025,3,799,15,359.55,2037.45,D2C Website,Google,Debit Card,Delivered,Delhi,0,,60.66,0,52.96
759133,575849,373579,17-02-2025,19-02-2025,1,449,20,89.8,359.2,Quick Commerce,Google,Wallet,Delivered,Delhi,0,,35.44,0,20.56
726370,575849,360142,07-03-2025,09-03-2025,3,349,10,104.7,942.3,D2C Website,Google,Debit Card,Delivered,Delhi,0,,70.78,0,37
791915,575849,360142,23-04-2025,28-04-2025,3,349,20,209.4,837.6,D2C Website,Google,Debit Card,Delivered,Delhi,0,,48.38,0,32.48
726379,575849,397647,02-05-2025,05-05-2025,1,799,10,79.9,719.1,D2C Website,Google,Credit Card,Delivered,Delhi,0,,38.57,0,29.15
791919,559469,397647,07-09-2024,13-09-2024,2,799,5,79.9,1518.1,Nykaa,Organic Search,Wallet,Delivered,Indore,0,,61.72,349.19,41.94
759151,559470,332325,11-11-2025,16-11-2025,2,399,20,159.6,638.4,Nykaa,Offline Store,UPI,Delivered,Hyderabad,0,,52.6,136.03,32.05
726389,559473,351856,28-10-2024,01-11-2024,1,449,10,44.9,404.1,D2C Website,Marketplace,Debit Card,Delivered,Bhopal,0,,70.84,0,20.09
791925,559473,351856,17-12-2024,22-12-2024,1,449,40,179.6,269.4,Nykaa,Marketplace,UPI,Delivered,Bhopal,0,,79.47,46.99,22.88
726398,510322,328746,17-05-2025,18-05-2025,1,299,10,29.9,269.1,D2C Website,Google,Cash on Delivery,Delivered,Ahmedabad,0,,37.9,0,27.81
791934,592260,328746,09-12-2024,12-12-2024,1,299,5,14.95,284.05,Amazon,Instagram,Debit Card,Delivered,Pune,0,,78.35,45.33,21.09
759168,592260,332325,08-02-2025,09-02-2025,1,399,10,39.9,359.1,Amazon,Instagram,Credit Card,Delivered,Pune,0,,52.59,56.57,43.55
791942,592260,332325,24-02-2025,25-02-2025,1,399,20,79.8,319.2,D2C Website,Instagram,Credit Card,Delivered,Pune,0,,57.1,0,55.71
759177,592260,318726,16-05-2025,22-05-2025,2,549,10,109.8,988.2,Amazon,Instagram,Cash on Delivery,Delivered,Pune,0,,81.91,160.95,31.12
759178,592260,347447,20-05-2025,23-05-2025,2,349,25,174.5,523.5,D2C Website,Instagram,UPI,Delivered,Pune,0,,88.75,0,25.22
759183,592260,384259,09-07-2025,10-07-2025,2,649,15,194.7,1103.3,Amazon,Instagram,Credit Card,Delivered,Pune,0,,36.51,180.92,58.44
791956,592260,328746,27-10-2025,28-10-2025,1,299,5,14.95,284.05,Amazon,Instagram,UPI,Delivered,Pune,0,,46.43,45.84,41.37
791959,592260,384259,10-11-2025,15-11-2025,2,649,10,129.8,1168.2,Amazon,Instagram,Credit Card,Delivered,Pune,0,,44.59,201.84,27.26
726437,592260,370644,18-11-2025,19-11-2025,3,449,15,202.05,1144.95,D2C Website,Instagram,UPI,Delivered,Pune,0,,43.71,0,49.32
726440,592260,376484,21-11-2025,25-11-2025,1,499,20,99.8,399.2,Nykaa,Instagram,Debit Card,Delivered,Pune,0,,46.91,73.18,27.43
759208,575880,360142,07-10-2024,12-10-2024,1,349,15,52.35,296.65,Nykaa,Instagram,UPI,Delivered,Lucknow,0,,44.56,50.23,22.18
759210,575880,397912,01-01-2025,04-01-2025,1,399,15,59.85,339.15,Amazon,Instagram,UPI,Delivered,Lucknow,0,,70.02,76.32,38.94
726442,575880,370644,17-02-2025,19-02-2025,2,449,0,0,898,D2C Website,Instagram,UPI,Delivered,Lucknow,0,,66.51,0,45.48
726444,575880,373579,12-05-2025,17-05-2025,3,449,15,202.05,1144.95,D2C Website,Instagram,Credit Card,Delivered,Lucknow,0,,47.76,0,36.19
791991,575880,397912,19-05-2025,22-05-2025,2,399,20,159.6,638.4,D2C Website,Instagram,UPI,Delivered,Lucknow,0,,89.85,0,59.27
726462,575880,384259,30-07-2025,02-08-2025,2,649,0,0,1298,Nykaa,Instagram,UPI,Delivered,Lucknow,0,,61.84,203.31,55.89
759233,575880,384259,13-08-2025,16-08-2025,2,649,25,324.5,973.5,Nykaa,Instagram,UPI,Delivered,Lucknow,0,,63.1,230.95,44.78
726467,575880,373579,15-11-2025,18-11-2025,2,449,5,44.9,853.1,Quick Commerce,Instagram,Credit Card,Delivered,Lucknow,0,,61,0,59.7
726475,518537,397647,05-01-2025,08-01-2025,2,799,15,239.7,1358.3,Quick Commerce,Instagram,Wallet,Delivered,Chennai,0,,77.76,0,57.96
726476,518537,397912,09-08-2025,13-08-2025,1,399,15,59.85,339.15,D2C Website,Instagram,UPI,Delivered,Chennai,0,,52.48,0,29.33
726478,502154,318726,29-08-2024,04-09-2024,1,549,0,0,549,Quick Commerce,Influencer,UPI,Delivered,Bengaluru,0,,66.71,0,55.53
759255,510350,376484,09-04-2025,11-04-2025,2,499,20,199.6,798.4,Offline Store,Influencer,Wallet,Delivered,Mumbai,0,,0,0,48.28
792024,584080,376484,08-01-2025,11-01-2025,1,499,20,99.8,399.2,D2C Website,Marketplace,Credit Card,Delivered,Delhi,0,,43.62,0,38.31
759258,584080,397912,02-02-2025,06-02-2025,1,399,10,39.9,359.1,Nykaa,Marketplace,UPI,Delivered,Delhi,0,,65.09,80.62,28.98
759259,584080,347447,18-04-2025,24-04-2025,2,349,15,104.7,593.3,Myntra,Marketplace,UPI,Delivered,Delhi,0,,62.51,121.54,37.17
792031,584080,384259,16-09-2025,17-09-2025,2,649,15,194.7,1103.3,D2C Website,Marketplace,Credit Card,Delivered,Delhi,0,,40.57,0,49.23
726496,559510,384259,30-11-2025,06-12-2025,1,649,5,32.45,616.55,D2C Website,Influencer,Debit Card,Delivered,Jaipur,0,,68.46,0,55.58
792037,567715,384259,16-05-2025,22-05-2025,1,649,5,32.45,616.55,D2C Website,Influencer,UPI,Delivered,Delhi,0,,39.58,0,35.75
726502,567715,384259,26-05-2025,01-06-2025,2,649,10,129.8,1168.2,D2C Website,Influencer,UPI,Delivered,Delhi,0,,60.4,0,21.17
792039,567715,328746,30-07-2025,01-08-2025,1,299,0,0,299,Amazon,Influencer,UPI,Delivered,Delhi,0,,60.93,56.2,26.64
726504,567715,373579,05-10-2025,06-10-2025,1,449,0,0,449,Nykaa,Influencer,Debit Card,Delivered,Delhi,0,,68.74,79.65,52.58
792047,567715,318726,05-11-2025,11-11-2025,1,549,5,27.45,521.55,Nykaa,Influencer,UPI,Delivered,Delhi,0,,56.26,124.98,31
759279,575914,370644,29-11-2024,02-12-2024,1,449,5,22.45,426.55,Quick Commerce,Instagram,UPI,Delivered,Delhi,0,,45.81,0,50.73
792050,584109,351856,04-11-2024,10-11-2024,1,449,25,112.25,336.75,Myntra,Organic Search,Credit Card,Delivered,Mumbai,0,,44.04,78.51,53.7
726518,584109,318301,15-12-2024,19-12-2024,1,249,15,37.35,211.65,Amazon,Organic Search,Net Banking,Delivered,Mumbai,0,,67.88,49.02,38.4
759293,584109,318726,21-03-2025,26-03-2025,2,549,15,164.7,933.3,Offline Store,Organic Search,UPI,Delivered,Mumbai,0,,0,0,43.55
759301,584109,373579,07-05-2025,08-05-2025,1,449,10,44.9,404.1,Myntra,Organic Search,Wallet,Delivered,Mumbai,0,,49.42,93.78,53.86
792069,584109,370644,21-07-2025,27-07-2025,1,449,10,44.9,404.1,Quick Commerce,Organic Search,Net Banking,Delivered,Mumbai,0,,70.31,0,48.1
726546,510384,351856,28-12-2025,29-12-2025,1,449,0,0,449,Myntra,Organic Search,Debit Card,Delivered,Guwahati,0,,71.97,87.62,36.47
726549,526772,360142,22-03-2025,25-03-2025,1,349,5,17.45,331.55,D2C Website,Instagram,UPI,Delivered,Delhi,0,,41.1,0,24.2
759318,534970,397647,09-03-2025,14-03-2025,3,799,20,479.4,1917.6,Offline Store,Google,UPI,Delivered,Lucknow,0,,0,0,36.05
726553,534973,397912,17-06-2025,19-06-2025,3,399,25,299.25,897.75,Nykaa,Referral,UPI,Delivered,Guwahati,0,,61.19,159.07,46.64
792090,534973,318726,29-06-2025,05-07-2025,3,549,10,164.7,1482.3,Quick Commerce,Referral,Debit Card,Delivered,Guwahati,0,,87.63,0,30.95
759325,534973,373579,28-07-2025,31-07-2025,1,449,10,44.9,404.1,Nykaa,Referral,Cash on Delivery,Delivered,Guwahati,0,,78.84,83.38,30.61
759328,534973,332325,05-08-2025,06-08-2025,2,399,0,0,798,Nykaa,Referral,Cash on Delivery,Delivered,Guwahati,0,,46.91,159.09,22.96
792098,534973,360142,17-08-2025,22-08-2025,2,349,25,174.5,523.5,D2C Website,Referral,Cash on Delivery,Returned,Guwahati,1,Changed Mind,57.03,0,59.01
726563,534973,360142,05-11-2025,11-11-2025,1,349,10,34.9,314.1,D2C Website,Referral,Credit Card,Delivered,Guwahati,0,,71.46,0,23.32
759338,534973,397912,10-11-2025,13-11-2025,1,399,10,39.9,359.1,Quick Commerce,Referral,Cash on Delivery,Delivered,Guwahati,0,,85.75,0,55.75
792109,534973,318301,13-12-2025,18-12-2025,1,249,5,12.45,236.55,Offline Store,Referral,UPI,Delivered,Guwahati,0,,0,0,55.27
759347,534973,373579,19-12-2025,20-12-2025,1,449,5,22.45,426.55,Amazon,Referral,Net Banking,Delivered,Guwahati,0,,36.81,87.2,58.59
792127,534973,360142,20-12-2025,25-12-2025,2,349,0,0,698,D2C Website,Referral,UPI,Delivered,Guwahati,0,,51.06,0,24.88
792139,518595,332325,14-03-2025,19-03-2025,2,399,5,39.9,758.1,Nykaa,Influencer,UPI,Delivered,Pune,0,,51.63,184.56,30.45
726604,526794,376484,02-09-2024,05-09-2024,2,499,10,99.8,898.2,Nykaa,Google,Cash on Delivery,Delivered,Jaipur,0,,73.24,172.95,42.62
726607,551374,384259,21-12-2025,22-12-2025,1,649,10,64.9,584.1,Myntra,Referral,UPI,Delivered,Jaipur,0,,38.23,119.36,32.96
726610,575952,351856,27-12-2025,28-12-2025,1,449,10,44.9,404.1,Quick Commerce,Influencer,Credit Card,Delivered,Bengaluru,0,,42.44,0,48.22
792155,535003,397647,08-05-2024,14-05-2024,2,799,10,159.8,1438.2,Offline Store,Marketplace,UPI,Delivered,Bengaluru,0,,0,0,23.68
759388,535003,397647,20-05-2024,25-05-2024,2,799,15,239.7,1358.3,Nykaa,Marketplace,UPI,Delivered,Bengaluru,0,,52.44,289.59,56.35
726626,535003,332325,19-09-2024,20-09-2024,1,399,0,0,399,Myntra,Marketplace,Net Banking,Delivered,Bengaluru,0,,88.34,84.09,39.06
759394,535003,373579,16-10-2024,20-10-2024,1,449,10,44.9,404.1,D2C Website,Marketplace,UPI,Delivered,Bengaluru,0,,82.31,0,27.5
759400,535003,328746,10-03-2025,15-03-2025,3,299,5,44.85,852.15,D2C Website,Marketplace,Credit Card,Delivered,Bengaluru,0,,39.38,0,56.72
759405,535003,318726,22-08-2025,27-08-2025,1,549,20,109.8,439.2,Quick Commerce,Marketplace,UPI,Returned,Bengaluru,1,Changed Mind,71.17,0,35.16
759409,535003,360142,19-10-2025,22-10-2025,2,349,5,34.9,663.1,Quick Commerce,Marketplace,UPI,Delivered,Bengaluru,0,,70.28,0,24.76
792179,535003,370644,23-11-2025,24-11-2025,1,449,5,22.45,426.55,D2C Website,Marketplace,Debit Card,Delivered,Bengaluru,0,,48.06,0,56.8
726644,575965,373579,13-03-2025,17-03-2025,1,449,40,179.6,269.4,Amazon,Google,UPI,Delivered,Bhopal,0,,38.65,45.41,41.91
792182,575965,332325,16-06-2025,19-06-2025,3,399,10,119.7,1077.3,Offline Store,Google,Credit Card,Delivered,Bhopal,0,,0,0,32.93
726649,575965,376622,20-07-2025,24-07-2025,1,899,5,44.95,854.05,Quick Commerce,Google,Credit Card,Returned,Bhopal,1,Better Price Found Elsewhere,84.14,0,20.08
792187,543207,397647,02-03-2025,08-03-2025,1,799,5,39.95,759.05,Amazon,Instagram,Debit Card,Delivered,Surat,0,,73.76,155.06,31.04
759429,543207,397912,27-04-2025,30-04-2025,1,399,5,19.95,379.05,Offline Store,Instagram,UPI,Delivered,Surat,0,,0,0,44.18
726667,543207,373579,18-06-2025,23-06-2025,1,449,10,44.9,404.1,Quick Commerce,Instagram,Cash on Delivery,Delivered,Surat,0,,38.21,0,34.77
759436,535018,376484,01-12-2025,04-12-2025,1,499,5,24.95,474.05,D2C Website,Marketplace,UPI,Delivered,Jaipur,0,,85.44,0,28.33
792207,535018,332325,03-12-2025,08-12-2025,1,399,20,79.8,319.2,D2C Website,Marketplace,Wallet,Delivered,Jaipur,0,,43.01,0,59.62
759444,543213,397912,22-09-2025,26-09-2025,2,399,15,119.7,678.3,Amazon,Instagram,Cash on Delivery,Delivered,Indore,0,,83.07,119.31,39.06
726678,543213,370644,27-09-2025,28-09-2025,2,449,10,89.8,808.2,D2C Website,Instagram,UPI,Delivered,Indore,0,,89.94,0,56.84
726680,543213,360142,19-11-2025,21-11-2025,1,349,5,17.45,331.55,Myntra,Instagram,UPI,Delivered,Indore,0,,63.01,76.87,58.23
726683,543213,397647,26-11-2025,28-11-2025,1,799,10,79.9,719.1,Amazon,Instagram,UPI,Delivered,Indore,0,,63.16,164.49,51.12
759454,543213,370644,30-11-2025,01-12-2025,3,449,35,471.45,875.55,D2C Website,Instagram,UPI,Delivered,Indore,0,,70.1,0,52.51
759468,543213,397647,13-12-2025,18-12-2025,1,799,20,159.8,639.2,D2C Website,Instagram,Credit Card,Delivered,Indore,0,,49.96,0,58.88
726703,559598,318301,30-01-2024,03-02-2024,1,249,5,12.45,236.55,D2C Website,Referral,Cash on Delivery,Delivered,Hyderabad,0,,45.57,0,48.8
726707,559598,370644,09-06-2024,15-06-2024,1,449,0,0,449,Myntra,Referral,Wallet,Delivered,Hyderabad,0,,65.37,77.65,27.24
759475,559598,370644,15-06-2024,18-06-2024,1,449,5,22.45,426.55,D2C Website,Referral,Cash on Delivery,Delivered,Hyderabad,0,,50.27,0,33.07
792253,559598,373579,25-07-2025,27-07-2025,1,449,0,0,449,Quick Commerce,Referral,UPI,Delivered,Hyderabad,0,,68.33,0,43.82
759486,559600,376484,27-10-2025,28-10-2025,1,499,15,74.85,424.15,Quick Commerce,Referral,Debit Card,Delivered,Chennai,0,,86.48,0,33.88
759488,559600,360142,03-11-2025,06-11-2025,3,349,5,52.35,994.65,D2C Website,Referral,UPI,Delivered,Chennai,0,,88.2,0,57.75
726728,559600,384259,06-11-2025,08-11-2025,2,649,15,194.7,1103.3,Amazon,Referral,Credit Card,Delivered,Chennai,0,,42.22,224.04,53.03
759497,559600,370644,15-11-2025,19-11-2025,2,449,15,134.7,763.3,D2C Website,Referral,Credit Card,Delivered,Chennai,0,,70.18,0,57.44
792269,559600,328746,21-11-2025,25-11-2025,2,299,5,29.9,568.1,D2C Website,Referral,UPI,Delivered,Chennai,0,,37.25,0,50.37
759509,559600,397912,26-11-2025,27-11-2025,1,399,15,59.85,339.15,Amazon,Referral,Wallet,Delivered,Chennai,0,,81.83,69.2,20.95
792280,559600,370644,18-12-2025,23-12-2025,3,449,10,134.7,1212.3,Quick Commerce,Referral,Wallet,Delivered,Chennai,0,,82.67,0,57.73
759513,559600,373579,19-12-2025,20-12-2025,2,449,10,89.8,808.2,D2C Website,Referral,Net Banking,Delivered,Chennai,0,,82.94,0,25.05
726744,518643,384259,28-12-2024,01-01-2025,1,649,15,97.35,551.65,Amazon,Google,Cash on Delivery,Delivered,Ahmedabad,0,,50.83,126.87,55.35
759515,518643,351856,23-01-2025,24-01-2025,1,449,20,89.8,359.2,Amazon,Google,UPI,Delivered,Ahmedabad,0,,72.08,76.92,57.05
759516,502260,347447,27-09-2024,03-10-2024,1,349,15,52.35,296.65,D2C Website,Organic Search,UPI,Delivered,Mumbai,0,,36.37,0,59.82
792282,502260,385909,30-01-2025,04-02-2025,1,429,0,0,429,Amazon,Organic Search,Cash on Delivery,Delivered,Mumbai,0,,40.35,92.99,52.96
759512,502260,332325,06-07-2025,12-07-2025,1,399,15,59.85,339.15,Myntra,Organic Search,Net Banking,Delivered,Mumbai,0,,84.71,82.45,52.88
792293,559609,318301,12-07-2024,17-07-2024,1,249,0,0,249,D2C Website,Referral,Net Banking,Cancelled,Bhopal,0,,45.26,0,55.79
726765,559609,347447,30-04-2025,04-05-2025,1,349,5,17.45,331.55,D2C Website,Referral,UPI,Delivered,Bhopal,0,,58.65,0,45.51
726767,543228,397647,27-04-2025,01-05-2025,1,799,5,39.95,759.05,Amazon,Google,Cash on Delivery,Delivered,Bengaluru,0,,37.67,118.92,33.26
792303,543228,360142,01-11-2025,03-11-2025,1,349,20,69.8,279.2,Offline Store,Google,Wallet,Delivered,Bengaluru,0,,0,0,30.93
726769,543228,397912,13-11-2025,14-11-2025,2,399,5,39.9,758.1,D2C Website,Google,UPI,Delivered,Bengaluru,0,,52.51,0,37.77
726772,543228,318301,16-12-2025,18-12-2025,1,249,20,49.8,199.2,D2C Website,Google,UPI,Delivered,Bengaluru,0,,65.81,0,31.95
792309,559614,384259,07-04-2025,10-04-2025,1,649,20,129.8,519.2,D2C Website,Instagram,UPI,Delivered,Mumbai,0,,36.13,0,31.21
759545,576011,385909,20-03-2025,25-03-2025,1,429,15,64.35,364.65,Nykaa,Referral,Debit Card,Delivered,Lucknow,0,,51.57,65.48,50.95
759546,576011,384259,07-11-2025,09-11-2025,1,649,10,64.9,584.1,Amazon,Referral,UPI,Delivered,Lucknow,0,,35.5,138.81,31.28
759547,576011,328746,08-11-2025,14-11-2025,1,299,0,0,299,D2C Website,Referral,Cash on Delivery,Delivered,Lucknow,0,,48.78,0,28.5
726777,576011,347447,20-11-2025,21-11-2025,1,349,10,34.9,314.1,D2C Website,Referral,UPI,Delivered,Lucknow,0,,59.99,0,25.04
792319,535054,318726,11-02-2025,15-02-2025,1,549,15,82.35,466.65,Amazon,Influencer,Net Banking,Delivered,Delhi,0,,53.59,85.29,38.34
759554,535054,397647,01-04-2025,06-04-2025,1,799,40,319.6,479.4,Amazon,Influencer,Wallet,Delivered,Delhi,0,,80.88,90.33,42.52
726787,576019,373579,12-03-2025,14-03-2025,1,449,5,22.45,426.55,Amazon,Instagram,UPI,Delivered,Delhi,0,,89.82,66.6,28.52
792324,559638,376484,21-12-2025,26-12-2025,2,499,5,49.9,948.1,Amazon,Instagram,Cash on Delivery,Delivered,Jaipur,0,,47.22,159.4,23.3
726789,567839,328746,21-02-2025,22-02-2025,2,299,0,0,598,D2C Website,Google,UPI,Delivered,Chennai,0,,85.14,0,25.59
726799,567839,347447,15-05-2025,17-05-2025,3,349,5,52.35,994.65,Offline Store,Google,Net Banking,Returned,Chennai,1,Changed Mind,0,0,47.61
759569,567839,384259,24-07-2025,25-07-2025,2,649,0,0,1298,Offline Store,Google,UPI,Delivered,Chennai,0,,0,0,23.97
792343,510500,376622,17-12-2025,19-12-2025,1,899,15,134.85,764.15,Offline Store,Instagram,Cash on Delivery,Delivered,Mumbai,0,,0,0,21.06
759582,543279,373579,30-07-2024,04-08-2024,1,449,20,89.8,359.2,Quick Commerce,Marketplace,Debit Card,Delivered,Ahmedabad,0,,57.34,0,44.16
759589,543279,360142,27-09-2024,28-09-2024,1,349,15,52.35,296.65,D2C Website,Marketplace,UPI,Delivered,Ahmedabad,0,,89.24,0,52.78
792357,543279,397912,01-12-2024,03-12-2024,1,399,35,139.65,259.35,D2C Website,Marketplace,Debit Card,Delivered,Ahmedabad,0,,47.68,0,26.28
759593,543279,376622,01-04-2025,06-04-2025,1,899,20,179.8,719.2,D2C Website,Marketplace,Credit Card,Delivered,Ahmedabad,0,,80.17,0,20.3
792361,543279,360142,05-10-2025,09-10-2025,2,349,25,174.5,523.5,Amazon,Marketplace,Net Banking,Delivered,Ahmedabad,0,,40.84,109.15,29.57
759594,526896,347447,03-06-2024,07-06-2024,1,349,25,87.25,261.75,D2C Website,Influencer,UPI,Returned,Chennai,1,Product Not As Described,39.66,0,22.47
759597,526896,385909,28-06-2024,04-07-2024,2,429,15,128.7,729.3,Offline Store,Influencer,UPI,Delivered,Chennai,0,,0,0,48.35
792370,584239,332325,01-11-2025,03-11-2025,3,399,10,119.7,1077.3,D2C Website,Organic Search,UPI,Delivered,Indore,0,,53.73,0,48.62
759612,584239,318726,07-12-2025,13-12-2025,1,549,25,137.25,411.75,Amazon,Organic Search,UPI,Delivered,Indore,0,,55.27,82.93,58.79
792382,592435,384259,10-07-2025,13-07-2025,1,649,35,227.15,421.85,Amazon,Google,Cash on Delivery,Delivered,Delhi,0,,79.21,77.79,28.69
759636,592435,384259,15-08-2025,16-08-2025,1,649,20,129.8,519.2,Amazon,Google,Credit Card,Delivered,Delhi,0,,60.78,111.67,56.64
759637,592435,376484,06-09-2025,07-09-2025,2,499,5,49.9,948.1,D2C Website,Google,Debit Card,Delivered,Delhi,0,,55.73,0,37.64
759640,592435,332325,05-12-2025,07-12-2025,2,399,25,199.5,598.5,Amazon,Google,Credit Card,Delivered,Delhi,0,,41.5,136.6,31.83
759641,592435,360142,16-12-2025,18-12-2025,2,349,35,244.3,453.7,Nykaa,Google,UPI,Delivered,Delhi,0,,40.74,99.78,23.21
726878,584246,351856,05-08-2025,11-08-2025,1,449,0,0,449,Amazon,Google,Debit Card,Delivered,Pune,0,,44.72,69.97,38.84
792419,584246,351856,09-08-2025,13-08-2025,1,449,10,44.9,404.1,D2C Website,Google,UPI,Delivered,Pune,0,,36.46,0,43.02
726887,510527,351856,25-05-2025,29-05-2025,1,449,10,44.9,404.1,D2C Website,Instagram,Credit Card,Delivered,Chennai,0,,78.84,0,45
726890,510527,328746,01-08-2025,03-08-2025,1,299,10,29.9,269.1,D2C Website,Instagram,Net Banking,Delivered,Chennai,0,,41.26,0,39.14
759666,510527,328746,10-09-2025,14-09-2025,1,299,5,14.95,284.05,D2C Website,Instagram,UPI,Delivered,Chennai,0,,69.61,0,39.11
792439,510527,328746,28-09-2025,01-10-2025,1,299,40,119.6,179.4,Amazon,Instagram,Debit Card,Delivered,Chennai,0,,72.62,29.62,24.92
726911,576064,347447,16-06-2025,22-06-2025,3,349,15,157.05,889.95,Myntra,Instagram,Cash on Delivery,Delivered,Delhi,0,,63.19,158.81,36.56
726920,576064,328746,03-07-2025,04-07-2025,1,299,15,44.85,254.15,Amazon,Instagram,Net Banking,Delivered,Delhi,0,,68.35,59.62,27.7
726922,576064,318726,02-09-2025,08-09-2025,1,549,10,54.9,494.1,D2C Website,Instagram,Net Banking,Delivered,Delhi,0,,80.66,0,50.92
759694,559682,373579,18-12-2024,24-12-2024,2,449,0,0,898,Quick Commerce,Referral,UPI,Delivered,Kochi,0,,46.39,0,30.39
759695,559682,373579,04-02-2025,10-02-2025,3,449,0,0,1347,Nykaa,Referral,UPI,Delivered,Kochi,0,,55.9,316.74,28.35
792464,559682,373579,19-07-2025,24-07-2025,1,449,5,22.45,426.55,Nykaa,Referral,Cash on Delivery,Returned,Kochi,1,Better Price Found Elsewhere,71.25,68.39,28.07
792466,559682,351856,24-09-2025,28-09-2025,1,449,10,44.9,404.1,Amazon,Referral,Cash on Delivery,Delivered,Kochi,0,,83.53,83.65,33.63
759699,559682,385909,24-12-2025,29-12-2025,2,429,10,85.8,772.2,Quick Commerce,Referral,Credit Card,Delivered,Kochi,0,,40.18,0,51.16
792486,592459,384259,01-03-2025,05-03-2025,1,649,10,64.9,584.1,Offline Store,Organic Search,Net Banking,Delivered,Mumbai,0,,0,0,55.07
726952,559692,384259,15-11-2024,17-11-2024,1,649,15,97.35,551.65,Quick Commerce,Google,UPI,Returned,Nagpur,1,Wrong Item Delivered,89.64,0,32.64
792489,543309,373579,28-08-2025,03-09-2025,2,449,0,0,898,D2C Website,Google,Credit Card,Delivered,Ahmedabad,0,,86.17,0,35.44
726958,543309,397912,27-09-2025,01-10-2025,2,399,10,79.8,718.2,Quick Commerce,Google,UPI,Delivered,Ahmedabad,0,,59.27,0,31.74
726962,543309,318301,29-10-2025,31-10-2025,1,249,10,24.9,224.1,Nykaa,Google,UPI,Delivered,Ahmedabad,0,,50.84,51.59,34.7
726965,510543,328746,22-03-2025,28-03-2025,2,299,15,89.7,508.3,D2C Website,Influencer,UPI,Delivered,Kolkata,0,,35.32,0,36.53
759740,567889,318726,24-02-2025,28-02-2025,1,549,0,0,549,Amazon,Google,Net Banking,Delivered,Coimbatore,0,,41.04,100.68,52.74
726975,584278,385909,26-10-2025,28-10-2025,2,429,10,85.8,772.2,Myntra,Organic Search,Credit Card,Delivered,Bhopal,0,,74.1,183.46,27.17
726976,592476,370644,17-08-2025,20-08-2025,1,449,5,22.45,426.55,Amazon,Instagram,Cash on Delivery,Delivered,Kolkata,0,,42.62,75.47,25.24
759745,592476,332325,06-10-2025,10-10-2025,1,399,25,99.75,299.25,Offline Store,Instagram,UPI,Delivered,Kolkata,0,,0,0,46.27
726978,592476,385909,01-11-2025,03-11-2025,1,429,0,0,429,Amazon,Instagram,Cash on Delivery,Delivered,Kolkata,0,,84.11,72.75,38.46
792517,592476,376622,02-12-2025,08-12-2025,1,899,10,89.9,809.1,D2C Website,Instagram,UPI,Cancelled,Kolkata,0,,73.46,0,49.2
726982,510561,376484,13-10-2025,15-10-2025,1,499,15,74.85,424.15,Nykaa,Instagram,UPI,Delivered,Kolkata,0,,51.02,100.27,46.22
726986,510561,318726,12-11-2025,14-11-2025,1,549,0,0,549,D2C Website,Instagram,Cash on Delivery,Delivered,Kolkata,0,,68.6,0,25.36
726988,576099,318726,06-12-2025,08-12-2025,1,549,25,137.25,411.75,Offline Store,Google,Cash on Delivery,Delivered,Pune,0,,0,0,45.8
792525,518758,373579,16-12-2025,20-12-2025,3,449,10,134.7,1212.3,Myntra,Influencer,Credit Card,Delivered,Bengaluru,0,,56.75,235.82,36.28
759759,518758,397912,20-12-2025,22-12-2025,1,399,0,0,399,Amazon,Influencer,Credit Card,Cancelled,Bengaluru,0,,79.44,91.12,37.05
792531,518758,373579,21-12-2025,22-12-2025,2,449,0,0,898,Amazon,Influencer,Wallet,Delivered,Bengaluru,0,,80.4,214.02,21.08
759768,518758,318726,22-12-2025,23-12-2025,1,549,0,0,549,D2C Website,Influencer,Credit Card,Delivered,Bengaluru,0,,74.6,0,40.72
792544,518758,318726,23-12-2025,26-12-2025,1,549,20,109.8,439.2,Offline Store,Influencer,Debit Card,Delivered,Bengaluru,0,,0,0,52.68
792545,518758,318726,26-12-2025,31-12-2025,3,549,15,247.05,1399.95,Myntra,Influencer,Debit Card,Returned,Bengaluru,1,Better Price Found Elsewhere,46.69,348.99,53.96
759777,592493,397647,21-02-2024,25-02-2024,1,799,15,119.85,679.15,Nykaa,Instagram,UPI,Cancelled,Surat,0,,39.72,152.13,28.27
727019,592493,373579,17-07-2024,20-07-2024,1,449,10,44.9,404.1,Nykaa,Instagram,Credit Card,Delivered,Surat,0,,85.45,70.85,55.63
727021,592493,360142,03-07-2025,08-07-2025,1,349,20,69.8,279.2,Offline Store,Instagram,Cash on Delivery,Delivered,Surat,0,,0,0,42.49
759795,592493,360142,04-08-2025,08-08-2025,1,349,20,69.8,279.2,D2C Website,Instagram,UPI,Delivered,Surat,0,,74.34,0,22.08
727027,592493,373579,09-10-2025,11-10-2025,1,449,25,112.25,336.75,Myntra,Instagram,Credit Card,Delivered,Surat,0,,82.69,62.96,56.32
727030,502389,384259,12-08-2025,18-08-2025,1,649,20,129.8,519.2,Nykaa,Google,UPI,Delivered,Mumbai,0,,39.26,123.29,55.96
792568,518776,351856,09-11-2024,14-11-2024,1,449,15,67.35,381.65,D2C Website,Instagram,Net Banking,Delivered,Delhi,0,,66.74,0,50.29
759802,543357,397647,22-03-2025,28-03-2025,1,799,20,159.8,639.2,D2C Website,Marketplace,Net Banking,Delivered,Mumbai,0,,50.5,0,30.88
759809,510589,373579,05-05-2024,06-05-2024,1,449,0,0,449,D2C Website,Instagram,Credit Card,Delivered,Chennai,0,,80.85,0,27.64
727041,510589,384259,16-05-2024,17-05-2024,1,649,10,64.9,584.1,Amazon,Instagram,Cash on Delivery,Delivered,Chennai,0,,61.25,125.33,38.32
792579,510589,384259,17-06-2024,18-06-2024,1,649,0,0,649,Amazon,Instagram,Cash on Delivery,Returned,Chennai,1,Changed Mind,35.66,137.88,56.89
759810,584323,318726,21-10-2024,26-10-2024,3,549,10,164.7,1482.3,Amazon,Offline Store,Cash on Delivery,Delivered,Lucknow,0,,85.99,235.87,21.49
792577,584323,332325,17-01-2025,23-01-2025,3,399,10,119.7,1077.3,Myntra,Offline Store,Cash on Delivery,Delivered,Lucknow,0,,63.99,258.28,42.35
792585,584323,376484,09-03-2025,13-03-2025,1,499,15,74.85,424.15,D2C Website,Offline Store,UPI,Delivered,Lucknow,0,,58.98,0,24.27
792589,584323,332325,12-04-2025,16-04-2025,3,399,15,179.55,1017.45,Myntra,Offline Store,UPI,Delivered,Lucknow,0,,88.78,233.89,24.51
727057,584323,384259,13-04-2025,17-04-2025,2,649,5,64.9,1233.1,D2C Website,Offline Store,Debit Card,Delivered,Lucknow,0,,56.2,0,34.25
759827,584323,318726,02-05-2025,07-05-2025,2,549,15,164.7,933.3,Myntra,Offline Store,UPI,Delivered,Lucknow,0,,57.76,158.59,39.06
792597,584323,360142,17-10-2025,20-10-2025,3,349,10,104.7,942.3,Myntra,Offline Store,Debit Card,Delivered,Lucknow,0,,88.85,172.71,28.3
727063,584323,384259,30-10-2025,02-11-2025,3,649,20,389.4,1557.6,Quick Commerce,Offline Store,UPI,Delivered,Lucknow,0,,38.68,0,33.91
792600,543369,384259,31-07-2025,03-08-2025,2,649,5,64.9,1233.1,D2C Website,Organic Search,Credit Card,Delivered,Chennai,0,,89.31,0,43.14
792605,543369,332325,25-08-2025,30-08-2025,1,399,15,59.85,339.15,Quick Commerce,Organic Search,UPI,Delivered,Chennai,0,,43.76,0,36.01
792610,543369,328746,25-09-2025,29-09-2025,3,299,5,44.85,852.15,Amazon,Organic Search,Unknown,Delivered,Chennai,0,,53.43,187.51,21.73
727080,543369,351856,09-11-2025,14-11-2025,2,449,10,89.8,808.2,Nykaa,Organic Search,Debit Card,Delivered,Chennai,0,,58.53,196.31,39.4
759850,535179,397912,18-03-2025,19-03-2025,1,399,0,0,399,Quick Commerce,Influencer,Debit Card,Delivered,Coimbatore,0,,63.35,0,28.18
792634,567952,351856,12-11-2024,16-11-2024,1,449,20,89.8,359.2,Amazon,Referral,UPI,Delivered,Bengaluru,0,,70.6,74,30.2
792639,567952,328746,15-09-2025,18-09-2025,2,299,10,59.8,538.2,Quick Commerce,Referral,Wallet,Delivered,Bengaluru,0,,74.06,0,26.58
792642,584343,351856,17-10-2024,18-10-2024,1,449,35,157.15,291.85,D2C Website,Referral,UPI,Returned,Kolkata,1,Product Not As Described,60.69,0,27.62
727111,584343,332325,01-03-2025,06-03-2025,1,399,15,59.85,339.15,D2C Website,Referral,Credit Card,Delivered,Kolkata,0,,85.81,0,25
759885,584343,370644,03-05-2025,04-05-2025,1,449,10,44.9,404.1,D2C Website,Referral,Debit Card,Delivered,Kolkata,0,,77.1,0,28.95
759889,584343,328746,09-09-2025,11-09-2025,1,299,15,44.85,254.15,Amazon,Referral,UPI,Delivered,Kolkata,0,,60.8,58.29,56.79
727122,543404,397912,25-05-2024,27-05-2024,1,399,0,0,399,Offline Store,Google,Debit Card,Delivered,Hyderabad,0,,0,0,47.73
759892,543404,328746,17-11-2024,22-11-2024,1,299,5,14.95,284.05,D2C Website,Google,Net Banking,Delivered,Hyderabad,0,,45.91,0,51.21
759893,543404,318726,19-06-2025,23-06-2025,2,549,15,164.7,933.3,D2C Website,Google,Credit Card,Delivered,Hyderabad,0,,43.05,0,21.92
792663,510641,370644,22-12-2025,25-12-2025,2,449,0,0,898,Nykaa,Google,Cash on Delivery,Delivered,Pune,0,,80.19,178.11,46.49
727132,510641,318726,24-12-2025,25-12-2025,2,549,20,219.6,878.4,D2C Website,Google,Cash on Delivery,Delivered,Pune,0,,80.88,0,51.35
759910,510641,384259,25-12-2025,26-12-2025,3,649,5,97.35,1849.65,D2C Website,Google,UPI,Delivered,Pune,0,,67.04,0,38.99
727147,510641,384259,26-12-2025,01-01-2026,2,649,0,0,1298,Quick Commerce,Google,Credit Card,Delivered,Pune,0,,54.24,0,35.95
792685,510641,360142,27-12-2025,31-12-2025,2,349,10,69.8,628.2,D2C Website,Google,Credit Card,Delivered,Pune,0,,68.4,0,48.94
759917,510641,373579,28-12-2025,30-12-2025,2,449,15,134.7,763.3,D2C Website,Google,Debit Card,Delivered,Pune,0,,77.84,0,20.64
727149,510641,370644,29-12-2025,01-01-2026,1,449,35,157.15,291.85,D2C Website,Google,UPI,Delivered,Pune,0,,86.49,0,53.59
727158,510641,397912,30-12-2025,05-01-2026,1,399,0,0,399,Myntra,Google,UPI,Delivered,Pune,0,,45.8,88.28,38.36
727159,502456,373579,14-07-2025,15-07-2025,1,449,10,44.9,404.1,D2C Website,Google,Debit Card,Cancelled,Coimbatore,0,,48.41,0,44.95
792695,502456,360142,24-07-2025,25-07-2025,2,349,20,139.6,558.4,D2C Website,Google,Credit Card,Delivered,Coimbatore,0,,50.65,0,46.87
792702,502456,318301,17-11-2025,18-11-2025,1,249,10,24.9,224.1,Quick Commerce,Google,Debit Card,Delivered,Coimbatore,0,,78.37,0,43.47
727180,592591,318726,05-02-2025,11-02-2025,1,549,5,27.45,521.55,D2C Website,Instagram,Debit Card,Delivered,Delhi,0,,37.41,0,35.88
792719,559829,360142,22-04-2024,25-04-2024,2,349,10,69.8,628.2,Amazon,Organic Search,Debit Card,Delivered,Jaipur,0,,71.82,139.32,53.79
792720,559829,370644,14-05-2024,19-05-2024,2,449,0,0,898,D2C Website,Organic Search,Net Banking,Delivered,Jaipur,0,,65.6,0,54.16
759956,559829,397912,16-05-2024,19-05-2024,2,399,5,39.9,758.1,D2C Website,Organic Search,Net Banking,Delivered,Jaipur,0,,74.26,0,34.33
727190,559829,373579,28-08-2024,02-09-2024,2,449,10,89.8,808.2,D2C Website,Organic Search,Debit Card,Delivered,Jaipur,0,,50.6,0,36.12
792727,559829,397912,28-05-2025,31-05-2025,1,399,5,19.95,379.05,D2C Website,Organic Search,Credit Card,Delivered,Jaipur,0,,88.37,0,48.44
727192,559829,360142,16-06-2025,22-06-2025,1,349,5,17.45,331.55,Myntra,Organic Search,Debit Card,Delivered,Jaipur,0,,80.75,59.14,52.49
727194,559829,373579,11-09-2025,13-09-2025,1,449,0,0,449,D2C Website,Organic Search,UPI,Delivered,Jaipur,0,,89.72,0,39.79
792733,568021,370644,08-02-2025,10-02-2025,3,449,5,67.35,1279.65,Myntra,Instagram,Debit Card,Delivered,Bengaluru,0,,49.51,260.89,55.56
759969,568021,370644,31-05-2025,06-06-2025,2,449,5,44.9,853.1,D2C Website,Instagram,Credit Card,Delivered,Bengaluru,0,,42.07,0,20.1
727204,568021,351856,30-06-2025,06-07-2025,2,449,25,224.5,673.5,Amazon,Instagram,Credit Card,Delivered,Bengaluru,0,,42.77,146.51,41.84
792741,568021,373579,18-08-2025,19-08-2025,2,449,15,134.7,763.3,D2C Website,Instagram,Debit Card,Delivered,Bengaluru,0,,76.05,0,51.6
792743,568021,370644,29-12-2025,03-01-2026,1,449,25,112.25,336.75,Myntra,Instagram,Debit Card,Delivered,Bengaluru,0,,50.39,76.3,52.96
792751,510682,328746,14-10-2025,20-10-2025,2,299,5,29.9,568.1,D2C Website,Marketplace,Unknown,Delivered,Hyderabad,0,,38.14,0,45.8
727221,502490,376484,05-12-2025,09-12-2025,1,499,0,0,499,D2C Website,Instagram,Cash on Delivery,Delivered,Lucknow,0,,85.03,0,35.26
792760,551645,397912,25-12-2025,26-12-2025,1,399,10,39.9,359.1,Amazon,Instagram,UPI,Delivered,Delhi,0,,37.07,55.91,22.1
759993,576225,328746,12-11-2025,14-11-2025,1,299,20,59.8,239.2,Nykaa,Offline Store,Credit Card,Delivered,Kolkata,0,,47.69,59.38,47.96
727227,576225,376484,14-11-2025,17-11-2025,1,499,10,49.9,449.1,Offline Store,Offline Store,Net Banking,Delivered,Kolkata,0,,0,0,57.73
792766,576225,384259,16-11-2025,21-11-2025,1,649,0,0,649,D2C Website,Offline Store,Debit Card,Delivered,Kolkata,0,,69.19,0,29.2
792767,576225,376484,19-11-2025,25-11-2025,3,499,25,374.25,1122.75,D2C Website,Offline Store,Credit Card,Delivered,Kolkata,0,,59.39,0,36.99
759999,576225,376484,27-11-2025,01-12-2025,2,499,0,0,998,Quick Commerce,Offline Store,Net Banking,Delivered,Kolkata,0,,64.36,0,45.71
760000,576225,347447,01-12-2025,02-12-2025,2,349,0,0,698,D2C Website,Offline Store,UPI,Delivered,Kolkata,0,,42.54,0,45.41
727234,576225,397912,10-12-2025,13-12-2025,1,399,35,139.65,259.35,Nykaa,Offline Store,Credit Card,Delivered,Kolkata,0,,66.46,61.34,51.19
760003,576225,328746,15-12-2025,18-12-2025,1,299,10,29.9,269.1,D2C Website,Offline Store,Credit Card,Delivered,Kolkata,0,,81.57,0,54.87
759998,576225,328746,16-12-2025,18-12-2025,2,299,5,29.9,568.1,D2C Website,Offline Store,Wallet,Delivered,Kolkata,0,,80.55,0,59.91
760008,576225,328746,17-12-2025,20-12-2025,1,299,0,0,299,D2C Website,Offline Store,Credit Card,Delivered,Kolkata,0,,87.08,0,46.97
727259,510693,360142,19-06-2025,21-06-2025,1,349,0,0,349,Amazon,Google,Credit Card,Delivered,Jaipur,0,,50.96,73.94,25.58
760031,510693,385909,22-07-2025,23-07-2025,1,429,5,21.45,407.55,D2C Website,Google,Credit Card,Delivered,Jaipur,0,,42.7,0,36.89
760035,510693,373579,19-09-2025,23-09-2025,2,449,15,134.7,763.3,D2C Website,Google,Credit Card,Delivered,Jaipur,0,,54.58,0,21.15
760036,510696,360142,28-11-2024,02-12-2024,1,349,15,52.35,296.65,D2C Website,Influencer,UPI,Delivered,Delhi,0,,82.67,0,40.36
792809,510696,332325,18-12-2024,20-12-2024,1,399,0,0,399,D2C Website,Influencer,Net Banking,Delivered,Delhi,0,,64.85,0,58.33
792813,518894,318726,19-03-2025,25-03-2025,1,549,5,27.45,521.55,Myntra,Influencer,UPI,Returned,Delhi,1,Better Price Found Elsewhere,75.08,79.51,35.86
760052,518894,373579,23-06-2025,25-06-2025,3,449,10,134.7,1212.3,D2C Website,Influencer,UPI,Delivered,Delhi,0,,57.08,0,43.68
792820,518894,373579,12-07-2025,16-07-2025,2,449,10,89.8,808.2,Nykaa,Influencer,Credit Card,Delivered,Delhi,0,,73.01,162.83,20.45
760057,559871,376484,26-08-2025,27-08-2025,1,499,20,99.8,399.2,D2C Website,Instagram,Cash on Delivery,Delivered,Bengaluru,0,,89.42,0,32.99
727292,559871,318726,21-09-2025,27-09-2025,2,549,5,54.9,1043.1,Amazon,Instagram,Credit Card,Delivered,Bengaluru,0,,64.58,249.51,44.37
760062,559871,384259,30-12-2025,04-01-2026,2,649,40,519.2,778.8,D2C Website,Instagram,Credit Card,Delivered,Bengaluru,0,,79.46,0,42.62
792832,527110,347447,21-10-2025,25-10-2025,1,349,20,69.8,279.2,D2C Website,Marketplace,Debit Card,Delivered,Pune,0,,58.86,0,58.98
792843,527110,318726,08-11-2025,12-11-2025,1,549,20,109.8,439.2,Nykaa,Marketplace,Credit Card,Delivered,Pune,0,,45.34,89.99,42.28
760076,527110,328746,26-11-2025,01-12-2025,1,299,0,0,299,Quick Commerce,Marketplace,UPI,Delivered,Pune,0,,36.61,0,22.9
792845,559878,384259,16-10-2024,20-10-2024,2,649,0,0,1298,Nykaa,Google,UPI,Delivered,Jaipur,0,,56.31,317.65,39.31
760085,559878,328746,13-09-2025,18-09-2025,1,299,15,44.85,254.15,Amazon,Google,UPI,Delivered,Jaipur,0,,67.46,59.04,57.96
792858,502540,384259,10-04-2025,11-04-2025,2,649,0,0,1298,Myntra,Influencer,Credit Card,Delivered,Patna,0,,70.66,251.99,53.66
792864,510735,397912,25-12-2024,26-12-2024,1,399,20,79.8,319.2,Amazon,Referral,Debit Card,Delivered,Mumbai,0,,37.4,59.41,48.74
792866,559890,332325,21-10-2025,27-10-2025,1,399,15,59.85,339.15,D2C Website,Instagram,Cash on Delivery,Delivered,Pune,0,,63.76,0,37.89
792868,592662,397912,26-11-2025,02-12-2025,1,399,10,39.9,359.1,Nykaa,Referral,Credit Card,Delivered,Mumbai,0,,47.81,55.65,20.67
727334,502552,347447,18-11-2025,19-11-2025,1,349,10,34.9,314.1,Quick Commerce,Google,Net Banking,Cancelled,Pune,0,,83.25,0,33.6
727339,510745,332325,27-12-2024,01-01-2025,1,399,25,99.75,299.25,Amazon,Offline Store,UPI,Delivered,Lucknow,0,,71.39,45.57,44.03
760108,510745,397912,06-03-2025,08-03-2025,1,399,15,59.85,339.15,Amazon,Offline Store,UPI,Delivered,Lucknow,0,,57.44,79.73,28.43
727342,510745,370644,28-04-2025,03-05-2025,1,449,10,44.9,404.1,Myntra,Offline Store,UPI,Delivered,Lucknow,0,,37.3,67.41,51.3
760117,510745,397647,18-08-2025,20-08-2025,1,799,35,279.65,519.35,D2C Website,Offline Store,UPI,Delivered,Lucknow,0,,42.49,0,30.47
727349,510745,370644,25-10-2025,29-10-2025,1,449,25,112.25,336.75,D2C Website,Offline Store,Credit Card,Delivered,Lucknow,0,,58.29,0,30.38
760124,543515,385909,02-04-2025,04-04-2025,1,429,10,42.9,386.1,Myntra,Organic Search,UPI,Delivered,Chennai,0,,69.93,88.52,59.77
760129,535325,385909,12-12-2025,16-12-2025,1,429,5,21.45,407.55,Amazon,Marketplace,Cash on Delivery,Delivered,Mumbai,0,,55.21,100.3,36.32
727361,535325,351856,18-12-2025,22-12-2025,1,449,10,44.9,404.1,Amazon,Marketplace,Cash on Delivery,Delivered,Mumbai,0,,64.85,89.72,39.72
727368,535325,351856,25-12-2025,26-12-2025,2,449,10,89.8,808.2,Offline Store,Marketplace,Credit Card,Delivered,Mumbai,0,,0,0,46.21
727370,502560,347447,19-03-2025,24-03-2025,2,349,15,104.7,593.3,D2C Website,Instagram,UPI,Delivered,Pune,0,,76.11,0,30.71
760138,551717,397647,29-02-2024,06-03-2024,1,799,15,119.85,679.15,Myntra,Organic Search,UPI,Delivered,Pune,0,,43.8,131.01,36.66
792912,551717,328746,01-04-2024,05-04-2024,1,299,5,14.95,284.05,D2C Website,Organic Search,Credit Card,Delivered,Pune,0,,80.64,0,40.7
760149,551717,385909,24-05-2024,25-05-2024,1,429,10,42.9,386.1,Myntra,Organic Search,Net Banking,Returned,Pune,1,Product Not As Described,61,89.24,40.98
760156,559914,332325,13-06-2025,19-06-2025,2,399,0,0,798,D2C Website,Organic Search,UPI,Delivered,Hyderabad,0,,48.85,0,29.75
792931,559914,318301,13-07-2025,17-07-2025,1,249,20,49.8,199.2,D2C Website,Organic Search,Cash on Delivery,Delivered,Hyderabad,0,,72.98,0,54.66
792933,559914,376622,26-07-2025,27-07-2025,1,899,20,179.8,719.2,D2C Website,Organic Search,Debit Card,Delivered,Hyderabad,0,,78.47,0,32.77
792940,559914,347447,19-10-2025,25-10-2025,2,349,20,139.6,558.4,Amazon,Organic Search,Credit Card,Delivered,Hyderabad,0,,49.8,93.52,38.54
727405,518958,328746,25-03-2025,26-03-2025,3,299,5,44.85,852.15,D2C Website,Marketplace,UPI,Delivered,Bengaluru,0,,59.58,0,56.59
792943,518958,332325,26-05-2025,28-05-2025,1,399,10,39.9,359.1,Offline Store,Marketplace,UPI,Delivered,Bengaluru,0,,0,0,43.61
792946,518958,318726,07-06-2025,10-06-2025,2,549,15,164.7,933.3,Amazon,Marketplace,Debit Card,Delivered,Bengaluru,0,,35.26,230.48,42.49
760178,518958,397647,20-07-2025,24-07-2025,1,799,10,79.9,719.1,Amazon,Marketplace,Cash on Delivery,Delivered,Bengaluru,0,,54.31,148.07,34.17
792955,518958,397647,19-10-2025,25-10-2025,3,799,15,359.55,2037.45,Quick Commerce,Marketplace,Credit Card,Returned,Bengaluru,1,Product Not As Described,35.27,0,59.7
760187,518958,397912,14-12-2025,20-12-2025,2,399,0,0,798,Amazon,Marketplace,UPI,Delivered,Bengaluru,0,,52.14,164.57,33.74
792958,527152,318726,19-08-2025,24-08-2025,1,549,20,109.8,439.2,Myntra,Influencer,Net Banking,Delivered,Chennai,0,,71.98,95.91,29.3
727423,584497,360142,17-03-2025,19-03-2025,1,349,0,0,349,Quick Commerce,Instagram,Cash on Delivery,Delivered,Delhi,0,,74.69,0,56.23
727424,543540,318726,31-10-2025,02-11-2025,2,549,15,164.7,933.3,Myntra,Google,UPI,Delivered,Mumbai,0,,60.34,157.23,30.57
727425,543540,332325,02-12-2025,08-12-2025,3,399,20,239.4,957.6,Quick Commerce,Google,Cash on Delivery,Delivered,Mumbai,0,,45.07,0,46.71
727434,543540,376484,12-12-2025,13-12-2025,1,499,10,49.9,449.1,Offline Store,Google,Cash on Delivery,Delivered,Mumbai,0,,0,0,39.84
792970,518964,376484,05-09-2024,08-09-2024,1,499,40,199.6,299.4,D2C Website,Google,UPI,Delivered,Pune,0,,58.73,0,21.64
760204,518964,376484,10-04-2025,16-04-2025,2,499,5,49.9,948.1,Amazon,Google,Debit Card,Delivered,Pune,0,,40.16,164.23,39.07
792976,518964,328746,31-05-2025,03-06-2025,2,299,5,29.9,568.1,D2C Website,Google,UPI,Delivered,Pune,0,,54.66,0,50.23
727443,518964,328746,06-06-2025,10-06-2025,2,299,0,0,598,Nykaa,Google,UPI,Returned,Pune,1,Changed Mind,57.98,144.94,38.96
760213,559929,360142,20-05-2024,22-05-2024,2,349,0,0,698,Amazon,Organic Search,UPI,Delivered,Bengaluru,0,,40.25,122.16,53.74
727450,559929,397647,30-05-2024,05-06-2024,2,799,10,159.8,1438.2,D2C Website,Organic Search,Debit Card,Delivered,Bengaluru,0,,61.16,0,58.53
760225,592708,384259,16-12-2025,20-12-2025,1,649,0,0,649,D2C Website,Google,Credit Card,Delivered,Jaipur,0,,40.58,0,50.13
727462,584518,318726,05-09-2025,06-09-2025,2,549,15,164.7,933.3,Quick Commerce,Marketplace,UPI,Delivered,Surat,0,,78.09,0,37.68
793004,568146,328746,18-02-2025,19-02-2025,2,299,0,0,598,D2C Website,Google,Credit Card,Delivered,Bengaluru,0,,58.73,0,20.81
727470,568146,376484,18-05-2025,23-05-2025,1,499,5,24.95,474.05,Nykaa,Google,Debit Card,Delivered,Bengaluru,0,,58.97,116.13,39.76
727477,568146,373579,07-11-2025,09-11-2025,1,449,5,22.45,426.55,D2C Website,Google,UPI,Delivered,Bengaluru,0,,73.71,0,36.75
760248,568146,385909,03-12-2025,04-12-2025,1,429,10,42.9,386.1,Nykaa,Google,Wallet,Delivered,Bengaluru,0,,46.84,94.68,51.27
793018,543573,328746,26-01-2025,31-01-2025,2,299,35,209.3,388.7,D2C Website,Instagram,Net Banking,Delivered,Bengaluru,0,,86.47,0,46.3
727490,576350,332325,18-09-2025,20-09-2025,3,399,0,0,1197,Amazon,Instagram,UPI,Delivered,Pune,0,,82.25,223.39,25.79
793029,576350,328746,17-10-2025,23-10-2025,1,299,15,44.85,254.15,Quick Commerce,Instagram,UPI,Delivered,Pune,0,,48.55,0,25.3
727494,576350,384259,16-11-2025,19-11-2025,2,649,15,194.7,1103.3,D2C Website,Instagram,Cash on Delivery,Returned,Pune,1,Product Not As Described,60.66,0,44.26
760266,535400,397912,26-11-2024,27-11-2024,1,399,5,19.95,379.05,Myntra,Organic Search,Wallet,Delivered,Chennai,0,,45.67,80.69,23.4
727502,535400,328746,05-01-2025,07-01-2025,1,299,10,29.9,269.1,Offline Store,Organic Search,UPI,Delivered,Chennai,0,,0,0,29.95
727504,535400,318726,27-09-2025,30-09-2025,2,549,10,109.8,988.2,Amazon,Organic Search,UPI,Delivered,Chennai,0,,83.76,226.85,47.43
793047,592749,351856,17-07-2024,22-07-2024,1,449,0,0,449,D2C Website,Influencer,Credit Card,Delivered,Patna,0,,84.68,0,58.4
727521,592749,351856,18-10-2024,22-10-2024,1,449,15,67.35,381.65,Amazon,Influencer,Credit Card,Delivered,Patna,0,,41.13,63.42,37.09
793059,592749,318726,13-11-2024,14-11-2024,1,549,5,27.45,521.55,D2C Website,Influencer,Cash on Delivery,Delivered,Patna,0,,75.21,0,39.57
793064,576380,332325,19-06-2024,20-06-2024,1,399,20,79.8,319.2,D2C Website,Google,Credit Card,Delivered,Chennai,0,,48.54,0,42.69
727529,551807,360142,26-03-2025,30-03-2025,1,349,15,52.35,296.65,D2C Website,Instagram,UPI,Delivered,Indore,0,,41.26,0,21.08
727536,551807,370644,19-07-2025,24-07-2025,2,449,5,44.9,853.1,D2C Website,Instagram,UPI,Delivered,Indore,0,,61.8,0,37.68
793081,551807,332325,28-07-2025,02-08-2025,1,399,35,139.65,259.35,Amazon,Instagram,UPI,Delivered,Indore,0,,39.45,60.7,54.54
760314,551807,373579,17-11-2025,20-11-2025,1,449,20,89.8,359.2,D2C Website,Instagram,Credit Card,Cancelled,Indore,0,,35.57,0,59.53
760319,527235,347447,27-06-2025,02-07-2025,1,349,15,52.35,296.65,Amazon,Offline Store,UPI,Delivered,Pune,0,,75.96,70.81,32.39
760322,527235,347447,04-09-2025,05-09-2025,1,349,10,34.9,314.1,Amazon,Offline Store,UPI,Delivered,Pune,0,,56.99,57.05,50.45
760323,527235,318726,03-11-2025,09-11-2025,1,549,10,54.9,494.1,Myntra,Offline Store,Unknown,Delivered,Pune,0,,68.25,87.56,48.75
727556,527235,373579,16-11-2025,20-11-2025,1,449,15,67.35,381.65,Nykaa,Offline Store,UPI,Delivered,Pune,0,,54.14,74.77,45.02
793093,527235,328746,06-12-2025,12-12-2025,1,299,10,29.9,269.1,D2C Website,Offline Store,Credit Card,Delivered,Pune,0,,78.38,0,41.67
793094,592778,360142,16-02-2025,21-02-2025,2,349,25,174.5,523.5,Myntra,Instagram,Cash on Delivery,Delivered,Indore,0,,38.94,101.89,54.85
760325,502671,332325,14-12-2024,17-12-2024,1,399,25,99.75,299.25,D2C Website,Marketplace,Credit Card,Delivered,Delhi,0,,40.53,0,32.42
760324,584599,397647,20-09-2025,21-09-2025,1,799,15,119.85,679.15,Amazon,Google,Cash on Delivery,Delivered,Delhi,0,,72.68,152.15,23.07
727563,584599,384259,21-09-2025,25-09-2025,2,649,20,259.6,1038.4,Amazon,Google,UPI,Delivered,Delhi,0,,70.04,230.91,28.89
727568,584599,328746,07-10-2025,09-10-2025,1,299,5,14.95,284.05,D2C Website,Google,Cash on Delivery,Delivered,Delhi,0,,72.22,0,47.21
760338,584599,328746,08-11-2025,14-11-2025,1,299,15,44.85,254.15,Myntra,Google,UPI,Delivered,Delhi,0,,55.92,44.36,20.51
760339,584599,351856,23-12-2025,28-12-2025,2,449,15,134.7,763.3,D2C Website,Google,Debit Card,Delivered,Delhi,0,,70.64,0,37.14
727575,584599,328746,26-12-2025,27-12-2025,3,299,35,313.95,583.05,Quick Commerce,Google,Net Banking,Returned,Delhi,1,Better Price Found Elsewhere,42.12,0,30.28
760344,584607,384259,27-07-2024,31-07-2024,2,649,5,64.9,1233.1,Nykaa,Referral,Cash on Delivery,Returned,Mumbai,1,Wrong Item Delivered,58.85,241.29,30.76
727585,592801,373579,03-11-2025,09-11-2025,1,449,20,89.8,359.2,Nykaa,Referral,Credit Card,Returned,Hyderabad,1,Product Not As Described,40.73,75.67,28.67
793121,560036,384259,08-12-2024,13-12-2024,1,649,40,259.6,389.4,Nykaa,Marketplace,UPI,Delivered,Chennai,0,,78.92,82.64,32.16
760357,560036,318301,23-12-2024,26-12-2024,1,249,20,49.8,199.2,Amazon,Marketplace,Net Banking,Delivered,Chennai,0,,68.93,39.29,33.76
793138,560036,332325,23-11-2025,24-11-2025,1,399,20,79.8,319.2,D2C Website,Marketplace,Credit Card,Delivered,Chennai,0,,59.94,0,39.94
760370,560036,318726,01-12-2025,05-12-2025,2,549,5,54.9,1043.1,D2C Website,Marketplace,UPI,Delivered,Chennai,0,,79.6,0,47.52
760372,543655,376484,24-09-2025,28-09-2025,1,499,15,74.85,424.15,Offline Store,Influencer,UPI,Delivered,Guwahati,0,,0,0,34.18
727605,543655,347447,11-12-2025,17-12-2025,1,349,10,34.9,314.1,Amazon,Influencer,Net Banking,Delivered,Guwahati,0,,85.8,73.16,37.62
727606,519080,318726,16-04-2025,18-04-2025,1,549,5,27.45,521.55,Myntra,Instagram,UPI,Delivered,Hyderabad,0,,81.53,88.43,40.99
727608,519080,332325,25-04-2025,26-04-2025,1,399,10,39.9,359.1,Nykaa,Instagram,UPI,Delivered,Hyderabad,0,,72.81,58.88,57.11
760377,519080,360142,28-08-2025,31-08-2025,1,349,10,34.9,314.1,Quick Commerce,Instagram,UPI,Returned,Hyderabad,1,Allergic Reaction,87.88,0,32.08
793146,576435,351856,20-12-2024,24-12-2024,1,449,5,22.45,426.55,Offline Store,Instagram,Debit Card,Delivered,Hyderabad,0,,0,0,28.74
727611,576435,351856,11-11-2025,17-11-2025,1,449,40,179.6,269.4,D2C Website,Instagram,Wallet,Delivered,Hyderabad,0,,79.3,0,36.64
727614,502719,373579,12-06-2025,18-06-2025,1,449,15,67.35,381.65,Quick Commerce,Marketplace,Credit Card,Delivered,Bengaluru,0,,55.6,0,31.82
760384,551873,351856,28-05-2025,31-05-2025,1,449,20,89.8,359.2,Amazon,Offline Store,Debit Card,Delivered,Mumbai,0,,56.36,84.11,35.08
727619,551873,318726,02-09-2025,06-09-2025,1,549,10,54.9,494.1,Amazon,Offline Store,UPI,Delivered,Mumbai,0,,85.98,118.7,28.66
760390,551873,351856,14-09-2025,20-09-2025,2,449,25,224.5,673.5,D2C Website,Offline Store,UPI,Delivered,Mumbai,0,,75.09,0,47.6
727627,551876,351856,19-12-2025,25-12-2025,1,449,25,112.25,336.75,D2C Website,Influencer,UPI,Delivered,Bengaluru,0,,86.43,0,35.33
760398,560068,332325,27-10-2025,28-10-2025,1,399,10,39.9,359.1,Amazon,Influencer,Credit Card,Delivered,Chandigarh,0,,75.86,55.66,47.42
727636,543687,318726,13-10-2025,15-10-2025,2,549,20,219.6,878.4,D2C Website,Referral,Cash on Delivery,Delivered,Kolkata,0,,43.63,0,39.19
760404,551879,384259,26-02-2025,27-02-2025,1,649,20,129.8,519.2,D2C Website,Influencer,Credit Card,Delivered,Hyderabad,0,,67.09,0,59.56
760412,551879,370644,14-10-2025,15-10-2025,2,449,40,359.2,538.8,D2C Website,Influencer,Cash on Delivery,Delivered,Hyderabad,0,,61.43,0,47.09
760415,502733,347447,27-09-2025,01-10-2025,1,349,0,0,349,D2C Website,Instagram,UPI,Delivered,Delhi,0,,66.99,0,37.95
760418,543694,360142,01-06-2025,04-06-2025,1,349,15,52.35,296.65,Amazon,Influencer,Credit Card,Delivered,Hyderabad,0,,75.58,55.06,42.12
760429,543694,328746,29-11-2025,30-11-2025,1,299,20,59.8,239.2,Amazon,Influencer,Net Banking,Delivered,Hyderabad,0,,35.52,57.2,23.08
727665,543694,373579,15-12-2025,21-12-2025,1,449,20,89.8,359.2,Nykaa,Influencer,UPI,Delivered,Hyderabad,0,,52.24,84.96,54.46
793211,584659,385909,12-01-2025,13-01-2025,1,429,5,21.45,407.55,D2C Website,Instagram,Unknown,Delivered,Jaipur,0,,60.35,0,58.2
760444,584659,328746,30-11-2025,04-12-2025,2,299,5,29.9,568.1,D2C Website,Instagram,Debit Card,Delivered,Jaipur,0,,75.97,0,50.13
760447,535509,328746,27-12-2025,29-12-2025,1,299,5,14.95,284.05,Offline Store,Offline Store,Credit Card,Delivered,Delhi,0,,0,0,42.42
727686,543713,328746,18-12-2025,24-12-2025,1,299,5,14.95,284.05,D2C Website,Organic Search,Debit Card,Delivered,Bengaluru,0,,70.65,0,55.48
760461,584675,397912,23-03-2025,24-03-2025,1,399,10,39.9,359.1,Nykaa,Google,UPI,Delivered,Mumbai,0,,35.71,76.96,23.07
793232,502757,332325,18-08-2025,20-08-2025,1,399,35,139.65,259.35,Offline Store,Google,UPI,Delivered,Patna,0,,0,0,47.64
727696,502757,318726,01-09-2025,02-09-2025,2,549,10,109.8,988.2,D2C Website,Google,UPI,Delivered,Patna,0,,48.31,0,38.81
793237,502757,328746,06-09-2025,09-09-2025,1,299,0,0,299,D2C Website,Google,Debit Card,Delivered,Patna,0,,37.01,0,53.92
760470,502757,328746,27-10-2025,01-11-2025,1,299,35,104.65,194.35,Amazon,Google,UPI,Delivered,Patna,0,,71.99,33.87,44.06
727704,519142,373579,29-10-2025,01-11-2025,3,449,5,67.35,1279.65,Amazon,Influencer,Debit Card,Delivered,Ahmedabad,0,,58.16,235.68,58.71
793242,543719,376622,19-12-2025,22-12-2025,1,899,40,359.6,539.4,Nykaa,Instagram,UPI,Delivered,Delhi,0,,40.82,129.02,52.35
760476,584689,373579,10-02-2025,15-02-2025,1,449,35,157.15,291.85,Amazon,Instagram,Cash on Delivery,Delivered,Mumbai,0,,75.65,45.73,59.26
793245,576503,347447,26-05-2025,28-05-2025,1,349,0,0,349,Nykaa,Instagram,Debit Card,Delivered,Bengaluru,0,,73.68,56.06,27.29
760477,576503,318726,08-08-2025,09-08-2025,1,549,20,109.8,439.2,Offline Store,Instagram,Cash on Delivery,Delivered,Bengaluru,0,,0,0,41.68
793244,584696,328746,01-03-2024,07-03-2024,1,299,20,59.8,239.2,D2C Website,Offline Store,UPI,Delivered,Bengaluru,0,,48.84,0,29.35
727719,584696,332325,29-03-2024,31-03-2024,1,399,0,0,399,Nykaa,Offline Store,Debit Card,Delivered,Bengaluru,0,,35.48,83.91,50.87
727720,584696,384259,11-04-2024,15-04-2024,1,649,15,97.35,551.65,Offline Store,Offline Store,UPI,Delivered,Bengaluru,0,,0,0,49.48
793268,584696,384259,06-05-2024,11-05-2024,1,649,15,97.35,551.65,D2C Website,Offline Store,Debit Card,Delivered,Bengaluru,0,,67.29,0,47.83
793271,592901,376622,20-04-2025,24-04-2025,2,899,10,179.8,1618.2,Amazon,Referral,Credit Card,Returned,Bengaluru,1,Product Not As Described,45.35,368.37,46.03
793272,592901,328746,29-05-2025,02-06-2025,2,299,20,119.6,478.4,D2C Website,Referral,Net Banking,Delivered,Bengaluru,0,,38.54,0,55.09
793276,592901,318726,12-06-2025,17-06-2025,1,549,25,137.25,411.75,Myntra,Referral,Credit Card,Delivered,Bengaluru,0,,59.91,100.23,39.13
793277,592901,376622,03-07-2025,07-07-2025,1,899,35,314.65,584.35,Myntra,Referral,UPI,Delivered,Bengaluru,0,,88.6,128.94,48.25
727740,592901,397912,24-08-2025,26-08-2025,1,399,0,0,399,D2C Website,Referral,UPI,Delivered,Bengaluru,0,,70.55,0,49.4
727742,568327,318301,05-10-2024,09-10-2024,2,249,0,0,498,Nykaa,Instagram,Credit Card,Delivered,Ahmedabad,0,,40.18,119.61,41.77
793279,568327,370644,09-02-2025,12-02-2025,3,449,10,134.7,1212.3,Myntra,Instagram,Credit Card,Delivered,Ahmedabad,0,,76.84,202.24,42.11
760525,568327,376622,27-03-2025,29-03-2025,2,899,0,0,1798,Quick Commerce,Instagram,UPI,Delivered,Ahmedabad,0,,71.75,0,26.29
793298,568327,318301,01-04-2025,04-04-2025,1,249,25,62.25,186.75,D2C Website,Instagram,Credit Card,Delivered,Ahmedabad,0,,68.05,0,37.57
727769,568327,397912,12-04-2025,13-04-2025,1,399,5,19.95,379.05,D2C Website,Instagram,UPI,Delivered,Ahmedabad,0,,75.47,0,37.03
727770,568327,397912,29-09-2025,02-10-2025,2,399,25,199.5,598.5,D2C Website,Instagram,UPI,Delivered,Ahmedabad,0,,50.07,0,44.51
760542,592908,397912,25-12-2024,29-12-2024,1,399,0,0,399,D2C Website,Referral,Credit Card,Delivered,Lucknow,0,,69.15,0,44.8
727775,584717,351856,01-12-2025,04-12-2025,1,449,25,112.25,336.75,Amazon,Instagram,Cash on Delivery,Delivered,Ahmedabad,0,,81.13,55.03,59.6
793315,584717,397912,10-12-2025,15-12-2025,1,399,10,39.9,359.1,D2C Website,Instagram,Debit Card,Delivered,Ahmedabad,0,,85.01,0,27.16
760548,584717,397647,14-12-2025,20-12-2025,1,799,10,79.9,719.1,Nykaa,Instagram,Credit Card,Delivered,Ahmedabad,0,,36.49,163.95,27.99
727784,502799,397647,27-10-2025,01-11-2025,1,799,20,159.8,639.2,Nykaa,Google,UPI,Delivered,Pune,0,,87.62,98.13,29.67
793321,502799,385909,16-12-2025,20-12-2025,1,429,10,42.9,386.1,D2C Website,Google,Cash on Delivery,Delivered,Pune,0,,71.52,0,59.96
793326,510993,384259,09-07-2025,12-07-2025,1,649,5,32.45,616.55,D2C Website,Influencer,Debit Card,Delivered,Pune,0,,64.55,0,23.73
793327,519194,351856,09-12-2025,14-12-2025,3,449,15,202.05,1144.95,D2C Website,Instagram,Credit Card,Delivered,Chennai,0,,45.55,0,47.07
727795,511003,376622,23-07-2025,27-07-2025,2,899,35,629.3,1168.7,Quick Commerce,Instagram,UPI,Delivered,Indore,0,,63.18,0,27.51
760570,511003,397912,24-08-2025,26-08-2025,2,399,5,39.9,758.1,Myntra,Instagram,Credit Card,Delivered,Indore,0,,64.63,164.85,29.2
793338,511003,373579,30-08-2025,01-09-2025,3,449,15,202.05,1144.95,D2C Website,Instagram,Cash on Delivery,Delivered,Indore,0,,40.64,0,58.28
760574,511003,318301,02-10-2025,06-10-2025,1,249,40,99.6,149.4,D2C Website,Instagram,Debit Card,Delivered,Indore,0,,48.99,0,21.49
760577,511003,328746,06-10-2025,09-10-2025,1,299,25,74.75,224.25,Nykaa,Instagram,UPI,Delivered,Indore,0,,48.7,37.58,42.48
727810,511003,384259,09-10-2025,14-10-2025,1,649,35,227.15,421.85,Myntra,Instagram,UPI,Delivered,Indore,0,,53.89,86.67,37.99
793350,511003,360142,27-10-2025,28-10-2025,1,349,20,69.8,279.2,Amazon,Instagram,Debit Card,Delivered,Indore,0,,88.57,51.58,54.1
727815,568347,376484,17-04-2025,21-04-2025,1,499,15,74.85,424.15,Nykaa,Organic Search,Credit Card,Delivered,Chandigarh,0,,48.68,100.34,37.08
760583,568347,376484,06-10-2025,10-10-2025,2,499,10,99.8,898.2,D2C Website,Organic Search,UPI,Delivered,Chandigarh,0,,46.52,0,44.04
760591,551964,373579,07-11-2025,10-11-2025,1,449,0,0,449,D2C Website,Google,Credit Card,Delivered,Kolkata,0,,60.18,0,52.1
727839,576556,318726,04-10-2025,09-10-2025,1,549,20,109.8,439.2,D2C Website,Instagram,Credit Card,Returned,Delhi,1,Allergic Reaction,42.5,0,40.35
760610,576556,376484,14-12-2025,16-12-2025,1,499,20,99.8,399.2,Nykaa,Instagram,Net Banking,Delivered,Delhi,0,,75.68,99.24,44.42
760613,551990,376622,06-10-2025,11-10-2025,1,899,10,89.9,809.1,Myntra,Marketplace,Credit Card,Delivered,Mumbai,0,,35.9,142.26,48.03
727849,551990,376484,08-10-2025,14-10-2025,1,499,35,174.65,324.35,Offline Store,Marketplace,UPI,Delivered,Mumbai,0,,0,0,54.53
760619,551990,328746,16-10-2025,21-10-2025,1,299,20,59.8,239.2,Nykaa,Marketplace,Wallet,Delivered,Mumbai,0,,69.17,56.12,56.33
793387,551990,373579,19-11-2025,21-11-2025,1,449,20,89.8,359.2,Myntra,Marketplace,Debit Card,Delivered,Mumbai,0,,87.33,63.24,48.63
727851,551990,347447,26-12-2025,27-12-2025,1,349,15,52.35,296.65,Nykaa,Marketplace,UPI,Delivered,Mumbai,0,,54.72,58.75,37.29
793392,576569,397647,22-08-2025,28-08-2025,1,799,10,79.9,719.1,Myntra,Instagram,Wallet,Delivered,Delhi,0,,72.74,175.73,35.37
793394,576569,376484,19-12-2025,22-12-2025,1,499,10,49.9,449.1,Amazon,Instagram,UPI,Delivered,Delhi,0,,44.94,99.84,31.36
727862,535614,385909,03-08-2025,07-08-2025,1,429,15,64.35,364.65,Myntra,Instagram,UPI,Delivered,Chandigarh,0,,78.5,80.49,29.17
793401,535614,351856,09-10-2025,10-10-2025,1,449,25,112.25,336.75,Quick Commerce,Instagram,UPI,Delivered,Chandigarh,0,,74.16,0,56.05
727870,535614,351856,20-10-2025,25-10-2025,1,449,10,44.9,404.1,Nykaa,Instagram,Debit Card,Delivered,Chandigarh,0,,73.67,79.67,43.51
727871,535614,385909,21-10-2025,25-10-2025,2,429,0,0,858,Nykaa,Instagram,Net Banking,Delivered,Chandigarh,0,,81.45,210.98,33.22
760646,535614,332325,23-10-2025,29-10-2025,1,399,10,39.9,359.1,Amazon,Instagram,UPI,Delivered,Chandigarh,0,,82.92,73.22,59.96
793414,535614,373579,18-11-2025,20-11-2025,1,449,5,22.45,426.55,Nykaa,Instagram,UPI,Delivered,Chandigarh,0,,51.55,101.29,59.71
760650,535614,360142,09-12-2025,13-12-2025,2,349,0,0,698,Nykaa,Instagram,UPI,Delivered,Chandigarh,0,,70.58,122.11,42.92
727886,535614,328746,24-12-2025,28-12-2025,1,299,40,119.6,179.4,D2C Website,Instagram,Cash on Delivery,Delivered,Chandigarh,0,,82.75,0,46.85
727887,568386,385909,27-08-2025,28-08-2025,1,429,25,107.25,321.75,Offline Store,Marketplace,Unknown,Delivered,Bengaluru,0,,0,0,23.38
793423,511053,384259,09-05-2025,14-05-2025,1,649,10,64.9,584.1,D2C Website,Offline Store,UPI,Delivered,Chandigarh,0,,68.06,0,23.36
793427,502875,397912,12-05-2025,15-05-2025,1,399,15,59.85,339.15,D2C Website,Marketplace,Cash on Delivery,Delivered,Kolkata,0,,62.7,0,34.75
760661,592995,360142,24-08-2025,27-08-2025,1,349,25,87.25,261.75,D2C Website,Google,UPI,Delivered,Surat,0,,76.74,0,21.95
793433,576619,318726,18-10-2024,19-10-2024,1,549,40,219.6,329.4,D2C Website,Instagram,Wallet,Delivered,Bengaluru,0,,76.1,0,28.63
760670,576619,318726,04-11-2024,07-11-2024,1,549,20,109.8,439.2,Amazon,Instagram,Credit Card,Delivered,Bengaluru,0,,57.16,92.02,51.24
727912,560236,397912,04-10-2025,06-10-2025,2,399,5,39.9,758.1,D2C Website,Organic Search,UPI,Delivered,Bengaluru,0,,72.38,0,23.55
760687,560236,397647,08-10-2025,14-10-2025,1,799,20,159.8,639.2,Quick Commerce,Organic Search,UPI,Delivered,Bengaluru,0,,59.67,0,28.79
760693,560236,397647,14-10-2025,18-10-2025,1,799,10,79.9,719.1,Nykaa,Organic Search,UPI,Delivered,Bengaluru,0,,60.35,170.17,55.45
727926,560236,370644,20-10-2025,24-10-2025,2,449,5,44.9,853.1,Nykaa,Organic Search,Debit Card,Delivered,Bengaluru,0,,86.88,161.08,37.78
793464,560236,360142,24-10-2025,25-10-2025,1,349,20,69.8,279.2,Myntra,Organic Search,UPI,Delivered,Bengaluru,0,,65.48,67.06,55.46
793466,560236,370644,02-12-2025,06-12-2025,2,449,5,44.9,853.1,D2C Website,Organic Search,Cash on Delivery,Delivered,Bengaluru,0,,62.27,0,50.94
760700,560236,384259,20-12-2025,23-12-2025,2,649,15,194.7,1103.3,Nykaa,Organic Search,Debit Card,Delivered,Bengaluru,0,,86.75,237.22,53.57
793471,552044,318726,17-05-2025,21-05-2025,1,549,20,109.8,439.2,D2C Website,Marketplace,Debit Card,Delivered,Mumbai,0,,78.3,0,55.13
727936,552044,318726,09-08-2025,11-08-2025,1,549,20,109.8,439.2,D2C Website,Marketplace,Net Banking,Delivered,Mumbai,0,,60.62,0,42.3
793480,552044,328746,06-12-2025,09-12-2025,1,299,0,0,299,D2C Website,Marketplace,Cash on Delivery,Delivered,Mumbai,0,,36.24,0,54.66
727946,535665,332325,11-10-2024,14-10-2024,1,399,15,59.85,339.15,D2C Website,Referral,Credit Card,Delivered,Mumbai,0,,54.29,0,31.92
793483,543863,332325,15-05-2025,16-05-2025,1,399,5,19.95,379.05,Amazon,Instagram,Net Banking,Delivered,Pune,0,,81.81,58.62,49.54
793493,543863,397912,16-05-2025,19-05-2025,2,399,10,79.8,718.2,Nykaa,Instagram,Cash on Delivery,Delivered,Pune,0,,43.25,159.87,49.79
793495,543863,397647,23-06-2025,26-06-2025,1,799,20,159.8,639.2,Myntra,Instagram,UPI,Delivered,Pune,0,,79.03,158.73,46.19
793498,511104,376484,05-01-2025,07-01-2025,1,499,10,49.9,449.1,D2C Website,Google,UPI,Delivered,Mumbai,0,,82.57,0,25.21
793502,560258,376484,03-10-2025,09-10-2025,1,499,20,99.8,399.2,D2C Website,Instagram,UPI,Delivered,Delhi,0,,71.91,0,20.54
727973,535683,384259,13-12-2025,14-12-2025,1,649,25,162.25,486.75,Myntra,Influencer,Cash on Delivery,Delivered,Mumbai,0,,67.17,112.68,50.14
760742,535683,384259,14-12-2025,18-12-2025,1,649,10,64.9,584.1,Myntra,Influencer,UPI,Delivered,Mumbai,0,,77.1,122.66,40.07
760745,535683,373579,15-12-2025,19-12-2025,1,449,0,0,449,D2C Website,Influencer,Debit Card,Returned,Mumbai,1,Product Not As Described,89.65,0,23.47
727979,535683,373579,27-12-2025,02-01-2026,1,449,10,44.9,404.1,Myntra,Influencer,Debit Card,Delivered,Mumbai,0,,76.19,80.92,37.91
760749,560260,397647,29-09-2024,02-10-2024,1,799,35,279.65,519.35,Nykaa,Influencer,Credit Card,Delivered,Mumbai,0,,40.12,99.98,45.71
793519,560260,360142,27-01-2025,01-02-2025,1,349,25,87.25,261.75,Quick Commerce,Influencer,UPI,Delivered,Mumbai,0,,35,0,48.82
760752,560260,397912,27-03-2025,31-03-2025,1,399,10,39.9,359.1,Nykaa,Influencer,Cash on Delivery,Delivered,Mumbai,0,,78.01,77.24,35.34
760755,560260,397647,29-08-2025,04-09-2025,3,799,5,119.85,2277.15,Quick Commerce,Influencer,UPI,Returned,Mumbai,1,Wrong Item Delivered,75.72,0,48.48
793528,593032,384259,20-09-2025,25-09-2025,1,649,0,0,649,Quick Commerce,Instagram,UPI,Delivered,Delhi,0,,35.92,0,45.68
793530,511114,397647,03-03-2025,08-03-2025,2,799,15,239.7,1358.3,D2C Website,Referral,Cash on Delivery,Delivered,Delhi,0,,62.3,0,56.33
793534,511114,360142,25-05-2025,28-05-2025,1,349,10,34.9,314.1,Quick Commerce,Referral,UPI,Delivered,Delhi,0,,61.46,0,29.68
793537,511114,318301,02-06-2025,04-06-2025,1,249,25,62.25,186.75,D2C Website,Referral,UPI,Delivered,Delhi,0,,38.69,0,22.19
760771,511114,318301,28-06-2025,29-06-2025,1,249,25,62.25,186.75,Nykaa,Referral,UPI,Delivered,Delhi,0,,51.96,35.04,32.3
760774,511114,376622,29-06-2025,01-07-2025,1,899,25,224.75,674.25,Amazon,Referral,Wallet,Delivered,Delhi,0,,48.93,157.64,49.33
728014,584843,318726,29-03-2025,01-04-2025,3,549,10,164.7,1482.3,Myntra,Instagram,UPI,Delivered,Ahmedabad,0,,35.92,264.15,55.89
793552,584843,384259,01-06-2025,03-06-2025,3,649,20,389.4,1557.6,D2C Website,Instagram,Debit Card,Delivered,Ahmedabad,0,,47.43,0,40.18
793555,584843,318301,02-07-2025,05-07-2025,1,249,5,12.45,236.55,Nykaa,Instagram,Credit Card,Delivered,Ahmedabad,0,,76.12,48.19,47.99
728020,584843,376484,08-08-2025,12-08-2025,1,499,5,24.95,474.05,Offline Store,Instagram,UPI,Delivered,Ahmedabad,0,,0,0,54.68
728019,584843,376484,28-08-2025,31-08-2025,2,499,15,149.7,848.3,Myntra,Instagram,Credit Card,Returned,Ahmedabad,1,Changed Mind,46.2,134.89,34.66
728036,584843,397647,16-11-2025,20-11-2025,1,799,0,0,799,Amazon,Instagram,Credit Card,Delivered,Ahmedabad,0,,39.32,162.56,28.4
760806,535697,328746,21-10-2025,23-10-2025,1,299,5,14.95,284.05,Amazon,Influencer,UPI,Delivered,Coimbatore,0,,68.13,56.5,33.75
760810,519313,385909,10-10-2025,15-10-2025,1,429,15,64.35,364.65,Nykaa,Marketplace,Credit Card,Delivered,Delhi,0,,78.65,87.01,23.04
760812,552089,376622,09-02-2025,12-02-2025,1,899,5,44.95,854.05,Amazon,Instagram,UPI,Delivered,Delhi,0,,88.52,199.81,24.42
728051,511135,376484,27-07-2025,01-08-2025,1,499,35,174.65,324.35,Quick Commerce,Google,Credit Card,Delivered,Jaipur,0,,81.96,0,43.5
760820,552098,384259,07-11-2025,13-11-2025,1,649,20,129.8,519.2,D2C Website,Marketplace,Wallet,Delivered,Kochi,0,,75.28,0,59.71
728059,535720,328746,31-08-2024,02-09-2024,2,299,20,119.6,478.4,Myntra,Google,Credit Card,Delivered,Delhi,0,,89.01,105.42,26.92
728063,535720,328746,02-10-2024,03-10-2024,1,299,20,59.8,239.2,Amazon,Google,UPI,Delivered,Delhi,0,,66.58,56.84,49.78
793606,584874,376484,22-10-2025,28-10-2025,2,499,15,149.7,848.3,Nykaa,Instagram,Debit Card,Delivered,Mumbai,0,,63.33,141.95,26.19
760838,519340,397912,28-05-2025,29-05-2025,1,399,25,99.75,299.25,Offline Store,Instagram,Debit Card,Delivered,Mumbai,0,,0,0,36.06
728074,519342,347447,27-12-2025,02-01-2026,1,349,20,69.8,279.2,Quick Commerce,Influencer,Cash on Delivery,Delivered,Ahmedabad,0,,45.77,0,22.16
760844,527535,351856,14-01-2025,16-01-2025,1,449,5,22.45,426.55,Myntra,Referral,Credit Card,Delivered,Nagpur,0,,35.56,77.09,37.64
760849,568494,397647,06-03-2025,12-03-2025,1,799,35,279.65,519.35,Nykaa,Instagram,Debit Card,Delivered,Vadodara,0,,51.67,109.79,50.72
760852,568494,397912,22-12-2025,26-12-2025,1,399,10,39.9,359.1,Quick Commerce,Instagram,Debit Card,Delivered,Vadodara,0,,73.94,0,29.5
728085,560305,328746,02-06-2024,07-06-2024,1,299,10,29.9,269.1,D2C Website,Organic Search,Credit Card,Delivered,Kochi,0,,45.11,0,43.64
793623,560305,347447,07-12-2024,12-12-2024,1,349,35,122.15,226.85,Nykaa,Organic Search,Credit Card,Delivered,Kochi,0,,53.77,47.59,22.2
793627,584886,373579,20-05-2025,21-05-2025,1,449,0,0,449,Nykaa,Marketplace,Cash on Delivery,Delivered,Bhopal,0,,89.02,100.94,35.22
793631,584886,376484,10-06-2025,11-06-2025,3,499,35,523.95,973.05,D2C Website,Marketplace,Debit Card,Delivered,Bhopal,0,,76.46,0,53.61
793639,584886,376484,30-08-2025,04-09-2025,1,499,20,99.8,399.2,Offline Store,Marketplace,Credit Card,Delivered,Bhopal,0,,0,0,26.4
760874,584886,376484,20-10-2025,26-10-2025,2,499,10,99.8,898.2,Amazon,Marketplace,Net Banking,Delivered,Bhopal,0,,57.96,182.83,40.14
793643,584886,328746,18-11-2025,24-11-2025,2,299,25,149.5,448.5,D2C Website,Marketplace,Cash on Delivery,Delivered,Bhopal,0,,79.58,0,34.23
793647,584886,385909,06-12-2025,08-12-2025,2,429,0,0,858,Myntra,Marketplace,Credit Card,Delivered,Bhopal,0,,69.01,161.39,51.16
793657,584889,318726,03-07-2024,04-07-2024,3,549,10,164.7,1482.3,Quick Commerce,Organic Search,Credit Card,Delivered,Bengaluru,0,,47.67,0,46.48
793661,584889,347447,26-09-2024,02-10-2024,1,349,10,34.9,314.1,Amazon,Organic Search,UPI,Delivered,Bengaluru,0,,42.3,51.18,45.09
793670,584889,376484,14-01-2025,16-01-2025,2,499,10,99.8,898.2,D2C Website,Organic Search,Credit Card,Delivered,Bengaluru,0,,36.68,0,58.41
760903,584889,384259,03-04-2025,06-04-2025,2,649,25,324.5,973.5,D2C Website,Organic Search,Cash on Delivery,Delivered,Bengaluru,0,,68.86,0,49.4
760902,584889,384259,20-11-2025,22-11-2025,1,649,10,64.9,584.1,Myntra,Organic Search,Cash on Delivery,Delivered,Bengaluru,0,,42.96,142.48,33.99
760913,584889,360142,23-12-2025,25-12-2025,1,349,10,34.9,314.1,Offline Store,Organic Search,Credit Card,Delivered,Bengaluru,0,,0,0,52.46
760917,511164,373579,24-08-2025,30-08-2025,1,449,0,0,449,D2C Website,Referral,UPI,Delivered,Kolkata,0,,56.97,0,52.24
793685,527549,328746,23-06-2024,24-06-2024,3,299,0,0,897,Amazon,Instagram,UPI,Returned,Pune,1,Allergic Reaction,51.52,166.72,39.08
728152,527549,332325,30-07-2024,03-08-2024,1,399,25,99.75,299.25,Amazon,Instagram,UPI,Delivered,Pune,0,,53.76,63.05,48.72
760925,527549,347447,22-08-2024,25-08-2024,1,349,10,34.9,314.1,Myntra,Instagram,Debit Card,Returned,Pune,1,Allergic Reaction,49.28,77.36,21.41
728159,543933,373579,17-12-2025,19-12-2025,1,449,0,0,449,Quick Commerce,Offline Store,UPI,Delivered,Bengaluru,0,,65.74,0,41.23
793696,543933,373579,19-12-2025,23-12-2025,1,449,10,44.9,404.1,D2C Website,Offline Store,Debit Card,Delivered,Bengaluru,0,,55.95,0,37.02
793697,543933,332325,26-12-2025,31-12-2025,1,399,10,39.9,359.1,Myntra,Offline Store,UPI,Delivered,Bengaluru,0,,46.33,62.4,46.36
793698,519358,373579,18-06-2024,23-06-2024,1,449,40,179.6,269.4,D2C Website,Offline Store,UPI,Delivered,Mumbai,0,,39.85,0,23.91
760929,584896,318726,20-07-2024,24-07-2024,1,549,25,137.25,411.75,D2C Website,Google,Credit Card,Delivered,Hyderabad,0,,50.37,0,53.23
728163,568517,397912,19-11-2025,20-11-2025,1,399,0,0,399,Offline Store,Referral,Debit Card,Delivered,Delhi,0,,0,0,44.62
793703,568522,376622,01-12-2024,06-12-2024,1,899,10,89.9,809.1,Myntra,Organic Search,Cash on Delivery,Delivered,Chandigarh,0,,50.94,179.48,22.94
793706,568522,318726,27-02-2025,28-02-2025,2,549,15,164.7,933.3,Nykaa,Organic Search,UPI,Delivered,Chandigarh,0,,75.21,215.49,58.28
760938,568522,384259,07-04-2025,11-04-2025,2,649,35,454.3,843.7,Amazon,Organic Search,Net Banking,Delivered,Chandigarh,0,,54.71,146.75,23.72
728177,568522,376622,18-04-2025,22-04-2025,3,899,25,674.25,2022.75,Myntra,Organic Search,UPI,Delivered,Chandigarh,0,,66.04,314.8,49.15
728179,568522,384259,25-06-2025,01-07-2025,1,649,0,0,649,D2C Website,Organic Search,Unknown,Delivered,Chandigarh,0,,35.43,0,42.26
793727,568522,318726,02-07-2025,07-07-2025,2,549,10,109.8,988.2,D2C Website,Organic Search,UPI,Delivered,Chandigarh,0,,69.47,0,49.93
728194,535755,360142,10-05-2025,13-05-2025,1,349,10,34.9,314.1,Myntra,Google,Wallet,Delivered,Kolkata,0,,64.41,76.62,27.42
728204,535755,384259,19-05-2025,24-05-2025,1,649,25,162.25,486.75,Offline Store,Google,UPI,Delivered,Kolkata,0,,0,0,48.68
793740,535755,328746,05-09-2025,06-09-2025,1,299,10,29.9,269.1,Myntra,Google,UPI,Delivered,Kolkata,0,,55.54,44.52,21.67
793742,535755,376484,23-12-2025,28-12-2025,2,499,15,149.7,848.3,Myntra,Google,UPI,Delivered,Kolkata,0,,51.39,172.64,57.68
728207,560332,376484,30-11-2025,05-12-2025,1,499,5,24.95,474.05,Amazon,Marketplace,Cash on Delivery,Delivered,Lucknow,0,,79.09,84.31,28.75
728208,560332,373579,30-12-2025,05-01-2026,2,449,15,134.7,763.3,D2C Website,Marketplace,Debit Card,Delivered,Lucknow,0,,52.9,0,42.99
760981,543947,332325,06-01-2025,09-01-2025,1,399,0,0,399,D2C Website,Instagram,Cash on Delivery,Delivered,Hyderabad,0,,39.46,0,39.1
760986,576720,351856,18-02-2024,21-02-2024,2,449,15,134.7,763.3,Myntra,Instagram,Debit Card,Delivered,Bengaluru,0,,50.2,149.4,58.68
760997,576720,351856,02-04-2024,08-04-2024,1,449,0,0,449,D2C Website,Instagram,Credit Card,Delivered,Bengaluru,0,,63.96,0,47.36
728254,576720,385909,13-05-2024,15-05-2024,1,429,20,85.8,343.2,Nykaa,Instagram,UPI,Delivered,Bengaluru,0,,41.62,62.57,49.93
728256,576720,351856,16-05-2024,21-05-2024,1,449,15,67.35,381.65,Nykaa,Instagram,UPI,Delivered,Bengaluru,0,,53.41,73.44,30.73
728261,576724,328746,23-09-2025,26-09-2025,2,299,20,119.6,478.4,Offline Store,Instagram,Credit Card,Delivered,Hyderabad,0,,0,0,37.43
793801,511188,384259,15-12-2025,20-12-2025,2,649,5,64.9,1233.1,Amazon,Organic Search,Credit Card,Delivered,Mumbai,0,,35.44,300.3,52.36
728265,511188,376484,26-12-2025,28-12-2025,1,499,10,49.9,449.1,Quick Commerce,Organic Search,UPI,Delivered,Mumbai,0,,62.74,0,27.35
793804,535774,384259,28-04-2025,29-04-2025,1,649,10,64.9,584.1,D2C Website,Instagram,Credit Card,Delivered,Surat,0,,75.5,0,43.02
728271,519410,397912,12-12-2024,15-12-2024,1,399,20,79.8,319.2,Amazon,Google,Wallet,Delivered,Indore,0,,76.76,64.62,51.68
728272,511221,384259,08-07-2025,12-07-2025,1,649,5,32.45,616.55,Amazon,Influencer,UPI,Delivered,Bengaluru,0,,69.56,95.49,50.65
761042,527607,360142,10-10-2025,16-10-2025,1,349,20,69.8,279.2,D2C Website,Influencer,Debit Card,Delivered,Jaipur,0,,88.4,0,30.98
793811,552184,318726,19-04-2024,20-04-2024,1,549,0,0,549,D2C Website,Offline Store,Cash on Delivery,Delivered,Kochi,0,,53.35,0,28.77
793816,552184,360142,15-02-2025,18-02-2025,2,349,15,104.7,593.3,Amazon,Offline Store,Debit Card,Delivered,Kochi,0,,57.01,120.26,49.87
793817,552184,332325,01-11-2025,04-11-2025,1,399,25,99.75,299.25,D2C Website,Offline Store,UPI,Returned,Kochi,1,Wrong Item Delivered,49.99,0,55.23
793820,511226,384259,11-11-2025,14-11-2025,1,649,20,129.8,519.2,Nykaa,Google,Cash on Delivery,Delivered,Mumbai,0,,57.16,120.7,48.02
793822,511226,376622,18-11-2025,19-11-2025,2,899,5,89.9,1708.1,Quick Commerce,Google,UPI,Delivered,Mumbai,0,,76.22,0,35.8
793824,511226,376484,04-12-2025,07-12-2025,2,499,15,149.7,848.3,D2C Website,Google,Debit Card,Delivered,Mumbai,0,,38.46,0,43.97
793826,511226,360142,06-12-2025,11-12-2025,1,349,20,69.8,279.2,Offline Store,Google,Debit Card,Delivered,Mumbai,0,,0,0,33.96
761063,511226,384259,10-12-2025,16-12-2025,2,649,10,129.8,1168.2,D2C Website,Google,Cash on Delivery,Delivered,Mumbai,0,,43.45,0,40.05
793832,511226,384259,16-12-2025,18-12-2025,1,649,5,32.45,616.55,Nykaa,Google,Credit Card,Delivered,Mumbai,0,,87.21,146.71,58.79
761066,511226,373579,18-12-2025,24-12-2025,2,449,10,89.8,808.2,Nykaa,Google,Net Banking,Delivered,Mumbai,0,,48.52,138.81,20.78
793842,535804,376484,10-11-2025,11-11-2025,1,499,0,0,499,Myntra,Organic Search,UPI,Delivered,Hyderabad,0,,57.92,94.13,28.7
728307,535804,318301,03-12-2025,07-12-2025,2,249,35,174.3,323.7,D2C Website,Organic Search,UPI,Delivered,Hyderabad,0,,63.16,0,31.54
793844,535818,384259,18-12-2025,19-12-2025,1,649,10,64.9,584.1,D2C Website,Instagram,Cash on Delivery,Delivered,Bengaluru,0,,80.66,0,23.29
761082,535818,332325,20-12-2025,25-12-2025,1,399,5,19.95,379.05,Quick Commerce,Instagram,Credit Card,Returned,Bengaluru,1,Product Not As Described,86.6,0,44.29
728316,519442,376484,15-05-2024,17-05-2024,2,499,0,0,998,Amazon,Referral,Net Banking,Delivered,Delhi,0,,51.44,218.36,51.74
761089,519442,318726,20-03-2025,22-03-2025,1,549,0,0,549,Offline Store,Referral,Debit Card,Delivered,Delhi,0,,0,0,46.89
793858,519442,328746,24-03-2025,27-03-2025,1,299,0,0,299,Nykaa,Referral,UPI,Delivered,Delhi,0,,76.76,50.17,50.4
728329,519442,376622,13-07-2025,19-07-2025,1,899,25,224.75,674.25,Amazon,Referral,Credit Card,Delivered,Delhi,0,,49.97,139.59,37.8
728333,544020,397647,19-10-2025,25-10-2025,2,799,10,159.8,1438.2,Amazon,Google,UPI,Returned,Delhi,1,Allergic Reaction,80.94,245.97,28.91
793871,544020,318726,21-10-2025,26-10-2025,2,549,10,109.8,988.2,Nykaa,Google,UPI,Delivered,Delhi,0,,53.5,196.91,36.42
793880,544020,370644,19-11-2025,21-11-2025,1,449,15,67.35,381.65,D2C Website,Google,Credit Card,Delivered,Delhi,0,,80.65,0,30.63
761112,544020,376484,24-11-2025,25-11-2025,2,499,0,0,998,D2C Website,Google,Cash on Delivery,Delivered,Delhi,0,,87.06,0,47.76
793882,544020,318726,27-11-2025,28-11-2025,1,549,10,54.9,494.1,Nykaa,Google,Net Banking,Delivered,Delhi,0,,60.51,91.9,25
728351,544020,376484,02-12-2025,03-12-2025,1,499,5,24.95,474.05,Amazon,Google,UPI,Delivered,Delhi,0,,70.39,116.13,38.49
793888,544020,385909,17-12-2025,20-12-2025,1,429,10,42.9,386.1,D2C Website,Google,Cash on Delivery,Delivered,Delhi,0,,49.46,0,46.53
761121,544020,384259,30-12-2025,05-01-2026,3,649,5,97.35,1849.65,Nykaa,Google,Cash on Delivery,Delivered,Delhi,0,,42.34,376.69,34.1
793901,535838,376622,17-04-2025,20-04-2025,2,899,40,719.2,1078.8,D2C Website,Google,Debit Card,Delivered,Delhi,0,,53.84,0,45.93
761137,552227,397912,17-11-2025,18-11-2025,1,399,0,0,399,Quick Commerce,Instagram,Credit Card,Delivered,Ahmedabad,0,,53.08,0,45.95
728369,527659,351856,04-11-2024,06-11-2024,1,449,5,22.45,426.55,Nykaa,Google,UPI,Delivered,Mumbai,0,,54.22,105.22,20.71
761148,527659,347447,31-01-2025,06-02-2025,1,349,5,17.45,331.55,Nykaa,Google,Cash on Delivery,Delivered,Mumbai,0,,53.92,81.83,49.87
761149,519476,376484,07-06-2024,11-06-2024,1,499,15,74.85,424.15,D2C Website,Influencer,UPI,Delivered,Hyderabad,0,,78.31,0,56.4
728382,519476,384259,04-03-2025,07-03-2025,1,649,20,129.8,519.2,Nykaa,Influencer,UPI,Delivered,Hyderabad,0,,45.64,83.98,26.71
761151,519476,373579,21-04-2025,27-04-2025,1,449,15,67.35,381.65,Nykaa,Influencer,UPI,Returned,Hyderabad,1,Product Not As Described,51.61,93.97,20.08
761156,519476,384259,25-07-2025,29-07-2025,1,649,35,227.15,421.85,Amazon,Influencer,Cash on Delivery,Delivered,Hyderabad,0,,67.61,80.17,59.03
793929,519476,384259,28-12-2025,29-12-2025,1,649,25,162.25,486.75,Quick Commerce,Influencer,UPI,Delivered,Hyderabad,0,,88.85,0,46.78
793934,544057,370644,25-11-2025,26-11-2025,1,449,0,0,449,D2C Website,Referral,UPI,Delivered,Guwahati,0,,74.25,0,42.88
728399,560443,376484,30-12-2024,31-12-2024,1,499,10,49.9,449.1,D2C Website,Influencer,Cash on Delivery,Delivered,Mumbai,0,,36.4,0,44.34
793935,560443,384259,09-03-2025,10-03-2025,1,649,5,32.45,616.55,D2C Website,Influencer,Debit Card,Delivered,Mumbai,0,,54.14,0,47.11
793947,560443,376484,08-06-2025,09-06-2025,1,499,5,24.95,474.05,D2C Website,Influencer,Debit Card,Delivered,Mumbai,0,,59.11,0,21.41
793948,560443,384259,09-07-2025,14-07-2025,1,649,0,0,649,D2C Website,Influencer,Cash on Delivery,Delivered,Mumbai,0,,49.83,0,21.34
761184,560443,397647,16-10-2025,22-10-2025,1,799,25,199.75,599.25,D2C Website,Influencer,Credit Card,Delivered,Mumbai,0,,86.93,0,32.5
793952,503101,360142,29-12-2025,04-01-2026,1,349,0,0,349,D2C Website,Instagram,Net Banking,Delivered,Coimbatore,0,,76.21,0,34.61
761189,552262,332325,28-08-2025,02-09-2025,1,399,15,59.85,339.15,D2C Website,Google,UPI,Delivered,Mumbai,0,,85.78,0,36.97
793972,527686,397647,31-07-2025,02-08-2025,2,799,10,159.8,1438.2,D2C Website,Influencer,UPI,Delivered,Chennai,0,,61.77,0,29.61
728437,576858,347447,02-12-2025,03-12-2025,1,349,0,0,349,Nykaa,Influencer,Wallet,Delivered,Delhi,0,,42.31,68.21,41.53
728442,544092,397912,16-02-2025,17-02-2025,1,399,15,59.85,339.15,Amazon,Offline Store,Debit Card,Delivered,Surat,0,,39.09,71.63,27.58
761216,544092,397647,06-03-2025,09-03-2025,1,799,15,119.85,679.15,Nykaa,Offline Store,UPI,Delivered,Surat,0,,88.66,145.02,29.07
761220,544092,373579,01-07-2025,07-07-2025,1,449,20,89.8,359.2,D2C Website,Offline Store,UPI,Delivered,Surat,0,,52.25,0,48.49
761228,593244,376484,16-09-2024,22-09-2024,1,499,15,74.85,424.15,D2C Website,Google,UPI,Delivered,Pune,0,,87.98,0,27.84
728473,593244,318726,29-03-2025,04-04-2025,1,549,0,0,549,Amazon,Google,UPI,Delivered,Pune,0,,60.1,85.18,48.84
761242,593244,328746,12-09-2025,18-09-2025,1,299,25,74.75,224.25,Nykaa,Google,Credit Card,Delivered,Pune,0,,79.76,41.82,35.59
728476,593244,328746,08-10-2025,10-10-2025,1,299,35,104.65,194.35,Nykaa,Google,Cash on Delivery,Delivered,Pune,0,,87.17,35.81,46.78
794013,593244,384259,10-11-2025,16-11-2025,1,649,10,64.9,584.1,Myntra,Google,Credit Card,Delivered,Pune,0,,49.54,122.15,51.14
761249,560482,384259,08-12-2025,13-12-2025,1,649,20,129.8,519.2,Quick Commerce,Marketplace,Unknown,Delivered,Mumbai,0,,79.56,0,46.89
794021,568676,332325,09-02-2025,12-02-2025,1,399,20,79.8,319.2,Amazon,Organic Search,Credit Card,Delivered,Lucknow,0,,82.67,53.19,52.2
728485,576869,332325,11-12-2025,15-12-2025,1,399,20,79.8,319.2,Nykaa,Influencer,UPI,Delivered,Mumbai,0,,79.33,65.33,25.87
761254,552296,384259,13-01-2025,16-01-2025,1,649,15,97.35,551.65,Amazon,Referral,Cash on Delivery,Delivered,Mumbai,0,,85.31,97.8,48
794025,552296,376622,16-01-2025,22-01-2025,1,899,0,0,899,Myntra,Referral,UPI,Delivered,Mumbai,0,,85.85,160.04,24.38
761260,552296,385909,04-02-2025,10-02-2025,1,429,20,85.8,343.2,Quick Commerce,Referral,Cash on Delivery,Delivered,Mumbai,0,,81.75,0,56.2
794029,552296,351856,19-02-2025,21-02-2025,1,449,20,89.8,359.2,Amazon,Referral,Net Banking,Delivered,Mumbai,0,,63.12,70.05,20.73
794030,519528,318726,08-12-2024,13-12-2024,1,549,15,82.35,466.65,Myntra,Referral,Debit Card,Delivered,Chennai,0,,40.51,100.02,43.72
761263,519536,397912,20-08-2025,23-08-2025,1,399,0,0,399,Myntra,Influencer,UPI,Delivered,Hyderabad,0,,49.31,97.32,46.83
794028,519536,360142,11-10-2025,12-10-2025,1,349,5,17.45,331.55,D2C Website,Influencer,UPI,Delivered,Hyderabad,0,,63.72,0,27.93
794036,519536,328746,12-11-2025,13-11-2025,2,299,20,119.6,478.4,Myntra,Influencer,Cash on Delivery,Delivered,Hyderabad,0,,59.36,77.08,41.67
728503,519536,360142,04-12-2025,05-12-2025,1,349,15,52.35,296.65,Nykaa,Influencer,Debit Card,Delivered,Hyderabad,0,,83.31,59.57,35.8
728511,519536,373579,10-12-2025,14-12-2025,2,449,15,134.7,763.3,Myntra,Influencer,UPI,Delivered,Hyderabad,0,,89.53,158.23,46.46
761282,568690,384259,13-09-2025,15-09-2025,1,649,0,0,649,D2C Website,Instagram,Net Banking,Delivered,Chennai,0,,55.75,0,49.62
794052,527742,318301,01-08-2025,02-08-2025,1,249,0,0,249,Amazon,Google,UPI,Delivered,Bengaluru,0,,40.16,41.97,25.89
794060,527742,397912,02-09-2025,07-09-2025,2,399,5,39.9,758.1,Nykaa,Google,Debit Card,Delivered,Bengaluru,0,,37.71,143.64,31.99
761300,527742,384259,28-11-2025,03-12-2025,1,649,15,97.35,551.65,Nykaa,Google,Credit Card,Delivered,Bengaluru,0,,80.49,95.23,26.47
794071,527742,332325,16-12-2025,22-12-2025,2,399,35,279.3,518.7,Quick Commerce,Google,Debit Card,Delivered,Bengaluru,0,,57.03,0,44.59
728541,511359,332325,07-09-2025,12-09-2025,1,399,0,0,399,Myntra,Google,Debit Card,Delivered,Hyderabad,0,,74.49,61.33,47.39
794084,560513,397647,31-01-2025,06-02-2025,1,799,5,39.95,759.05,Amazon,Google,Net Banking,Delivered,Ahmedabad,0,,53.5,136.51,46.48
728548,560513,373579,23-05-2025,28-05-2025,2,449,5,44.9,853.1,Offline Store,Google,Credit Card,Delivered,Ahmedabad,0,,0,0,22.12
794086,560513,385909,01-08-2025,07-08-2025,2,429,0,0,858,Amazon,Google,Debit Card,Delivered,Ahmedabad,0,,40.49,176.63,35.88
728553,560513,318301,21-09-2025,26-09-2025,2,249,5,24.9,473.1,D2C Website,Google,UPI,Delivered,Ahmedabad,0,,87.5,0,38.49
728557,560513,384259,31-10-2025,03-11-2025,1,649,15,97.35,551.65,Myntra,Google,UPI,Delivered,Ahmedabad,0,,48.69,86.44,56.05
761329,560513,376484,02-11-2025,05-11-2025,1,499,5,24.95,474.05,D2C Website,Google,Net Banking,Delivered,Ahmedabad,0,,57.08,0,20.14
728574,560515,397647,09-11-2024,15-11-2024,1,799,10,79.9,719.1,Quick Commerce,Instagram,UPI,Cancelled,Delhi,0,,55.18,0,31.05
761342,560515,373579,05-08-2025,10-08-2025,1,449,20,89.8,359.2,Offline Store,Instagram,Credit Card,Delivered,Delhi,0,,0,0,50.91
794113,560515,373579,16-08-2025,18-08-2025,1,449,25,112.25,336.75,Myntra,Instagram,Debit Card,Delivered,Delhi,0,,45.57,78.38,53.57
761352,560515,397912,08-11-2025,09-11-2025,1,399,10,39.9,359.1,Nykaa,Instagram,Credit Card,Delivered,Delhi,0,,83.7,69.98,33.05
728591,560515,318301,19-11-2025,22-11-2025,1,249,15,37.35,211.65,Amazon,Instagram,UPI,Delivered,Delhi,0,,66.57,37.12,50.86
761361,519555,328746,02-05-2025,04-05-2025,1,299,10,29.9,269.1,Quick Commerce,Instagram,Cash on Delivery,Delivered,Bengaluru,0,,51.73,0,56.29
761370,585097,318301,21-10-2025,23-10-2025,1,249,20,49.8,199.2,D2C Website,Offline Store,Debit Card,Delivered,Delhi,0,,53.17,0,40.53
728607,560521,332325,30-07-2024,31-07-2024,1,399,0,0,399,Quick Commerce,Instagram,UPI,Delivered,Kolkata,0,,62.11,0,54.28
794147,560521,376484,28-02-2025,02-03-2025,1,499,5,24.95,474.05,Amazon,Instagram,UPI,Delivered,Kolkata,0,,59.85,90.58,22.28
728613,560521,328746,30-06-2025,01-07-2025,1,299,10,29.9,269.1,D2C Website,Instagram,UPI,Cancelled,Kolkata,0,,85.05,0,47.95
794151,560521,373579,25-10-2025,26-10-2025,1,449,0,0,449,D2C Website,Instagram,UPI,Delivered,Kolkata,0,,48.94,0,52.37
761384,560521,373579,23-11-2025,29-11-2025,1,449,15,67.35,381.65,Offline Store,Instagram,Cash on Delivery,Delivered,Kolkata,0,,0,0,32.83
728622,544140,328746,25-03-2025,29-03-2025,2,299,10,59.8,538.2,Myntra,Referral,Credit Card,Delivered,Mumbai,0,,58.96,127.32,22.43
761391,544140,318726,06-06-2025,08-06-2025,3,549,20,329.4,1317.6,Amazon,Referral,UPI,Delivered,Mumbai,0,,71.08,321.72,48.58
761398,544140,384259,14-09-2025,20-09-2025,1,649,20,129.8,519.2,Myntra,Referral,Cash on Delivery,Delivered,Mumbai,0,,81.31,110.85,53.71
761400,544140,376484,06-11-2025,10-11-2025,1,499,10,49.9,449.1,Amazon,Referral,UPI,Delivered,Mumbai,0,,47.42,69.37,30.57
761402,544140,397912,07-11-2025,13-11-2025,1,399,0,0,399,D2C Website,Referral,UPI,Delivered,Mumbai,0,,74.89,0,33.33
794170,527760,332325,21-11-2024,24-11-2024,1,399,5,19.95,379.05,Amazon,Influencer,Wallet,Delivered,Hyderabad,0,,64.86,56.87,55.88
761405,535954,351856,26-10-2024,29-10-2024,1,449,15,67.35,381.65,Nykaa,Organic Search,Net Banking,Delivered,Hyderabad,0,,81.48,89.93,26.49
794182,535954,318301,20-11-2024,25-11-2024,1,249,20,49.8,199.2,Myntra,Organic Search,UPI,Delivered,Hyderabad,0,,86.66,41.51,52.71
728647,535954,328746,03-03-2025,06-03-2025,2,299,15,89.7,508.3,Amazon,Organic Search,Cash on Delivery,Delivered,Hyderabad,0,,41.46,97.27,24.3
794186,535954,351856,16-10-2025,21-10-2025,1,449,15,67.35,381.65,Quick Commerce,Organic Search,Cash on Delivery,Delivered,Hyderabad,0,,51.87,0,37.98
728651,593302,351856,01-11-2025,05-11-2025,1,449,15,67.35,381.65,Amazon,Influencer,Debit Card,Delivered,Lucknow,0,,60.08,78.82,26.66
728655,593302,351856,21-11-2025,23-11-2025,2,449,0,0,898,Nykaa,Influencer,Cash on Delivery,Delivered,Lucknow,0,,86.88,165.04,47.21
761428,503201,370644,26-09-2025,01-10-2025,1,449,5,22.45,426.55,D2C Website,Instagram,Cash on Delivery,Delivered,Pune,0,,72.69,0,41.14
761432,576931,318726,16-05-2025,20-05-2025,1,549,5,27.45,521.55,Nykaa,Instagram,UPI,Delivered,Delhi,0,,67.86,109.01,56.89
761438,576931,373579,15-12-2025,21-12-2025,2,449,0,0,898,Nykaa,Instagram,UPI,Delivered,Delhi,0,,63.57,140.78,57.26
728676,560552,347447,03-08-2024,08-08-2024,1,349,20,69.8,279.2,D2C Website,Instagram,Credit Card,Delivered,Hyderabad,0,,59.36,0,37.63
794219,535976,373579,22-06-2025,23-06-2025,1,449,5,22.45,426.55,Quick Commerce,Influencer,Credit Card,Delivered,Chennai,0,,46.28,0,42.6
728686,519597,328746,31-10-2024,02-11-2024,1,299,0,0,299,D2C Website,Instagram,Wallet,Delivered,Pune,0,,67.41,0,55.17
794223,535992,376484,27-08-2025,31-08-2025,1,499,5,24.95,474.05,Nykaa,Referral,Cash on Delivery,Delivered,Ahmedabad,0,,41.78,117.96,42.16
761457,535992,384259,30-08-2025,01-09-2025,2,649,20,259.6,1038.4,Nykaa,Referral,UPI,Delivered,Ahmedabad,0,,64.68,159.13,56.04
728692,527801,373579,06-11-2024,11-11-2024,1,449,0,0,449,Amazon,Instagram,Cash on Delivery,Delivered,Delhi,0,,50.4,77.67,20.9
728695,527802,384259,29-09-2025,04-10-2025,1,649,10,64.9,584.1,Amazon,Instagram,UPI,Delivered,Mumbai,0,,47.46,102.72,56.69
728697,576955,328746,20-05-2025,23-05-2025,1,299,15,44.85,254.15,Offline Store,Google,Credit Card,Delivered,Chennai,0,,0,0,55.2
728701,576955,376484,20-06-2025,22-06-2025,2,499,15,149.7,848.3,Nykaa,Google,Cash on Delivery,Delivered,Chennai,0,,62.82,134.91,29.7
761483,568765,332325,07-02-2024,10-02-2024,1,399,10,39.9,359.1,Amazon,Referral,Cash on Delivery,Returned,Bengaluru,1,Product Not As Described,87.09,71.06,29.82
794259,568765,318726,20-09-2024,25-09-2024,2,549,5,54.9,1043.1,Amazon,Referral,Wallet,Delivered,Bengaluru,0,,63.62,236.23,20.39
794263,568765,328746,02-10-2024,05-10-2024,1,299,15,44.85,254.15,D2C Website,Referral,UPI,Cancelled,Bengaluru,0,,84.75,0,41.18
794268,568765,384259,30-01-2025,01-02-2025,1,649,10,64.9,584.1,D2C Website,Referral,UPI,Delivered,Bengaluru,0,,57.56,0,59.73
794269,568765,376622,01-07-2025,04-07-2025,2,899,0,0,1798,Offline Store,Referral,Credit Card,Delivered,Bengaluru,0,,0,0,21.19
761504,568765,376484,27-07-2025,31-07-2025,2,499,10,99.8,898.2,D2C Website,Referral,Cash on Delivery,Delivered,Bengaluru,0,,70.06,0,37.87
761506,552383,376484,25-07-2024,27-07-2024,1,499,10,49.9,449.1,Myntra,Instagram,UPI,Delivered,Mumbai,0,,44.28,110.07,29.96
728741,593343,397912,12-12-2024,17-12-2024,1,399,20,79.8,319.2,Offline Store,Google,UPI,Delivered,Pune,0,,0,0,36.59
728745,593343,376484,11-01-2025,16-01-2025,1,499,35,174.65,324.35,Offline Store,Google,Debit Card,Delivered,Pune,0,,0,0,46.47
728748,593343,397912,10-05-2025,14-05-2025,1,399,10,39.9,359.1,D2C Website,Google,Net Banking,Delivered,Pune,0,,77.72,0,26.38
728757,593343,318301,09-10-2025,13-10-2025,1,249,10,24.9,224.1,Amazon,Google,Debit Card,Delivered,Pune,0,,39.2,51.49,52.06
761536,593343,397647,27-11-2025,02-12-2025,1,799,5,39.95,759.05,Amazon,Google,UPI,Delivered,Pune,0,,66.7,144.88,24.52
794306,552386,397647,01-12-2024,04-12-2024,1,799,10,79.9,719.1,Nykaa,Marketplace,Cash on Delivery,Delivered,Indore,0,,45.71,108.46,27.31
761541,536002,318726,02-12-2025,03-12-2025,1,549,0,0,549,Myntra,Organic Search,Cash on Delivery,Delivered,Delhi,0,,37.27,86.66,41.08
728773,503248,376484,11-12-2025,17-12-2025,1,499,0,0,499,Offline Store,Google,UPI,Delivered,Bengaluru,0,,0,0,50.09
761548,503248,384259,13-12-2025,17-12-2025,1,649,0,0,649,Amazon,Google,Credit Card,Delivered,Bengaluru,0,,49.94,121.14,35.93
728780,503248,384259,15-12-2025,20-12-2025,1,649,10,64.9,584.1,D2C Website,Google,UPI,Delivered,Bengaluru,0,,82.57,0,22.73
761564,503248,318726,16-12-2025,19-12-2025,1,549,10,54.9,494.1,Nykaa,Google,UPI,Cancelled,Bengaluru,0,,60.66,80.62,46.01
728796,503248,318726,29-12-2025,30-12-2025,1,549,10,54.9,494.1,D2C Website,Google,UPI,Delivered,Bengaluru,0,,57.32,0,47.22
794340,585175,318301,22-05-2024,23-05-2024,1,249,20,49.8,199.2,Amazon,Instagram,UPI,Delivered,Mumbai,0,,38.05,44.25,41.38
761573,585175,332325,03-07-2024,06-07-2024,1,399,40,159.6,239.4,Offline Store,Instagram,Debit Card,Delivered,Mumbai,0,,0,0,57.28
728804,576983,347447,02-06-2025,07-06-2025,1,349,0,0,349,Offline Store,Google,UPI,Delivered,Patna,0,,0,0,25.67
761579,576983,373579,02-09-2025,07-09-2025,1,449,10,44.9,404.1,D2C Website,Google,UPI,Delivered,Patna,0,,64.42,0,45.77
761580,576983,332325,23-10-2025,24-10-2025,1,399,25,99.75,299.25,D2C Website,Google,UPI,Delivered,Patna,0,,53.46,0,59.11
794349,585180,376484,04-08-2025,08-08-2025,1,499,15,74.85,424.15,Quick Commerce,Instagram,UPI,Delivered,Pune,0,,75.78,0,41.26
761585,593375,360142,04-11-2024,05-11-2024,1,349,15,52.35,296.65,D2C Website,Organic Search,Credit Card,Delivered,Surat,0,,66.1,0,39.85
761587,593375,384259,19-12-2024,23-12-2024,2,649,10,129.8,1168.2,D2C Website,Organic Search,Credit Card,Delivered,Surat,0,,36.52,0,25.17
761589,593375,384259,06-05-2025,08-05-2025,3,649,15,292.05,1654.95,D2C Website,Organic Search,UPI,Delivered,Surat,0,,81.66,0,26.19
728821,593375,332325,24-06-2025,27-06-2025,1,399,15,59.85,339.15,Myntra,Organic Search,UPI,Delivered,Surat,0,,43.22,58.57,42.6
794364,593375,376484,14-09-2025,17-09-2025,1,499,0,0,499,D2C Website,Organic Search,Cash on Delivery,Delivered,Surat,0,,81.8,0,50.16
761599,593375,318726,21-09-2025,26-09-2025,1,549,20,109.8,439.2,Quick Commerce,Organic Search,UPI,Delivered,Surat,0,,85.02,0,33.75
794369,585191,332325,17-07-2025,18-07-2025,2,399,0,0,798,Nykaa,Instagram,UPI,Delivered,Coimbatore,0,,68.24,136.54,37.75
794372,585191,397647,06-09-2025,08-09-2025,1,799,15,119.85,679.15,Amazon,Instagram,Debit Card,Delivered,Coimbatore,0,,60.67,163.27,53.22
794376,544236,397647,29-12-2025,01-01-2026,3,799,5,119.85,2277.15,D2C Website,Google,Debit Card,Delivered,Indore,0,,51.45,0,52.43
728848,536046,347447,25-06-2025,27-06-2025,1,349,5,17.45,331.55,D2C Website,Google,Net Banking,Delivered,Chennai,0,,39.39,0,57.03
794385,536046,376484,22-08-2025,23-08-2025,1,499,0,0,499,Nykaa,Google,Debit Card,Delivered,Chennai,0,,87.39,107.44,58.71
761618,503280,376484,13-02-2025,15-02-2025,1,499,0,0,499,Nykaa,Google,Net Banking,Delivered,Chennai,0,,45.52,87.72,32.23
794388,503280,360142,04-09-2025,07-09-2025,1,349,5,17.45,331.55,Quick Commerce,Google,UPI,Returned,Chennai,1,Allergic Reaction,69.24,0,38.5
761628,503280,351856,20-09-2025,22-09-2025,1,449,10,44.9,404.1,D2C Website,Google,UPI,Delivered,Chennai,0,,82.69,0,34.48
728863,503280,376484,02-10-2025,06-10-2025,1,499,0,0,499,Offline Store,Google,Debit Card,Delivered,Chennai,0,,0,0,54.06
761631,503280,351856,21-10-2025,26-10-2025,1,449,0,0,449,Nykaa,Google,Credit Card,Delivered,Chennai,0,,80.92,96.43,44.54
761636,577014,384259,06-01-2025,11-01-2025,1,649,5,32.45,616.55,D2C Website,Organic Search,UPI,Delivered,Jaipur,0,,70.24,0,25.01
728869,560637,318726,04-07-2024,10-07-2024,1,549,35,192.15,356.85,Quick Commerce,Instagram,Wallet,Delivered,Pune,0,,37.74,0,31.48
728873,585215,318301,12-09-2024,16-09-2024,1,249,10,24.9,224.1,Offline Store,Influencer,UPI,Delivered,Mumbai,0,,0,0,55.16
794412,585215,360142,19-01-2025,25-01-2025,1,349,5,17.45,331.55,D2C Website,Influencer,UPI,Delivered,Mumbai,0,,73.16,0,25.54
728879,585215,318301,26-05-2025,31-05-2025,1,249,0,0,249,D2C Website,Influencer,Wallet,Delivered,Mumbai,0,,36.82,0,36.5
728883,585215,318726,31-05-2025,01-06-2025,1,549,10,54.9,494.1,Nykaa,Influencer,UPI,Delivered,Mumbai,0,,87.66,78.29,56.92
728885,560648,360142,02-10-2024,08-10-2024,1,349,25,87.25,261.75,D2C Website,Google,Cash on Delivery,Delivered,Delhi,0,,60.67,0,24.35
761668,527884,397912,08-11-2025,10-11-2025,1,399,35,139.65,259.35,Nykaa,Instagram,Credit Card,Delivered,Hyderabad,0,,49.22,62.54,58.4
761669,527884,376484,19-12-2025,24-12-2025,1,499,5,24.95,474.05,Nykaa,Instagram,UPI,Delivered,Hyderabad,0,,35.63,71.71,22.63
761670,519709,332325,13-11-2025,17-11-2025,1,399,15,59.85,339.15,Myntra,Instagram,Debit Card,Delivered,Mumbai,0,,66.64,56.42,45.49
728910,519709,332325,14-11-2025,20-11-2025,1,399,0,0,399,D2C Website,Instagram,Net Banking,Delivered,Mumbai,0,,68.91,0,47.38
794447,519709,373579,20-11-2025,24-11-2025,3,449,0,0,1347,Amazon,Instagram,Debit Card,Delivered,Mumbai,0,,39.53,309.44,34.12
728919,519709,397912,28-11-2025,29-11-2025,2,399,15,119.7,678.3,Nykaa,Instagram,Credit Card,Delivered,Mumbai,0,,77.3,113.02,26.54
761691,519709,397912,23-12-2025,29-12-2025,2,399,10,79.8,718.2,Myntra,Instagram,UPI,Delivered,Mumbai,0,,35.58,136.65,48.79
761693,593447,373579,12-12-2025,13-12-2025,1,449,10,44.9,404.1,Quick Commerce,Instagram,UPI,Delivered,Mumbai,0,,69.99,0,37.29
761695,585256,385909,28-04-2024,02-05-2024,1,429,15,64.35,364.65,Amazon,Influencer,UPI,Delivered,Bengaluru,0,,75.57,63.79,33
761697,585256,351856,17-07-2024,18-07-2024,1,449,15,67.35,381.65,Offline Store,Influencer,UPI,Delivered,Bengaluru,0,,0,0,31.37
794472,585256,351856,23-12-2024,24-12-2024,1,449,25,112.25,336.75,Myntra,Influencer,UPI,Delivered,Bengaluru,0,,42.9,67.1,48.21
761707,585256,351856,03-01-2025,07-01-2025,1,449,20,89.8,359.2,D2C Website,Influencer,Wallet,Delivered,Bengaluru,0,,55,0,54.52
761708,585256,318726,10-12-2025,12-12-2025,1,549,25,137.25,411.75,Amazon,Influencer,Credit Card,Delivered,Bengaluru,0,,47.72,74.35,42.98
761709,552488,373579,13-11-2025,19-11-2025,1,449,35,157.15,291.85,D2C Website,Organic Search,UPI,Delivered,Delhi,0,,45.08,0,59.65
761726,552488,351856,20-11-2025,25-11-2025,1,449,10,44.9,404.1,Nykaa,Organic Search,UPI,Delivered,Delhi,0,,53.39,88.66,27.93
728969,552488,351856,24-12-2025,27-12-2025,1,449,5,22.45,426.55,Myntra,Organic Search,Credit Card,Delivered,Delhi,0,,81.1,90.82,28.33
728974,552487,318301,20-12-2025,23-12-2025,1,249,0,0,249,D2C Website,Instagram,Credit Card,Delivered,Pune,0,,44.83,0,31.72
761746,511542,360142,10-04-2025,13-04-2025,1,349,15,52.35,296.65,Myntra,Instagram,UPI,Delivered,Bengaluru,0,,43.65,68.79,29.67
728981,511542,384259,30-12-2025,02-01-2026,1,649,0,0,649,D2C Website,Instagram,UPI,Delivered,Bengaluru,0,,56.99,0,25.02
761749,544313,370644,21-07-2025,25-07-2025,1,449,35,157.15,291.85,Myntra,Influencer,Credit Card,Delivered,Vadodara,0,,54.61,54.45,41.37
794521,544313,373579,07-08-2025,12-08-2025,1,449,10,44.9,404.1,Amazon,Influencer,UPI,Delivered,Vadodara,0,,89.87,71.4,22.09
728986,511551,351856,20-12-2025,21-12-2025,1,449,5,22.45,426.55,D2C Website,Instagram,Debit Card,Delivered,Delhi,0,,43.59,0,52.52
794531,511551,328746,23-12-2025,25-12-2025,2,299,25,149.5,448.5,Amazon,Instagram,UPI,Delivered,Delhi,0,,79.7,90.18,57.66
794537,511551,373579,24-12-2025,25-12-2025,1,449,20,89.8,359.2,Amazon,Instagram,UPI,Delivered,Delhi,0,,80.23,84.21,49.31
794541,511551,384259,25-12-2025,26-12-2025,1,649,10,64.9,584.1,Nykaa,Instagram,Wallet,Delivered,Delhi,0,,75.11,131.01,32.4
729007,527938,328746,27-12-2025,28-12-2025,1,299,15,44.85,254.15,D2C Website,Instagram,Cash on Delivery,Delivered,Chennai,0,,62.35,0,50.26
729009,503365,373579,02-07-2025,04-07-2025,1,449,0,0,449,Myntra,Organic Search,Cash on Delivery,Delivered,Hyderabad,0,,42.23,95.72,31.11
794547,503365,332325,22-09-2025,26-09-2025,1,399,0,0,399,D2C Website,Organic Search,Cash on Delivery,Delivered,Hyderabad,0,,57.58,0,53.82
761782,503365,373579,13-10-2025,19-10-2025,1,449,15,67.35,381.65,Amazon,Organic Search,UPI,Delivered,Hyderabad,0,,84.05,82.33,48.64
729017,552521,385909,18-06-2025,19-06-2025,1,429,5,21.45,407.55,Myntra,Google,UPI,Delivered,Mumbai,0,,52.2,99.42,31.57
761787,503379,384259,31-10-2025,03-11-2025,1,649,20,129.8,519.2,Myntra,Referral,UPI,Delivered,Nagpur,0,,59.5,99.69,55.09
761799,503379,384259,15-11-2025,21-11-2025,1,649,20,129.8,519.2,Offline Store,Referral,Cash on Delivery,Delivered,Nagpur,0,,0,0,58.57
729035,503379,332325,22-11-2025,27-11-2025,1,399,10,39.9,359.1,Myntra,Referral,Net Banking,Delivered,Nagpur,0,,37.09,81.35,21.77
794574,503379,376484,05-12-2025,09-12-2025,1,499,0,0,499,Myntra,Referral,Cash on Delivery,Delivered,Nagpur,0,,75.3,117.24,44
794575,503379,376484,24-12-2025,29-12-2025,1,499,20,99.8,399.2,Amazon,Referral,UPI,Delivered,Nagpur,0,,64.59,82.13,28.28
794580,552531,373579,12-08-2024,16-08-2024,1,449,25,112.25,336.75,D2C Website,Instagram,Credit Card,Delivered,Mumbai,0,,65.52,0,24.56
794591,577110,318726,30-05-2024,05-06-2024,1,549,0,0,549,Myntra,Referral,Credit Card,Delivered,Mumbai,0,,72.68,111.31,57.3
761825,577110,397912,10-06-2024,11-06-2024,1,399,15,59.85,339.15,Quick Commerce,Referral,UPI,Delivered,Mumbai,0,,69.52,0,46.43
729057,519769,397912,02-01-2025,06-01-2025,1,399,20,79.8,319.2,Amazon,Influencer,UPI,Delivered,Kochi,0,,61.35,48.97,26.24
729065,519769,373579,15-08-2025,16-08-2025,1,449,15,67.35,381.65,Nykaa,Influencer,Cash on Delivery,Delivered,Kochi,0,,41.17,94.78,46.75
761833,519773,318726,14-12-2024,20-12-2024,2,549,0,0,1098,Nykaa,Referral,UPI,Delivered,Bhopal,0,,58.1,187.84,20.71
729068,503390,318301,24-12-2025,25-12-2025,2,249,20,99.6,398.4,D2C Website,Organic Search,Wallet,Delivered,Guwahati,0,,68.2,0,58.09
761845,503390,318726,29-12-2025,03-01-2026,1,549,5,27.45,521.55,D2C Website,Organic Search,UPI,Delivered,Guwahati,0,,89.38,0,34.85
729079,544350,347447,30-03-2025,04-04-2025,1,349,10,34.9,314.1,D2C Website,Influencer,UPI,Delivered,Chennai,0,,57.64,0,55.67
761849,536160,347447,29-07-2025,30-07-2025,1,349,10,34.9,314.1,Nykaa,Instagram,UPI,Delivered,Kolkata,0,,63.33,59.02,36.71
761854,536160,397647,14-10-2025,19-10-2025,2,799,10,159.8,1438.2,D2C Website,Instagram,UPI,Delivered,Kolkata,0,,62.03,0,24.04
794626,585316,384259,25-08-2025,26-08-2025,1,649,10,64.9,584.1,D2C Website,Google,Wallet,Delivered,Pune,0,,68.42,0,34.62
761863,577128,385909,21-02-2024,27-02-2024,2,429,15,128.7,729.3,D2C Website,Instagram,UPI,Cancelled,Bengaluru,0,,46.52,0,57.28
794633,577128,373579,03-04-2024,04-04-2024,1,449,10,44.9,404.1,Myntra,Instagram,Cash on Delivery,Delivered,Bengaluru,0,,87.87,82,37.14
761866,577128,397912,13-09-2024,15-09-2024,1,399,25,99.75,299.25,Amazon,Instagram,UPI,Cancelled,Bengaluru,0,,61.22,58.94,51.78
794640,577128,397912,01-06-2025,03-06-2025,3,399,0,0,1197,D2C Website,Instagram,Credit Card,Delivered,Bengaluru,0,,62.23,0,42.29
761873,568937,376484,20-07-2024,21-07-2024,2,499,10,99.8,898.2,Amazon,Marketplace,UPI,Delivered,Lucknow,0,,71.56,147.63,25.54
794641,568937,360142,05-09-2024,08-09-2024,2,349,20,139.6,558.4,D2C Website,Marketplace,UPI,Delivered,Lucknow,0,,36.31,0,22.31
794644,568937,332325,15-01-2025,20-01-2025,1,399,15,59.85,339.15,Myntra,Marketplace,Debit Card,Delivered,Lucknow,0,,75.94,68.08,21.46
794648,568937,332325,16-04-2025,21-04-2025,2,399,15,119.7,678.3,Quick Commerce,Marketplace,UPI,Delivered,Lucknow,0,,66.24,0,39.84
761880,568937,370644,31-05-2025,02-06-2025,1,449,0,0,449,D2C Website,Marketplace,UPI,Delivered,Lucknow,0,,61.31,0,32.39
794651,568937,318301,06-08-2025,08-08-2025,1,249,0,0,249,Nykaa,Marketplace,Credit Card,Delivered,Lucknow,0,,77.46,57.23,29.95
729116,568937,397647,13-10-2025,19-10-2025,1,799,20,159.8,639.2,D2C Website,Marketplace,Cash on Delivery,Delivered,Lucknow,0,,36.64,0,23.18
761888,519786,332325,25-12-2025,28-12-2025,1,399,5,19.95,379.05,D2C Website,Influencer,UPI,Delivered,Chandigarh,0,,47.43,0,20.71
794657,577139,351856,19-07-2024,23-07-2024,1,449,5,22.45,426.55,D2C Website,Referral,Cash on Delivery,Delivered,Delhi,0,,66.15,0,45.75
729127,552565,332325,16-09-2024,21-09-2024,1,399,25,99.75,299.25,Myntra,Google,Cash on Delivery,Delivered,Mumbai,0,,40.49,50.71,44.23
794663,552565,332325,14-05-2025,16-05-2025,1,399,15,59.85,339.15,D2C Website,Google,Net Banking,Delivered,Mumbai,0,,59.88,0,33.09
794666,552565,332325,10-06-2025,11-06-2025,2,399,15,119.7,678.3,Nykaa,Google,Debit Card,Delivered,Mumbai,0,,42.13,118.69,55.87
729131,552565,332325,19-09-2025,22-09-2025,1,399,10,39.9,359.1,Offline Store,Google,Credit Card,Returned,Mumbai,1,Product Not As Described,0,0,38.72
794671,593525,360142,03-10-2024,06-10-2024,1,349,25,87.25,261.75,Myntra,Organic Search,Credit Card,Delivered,Mumbai,0,,80.43,58.54,24.09
761906,593525,397647,24-02-2025,02-03-2025,2,799,40,639.2,958.8,Offline Store,Organic Search,Unknown,Delivered,Mumbai,0,,0,0,54.48
761908,593525,373579,27-07-2025,28-07-2025,2,449,25,224.5,673.5,Myntra,Organic Search,Debit Card,Delivered,Mumbai,0,,58.72,128.83,48.39
761909,544375,360142,16-01-2025,21-01-2025,1,349,5,17.45,331.55,Quick Commerce,Offline Store,Debit Card,Delivered,Delhi,0,,64,0,31.76
729144,568955,318726,16-05-2024,20-05-2024,1,549,10,54.9,494.1,Quick Commerce,Google,UPI,Delivered,Delhi,0,,42.73,0,35.64
794687,568955,370644,27-10-2024,01-11-2024,1,449,0,0,449,Amazon,Google,UPI,Cancelled,Delhi,0,,50.5,105.76,32.12
794690,568955,376484,07-05-2025,09-05-2025,2,499,10,99.8,898.2,D2C Website,Google,Debit Card,Delivered,Delhi,0,,49.27,0,42.21
729155,568955,318726,03-11-2025,08-11-2025,2,549,15,164.7,933.3,Amazon,Google,Credit Card,Delivered,Delhi,0,,38.88,157.86,54.73
729156,568955,318726,30-11-2025,01-12-2025,1,549,10,54.9,494.1,D2C Website,Google,Credit Card,Delivered,Delhi,0,,37.29,0,57.72
794696,528010,376484,23-07-2025,24-07-2025,1,499,15,74.85,424.15,Amazon,Google,UPI,Delivered,Lucknow,0,,55.94,79.75,43.49
794700,544396,376484,17-01-2025,19-01-2025,1,499,5,24.95,474.05,D2C Website,Organic Search,Cash on Delivery,Delivered,Delhi,0,,57.48,0,35.33
794702,544396,332325,21-09-2025,25-09-2025,2,399,20,159.6,638.4,Offline Store,Organic Search,Debit Card,Delivered,Delhi,0,,0,0,51.52
794703,544396,373579,11-12-2025,16-12-2025,1,449,15,67.35,381.65,Nykaa,Organic Search,Debit Card,Delivered,Delhi,0,,40.61,61.99,43.21
761936,544396,328746,24-12-2025,26-12-2025,1,299,5,14.95,284.05,Nykaa,Organic Search,Cash on Delivery,Delivered,Delhi,0,,55.81,66.67,46.31
794706,528016,370644,21-06-2025,27-06-2025,1,449,35,157.15,291.85,D2C Website,Instagram,UPI,Delivered,Pune,0,,50.92,0,58.75
794707,528016,376484,07-09-2025,08-09-2025,1,499,20,99.8,399.2,Amazon,Instagram,Credit Card,Delivered,Pune,0,,38.84,67.78,24.15
761940,528016,376484,14-11-2025,19-11-2025,1,499,10,49.9,449.1,Nykaa,Instagram,Credit Card,Returned,Pune,1,Product Not As Described,87.18,81.38,33.67
794712,528016,332325,22-11-2025,28-11-2025,1,399,20,79.8,319.2,Nykaa,Instagram,Cash on Delivery,Delivered,Pune,0,,69.99,52.88,37.8
729189,536208,328746,29-03-2024,30-03-2024,1,299,5,14.95,284.05,D2C Website,Marketplace,Cash on Delivery,Delivered,Bengaluru,0,,57.77,0,42.9
794728,536208,332325,04-05-2024,05-05-2024,1,399,5,19.95,379.05,D2C Website,Marketplace,Debit Card,Delivered,Bengaluru,0,,84.65,0,38.13
794745,503441,376484,30-12-2025,01-01-2026,1,499,10,49.9,449.1,Myntra,Google,Cash on Delivery,Delivered,Ahmedabad,0,,49.45,76.25,52.29
729213,536211,376484,20-05-2025,23-05-2025,1,499,25,124.75,374.25,D2C Website,Organic Search,Credit Card,Delivered,Hyderabad,0,,87.05,0,26.1
729214,577182,373579,28-10-2024,01-11-2024,1,449,15,67.35,381.65,Amazon,Influencer,Credit Card,Delivered,Guwahati,0,,46.81,58.29,59.73
761986,577182,347447,15-02-2025,18-02-2025,1,349,0,0,349,D2C Website,Influencer,Debit Card,Delivered,Guwahati,0,,66.93,0,56.84
794764,577182,328746,04-08-2025,05-08-2025,1,299,10,29.9,269.1,D2C Website,Influencer,Net Banking,Delivered,Guwahati,0,,47.63,0,44.34
729232,577182,373579,09-11-2025,13-11-2025,1,449,10,44.9,404.1,Myntra,Influencer,UPI,Delivered,Guwahati,0,,50.89,100.98,27.43
794769,577184,318301,18-01-2025,22-01-2025,1,249,0,0,249,D2C Website,Marketplace,Cash on Delivery,Delivered,Mumbai,0,,44.23,0,50.36
729235,577184,360142,21-02-2025,23-02-2025,2,349,5,34.9,663.1,Nykaa,Marketplace,Wallet,Delivered,Mumbai,0,,65.61,146.07,33.91
794772,568995,376484,23-05-2024,27-05-2024,3,499,0,0,1497,Myntra,Instagram,Cash on Delivery,Delivered,Delhi,0,,47.42,249.36,21.5
794773,568995,373579,02-06-2024,03-06-2024,1,449,0,0,449,Nykaa,Instagram,Net Banking,Delivered,Delhi,0,,87.28,87.14,36
762020,568995,397647,18-07-2024,23-07-2024,1,799,0,0,799,D2C Website,Instagram,Cash on Delivery,Delivered,Delhi,0,,69.96,0,43.36
762027,568995,318301,24-07-2024,27-07-2024,1,249,0,0,249,D2C Website,Instagram,Wallet,Delivered,Delhi,0,,63.42,0,38.69
794798,568995,373579,29-12-2024,31-12-2024,1,449,15,67.35,381.65,Nykaa,Instagram,Unknown,Delivered,Delhi,0,,89.35,61.31,56.85
762031,568995,373579,22-02-2025,26-02-2025,3,449,0,0,1347,D2C Website,Instagram,UPI,Delivered,Delhi,0,,38.95,0,39.45
794802,568995,347447,01-04-2025,03-04-2025,2,349,10,69.8,628.2,Nykaa,Instagram,UPI,Delivered,Delhi,0,,84.91,113.91,43.82
794808,568995,318301,15-06-2025,16-06-2025,2,249,0,0,498,Amazon,Instagram,UPI,Delivered,Delhi,0,,86.24,79.84,22.96
762041,568995,373579,24-10-2025,30-10-2025,2,449,0,0,898,D2C Website,Instagram,UPI,Delivered,Delhi,0,,80.77,0,59.71
794809,544424,318726,29-05-2025,01-06-2025,1,549,15,82.35,466.65,D2C Website,Influencer,Debit Card,Delivered,Mumbai,0,,86.96,0,52.41
762043,544424,318726,08-07-2025,13-07-2025,1,549,15,82.35,466.65,D2C Website,Influencer,Debit Card,Delivered,Mumbai,0,,50.36,0,29.29
794813,544424,376484,27-08-2025,01-09-2025,1,499,10,49.9,449.1,D2C Website,Influencer,Credit Card,Delivered,Mumbai,0,,66.06,0,36.29
762052,528043,360142,10-12-2025,11-12-2025,1,349,15,52.35,296.65,D2C Website,Influencer,UPI,Delivered,Surat,0,,73.21,0,43.43
762055,528043,370644,12-12-2025,18-12-2025,3,449,20,269.4,1077.6,D2C Website,Influencer,UPI,Delivered,Surat,0,,54.14,0,48.77
762064,528043,376484,13-12-2025,19-12-2025,2,499,10,99.8,898.2,D2C Website,Influencer,UPI,Delivered,Surat,0,,70.62,0,38.25
729301,528043,397912,18-12-2025,20-12-2025,2,399,10,79.8,718.2,D2C Website,Influencer,UPI,Delivered,Surat,0,,62.24,0,48.91
762068,528043,318726,22-12-2025,24-12-2025,1,549,15,82.35,466.65,Offline Store,Influencer,Credit Card,Delivered,Surat,0,,0,0,52.47
762072,528043,397912,25-12-2025,30-12-2025,1,399,0,0,399,D2C Website,Influencer,UPI,Delivered,Surat,0,,53.13,0,46.45
729312,560811,318726,14-12-2025,20-12-2025,1,549,20,109.8,439.2,Quick Commerce,Marketplace,Net Banking,Delivered,Kolkata,0,,73.57,0,59.64
794857,560811,370644,26-12-2025,30-12-2025,2,449,20,179.6,718.4,Nykaa,Marketplace,Credit Card,Delivered,Kolkata,0,,55.09,138.68,42.37
762093,536241,373579,20-09-2024,21-09-2024,2,449,15,134.7,763.3,D2C Website,Influencer,Debit Card,Delivered,Jaipur,0,,41.68,0,25.45
762094,536241,318726,07-04-2025,13-04-2025,1,549,15,82.35,466.65,D2C Website,Influencer,UPI,Delivered,Jaipur,0,,65.65,0,27.52
762096,536241,351856,31-08-2025,03-09-2025,1,449,25,112.25,336.75,D2C Website,Influencer,Wallet,Delivered,Jaipur,0,,57.04,0,52.78
762098,585394,318726,16-03-2024,19-03-2024,2,549,15,164.7,933.3,D2C Website,Instagram,UPI,Delivered,Ahmedabad,0,,35.27,0,54.96
729334,585394,376622,13-06-2024,15-06-2024,3,899,35,943.95,1753.05,Quick Commerce,Instagram,Debit Card,Delivered,Ahmedabad,0,,42.28,0,47.82
794871,585394,328746,29-12-2024,04-01-2025,1,299,15,44.85,254.15,Nykaa,Instagram,Debit Card,Delivered,Ahmedabad,0,,87.46,48.16,43.33
762105,585394,328746,04-12-2025,07-12-2025,1,299,25,74.75,224.25,Offline Store,Instagram,Net Banking,Delivered,Ahmedabad,0,,0,0,53.35
762111,585394,376484,22-12-2025,25-12-2025,1,499,25,124.75,374.25,Amazon,Instagram,Credit Card,Delivered,Ahmedabad,0,,56.42,90.72,22.14
762114,569013,384259,27-04-2025,03-05-2025,1,649,5,32.45,616.55,Quick Commerce,Instagram,Credit Card,Delivered,Delhi,0,,38.05,0,52.72
762115,552640,318301,29-11-2025,05-12-2025,3,249,15,112.05,634.95,Nykaa,Marketplace,UPI,Delivered,Bengaluru,0,,39.82,104.09,29.24
762116,552640,384259,07-12-2025,13-12-2025,2,649,5,64.9,1233.1,Nykaa,Marketplace,Credit Card,Delivered,Bengaluru,0,,77.01,202.22,41.23
729350,552640,347447,11-12-2025,15-12-2025,2,349,0,0,698,Amazon,Marketplace,UPI,Delivered,Bengaluru,0,,77.03,148.29,47.46
762118,552640,373579,14-12-2025,20-12-2025,1,449,0,0,449,Quick Commerce,Marketplace,UPI,Delivered,Bengaluru,0,,81.9,0,39.12
729351,552640,373579,18-12-2025,20-12-2025,1,449,10,44.9,404.1,Nykaa,Marketplace,UPI,Delivered,Bengaluru,0,,49.43,71.27,24.99
729355,552640,373579,19-12-2025,23-12-2025,1,449,10,44.9,404.1,Myntra,Marketplace,UPI,Delivered,Bengaluru,0,,89.55,70.52,54.24
762126,552640,318301,24-12-2025,27-12-2025,1,249,5,12.45,236.55,Nykaa,Marketplace,Cash on Delivery,Delivered,Bengaluru,0,,42.62,37.14,59.51
794897,552640,373579,25-12-2025,30-12-2025,1,449,0,0,449,Amazon,Marketplace,Debit Card,Delivered,Bengaluru,0,,36.15,106.81,28.53
729362,552640,384259,27-12-2025,02-01-2026,1,649,10,64.9,584.1,Offline Store,Marketplace,Wallet,Delivered,Bengaluru,0,,0,0,52.88
794902,503495,360142,25-09-2025,26-09-2025,1,349,15,52.35,296.65,Nykaa,Google,UPI,Delivered,Delhi,0,,77.05,56.76,47.61
729368,503495,373579,15-10-2025,17-10-2025,1,449,10,44.9,404.1,D2C Website,Google,UPI,Delivered,Delhi,0,,45.41,0,56.52
794908,503495,397647,06-12-2025,07-12-2025,1,799,5,39.95,759.05,Myntra,Google,Credit Card,Returned,Delhi,1,Damaged in Transit,50.07,148.96,53.46
729372,503495,373579,07-12-2025,09-12-2025,3,449,20,269.4,1077.6,D2C Website,Google,Credit Card,Delivered,Delhi,0,,71.65,0,48.52
794910,503495,397647,17-12-2025,23-12-2025,1,799,20,159.8,639.2,D2C Website,Google,Debit Card,Delivered,Delhi,0,,53.88,0,51.54
794913,536265,384259,15-11-2025,16-11-2025,2,649,15,194.7,1103.3,D2C Website,Marketplace,Debit Card,Returned,Kolkata,1,Changed Mind,83.84,0,29.62
729385,536265,332325,30-12-2025,02-01-2026,2,399,0,0,798,D2C Website,Marketplace,Wallet,Delivered,Kolkata,0,,69.35,0,32.84
762154,528074,384259,29-03-2025,31-03-2025,1,649,5,32.45,616.55,Nykaa,Influencer,UPI,Delivered,Bengaluru,0,,49.15,118.04,32.05
794926,519887,376484,08-07-2025,14-07-2025,1,499,0,0,499,D2C Website,Organic Search,UPI,Delivered,Pune,0,,58.93,0,24.52
729390,528080,376622,03-05-2024,06-05-2024,2,899,10,179.8,1618.2,Amazon,Google,Debit Card,Returned,Pune,1,Changed Mind,37.55,278.75,30.3
794929,585426,373579,21-11-2025,26-11-2025,2,449,5,44.9,853.1,Nykaa,Instagram,Debit Card,Delivered,Kolkata,0,,53.37,135.23,48.1
794932,560852,376484,28-12-2025,03-01-2026,1,499,20,99.8,399.2,D2C Website,Instagram,Debit Card,Delivered,Indore,0,,77.9,0,41.23
794936,544473,397912,09-03-2025,12-03-2025,1,399,15,59.85,339.15,Amazon,Influencer,Debit Card,Delivered,Surat,0,,35.87,74.21,49.19
729401,593626,397912,19-12-2025,21-12-2025,3,399,0,0,1197,Nykaa,Google,UPI,Delivered,Coimbatore,0,,74.85,200.93,35.87
729400,585437,332325,14-05-2024,17-05-2024,1,399,5,19.95,379.05,D2C Website,Instagram,Credit Card,Delivered,Bhopal,0,,38.99,0,51.85
762181,585437,318726,25-05-2024,28-05-2024,1,549,5,27.45,521.55,Nykaa,Instagram,UPI,Delivered,Bhopal,0,,66.23,110.53,39.59
762185,569066,376484,31-10-2024,05-11-2024,1,499,10,49.9,449.1,Amazon,Google,UPI,Delivered,Pune,0,,88.72,104.67,54.11
729418,569066,318726,08-11-2024,11-11-2024,1,549,0,0,549,Amazon,Google,Cash on Delivery,Delivered,Pune,0,,79.89,135.15,30.19
729421,503534,384259,14-11-2025,15-11-2025,3,649,15,292.05,1654.95,Amazon,Google,Debit Card,Cancelled,Bengaluru,0,,56.53,284.08,56.9
762190,544500,376622,14-04-2025,17-04-2025,1,899,15,134.85,764.15,Amazon,Offline Store,UPI,Delivered,Chandigarh,0,,82.46,164.52,24.16
729423,585461,332325,21-12-2025,23-12-2025,1,399,0,0,399,Amazon,Offline Store,Cash on Delivery,Delivered,Lucknow,0,,35.79,61.07,21.72
729428,560889,332325,24-10-2025,30-10-2025,2,399,0,0,798,D2C Website,Organic Search,UPI,Delivered,Mumbai,0,,73.47,0,43.12
794964,577278,384259,15-09-2025,17-09-2025,1,649,15,97.35,551.65,Nykaa,Google,Cash on Delivery,Delivered,Vadodara,0,,85,95.06,54.58
729431,577278,318726,05-10-2025,06-10-2025,1,549,10,54.9,494.1,Offline Store,Google,UPI,Delivered,Vadodara,0,,0,0,47.32
729436,503552,332325,10-06-2024,14-06-2024,1,399,15,59.85,339.15,Nykaa,Marketplace,Wallet,Delivered,Jaipur,0,,54.42,65.35,56.79
729437,503552,384259,08-09-2024,10-09-2024,1,649,0,0,649,Amazon,Marketplace,Cash on Delivery,Delivered,Jaipur,0,,35.36,127.98,44.69
762206,503552,376622,28-12-2025,02-01-2026,1,899,20,179.8,719.2,D2C Website,Marketplace,UPI,Delivered,Jaipur,0,,64.96,0,30.14
762208,519936,318726,18-08-2025,24-08-2025,1,549,0,0,549,Quick Commerce,Google,Cash on Delivery,Delivered,Hyderabad,0,,68.72,0,37.2
794976,585477,318301,20-01-2025,21-01-2025,2,249,10,49.8,448.2,Amazon,Instagram,Cash on Delivery,Delivered,Mumbai,0,,53,100.01,33.28
794977,560901,347447,22-10-2025,25-10-2025,2,349,5,34.9,663.1,D2C Website,Google,Cash on Delivery,Delivered,Jaipur,0,,36.78,0,24.59
729443,593677,373579,26-08-2025,28-08-2025,1,449,10,44.9,404.1,D2C Website,Google,Credit Card,Delivered,Mumbai,0,,83.24,0,28.32
762221,560910,384259,04-04-2025,06-04-2025,1,649,35,227.15,421.85,Offline Store,Instagram,Credit Card,Delivered,Patna,0,,0,0,32.89
762230,560910,318726,30-10-2025,05-11-2025,3,549,15,247.05,1399.95,Amazon,Instagram,UPI,Returned,Patna,1,Better Price Found Elsewhere,84.74,210.39,46.79
729468,560910,384259,16-11-2025,18-11-2025,1,649,20,129.8,519.2,Nykaa,Instagram,Cash on Delivery,Delivered,Patna,0,,45.86,111.1,38.28
762240,536342,384259,13-09-2025,18-09-2025,1,649,15,97.35,551.65,Quick Commerce,Marketplace,Credit Card,Delivered,Ahmedabad,0,,87.62,0,21.21
795015,577304,376484,26-05-2024,28-05-2024,2,499,0,0,998,Amazon,Instagram,UPI,Delivered,Bengaluru,0,,78.15,233.56,44.49
729482,577304,318726,15-06-2024,19-06-2024,3,549,0,0,1647,Quick Commerce,Instagram,Net Banking,Delivered,Bengaluru,0,,51.81,0,29.95
795025,536347,360142,23-11-2025,26-11-2025,1,349,10,34.9,314.1,D2C Website,Marketplace,Credit Card,Delivered,Mumbai,0,,38.54,0,20.75
795030,544541,376484,19-02-2025,25-02-2025,1,499,25,124.75,374.25,D2C Website,Marketplace,Net Banking,Delivered,Delhi,0,,50.96,0,49.38
795036,544541,384259,04-03-2025,05-03-2025,1,649,15,97.35,551.65,Nykaa,Marketplace,UPI,Delivered,Delhi,0,,61.94,118.93,31.97
729500,544541,360142,02-07-2025,06-07-2025,1,349,10,34.9,314.1,Quick Commerce,Marketplace,UPI,Delivered,Delhi,0,,44.35,0,20.14
795040,544541,332325,12-10-2025,13-10-2025,1,399,20,79.8,319.2,D2C Website,Marketplace,UPI,Returned,Delhi,1,Better Price Found Elsewhere,35.33,0,52.72
729504,544541,318726,11-12-2025,16-12-2025,1,549,20,109.8,439.2,D2C Website,Marketplace,Cash on Delivery,Returned,Delhi,1,Better Price Found Elsewhere,57.44,0,42.93
795046,560931,384259,18-08-2025,20-08-2025,1,649,10,64.9,584.1,Myntra,Marketplace,Cash on Delivery,Delivered,Kolkata,0,,73.4,109.37,47.85
795053,560931,376484,24-08-2025,29-08-2025,1,499,5,24.95,474.05,D2C Website,Marketplace,Debit Card,Delivered,Kolkata,0,,52.84,0,53.5
762285,560931,384259,11-09-2025,15-09-2025,1,649,20,129.8,519.2,Quick Commerce,Marketplace,Credit Card,Delivered,Kolkata,0,,69.98,0,29.4
762286,560931,328746,16-10-2025,22-10-2025,1,299,10,29.9,269.1,D2C Website,Marketplace,Credit Card,Delivered,Kolkata,0,,73.47,0,48.52
762288,544548,376484,28-09-2024,01-10-2024,1,499,10,49.9,449.1,D2C Website,Influencer,UPI,Delivered,Pune,0,,72.2,0,43.83
762289,519973,328746,25-10-2025,26-10-2025,1,299,10,29.9,269.1,Amazon,Instagram,Cash on Delivery,Delivered,Indore,0,,79.94,61.26,32.77
795056,552743,347447,20-11-2025,26-11-2025,1,349,20,69.8,279.2,D2C Website,Marketplace,Wallet,Delivered,Bengaluru,0,,64.61,0,36.07
729523,552743,332325,24-11-2025,28-11-2025,2,399,10,79.8,718.2,D2C Website,Marketplace,Debit Card,Cancelled,Bengaluru,0,,67.32,0,58.77
729521,569135,373579,18-11-2025,24-11-2025,1,449,20,89.8,359.2,Myntra,Google,Credit Card,Delivered,Delhi,0,,81.02,70.79,37.27
762294,569135,385909,20-12-2025,23-12-2025,1,429,25,107.25,321.75,Myntra,Google,UPI,Delivered,Delhi,0,,68.5,52.49,55.71
762296,569135,351856,22-12-2025,28-12-2025,1,449,10,44.9,404.1,Myntra,Google,UPI,Delivered,Delhi,0,,51.23,88.58,49.23
795067,560946,360142,30-01-2025,02-02-2025,1,349,5,17.45,331.55,Amazon,Google,UPI,Delivered,Surat,0,,57.37,61.42,32.85
795072,552757,318726,03-06-2025,09-06-2025,1,549,0,0,549,Amazon,Instagram,Cash on Delivery,Cancelled,Mumbai,0,,67.58,107.01,41.93
795073,593718,318726,07-11-2025,11-11-2025,1,549,0,0,549,Offline Store,Instagram,Cash on Delivery,Delivered,Hyderabad,0,,0,0,25.71
795079,528183,328746,22-12-2025,28-12-2025,1,299,20,59.8,239.2,D2C Website,Influencer,UPI,Delivered,Hyderabad,0,,89.85,0,20.02
795081,528183,370644,28-12-2025,31-12-2025,3,449,25,336.75,1010.25,D2C Website,Influencer,UPI,Delivered,Hyderabad,0,,66.37,0,56.46
795082,560952,318726,02-07-2025,03-07-2025,1,549,5,27.45,521.55,Offline Store,Organic Search,Debit Card,Delivered,Hyderabad,0,,0,0,28.06
762320,560952,328746,09-07-2025,14-07-2025,1,299,35,104.65,194.35,Nykaa,Organic Search,Credit Card,Delivered,Hyderabad,0,,85.35,30.33,27.83
729555,560952,385909,03-10-2025,09-10-2025,1,429,10,42.9,386.1,D2C Website,Organic Search,Net Banking,Delivered,Hyderabad,0,,42.14,0,40.3
762324,503617,376484,05-11-2025,11-11-2025,1,499,5,24.95,474.05,Offline Store,Marketplace,Cash on Delivery,Delivered,Hyderabad,0,,0,0,39.83
729556,552772,332325,29-12-2025,30-12-2025,2,399,40,319.2,478.8,Amazon,Organic Search,UPI,Delivered,Surat,0,,66.47,106.8,50.2
729563,511813,370644,20-06-2025,21-06-2025,1,449,5,22.45,426.55,D2C Website,Marketplace,UPI,Delivered,Mumbai,0,,86.1,0,47.84
762338,520006,318301,05-05-2025,09-05-2025,2,249,10,49.8,448.2,Nykaa,Influencer,Cash on Delivery,Delivered,Surat,0,,72.21,106.76,55.3
729573,520006,347447,10-10-2025,13-10-2025,1,349,15,52.35,296.65,Nykaa,Influencer,UPI,Delivered,Surat,0,,65.85,73.07,44.59
762347,520006,351856,29-12-2025,04-01-2026,1,449,5,22.45,426.55,Amazon,Influencer,Cash on Delivery,Delivered,Surat,0,,49.2,96.95,29.39
795117,528197,384259,24-02-2024,01-03-2024,1,649,10,64.9,584.1,Amazon,Offline Store,Cash on Delivery,Delivered,Chennai,0,,67.31,101.47,44.62
762354,528197,376484,21-10-2024,27-10-2024,3,499,5,74.85,1422.15,D2C Website,Offline Store,Debit Card,Delivered,Chennai,0,,79,0,31.08
729591,544587,384259,10-03-2025,16-03-2025,1,649,10,64.9,584.1,Offline Store,Instagram,Debit Card,Delivered,Kolkata,0,,0,0,50.74
795130,544587,376484,09-05-2025,14-05-2025,1,499,10,49.9,449.1,D2C Website,Instagram,Cash on Delivery,Delivered,Kolkata,0,,56.5,0,57.47
762367,544587,318726,21-06-2025,23-06-2025,1,549,0,0,549,Nykaa,Instagram,Cash on Delivery,Delivered,Kolkata,0,,63.35,118.16,56.84
729600,569163,370644,06-11-2025,11-11-2025,2,449,15,134.7,763.3,Myntra,Organic Search,UPI,Delivered,Pune,0,,76.6,148.88,56.88
729605,577356,384259,15-07-2024,19-07-2024,1,649,20,129.8,519.2,Amazon,Google,UPI,Delivered,Chandigarh,0,,80.31,93.95,59.64
729607,577356,373579,19-11-2025,23-11-2025,1,449,10,44.9,404.1,D2C Website,Google,Net Banking,Delivered,Chandigarh,0,,73.14,0,22.27
762378,560981,376622,07-12-2025,11-12-2025,1,899,25,224.75,674.25,Nykaa,Instagram,Cash on Delivery,Delivered,Bhopal,0,,85.67,107.47,45.47
795146,569176,360142,05-11-2025,11-11-2025,1,349,20,69.8,279.2,D2C Website,Instagram,Debit Card,Delivered,Bengaluru,0,,62.93,0,28.72
795152,511835,328746,30-08-2024,01-09-2024,1,299,10,29.9,269.1,Myntra,Influencer,Net Banking,Delivered,Bengaluru,0,,50.54,53.85,29.45
729617,520028,376484,05-09-2025,07-09-2025,1,499,40,199.6,299.4,D2C Website,Influencer,UPI,Delivered,Bengaluru,0,,89.98,0,25.53
795155,520028,328746,27-09-2025,01-10-2025,1,299,35,104.65,194.35,Quick Commerce,Influencer,UPI,Delivered,Bengaluru,0,,43.72,0,29.52
795157,520028,332325,11-10-2025,17-10-2025,1,399,10,39.9,359.1,D2C Website,Influencer,UPI,Delivered,Bengaluru,0,,41.54,0,44.92
729626,520028,318301,18-11-2025,23-11-2025,2,249,25,124.5,373.5,D2C Website,Influencer,Credit Card,Returned,Bengaluru,1,Damaged in Transit,45.36,0,58.74
762395,511836,385909,21-05-2025,25-05-2025,1,429,15,64.35,364.65,D2C Website,Influencer,Debit Card,Delivered,Bengaluru,0,,53.14,0,21.34
795162,511836,351856,09-09-2025,12-09-2025,1,449,20,89.8,359.2,Amazon,Influencer,Cash on Delivery,Delivered,Bengaluru,0,,59.83,66.26,59.55
762394,511836,385909,15-12-2025,17-12-2025,1,429,25,107.25,321.75,Quick Commerce,Influencer,UPI,Delivered,Bengaluru,0,,57.61,0,38.81
729634,511836,397912,18-12-2025,22-12-2025,1,399,35,139.65,259.35,D2C Website,Influencer,Debit Card,Delivered,Bengaluru,0,,49.6,0,57.33
762406,520032,370644,21-12-2025,25-12-2025,1,449,40,179.6,269.4,D2C Website,Organic Search,UPI,Delivered,Hyderabad,0,,41.11,0,26.4
762411,520033,347447,13-11-2025,18-11-2025,1,349,15,52.35,296.65,Nykaa,Instagram,Debit Card,Delivered,Hyderabad,0,,61.27,63.33,49.3
795185,544608,373579,03-04-2025,07-04-2025,1,449,20,89.8,359.2,D2C Website,Marketplace,UPI,Delivered,Kolkata,0,,40.69,0,26.15
762419,544608,332325,01-09-2025,06-09-2025,1,399,15,59.85,339.15,Offline Store,Marketplace,Cash on Delivery,Delivered,Kolkata,0,,0,0,46.25
729651,520036,347447,15-08-2025,20-08-2025,1,349,15,52.35,296.65,Offline Store,Marketplace,Credit Card,Cancelled,Delhi,0,,0,0,29.93
762421,520036,384259,18-08-2025,21-08-2025,1,649,15,97.35,551.65,Quick Commerce,Marketplace,Credit Card,Delivered,Delhi,0,,52.81,0,57.58
762422,520036,376622,10-09-2025,11-09-2025,1,899,20,179.8,719.2,Amazon,Marketplace,Cash on Delivery,Delivered,Delhi,0,,73.81,137.22,37.15
762423,520036,351856,19-09-2025,23-09-2025,1,449,15,67.35,381.65,Myntra,Marketplace,Credit Card,Delivered,Delhi,0,,71.97,80.36,56.92
795192,511846,384259,19-09-2025,24-09-2025,1,649,5,32.45,616.55,Quick Commerce,Marketplace,UPI,Delivered,Surat,0,,38.39,0,47.13
795195,511846,332325,27-11-2025,01-12-2025,1,399,0,0,399,Amazon,Marketplace,UPI,Delivered,Surat,0,,80.93,99.07,57.92
762429,511846,318301,17-12-2025,22-12-2025,1,249,5,12.45,236.55,D2C Website,Marketplace,UPI,Returned,Surat,1,Product Not As Described,87.08,0,27.35
729662,520052,376484,03-06-2024,04-06-2024,1,499,15,74.85,424.15,Amazon,Instagram,Net Banking,Delivered,Ahmedabad,0,,58.74,89.3,57.54
795199,520052,318726,21-04-2025,27-04-2025,1,549,5,27.45,521.55,D2C Website,Instagram,UPI,Delivered,Ahmedabad,0,,53.74,0,24.31
729667,520052,318301,29-05-2025,31-05-2025,2,249,15,74.7,423.3,Amazon,Instagram,UPI,Delivered,Ahmedabad,0,,52.01,72.33,21.33
762444,520052,384259,25-06-2025,29-06-2025,1,649,10,64.9,584.1,D2C Website,Instagram,UPI,Delivered,Ahmedabad,0,,85.18,0,35.3
762447,520052,332325,08-08-2025,13-08-2025,1,399,0,0,399,D2C Website,Instagram,UPI,Delivered,Ahmedabad,0,,72.72,0,50.2
729683,528255,318726,21-12-2025,26-12-2025,1,549,15,82.35,466.65,Amazon,Influencer,UPI,Delivered,Bengaluru,0,,78.08,112.92,44.38
795219,536458,376484,07-12-2024,08-12-2024,1,499,40,199.6,299.4,Myntra,Influencer,Debit Card,Returned,Pune,1,Allergic Reaction,42.99,48.68,29.33
795225,536458,376484,16-12-2024,20-12-2024,1,499,15,74.85,424.15,D2C Website,Influencer,Debit Card,Delivered,Pune,0,,45,0,51.18
762459,536458,347447,07-01-2025,12-01-2025,3,349,20,209.4,837.6,Myntra,Influencer,UPI,Delivered,Pune,0,,64.78,166.77,55.57
795228,536458,397647,14-02-2025,19-02-2025,3,799,10,239.7,2157.3,Offline Store,Influencer,UPI,Delivered,Pune,0,,0,0,22.49
762461,536458,318726,21-02-2025,23-02-2025,1,549,20,109.8,439.2,Amazon,Influencer,Credit Card,Delivered,Pune,0,,73.15,88.65,49.7
729697,536458,376484,19-03-2025,21-03-2025,2,499,0,0,998,Myntra,Influencer,UPI,Delivered,Pune,0,,37.92,207.28,31.65
795238,536458,332325,26-06-2025,30-06-2025,3,399,10,119.7,1077.3,Nykaa,Influencer,UPI,Delivered,Pune,0,,42.55,224.03,55.24
762472,536458,397912,28-07-2025,29-07-2025,1,399,0,0,399,Amazon,Influencer,UPI,Delivered,Pune,0,,73.09,76.49,20.78
729706,528266,318726,22-05-2025,24-05-2025,1,549,15,82.35,466.65,Nykaa,Organic Search,UPI,Delivered,Kolkata,0,,65.26,80.15,47.8
795243,528266,370644,13-07-2025,18-07-2025,1,449,10,44.9,404.1,D2C Website,Organic Search,UPI,Delivered,Kolkata,0,,49.35,0,37.66
729710,528266,370644,26-08-2025,01-09-2025,2,449,15,134.7,763.3,D2C Website,Organic Search,Net Banking,Delivered,Kolkata,0,,57.91,0,39.14
729712,528266,328746,15-10-2025,16-10-2025,2,299,5,29.9,568.1,Offline Store,Organic Search,Debit Card,Delivered,Kolkata,0,,0,0,23.46
795251,503694,384259,30-04-2025,05-05-2025,1,649,25,162.25,486.75,Quick Commerce,Organic Search,Credit Card,Delivered,Mumbai,0,,56.94,0,22.45
795257,544657,397912,30-10-2025,05-11-2025,1,399,20,79.8,319.2,Myntra,Instagram,UPI,Delivered,Delhi,0,,76.57,70.46,30.29
795258,536471,318726,19-08-2025,21-08-2025,1,549,25,137.25,411.75,Amazon,Instagram,UPI,Delivered,Delhi,0,,63.38,64.83,36.97
762489,544681,318726,16-07-2025,18-07-2025,2,549,15,164.7,933.3,Nykaa,Influencer,Net Banking,Returned,Hyderabad,1,Allergic Reaction,70.27,218.33,35.12
729724,544681,318726,23-10-2025,28-10-2025,1,549,0,0,549,D2C Website,Influencer,Debit Card,Returned,Hyderabad,1,Changed Mind,69.98,0,25.77
795261,544681,332325,22-11-2025,27-11-2025,1,399,5,19.95,379.05,Quick Commerce,Influencer,UPI,Delivered,Hyderabad,0,,41.78,0,26.97
762495,544681,376484,29-11-2025,02-12-2025,2,499,5,49.9,948.1,Offline Store,Influencer,Credit Card,Delivered,Hyderabad,0,,0,0,47.39
762498,511915,318726,27-09-2025,28-09-2025,1,549,5,27.45,521.55,Nykaa,Marketplace,Credit Card,Delivered,Ahmedabad,0,,39.66,119.53,44.16
762503,561069,328746,29-07-2024,02-08-2024,1,299,0,0,299,Nykaa,Google,UPI,Delivered,Mumbai,0,,60.92,65.85,47.69
729743,561069,376484,28-09-2024,04-10-2024,1,499,10,49.9,449.1,Myntra,Google,UPI,Delivered,Mumbai,0,,40.65,106.54,26.82
762515,561069,318726,04-12-2024,10-12-2024,3,549,15,247.05,1399.95,D2C Website,Google,UPI,Delivered,Mumbai,0,,87.2,0,38.85
762517,561069,332325,13-12-2024,16-12-2024,1,399,35,139.65,259.35,D2C Website,Google,Cash on Delivery,Delivered,Mumbai,0,,58.36,0,41.92
762535,585649,328746,05-12-2024,11-12-2024,1,299,15,44.85,254.15,D2C Website,Influencer,Net Banking,Delivered,Ahmedabad,0,,88.59,0,23.66
762537,585649,351856,09-01-2025,14-01-2025,2,449,5,44.9,853.1,Myntra,Influencer,UPI,Returned,Ahmedabad,1,Allergic Reaction,60.79,132.34,52.61
729769,585649,360142,23-03-2025,28-03-2025,1,349,35,122.15,226.85,Amazon,Influencer,Debit Card,Delivered,Ahmedabad,0,,44.71,34.66,34.89
762558,585649,328746,06-05-2025,12-05-2025,1,299,0,0,299,Myntra,Influencer,UPI,Delivered,Ahmedabad,0,,72.73,59.01,57.21
795328,585649,373579,23-05-2025,29-05-2025,1,449,35,157.15,291.85,Nykaa,Influencer,UPI,Delivered,Ahmedabad,0,,35.66,44.73,46.98
729794,585649,347447,12-06-2025,16-06-2025,1,349,0,0,349,D2C Website,Influencer,UPI,Delivered,Ahmedabad,0,,69.34,0,44.12
762566,585649,376622,25-08-2025,29-08-2025,1,899,5,44.95,854.05,Nykaa,Influencer,Cash on Delivery,Delivered,Ahmedabad,0,,82.31,183.96,33.35
795336,585649,332325,20-09-2025,25-09-2025,3,399,5,59.85,1137.15,Offline Store,Influencer,Wallet,Delivered,Ahmedabad,0,,0,0,43.8
795341,585649,384259,17-10-2025,21-10-2025,2,649,20,259.6,1038.4,D2C Website,Influencer,Cash on Delivery,Delivered,Ahmedabad,0,,48.99,0,50.4
762575,528305,397647,28-12-2025,03-01-2026,1,799,15,119.85,679.15,D2C Website,Referral,UPI,Delivered,Bhopal,0,,70.66,0,22.25
729808,536500,351856,10-11-2025,13-11-2025,1,449,15,67.35,381.65,Offline Store,Google,UPI,Delivered,Jaipur,0,,0,0,51.73
729825,536500,351856,23-11-2025,26-11-2025,2,449,10,89.8,808.2,D2C Website,Google,UPI,Delivered,Jaipur,0,,84.39,0,27.51
795362,536500,328746,10-12-2025,15-12-2025,1,299,20,59.8,239.2,Quick Commerce,Google,Credit Card,Delivered,Jaipur,0,,82.76,0,51.58
729828,536500,376622,22-12-2025,26-12-2025,1,899,15,134.85,764.15,Nykaa,Google,UPI,Delivered,Jaipur,0,,72.77,173.57,37.89
729829,536509,397912,10-07-2025,13-07-2025,1,399,5,19.95,379.05,Nykaa,Influencer,Net Banking,Delivered,Bengaluru,0,,79.46,85.92,38.31
729830,536509,397647,21-11-2025,22-11-2025,1,799,25,199.75,599.25,Nykaa,Influencer,UPI,Delivered,Bengaluru,0,,68.85,121.11,35.64
762599,536512,384259,13-12-2024,18-12-2024,1,649,20,129.8,519.2,D2C Website,Influencer,Credit Card,Returned,Jaipur,1,Wrong Item Delivered,50.58,0,21.81
762601,536512,376484,25-12-2024,29-12-2024,1,499,0,0,499,D2C Website,Influencer,UPI,Delivered,Jaipur,0,,53.19,0,42.6
795371,536512,376484,14-03-2025,18-03-2025,1,499,0,0,499,Amazon,Influencer,UPI,Delivered,Jaipur,0,,77.07,87.75,32.69
795374,536512,332325,14-04-2025,20-04-2025,1,399,15,59.85,339.15,D2C Website,Influencer,Cash on Delivery,Delivered,Jaipur,0,,40.34,0,24.66
729842,536512,370644,17-05-2025,18-05-2025,1,449,20,89.8,359.2,D2C Website,Influencer,UPI,Delivered,Jaipur,0,,63.49,0,52.03
762616,536512,347447,16-08-2025,21-08-2025,1,349,25,87.25,261.75,D2C Website,Influencer,Net Banking,Delivered,Jaipur,0,,72.26,0,55.88
729850,536512,351856,23-09-2025,29-09-2025,1,449,20,89.8,359.2,Offline Store,Influencer,Credit Card,Delivered,Jaipur,0,,0,0,32.86
795386,536512,328746,05-10-2025,07-10-2025,1,299,20,59.8,239.2,D2C Website,Influencer,UPI,Delivered,Jaipur,0,,54.63,0,43.07
729852,536517,376484,21-01-2025,27-01-2025,1,499,25,124.75,374.25,D2C Website,Influencer,Cash on Delivery,Delivered,Delhi,0,,70.8,0,47.73
795389,536517,376622,15-08-2025,16-08-2025,1,899,10,89.9,809.1,Amazon,Influencer,Credit Card,Returned,Delhi,1,Allergic Reaction,43.59,124.59,46.27
762624,536517,318301,28-11-2025,01-12-2025,1,249,20,49.8,199.2,Offline Store,Influencer,Cash on Delivery,Delivered,Delhi,0,,0,0,44.65
729861,593872,397912,21-08-2025,26-08-2025,1,399,25,99.75,299.25,Offline Store,Offline Store,UPI,Delivered,Mumbai,0,,0,0,48.73
795401,593872,328746,29-09-2025,30-09-2025,1,299,0,0,299,Nykaa,Offline Store,Credit Card,Delivered,Mumbai,0,,60.88,68.9,47.32
795402,593872,384259,02-11-2025,07-11-2025,2,649,0,0,1298,D2C Website,Offline Store,Credit Card,Delivered,Mumbai,0,,51.78,0,20.2
762638,593872,384259,11-11-2025,13-11-2025,1,649,20,129.8,519.2,Nykaa,Offline Store,UPI,Delivered,Mumbai,0,,61.5,127.64,41.91
729873,593872,373579,12-11-2025,16-11-2025,3,449,15,202.05,1144.95,Myntra,Offline Store,Cash on Delivery,Delivered,Mumbai,0,,39.43,272.45,37.19
762642,593872,376622,20-12-2025,24-12-2025,2,899,25,449.5,1348.5,Amazon,Offline Store,Debit Card,Delivered,Mumbai,0,,49.93,208.67,52.02
729878,593872,376622,29-12-2025,31-12-2025,1,899,15,134.85,764.15,Quick Commerce,Offline Store,Debit Card,Delivered,Mumbai,0,,82.53,0,53.56
729879,503761,397912,24-10-2025,28-10-2025,1,399,10,39.9,359.1,Nykaa,Instagram,UPI,Delivered,Lucknow,0,,50.33,65.74,40.51
762649,503761,384259,09-11-2025,12-11-2025,1,649,5,32.45,616.55,D2C Website,Instagram,Debit Card,Delivered,Lucknow,0,,47.96,0,20.17
795420,503761,370644,11-11-2025,13-11-2025,1,449,10,44.9,404.1,D2C Website,Instagram,Cash on Delivery,Delivered,Lucknow,0,,66.97,0,47.68
795435,503761,318301,15-11-2025,16-11-2025,1,249,15,37.35,211.65,Amazon,Instagram,Credit Card,Delivered,Lucknow,0,,58.92,52.12,47.82
795441,544725,397647,29-12-2025,03-01-2026,1,799,15,119.85,679.15,D2C Website,Influencer,UPI,Returned,Chennai,1,Changed Mind,55.73,0,29.97
729908,511957,385909,23-02-2024,26-02-2024,1,429,20,85.8,343.2,Offline Store,Marketplace,Net Banking,Delivered,Mumbai,0,,0,0,41.12
795444,511957,351856,05-03-2024,09-03-2024,1,449,0,0,449,Nykaa,Marketplace,UPI,Delivered,Mumbai,0,,78.36,86.29,33.98
795448,511959,360142,26-02-2025,02-03-2025,1,349,20,69.8,279.2,Nykaa,Marketplace,Credit Card,Delivered,Chennai,0,,73.79,53.11,48.05
762685,552923,328746,20-08-2024,23-08-2024,3,299,0,0,897,Amazon,Instagram,Credit Card,Delivered,Chennai,0,,82.65,181.06,58.71
762689,552923,360142,24-09-2025,25-09-2025,1,349,5,17.45,331.55,Amazon,Instagram,Credit Card,Delivered,Chennai,0,,69.96,54.06,31.98
729922,552923,376484,11-11-2025,13-11-2025,1,499,0,0,499,Quick Commerce,Instagram,Wallet,Delivered,Chennai,0,,87.81,0,27.05
795457,511970,332325,06-11-2024,12-11-2024,2,399,5,39.9,758.1,D2C Website,Marketplace,Debit Card,Returned,Pune,1,Wrong Item Delivered,50.63,0,38.26
762691,511970,351856,02-02-2025,06-02-2025,1,449,20,89.8,359.2,D2C Website,Marketplace,Cash on Delivery,Delivered,Pune,0,,38.44,0,52.26
795463,511970,351856,22-02-2025,23-02-2025,2,449,5,44.9,853.1,Amazon,Marketplace,Net Banking,Delivered,Pune,0,,62.03,187.56,53.9
729928,511970,385909,06-03-2025,10-03-2025,3,429,10,128.7,1158.3,Myntra,Marketplace,Credit Card,Delivered,Pune,0,,84.84,266.17,36.65
795466,503783,328746,19-05-2025,22-05-2025,1,299,5,14.95,284.05,D2C Website,Marketplace,UPI,Delivered,Indore,0,,55.72,0,34.15
762700,503783,318726,02-11-2025,05-11-2025,3,549,5,82.35,1564.65,D2C Website,Marketplace,Cash on Delivery,Delivered,Indore,0,,86.16,0,26.61
729933,528361,384259,20-04-2025,22-04-2025,1,649,0,0,649,Amazon,Google,UPI,Delivered,Mumbai,0,,71.45,108.47,48.2
762709,577518,328746,16-03-2024,21-03-2024,2,299,15,89.7,508.3,Quick Commerce,Instagram,UPI,Delivered,Surat,0,,68.31,0,50.45
795484,577518,376484,08-11-2024,13-11-2024,2,499,15,149.7,848.3,Offline Store,Instagram,UPI,Delivered,Surat,0,,0,0,59.74
795491,577518,318726,22-12-2024,25-12-2024,1,549,5,27.45,521.55,Amazon,Instagram,UPI,Delivered,Surat,0,,43.48,80.11,29.7
795493,577518,384259,08-03-2025,14-03-2025,1,649,10,64.9,584.1,Amazon,Instagram,Net Banking,Delivered,Surat,0,,65.55,123.65,56.19
795499,577518,347447,23-10-2025,29-10-2025,2,349,10,69.8,628.2,D2C Website,Instagram,Credit Card,Delivered,Surat,0,,44.22,0,49.83
795507,536559,347447,09-05-2025,13-05-2025,1,349,10,34.9,314.1,Nykaa,Instagram,Debit Card,Delivered,Ahmedabad,0,,59.34,51.1,54.91
762744,536559,397647,30-06-2025,04-07-2025,3,799,15,359.55,2037.45,D2C Website,Instagram,UPI,Delivered,Ahmedabad,0,,86.96,0,48.1
729977,536559,397912,01-10-2025,03-10-2025,1,399,0,0,399,D2C Website,Instagram,UPI,Delivered,Ahmedabad,0,,64.11,0,49.55
795514,569329,384259,12-11-2025,13-11-2025,2,649,20,259.6,1038.4,Myntra,Organic Search,Credit Card,Delivered,Mumbai,0,,59.69,250.54,29.06
729979,503794,376622,14-12-2025,15-12-2025,1,899,10,89.9,809.1,Nykaa,Referral,Cash on Delivery,Delivered,Ahmedabad,0,,47.52,175.24,28.87
762748,585717,328746,29-12-2025,04-01-2026,1,299,0,0,299,D2C Website,Organic Search,Wallet,Delivered,Bengaluru,0,,61.42,0,33.68
729984,520181,332325,07-04-2025,11-04-2025,1,399,0,0,399,Myntra,Organic Search,Net Banking,Delivered,Bengaluru,0,,38.08,90.46,33.22
762753,520181,360142,19-09-2025,22-09-2025,2,349,10,69.8,628.2,Nykaa,Organic Search,Cash on Delivery,Delivered,Bengaluru,0,,38.35,123.74,25.03
795520,520181,397912,29-12-2025,04-01-2026,1,399,15,59.85,339.15,Quick Commerce,Organic Search,Debit Card,Delivered,Bengaluru,0,,80.37,0,26.81
795538,503804,384259,27-11-2024,30-11-2024,1,649,20,129.8,519.2,D2C Website,Influencer,UPI,Delivered,Delhi,0,,78.38,0,21.67
762771,593926,370644,18-12-2024,21-12-2024,1,449,5,22.45,426.55,D2C Website,Instagram,Net Banking,Delivered,Jaipur,0,,84.95,0,40.85
795545,569352,351856,23-11-2025,29-11-2025,1,449,20,89.8,359.2,Myntra,Instagram,Cash on Delivery,Delivered,Mumbai,0,,57.86,57.63,58.84
762781,569352,385909,24-11-2025,25-11-2025,1,429,5,21.45,407.55,Nykaa,Instagram,Debit Card,Delivered,Mumbai,0,,70.07,84.92,54.57
730016,569352,385909,10-12-2025,16-12-2025,2,429,25,214.5,643.5,D2C Website,Instagram,Cash on Delivery,Delivered,Mumbai,0,,64.02,0,53.66
762784,536585,384259,27-11-2025,02-12-2025,1,649,25,162.25,486.75,Quick Commerce,Referral,Cash on Delivery,Delivered,Chandigarh,0,,88.02,0,31.14
795559,512015,384259,04-09-2025,06-09-2025,1,649,15,97.35,551.65,Myntra,Instagram,UPI,Returned,Mumbai,1,Wrong Item Delivered,38.88,117.15,47.59
795565,512015,318726,09-09-2025,14-09-2025,3,549,15,247.05,1399.95,Amazon,Instagram,Debit Card,Delivered,Mumbai,0,,60.59,259.31,47.58
762809,512015,360142,31-10-2025,06-11-2025,2,349,5,34.9,663.1,Offline Store,Instagram,UPI,Delivered,Mumbai,0,,0,0,55.65
795581,512015,351856,17-11-2025,22-11-2025,1,449,25,112.25,336.75,Myntra,Instagram,UPI,Delivered,Mumbai,0,,81.22,61.05,47.1
795584,552976,373579,10-08-2024,12-08-2024,2,449,15,134.7,763.3,Myntra,Influencer,UPI,Delivered,Delhi,0,,74.51,124.32,29.02
762822,552976,360142,18-08-2024,23-08-2024,3,349,10,104.7,942.3,D2C Website,Influencer,UPI,Delivered,Delhi,0,,73.16,0,29.65
795593,552976,397647,24-04-2025,28-04-2025,2,799,35,559.3,1038.7,Amazon,Influencer,Debit Card,Delivered,Delhi,0,,42.91,234.66,28.95
730059,552976,370644,12-06-2025,17-06-2025,1,449,20,89.8,359.2,Myntra,Influencer,Debit Card,Delivered,Delhi,0,,83.82,65.39,51
730062,552976,397647,12-09-2025,17-09-2025,2,799,0,0,1598,D2C Website,Influencer,Cash on Delivery,Delivered,Delhi,0,,87.07,0,34.64
730065,552976,397647,21-09-2025,25-09-2025,2,799,20,319.6,1278.4,Amazon,Influencer,Credit Card,Delivered,Delhi,0,,52.93,295.07,38.34
795614,552976,360142,28-11-2025,04-12-2025,1,349,35,122.15,226.85,Myntra,Influencer,Wallet,Returned,Delhi,1,Wrong Item Delivered,77.18,37.79,22.84
762848,512021,370644,09-07-2025,15-07-2025,1,449,0,0,449,D2C Website,Marketplace,Debit Card,Delivered,Delhi,0,,71.73,0,31.83
762851,512021,376484,11-07-2025,14-07-2025,1,499,0,0,499,D2C Website,Marketplace,UPI,Delivered,Delhi,0,,68.64,0,34.83
795623,512021,376484,14-09-2025,17-09-2025,2,499,0,0,998,D2C Website,Marketplace,Credit Card,Delivered,Delhi,0,,70.67,0,47.53
795633,512021,397647,16-10-2025,21-10-2025,1,799,10,79.9,719.1,Amazon,Marketplace,UPI,Delivered,Delhi,0,,41.31,113.83,40.56
762869,544791,332325,24-09-2024,30-09-2024,1,399,20,79.8,319.2,Nykaa,Organic Search,Credit Card,Delivered,Mumbai,0,,71.45,71.47,34.68
762872,544791,385909,21-12-2024,22-12-2024,1,429,0,0,429,Amazon,Organic Search,UPI,Delivered,Mumbai,0,,77.55,102.71,45.81
730115,544791,347447,24-02-2025,25-02-2025,1,349,25,87.25,261.75,D2C Website,Organic Search,UPI,Delivered,Mumbai,0,,52.23,0,54.95
795657,544791,318726,28-06-2025,04-07-2025,2,549,0,0,1098,Offline Store,Organic Search,Wallet,Delivered,Mumbai,0,,0,0,31.97
762895,512026,351856,24-08-2025,27-08-2025,2,449,0,0,898,Amazon,Google,Cash on Delivery,Delivered,Chennai,0,,46.25,140.09,51.58
730128,512026,318726,08-12-2025,12-12-2025,1,549,10,54.9,494.1,D2C Website,Google,Cash on Delivery,Delivered,Chennai,0,,77.08,0,55.27
795676,520218,376484,04-07-2024,07-07-2024,1,499,35,174.65,324.35,D2C Website,Influencer,Cash on Delivery,Delivered,Bengaluru,0,,45.37,0,49.15
762910,520218,385909,20-07-2025,22-07-2025,1,429,15,64.35,364.65,D2C Website,Influencer,Cash on Delivery,Delivered,Bengaluru,0,,86.55,0,51.43
795679,520218,384259,24-08-2025,27-08-2025,1,649,20,129.8,519.2,Nykaa,Influencer,Wallet,Delivered,Bengaluru,0,,75.52,92.72,26.91
730147,552994,370644,20-09-2025,26-09-2025,3,449,25,336.75,1010.25,Amazon,Organic Search,Debit Card,Delivered,Delhi,0,,66.67,230.94,23.61
795686,552994,397912,05-10-2025,06-10-2025,2,399,0,0,798,D2C Website,Organic Search,Cash on Delivery,Delivered,Delhi,0,,84.56,0,34.47
730156,520232,397912,03-05-2025,08-05-2025,1,399,10,39.9,359.1,Myntra,Influencer,UPI,Delivered,Chennai,0,,50.53,79.27,52.69
730160,520232,397647,10-06-2025,13-06-2025,2,799,20,319.6,1278.4,Amazon,Influencer,Debit Card,Delivered,Chennai,0,,71.05,294.09,56.17
730161,520232,397912,15-10-2025,19-10-2025,1,399,10,39.9,359.1,D2C Website,Influencer,UPI,Delivered,Chennai,0,,65.45,0,43.77
730169,577580,318726,01-08-2024,04-08-2024,2,549,40,439.2,658.8,Nykaa,Influencer,UPI,Delivered,Mumbai,0,,47.83,146.9,52.04
762939,553005,351856,16-08-2024,22-08-2024,1,449,10,44.9,404.1,D2C Website,Offline Store,UPI,Delivered,Hyderabad,0,,60.39,0,41.87
762941,553005,351856,30-12-2024,03-01-2025,1,449,15,67.35,381.65,D2C Website,Offline Store,Credit Card,Delivered,Hyderabad,0,,80.07,0,24.64
730182,553005,360142,12-01-2025,13-01-2025,1,349,0,0,349,Nykaa,Offline Store,Net Banking,Delivered,Hyderabad,0,,83.56,73.96,48.31
730192,553005,385909,23-08-2025,25-08-2025,1,429,0,0,429,D2C Website,Offline Store,UPI,Delivered,Hyderabad,0,,50.95,0,54.37
795730,553008,360142,08-10-2025,13-10-2025,1,349,15,52.35,296.65,D2C Website,Organic Search,Credit Card,Delivered,Bengaluru,0,,37.79,0,41.8
795731,561213,373579,09-11-2025,15-11-2025,1,449,5,22.45,426.55,Nykaa,Instagram,UPI,Delivered,Bengaluru,0,,43.68,98.51,24.68
795732,561213,376484,05-12-2025,11-12-2025,1,499,15,74.85,424.15,D2C Website,Instagram,UPI,Delivered,Bengaluru,0,,67.45,0,40.53
762970,520253,385909,27-09-2025,30-09-2025,1,429,25,107.25,321.75,Myntra,Google,Net Banking,Delivered,Pune,0,,79.92,66.33,28.28
730202,520257,318726,09-11-2024,13-11-2024,1,549,5,27.45,521.55,D2C Website,Google,Debit Card,Delivered,Delhi,0,,69.43,0,39.56
795742,577607,384259,24-06-2025,29-06-2025,1,649,5,32.45,616.55,Nykaa,Instagram,Credit Card,Delivered,Bengaluru,0,,41.33,98.17,40.25
762975,577607,360142,13-07-2025,16-07-2025,1,349,20,69.8,279.2,D2C Website,Instagram,Credit Card,Delivered,Bengaluru,0,,79.72,0,21.21
795745,577607,376484,16-08-2025,18-08-2025,3,499,25,374.25,1122.75,Nykaa,Instagram,Cash on Delivery,Returned,Bengaluru,1,Wrong Item Delivered,83.8,170.99,29.96
762978,577607,360142,23-10-2025,28-10-2025,1,349,0,0,349,Amazon,Instagram,UPI,Delivered,Bengaluru,0,,62.12,53.32,30.24
730216,577607,318301,06-12-2025,10-12-2025,1,249,0,0,249,Nykaa,Instagram,Wallet,Delivered,Bengaluru,0,,62.28,57.93,33.87
730221,577607,370644,15-12-2025,18-12-2025,1,449,35,157.15,291.85,Quick Commerce,Instagram,Credit Card,Delivered,Bengaluru,0,,70.92,0,26.08
795768,536655,397647,25-12-2025,27-12-2025,1,799,40,319.6,479.4,D2C Website,Google,UPI,Delivered,Hyderabad,0,,36.44,0,27.83
763000,536655,397647,27-12-2025,02-01-2026,2,799,5,79.9,1518.1,Amazon,Google,Cash on Delivery,Delivered,Hyderabad,0,,70.88,239.38,54.11
763012,585813,373579,01-05-2025,07-05-2025,1,449,10,44.9,404.1,Myntra,Instagram,UPI,Delivered,Bengaluru,0,,88.41,100.08,58.16
763016,585814,370644,24-08-2025,25-08-2025,1,449,0,0,449,Amazon,Instagram,UPI,Delivered,Delhi,0,,36.25,106.4,33.81
795787,520280,328746,24-10-2025,28-10-2025,1,299,20,59.8,239.2,Nykaa,Influencer,UPI,Delivered,Bengaluru,0,,82.37,50.34,25.48
763020,536666,318726,13-11-2025,14-11-2025,1,549,0,0,549,Myntra,Instagram,UPI,Delivered,Pune,0,,52.51,123.1,52.75
730254,536666,332325,09-12-2025,14-12-2025,2,399,0,0,798,D2C Website,Instagram,UPI,Delivered,Pune,0,,85.22,0,30.97
763025,536666,384259,24-12-2025,28-12-2025,1,649,10,64.9,584.1,Nykaa,Instagram,Net Banking,Delivered,Pune,0,,51.4,98.28,53.78
795795,528477,328746,25-06-2025,29-06-2025,3,299,10,89.7,807.3,D2C Website,Marketplace,UPI,Delivered,Chennai,0,,83.49,0,41.67
730263,528477,370644,04-10-2025,06-10-2025,1,449,20,89.8,359.2,Quick Commerce,Marketplace,UPI,Delivered,Chennai,0,,70.81,0,29.74
763036,585823,318726,07-12-2025,11-12-2025,1,549,0,0,549,Nykaa,Influencer,UPI,Delivered,Chandigarh,0,,83.91,111.15,56.53
795807,520289,328746,31-10-2025,05-11-2025,1,299,0,0,299,Nykaa,Marketplace,UPI,Delivered,Ahmedabad,0,,54.58,67.06,59.96
763040,512097,373579,21-05-2024,24-05-2024,2,449,0,0,898,D2C Website,Google,UPI,Delivered,Hyderabad,0,,44.08,0,50.04
730273,512097,318726,22-08-2024,27-08-2024,3,549,5,82.35,1564.65,Quick Commerce,Google,Cash on Delivery,Delivered,Hyderabad,0,,46.34,0,48.42
795811,512097,376622,02-12-2024,07-12-2024,1,899,15,134.85,764.15,Quick Commerce,Google,Cash on Delivery,Delivered,Hyderabad,0,,45.59,0,58.11
763060,512097,318301,07-12-2025,10-12-2025,1,249,15,37.35,211.65,D2C Website,Google,Debit Card,Delivered,Hyderabad,0,,84.42,0,30.94
763068,561261,397647,21-05-2025,25-05-2025,2,799,0,0,1598,D2C Website,Google,UPI,Delivered,Mumbai,0,,42.16,0,36.01
763083,561261,328746,28-07-2025,31-07-2025,1,299,15,44.85,254.15,D2C Website,Google,Debit Card,Delivered,Mumbai,0,,44.28,0,37.69
763097,561261,384259,15-08-2025,16-08-2025,1,649,10,64.9,584.1,Amazon,Google,Wallet,Delivered,Mumbai,0,,35.27,117.6,24.14
730333,561261,376484,19-10-2025,22-10-2025,1,499,25,124.75,374.25,Nykaa,Google,UPI,Delivered,Mumbai,0,,59.17,59.11,41.76
763106,585841,328746,28-09-2025,02-10-2025,1,299,20,59.8,239.2,Quick Commerce,Instagram,Credit Card,Delivered,Mumbai,0,,41.5,0,32.28
730347,585841,397647,29-09-2025,01-10-2025,1,799,20,159.8,639.2,D2C Website,Instagram,UPI,Delivered,Mumbai,0,,39.19,0,40.66
730352,585841,318301,07-11-2025,10-11-2025,1,249,20,49.8,199.2,Amazon,Instagram,UPI,Delivered,Mumbai,0,,56.9,33.37,58.79
763120,585841,373579,18-12-2025,21-12-2025,1,449,0,0,449,D2C Website,Instagram,UPI,Delivered,Mumbai,0,,86.87,0,58.84
763127,520308,384259,04-12-2025,07-12-2025,1,649,15,97.35,551.65,D2C Website,Google,UPI,Delivered,Pune,0,,45.91,0,55.09
795896,520308,373579,27-12-2025,02-01-2026,1,449,15,67.35,381.65,Myntra,Google,UPI,Delivered,Pune,0,,53.59,67.96,42.66
795897,577656,376484,25-05-2024,26-05-2024,1,499,25,124.75,374.25,Myntra,Instagram,Wallet,Delivered,Chandigarh,0,,39.74,56.4,44.04
730366,553088,397647,14-08-2025,19-08-2025,1,799,0,0,799,Amazon,Google,Net Banking,Delivered,Lucknow,0,,84.89,166.75,47.48
730369,553088,373579,01-09-2025,07-09-2025,1,449,15,67.35,381.65,Myntra,Google,Credit Card,Delivered,Lucknow,0,,59.48,94.11,54.89
795907,553088,370644,11-11-2025,16-11-2025,2,449,20,179.6,718.4,D2C Website,Google,Unknown,Delivered,Lucknow,0,,55.22,0,51.44
730372,594058,328746,16-02-2024,21-02-2024,1,299,10,29.9,269.1,Quick Commerce,Influencer,Cash on Delivery,Delivered,Bengaluru,0,,36.62,0,48.65
795913,594058,318726,23-12-2024,27-12-2024,1,549,0,0,549,Quick Commerce,Influencer,Debit Card,Delivered,Bengaluru,0,,84.88,0,21.33
795915,594058,332325,01-05-2025,03-05-2025,2,399,10,79.8,718.2,D2C Website,Influencer,Credit Card,Delivered,Bengaluru,0,,73.12,0,30.38
730382,594058,318726,02-11-2025,03-11-2025,3,549,10,164.7,1482.3,Nykaa,Influencer,Cash on Delivery,Delivered,Bengaluru,0,,69.56,343.34,42.48
730386,594058,397647,21-12-2025,27-12-2025,1,799,40,319.6,479.4,Amazon,Influencer,Cash on Delivery,Delivered,Bengaluru,0,,36.87,110.88,47.64
730394,528534,332325,11-07-2025,13-07-2025,1,399,35,139.65,259.35,D2C Website,Referral,Credit Card,Delivered,Delhi,0,,54.55,0,31.4
730396,528534,384259,27-08-2025,31-08-2025,3,649,5,97.35,1849.65,D2C Website,Referral,UPI,Delivered,Delhi,0,,51.15,0,53.41
795932,528534,332325,02-09-2025,08-09-2025,2,399,20,159.6,638.4,Myntra,Referral,UPI,Delivered,Delhi,0,,88.31,140.15,53.79
763176,528534,328746,03-11-2025,09-11-2025,1,299,0,0,299,Nykaa,Referral,Cash on Delivery,Delivered,Delhi,0,,59.58,64.24,30.84
795944,528534,318301,04-11-2025,10-11-2025,2,249,15,74.7,423.3,D2C Website,Referral,Cash on Delivery,Delivered,Delhi,0,,73.34,0,32.76
730413,528534,376484,26-11-2025,29-11-2025,1,499,0,0,499,D2C Website,Referral,UPI,Delivered,Delhi,0,,79.89,0,48.46
763183,528534,376484,08-12-2025,10-12-2025,1,499,15,74.85,424.15,Myntra,Referral,Cash on Delivery,Delivered,Delhi,0,,63.29,102.2,39.46
795956,528534,376484,09-12-2025,15-12-2025,2,499,15,149.7,848.3,Offline Store,Referral,UPI,Delivered,Delhi,0,,0,0,22.12
730422,569514,318726,05-09-2025,06-09-2025,1,549,0,0,549,D2C Website,Instagram,Net Banking,Delivered,Hyderabad,0,,74.17,0,31.35
730423,544942,318726,26-08-2024,28-08-2024,3,549,20,329.4,1317.6,Quick Commerce,Referral,Cash on Delivery,Delivered,Lucknow,0,,84.01,0,53.91
795964,544942,328746,16-10-2024,21-10-2024,2,299,20,119.6,478.4,D2C Website,Referral,UPI,Delivered,Lucknow,0,,46.73,0,26.76
763198,544942,351856,18-03-2025,22-03-2025,1,449,20,89.8,359.2,D2C Website,Referral,UPI,Returned,Lucknow,1,Changed Mind,82.27,0,46.34
763199,544942,318726,19-04-2025,24-04-2025,2,549,0,0,1098,Amazon,Referral,Cash on Delivery,Delivered,Lucknow,0,,85.51,187.55,36.58
730432,544942,384259,30-04-2025,03-05-2025,1,649,15,97.35,551.65,Quick Commerce,Referral,Net Banking,Delivered,Lucknow,0,,87.28,0,38.89
763201,544942,384259,07-05-2025,10-05-2025,2,649,20,259.6,1038.4,Quick Commerce,Referral,Net Banking,Delivered,Lucknow,0,,42.14,0,49.15
730443,544942,328746,20-05-2025,25-05-2025,2,299,10,59.8,538.2,Amazon,Referral,UPI,Delivered,Lucknow,0,,87.79,132.4,47.01
730451,544942,328746,03-09-2025,08-09-2025,2,299,15,89.7,508.3,D2C Website,Referral,Debit Card,Delivered,Lucknow,0,,86.28,0,57.44
730462,520374,373579,21-07-2024,25-07-2024,2,449,0,0,898,D2C Website,Organic Search,Credit Card,Delivered,Kolkata,0,,51.54,0,36.05
730464,528569,351856,19-07-2025,23-07-2025,1,449,25,112.25,336.75,D2C Website,Instagram,Wallet,Delivered,Jaipur,0,,51.69,0,49.26
730465,528569,351856,30-07-2025,03-08-2025,2,449,5,44.9,853.1,Amazon,Instagram,Wallet,Delivered,Jaipur,0,,77.33,190.38,40.65
763234,528569,328746,03-09-2025,09-09-2025,2,299,25,149.5,448.5,Offline Store,Instagram,Cash on Delivery,Delivered,Jaipur,0,,0,0,58.8
796003,528569,332325,10-11-2025,14-11-2025,2,399,5,39.9,758.1,Amazon,Instagram,Debit Card,Delivered,Jaipur,0,,88.38,164.44,42.38
796002,528569,351856,28-11-2025,04-12-2025,1,449,10,44.9,404.1,Offline Store,Instagram,Credit Card,Delivered,Jaipur,0,,0,0,20.19
796017,528569,351856,30-11-2025,05-12-2025,2,449,0,0,898,Amazon,Instagram,Cash on Delivery,Delivered,Jaipur,0,,53.74,191.5,26.9
763249,569531,385909,04-06-2024,10-06-2024,1,429,10,42.9,386.1,Amazon,Referral,Cash on Delivery,Delivered,Kochi,0,,36.69,79.34,58.76
730482,585918,370644,08-10-2025,10-10-2025,1,449,20,89.8,359.2,D2C Website,Influencer,UPI,Delivered,Mumbai,0,,54.83,0,48.76
763254,585918,373579,13-10-2025,15-10-2025,1,449,5,22.45,426.55,Myntra,Influencer,Net Banking,Delivered,Mumbai,0,,54.86,91.56,22.53
730488,585918,397647,26-11-2025,02-12-2025,3,799,40,958.8,1438.2,Amazon,Influencer,Cash on Delivery,Cancelled,Mumbai,0,,77.27,355.97,20.05
796028,585918,318726,27-11-2025,03-12-2025,3,549,10,164.7,1482.3,Myntra,Influencer,Cash on Delivery,Delivered,Mumbai,0,,80.76,292.37,49.97
730493,585918,360142,06-12-2025,07-12-2025,2,349,10,69.8,628.2,D2C Website,Influencer,Cash on Delivery,Delivered,Mumbai,0,,79.59,0,39.5
796030,585918,385909,18-12-2025,23-12-2025,1,429,15,64.35,364.65,Nykaa,Influencer,UPI,Delivered,Mumbai,0,,57.93,82.11,48.54
796029,585918,360142,19-12-2025,24-12-2025,3,349,10,104.7,942.3,Offline Store,Influencer,Wallet,Delivered,Mumbai,0,,0,0,21.46
730496,585918,397912,23-12-2025,29-12-2025,2,399,5,39.9,758.1,Quick Commerce,Influencer,Debit Card,Delivered,Mumbai,0,,88.01,0,55.6
796033,585918,373579,30-12-2025,04-01-2026,2,449,25,224.5,673.5,D2C Website,Influencer,UPI,Delivered,Mumbai,0,,43.5,0,47.81
796032,561348,351856,11-12-2025,15-12-2025,3,449,5,67.35,1279.65,D2C Website,Instagram,UPI,Delivered,Ahmedabad,0,,86.36,0,27.04
796034,512196,328746,15-09-2025,21-09-2025,1,299,20,59.8,239.2,D2C Website,Instagram,UPI,Returned,Chennai,1,Allergic Reaction,79.66,0,35.8
763269,512196,385909,02-11-2025,04-11-2025,1,429,10,42.9,386.1,Nykaa,Instagram,UPI,Delivered,Chennai,0,,72.23,73.17,23.59
796049,569541,385909,10-08-2025,11-08-2025,1,429,0,0,429,Amazon,Instagram,Cash on Delivery,Cancelled,Mumbai,0,,62.41,89.49,43.1
730516,520392,376484,23-07-2025,25-07-2025,3,499,15,224.55,1272.45,Amazon,Instagram,UPI,Delivered,Bengaluru,0,,59.06,198.63,27.18
763284,520392,376484,19-09-2025,21-09-2025,1,499,20,99.8,399.2,Myntra,Instagram,Debit Card,Delivered,Bengaluru,0,,75.88,64.87,46.53
730522,520392,384259,02-10-2025,05-10-2025,1,649,20,129.8,519.2,Amazon,Instagram,Wallet,Cancelled,Bengaluru,0,,87.38,125.98,28.91
796059,569547,373579,15-07-2025,18-07-2025,1,449,5,22.45,426.55,D2C Website,Marketplace,Cash on Delivery,Delivered,Bengaluru,0,,37.16,0,35.24
763293,577743,370644,28-11-2024,01-12-2024,2,449,20,179.6,718.4,Quick Commerce,Marketplace,Net Banking,Delivered,Patna,0,,75.95,0,34.72
796070,577743,360142,30-11-2024,06-12-2024,1,349,40,139.6,209.4,Offline Store,Marketplace,Cash on Delivery,Delivered,Patna,0,,0,0,39.29
730537,577743,376484,17-06-2025,22-06-2025,1,499,0,0,499,Amazon,Marketplace,UPI,Delivered,Patna,0,,78.92,77.94,53.62
763307,577743,360142,10-12-2025,14-12-2025,1,349,0,0,349,Amazon,Marketplace,UPI,Delivered,Patna,0,,68.03,79.12,28.35
730544,504018,360142,21-10-2024,24-10-2024,1,349,0,0,349,Amazon,Marketplace,UPI,Delivered,Chennai,0,,54.52,70.94,36.01
796081,504018,370644,04-11-2024,09-11-2024,1,449,5,22.45,426.55,D2C Website,Marketplace,Credit Card,Delivered,Chennai,0,,42.69,0,51.46
796082,512217,370644,02-06-2025,08-06-2025,1,449,0,0,449,Quick Commerce,Organic Search,UPI,Delivered,Bengaluru,0,,53.54,0,43.19
796084,512219,360142,01-08-2025,07-08-2025,1,349,0,0,349,Nykaa,Google,Debit Card,Cancelled,Mumbai,0,,73.44,79.11,55.41
796086,512224,384259,05-04-2025,07-04-2025,3,649,0,0,1947,Nykaa,Google,UPI,Delivered,Chennai,0,,45.86,294.22,29.33
730554,512224,384259,30-05-2025,05-06-2025,1,649,5,32.45,616.55,D2C Website,Google,Credit Card,Delivered,Chennai,0,,69.47,0,55.49
763324,512224,376484,03-07-2025,08-07-2025,1,499,20,99.8,399.2,D2C Website,Google,UPI,Delivered,Chennai,0,,56.92,0,50.64
796092,512224,318726,25-07-2025,28-07-2025,1,549,15,82.35,466.65,Nykaa,Google,Wallet,Delivered,Chennai,0,,69.43,111.57,20.51
763343,561385,347447,10-02-2025,16-02-2025,1,349,20,69.8,279.2,Offline Store,Organic Search,Cash on Delivery,Delivered,Mumbai,0,,0,0,31.83
763344,561385,318301,18-08-2025,21-08-2025,3,249,5,37.35,709.65,Myntra,Organic Search,Debit Card,Delivered,Mumbai,0,,73.01,158.1,23.83
763346,561385,397912,05-09-2025,11-09-2025,2,399,0,0,798,Quick Commerce,Organic Search,UPI,Delivered,Mumbai,0,,47.24,0,44.83
796119,561385,397647,04-10-2025,07-10-2025,3,799,35,838.95,1558.05,Myntra,Organic Search,UPI,Returned,Mumbai,1,Damaged in Transit,43,265.84,52.96
763353,561385,384259,05-11-2025,11-11-2025,1,649,5,32.45,616.55,D2C Website,Organic Search,Net Banking,Delivered,Mumbai,0,,88.26,0,37.15
730587,561385,370644,21-11-2025,26-11-2025,2,449,5,44.9,853.1,Amazon,Organic Search,Credit Card,Delivered,Mumbai,0,,42.3,189.89,59.68
796133,594155,347447,20-08-2024,26-08-2024,1,349,15,52.35,296.65,Myntra,Referral,UPI,Delivered,Mumbai,0,,36.26,65.07,26.6
796136,594155,318726,18-04-2025,21-04-2025,1,549,10,54.9,494.1,D2C Website,Referral,Debit Card,Delivered,Mumbai,0,,80.34,0,36.82
730612,594155,332325,15-09-2025,18-09-2025,1,399,10,39.9,359.1,D2C Website,Referral,Cash on Delivery,Delivered,Mumbai,0,,72.45,0,49.1
796149,594155,376484,26-09-2025,27-09-2025,1,499,20,99.8,399.2,D2C Website,Referral,Credit Card,Delivered,Mumbai,0,,58.89,0,56.46
730634,594156,318301,31-08-2025,06-09-2025,1,249,25,62.25,186.75,D2C Website,Marketplace,Debit Card,Delivered,Kolkata,0,,89.48,0,39.77
763402,594156,318726,03-12-2025,06-12-2025,1,549,0,0,549,D2C Website,Marketplace,Cash on Delivery,Delivered,Kolkata,0,,66.74,0,41.28
730636,569579,360142,23-04-2024,24-04-2024,3,349,15,157.05,889.95,Nykaa,Organic Search,Unknown,Delivered,Chennai,0,,64.03,133.58,27.41
763405,569579,318726,30-04-2024,04-05-2024,1,549,15,82.35,466.65,D2C Website,Organic Search,Credit Card,Delivered,Chennai,0,,43.4,0,33.01
763404,512240,318726,21-12-2024,24-12-2024,2,549,5,54.9,1043.1,Offline Store,Influencer,Debit Card,Delivered,Guwahati,0,,0,0,47.07
730643,512240,384259,14-07-2025,19-07-2025,1,649,10,64.9,584.1,Quick Commerce,Influencer,UPI,Delivered,Guwahati,0,,68.83,0,56.68
763413,594163,384259,01-05-2025,04-05-2025,1,649,35,227.15,421.85,D2C Website,Instagram,Debit Card,Delivered,Bengaluru,0,,50.73,0,34.49
730649,594163,397912,15-08-2025,21-08-2025,2,399,25,199.5,598.5,D2C Website,Instagram,Wallet,Delivered,Bengaluru,0,,39.1,0,22.33
763418,594163,318301,19-08-2025,20-08-2025,1,249,25,62.25,186.75,Offline Store,Instagram,UPI,Delivered,Bengaluru,0,,0,0,49.53
796190,569588,370644,17-06-2025,23-06-2025,3,449,15,202.05,1144.95,Myntra,Google,UPI,Delivered,Guwahati,0,,46.27,262.74,48.18
796191,569588,373579,06-07-2025,12-07-2025,3,449,10,134.7,1212.3,D2C Website,Google,Credit Card,Delivered,Guwahati,0,,85.5,0,38.08
763427,569588,397912,15-07-2025,20-07-2025,2,399,0,0,798,Nykaa,Google,UPI,Delivered,Guwahati,0,,56.53,153.7,51.88
796196,569588,397912,19-09-2025,20-09-2025,1,399,5,19.95,379.05,Amazon,Google,Credit Card,Delivered,Guwahati,0,,63.57,68.32,35.85
796198,569588,328746,02-10-2025,03-10-2025,2,299,0,0,598,D2C Website,Google,Debit Card,Returned,Guwahati,1,Damaged in Transit,46.43,0,54.35
796200,569588,397647,04-10-2025,08-10-2025,3,799,10,239.7,2157.3,D2C Website,Google,UPI,Delivered,Guwahati,0,,85.82,0,37.89
763438,569588,351856,18-11-2025,23-11-2025,1,449,0,0,449,Amazon,Google,Unknown,Returned,Guwahati,1,Wrong Item Delivered,60.8,76.23,34.3
763452,545015,376622,12-11-2025,16-11-2025,1,899,0,0,899,D2C Website,Instagram,Credit Card,Delivered,Kolkata,0,,78.72,0,51.48
763459,512249,351856,28-12-2024,01-01-2025,1,449,15,67.35,381.65,Nykaa,Instagram,UPI,Delivered,Pune,0,,85.34,73.08,50.85
763461,504067,351856,11-03-2025,12-03-2025,2,449,10,89.8,808.2,D2C Website,Google,Wallet,Delivered,Delhi,0,,54.25,0,39.63
796229,504067,385909,16-03-2025,19-03-2025,1,429,5,21.45,407.55,Quick Commerce,Google,Credit Card,Delivered,Delhi,0,,87.88,0,53.42
763463,585990,397647,07-11-2025,13-11-2025,1,799,0,0,799,D2C Website,Marketplace,Credit Card,Delivered,Mumbai,0,,47.86,0,37.62
763469,553225,397912,02-12-2025,07-12-2025,1,399,35,139.65,259.35,Quick Commerce,Instagram,UPI,Delivered,Chennai,0,,36.65,0,33.27
763470,553225,373579,14-12-2025,15-12-2025,1,449,20,89.8,359.2,Myntra,Instagram,UPI,Delivered,Chennai,0,,78.94,69.77,32.12
763472,569615,360142,18-12-2025,23-12-2025,1,349,10,34.9,314.1,Offline Store,Organic Search,Wallet,Delivered,Kochi,0,,0,0,41.59
730704,569616,397912,27-03-2024,01-04-2024,2,399,10,79.8,718.2,D2C Website,Instagram,UPI,Delivered,Chennai,0,,37.23,0,26.31
796243,569616,318301,20-10-2024,22-10-2024,1,249,5,12.45,236.55,Nykaa,Instagram,UPI,Delivered,Chennai,0,,66.39,47.58,43.67
730710,569616,373579,08-11-2024,11-11-2024,2,449,10,89.8,808.2,D2C Website,Instagram,UPI,Delivered,Chennai,0,,68.45,0,45.59
796248,569616,373579,18-11-2024,20-11-2024,3,449,5,67.35,1279.65,D2C Website,Instagram,Cash on Delivery,Delivered,Chennai,0,,83.12,0,34.33
796253,569616,360142,03-01-2025,08-01-2025,1,349,20,69.8,279.2,Amazon,Instagram,Credit Card,Delivered,Chennai,0,,45.27,69.71,24.08
763485,569616,328746,09-02-2025,10-02-2025,2,299,10,59.8,538.2,D2C Website,Instagram,UPI,Delivered,Chennai,0,,62.74,0,22.54
730721,569616,397647,30-03-2025,31-03-2025,2,799,15,239.7,1358.3,Amazon,Instagram,UPI,Delivered,Chennai,0,,58.08,321.62,31.63
796263,569616,360142,16-07-2025,19-07-2025,2,349,25,174.5,523.5,Nykaa,Instagram,UPI,Delivered,Chennai,0,,61.23,81.59,30.38
796267,569616,332325,24-10-2025,28-10-2025,2,399,0,0,798,Offline Store,Instagram,UPI,Delivered,Chennai,0,,0,0,43.31
796269,504082,351856,26-10-2025,27-10-2025,2,449,5,44.9,853.1,Amazon,Instagram,UPI,Delivered,Delhi,0,,53.59,137.84,59.4
763505,577812,373579,02-10-2025,05-10-2025,3,449,5,67.35,1279.65,Amazon,Influencer,Net Banking,Delivered,Nagpur,0,,62.65,244.26,57.05
763508,569621,318301,15-09-2024,18-09-2024,1,249,25,62.25,186.75,D2C Website,Google,Debit Card,Delivered,Kolkata,0,,63.66,0,28.86
763509,561433,332325,22-09-2025,26-09-2025,1,399,15,59.85,339.15,D2C Website,Google,Credit Card,Delivered,Delhi,0,,71.38,0,20.05
796283,594203,351856,02-12-2025,08-12-2025,1,449,0,0,449,Myntra,Google,UPI,Delivered,Nagpur,0,,44.2,106.08,33.55
730752,545056,360142,26-11-2025,27-11-2025,1,349,35,122.15,226.85,D2C Website,Influencer,Credit Card,Delivered,Mumbai,0,,83.18,0,21.25
796288,577832,347447,07-11-2025,11-11-2025,1,349,35,122.15,226.85,Amazon,Marketplace,Credit Card,Delivered,Jaipur,0,,85.12,46.32,42.36
730762,528683,347447,30-12-2025,02-01-2026,2,349,15,104.7,593.3,Nykaa,Instagram,Cash on Delivery,Delivered,Vadodara,0,,41.38,134.72,56.53
730763,553264,318301,12-08-2025,15-08-2025,1,249,10,24.9,224.1,Quick Commerce,Instagram,Cash on Delivery,Delivered,Delhi,0,,66.66,0,46.87
730764,504117,351856,28-05-2025,01-06-2025,2,449,15,134.7,763.3,Offline Store,Marketplace,Cash on Delivery,Delivered,Delhi,0,,0,0,39.7
730765,504117,384259,08-08-2025,13-08-2025,1,649,10,64.9,584.1,Nykaa,Marketplace,UPI,Delivered,Delhi,0,,87.14,105.79,43.9
763538,504117,376484,13-11-2025,15-11-2025,2,499,25,249.5,748.5,Quick Commerce,Marketplace,UPI,Delivered,Delhi,0,,87.12,0,53.98
763539,504117,376484,27-11-2025,30-11-2025,1,499,15,74.85,424.15,Amazon,Marketplace,Credit Card,Returned,Delhi,1,Product Not As Described,73.61,102.58,44.01
730773,504117,318726,29-12-2025,31-12-2025,1,549,10,54.9,494.1,D2C Website,Marketplace,UPI,Delivered,Delhi,0,,47.1,0,52.51
796313,553269,373579,26-12-2024,28-12-2024,3,449,20,269.4,1077.6,Nykaa,Google,UPI,Delivered,Hyderabad,0,,82.93,166.18,54.38
730781,553269,318726,11-03-2025,12-03-2025,1,549,15,82.35,466.65,Nykaa,Google,Cash on Delivery,Returned,Hyderabad,1,Better Price Found Elsewhere,80.48,114.03,39.12
730783,553269,384259,26-10-2025,27-10-2025,2,649,35,454.3,843.7,Offline Store,Google,UPI,Delivered,Hyderabad,0,,0,0,38.85
763556,553271,332325,14-08-2024,19-08-2024,1,399,35,139.65,259.35,D2C Website,Instagram,Net Banking,Delivered,Delhi,0,,56.97,0,22.73
796328,553271,384259,25-11-2024,27-11-2024,1,649,15,97.35,551.65,Nykaa,Instagram,Debit Card,Delivered,Delhi,0,,75.74,126.27,48.83
730792,553271,318301,07-04-2025,08-04-2025,1,249,20,49.8,199.2,Myntra,Instagram,Credit Card,Delivered,Delhi,0,,80.66,41.67,57.73
796331,553271,384259,11-06-2025,15-06-2025,1,649,5,32.45,616.55,Amazon,Instagram,Credit Card,Delivered,Delhi,0,,41.48,102.84,37.26
763564,561462,318726,12-10-2024,18-10-2024,2,549,25,274.5,823.5,Amazon,Google,Wallet,Delivered,Pune,0,,74.08,194.63,51.2
763576,561462,347447,22-11-2024,27-11-2024,3,349,10,104.7,942.3,Quick Commerce,Google,UPI,Delivered,Pune,0,,85.94,0,27.83
763577,528705,347447,09-10-2025,15-10-2025,3,349,5,52.35,994.65,Offline Store,Referral,Debit Card,Delivered,Surat,0,,0,0,39.81
730815,528705,384259,22-12-2025,24-12-2025,1,649,20,129.8,519.2,Amazon,Referral,Credit Card,Returned,Surat,1,Better Price Found Elsewhere,47.16,118.79,51.63
730822,561474,376484,25-07-2025,30-07-2025,1,499,0,0,499,Quick Commerce,Referral,Credit Card,Delivered,Bengaluru,0,,62.77,0,44.21
796360,520517,376484,25-12-2025,26-12-2025,1,499,0,0,499,Amazon,Instagram,Net Banking,Delivered,Mumbai,0,,69.83,109.97,42.83
763595,586057,384259,17-04-2025,20-04-2025,2,649,0,0,1298,D2C Website,Instagram,UPI,Delivered,Bengaluru,0,,43.98,0,22.6
763596,577867,351856,06-07-2025,07-07-2025,3,449,0,0,1347,Amazon,Instagram,UPI,Delivered,Kolkata,0,,50.07,256.6,24.13
730827,561487,332325,24-10-2025,27-10-2025,2,399,0,0,798,Myntra,Instagram,Credit Card,Delivered,Mumbai,0,,81.19,184.12,55.06
796366,586079,376484,12-08-2025,15-08-2025,1,499,5,24.95,474.05,D2C Website,Influencer,Cash on Delivery,Delivered,Surat,0,,52.91,0,31.22
763602,586079,318726,29-08-2025,30-08-2025,1,549,15,82.35,466.65,Quick Commerce,Influencer,UPI,Delivered,Surat,0,,35.64,0,47.2
796373,586079,385909,02-10-2025,05-10-2025,1,429,20,85.8,343.2,Nykaa,Influencer,Wallet,Delivered,Surat,0,,36.91,82.77,53.11
796379,586079,328746,07-10-2025,11-10-2025,2,299,40,239.2,358.8,Amazon,Influencer,Cash on Delivery,Delivered,Surat,0,,67.68,68.11,28.82
763620,586079,332325,22-12-2025,27-12-2025,1,399,20,79.8,319.2,Quick Commerce,Influencer,Cash on Delivery,Delivered,Surat,0,,54.16,0,46.15
796392,536930,351856,01-08-2025,02-08-2025,1,449,20,89.8,359.2,Offline Store,Influencer,UPI,Delivered,Delhi,0,,0,0,46.61
796393,594276,332325,18-05-2025,22-05-2025,2,399,0,0,798,D2C Website,Google,Credit Card,Delivered,Mumbai,0,,89.82,0,37.72
763627,594276,332325,29-09-2025,02-10-2025,2,399,25,199.5,598.5,Offline Store,Google,Net Banking,Delivered,Mumbai,0,,0,0,46.98
730862,536932,397647,15-12-2025,19-12-2025,1,799,15,119.85,679.15,D2C Website,Instagram,Cash on Delivery,Delivered,Pune,0,,68.27,0,55.13
730865,512363,328746,25-01-2025,26-01-2025,1,299,15,44.85,254.15,D2C Website,Instagram,Debit Card,Delivered,Kolkata,0,,82.12,0,31.43
763636,561524,384259,06-02-2025,10-02-2025,1,649,15,97.35,551.65,Amazon,Referral,UPI,Delivered,Chandigarh,0,,55.64,119.83,40.75
796406,528760,360142,06-06-2025,11-06-2025,1,349,10,34.9,314.1,Offline Store,Influencer,UPI,Delivered,Delhi,0,,0,0,58.29
763641,528760,347447,08-06-2025,12-06-2025,1,349,15,52.35,296.65,Amazon,Influencer,UPI,Delivered,Delhi,0,,64.71,67.3,37.42
730882,528760,318726,16-10-2025,19-10-2025,2,549,25,274.5,823.5,Amazon,Influencer,Net Banking,Delivered,Delhi,0,,79.44,134.02,36
796424,594297,397647,13-09-2025,19-09-2025,1,799,10,79.9,719.1,Amazon,Marketplace,Debit Card,Delivered,Bengaluru,0,,55.82,136.33,53.57
796433,561537,376484,12-08-2024,14-08-2024,2,499,5,49.9,948.1,Nykaa,Offline Store,Cash on Delivery,Delivered,Guwahati,0,,86.41,176.72,58.07
730898,512387,384259,21-10-2024,23-10-2024,1,649,25,162.25,486.75,D2C Website,Organic Search,Wallet,Delivered,Nagpur,0,,53.71,0,33.66
796444,512387,376484,27-02-2025,28-02-2025,1,499,15,74.85,424.15,Myntra,Organic Search,Cash on Delivery,Delivered,Nagpur,0,,81.03,77.24,53.51
763680,512387,370644,18-04-2025,22-04-2025,1,449,25,112.25,336.75,D2C Website,Organic Search,Debit Card,Delivered,Nagpur,0,,59.89,0,24.32
796452,577924,351856,15-11-2025,17-11-2025,1,449,15,67.35,381.65,Nykaa,Instagram,Cash on Delivery,Delivered,Pune,0,,75.27,70.99,29.11
796454,520585,397647,17-04-2024,22-04-2024,2,799,15,239.7,1358.3,D2C Website,Instagram,Debit Card,Delivered,Patna,0,,85.52,0,20.67
796457,520585,318301,05-05-2024,10-05-2024,1,249,10,24.9,224.1,D2C Website,Instagram,Debit Card,Delivered,Patna,0,,71.51,0,29.69
763691,553354,384259,08-10-2025,13-10-2025,1,649,25,162.25,486.75,Offline Store,Instagram,Cash on Delivery,Delivered,Jaipur,0,,0,0,25.88
730924,594317,347447,11-10-2025,17-10-2025,1,349,10,34.9,314.1,Quick Commerce,Referral,Net Banking,Delivered,Hyderabad,0,,79.79,0,56.35
796469,594317,376484,20-10-2025,21-10-2025,1,499,10,49.9,449.1,D2C Website,Referral,Credit Card,Delivered,Hyderabad,0,,36.7,0,56.13
730938,594329,328746,20-03-2025,23-03-2025,1,299,0,0,299,Myntra,Instagram,Cash on Delivery,Delivered,Bengaluru,0,,45.83,68.78,53.71
730945,594339,328746,16-10-2024,18-10-2024,1,299,0,0,299,Quick Commerce,Organic Search,UPI,Delivered,Kochi,0,,41.31,0,57.22
796482,594339,332325,09-12-2024,10-12-2024,1,399,0,0,399,Amazon,Organic Search,Wallet,Delivered,Kochi,0,,66.12,84.7,47.26
763714,594339,376622,25-02-2025,26-02-2025,2,899,0,0,1798,D2C Website,Organic Search,Credit Card,Delivered,Kochi,0,,70.92,0,58.4
796486,594339,384259,28-06-2025,03-07-2025,2,649,10,129.8,1168.2,Offline Store,Organic Search,Debit Card,Delivered,Kochi,0,,0,0,54.46
730950,594339,332325,22-07-2025,26-07-2025,1,399,5,19.95,379.05,Quick Commerce,Organic Search,UPI,Delivered,Kochi,0,,60.47,0,50.89
763720,594339,373579,10-09-2025,14-09-2025,3,449,5,67.35,1279.65,D2C Website,Organic Search,Credit Card,Delivered,Kochi,0,,72.36,0,34.46
763719,594339,328746,15-10-2025,18-10-2025,1,299,25,74.75,224.25,Quick Commerce,Organic Search,UPI,Delivered,Kochi,0,,82.9,0,54.67
796491,594339,376484,18-10-2025,24-10-2025,1,499,0,0,499,Amazon,Organic Search,Wallet,Delivered,Kochi,0,,64.33,100.93,27.82
796493,594339,384259,14-12-2025,18-12-2025,1,649,0,0,649,Nykaa,Organic Search,Credit Card,Delivered,Kochi,0,,52.09,107.03,49.91
796494,586159,328746,25-12-2024,26-12-2024,3,299,15,134.55,762.45,D2C Website,Referral,Cash on Delivery,Delivered,Ahmedabad,0,,60.63,0,41.06
730957,586159,318726,01-05-2025,03-05-2025,1,549,35,192.15,356.85,Myntra,Referral,Net Banking,Delivered,Ahmedabad,0,,89.17,65.34,30.07
763728,586163,370644,19-11-2024,23-11-2024,1,449,5,22.45,426.55,Offline Store,Google,Debit Card,Delivered,Ahmedabad,0,,0,0,59.48
796506,586163,360142,04-05-2025,08-05-2025,1,349,10,34.9,314.1,Amazon,Google,Credit Card,Delivered,Ahmedabad,0,,73.97,75.86,41.29
763739,586163,397647,12-05-2025,16-05-2025,1,799,10,79.9,719.1,Myntra,Google,Credit Card,Delivered,Ahmedabad,0,,80.53,158.69,37.87
730973,586163,397647,27-08-2025,29-08-2025,2,799,15,239.7,1358.3,D2C Website,Google,Cash on Delivery,Delivered,Ahmedabad,0,,61,0,28.3
763747,586163,397647,21-12-2025,23-12-2025,1,799,20,159.8,639.2,Amazon,Google,Net Banking,Delivered,Ahmedabad,0,,54.79,120.81,27.58
763748,520631,376622,14-05-2025,16-05-2025,1,899,20,179.8,719.2,D2C Website,Instagram,Credit Card,Delivered,Surat,0,,71.02,0,39.23
730983,561592,332325,01-08-2025,03-08-2025,1,399,10,39.9,359.1,D2C Website,Google,Cash on Delivery,Delivered,Chennai,0,,80.05,0,20.61
730984,561592,397647,03-08-2025,06-08-2025,1,799,40,319.6,479.4,Nykaa,Google,Debit Card,Delivered,Chennai,0,,67.5,88.95,54.69
796522,561592,347447,16-12-2025,19-12-2025,2,349,10,69.8,628.2,Amazon,Google,Debit Card,Delivered,Chennai,0,,49.92,123.21,28.19
730988,520632,373579,16-02-2025,17-02-2025,1,449,10,44.9,404.1,Amazon,Google,Cash on Delivery,Delivered,Bengaluru,0,,47.49,75.26,29.72
763762,520632,318726,02-04-2025,07-04-2025,1,549,0,0,549,D2C Website,Google,Cash on Delivery,Delivered,Bengaluru,0,,44.05,0,37.29
730997,520635,351856,14-04-2024,15-04-2024,1,449,10,44.9,404.1,Nykaa,Google,Net Banking,Delivered,Mumbai,0,,78.55,90.77,32.1
763765,561605,384259,05-11-2025,11-11-2025,1,649,0,0,649,Nykaa,Google,UPI,Delivered,Surat,0,,79.75,142.85,48.68
730999,577992,397912,09-10-2025,14-10-2025,1,399,40,159.6,239.4,D2C Website,Marketplace,UPI,Delivered,Kolkata,0,,87.14,0,59.84
763768,577993,384259,08-10-2024,12-10-2024,2,649,0,0,1298,Myntra,Organic Search,UPI,Returned,Hyderabad,1,Changed Mind,42.02,223.2,56.12
763771,577993,397912,16-11-2024,17-11-2024,3,399,10,119.7,1077.3,Offline Store,Organic Search,Credit Card,Delivered,Hyderabad,0,,0,0,28.43
731013,577993,328746,20-01-2025,22-01-2025,1,299,5,14.95,284.05,Nykaa,Organic Search,UPI,Delivered,Hyderabad,0,,52.68,67.35,42.27
763784,577993,384259,28-02-2025,04-03-2025,2,649,15,194.7,1103.3,Amazon,Organic Search,Credit Card,Delivered,Hyderabad,0,,72.72,215.2,59.22
763795,577993,397647,22-06-2025,28-06-2025,3,799,20,479.4,1917.6,Amazon,Organic Search,Credit Card,Delivered,Hyderabad,0,,78.87,388.38,42.22
796563,577993,360142,22-09-2025,26-09-2025,1,349,10,34.9,314.1,D2C Website,Organic Search,Debit Card,Returned,Hyderabad,1,Product Not As Described,62.3,0,20.26
763809,594381,384259,25-11-2025,29-11-2025,1,649,20,129.8,519.2,D2C Website,Google,Debit Card,Delivered,Kolkata,0,,42.66,0,54.19
796581,569806,351856,09-06-2025,11-06-2025,1,449,10,44.9,404.1,Offline Store,Offline Store,Credit Card,Delivered,Ahmedabad,0,,0,0,53.16
796582,569806,351856,25-06-2025,30-06-2025,3,449,0,0,1347,Nykaa,Offline Store,Wallet,Delivered,Ahmedabad,0,,44.08,331.14,42.22
796589,569806,385909,24-09-2025,28-09-2025,1,429,10,42.9,386.1,Amazon,Offline Store,Cash on Delivery,Delivered,Ahmedabad,0,,78.47,68.01,43.95
796592,569806,397912,22-10-2025,23-10-2025,1,399,15,59.85,339.15,Quick Commerce,Offline Store,Cash on Delivery,Delivered,Ahmedabad,0,,74.71,0,34.41
731061,569806,360142,01-11-2025,05-11-2025,2,349,0,0,698,D2C Website,Offline Store,UPI,Delivered,Ahmedabad,0,,71.42,0,21.47
763837,569806,373579,27-11-2025,03-12-2025,2,449,10,89.8,808.2,D2C Website,Offline Store,UPI,Delivered,Ahmedabad,0,,36.79,0,30.93
796610,569806,351856,17-12-2025,19-12-2025,3,449,5,67.35,1279.65,D2C Website,Offline Store,Debit Card,Returned,Ahmedabad,1,Wrong Item Delivered,46.13,0,46.14
731077,512463,360142,02-09-2024,07-09-2024,1,349,25,87.25,261.75,Myntra,Influencer,Credit Card,Delivered,Indore,0,,83.31,46.52,42.5
763857,553424,376484,25-04-2024,29-04-2024,1,499,20,99.8,399.2,D2C Website,Referral,Credit Card,Delivered,Hyderabad,0,,43.47,0,30.46
763862,553424,328746,29-04-2024,03-05-2024,2,299,0,0,598,D2C Website,Referral,UPI,Delivered,Hyderabad,0,,60.72,0,47.29
796631,545236,384259,31-01-2025,05-02-2025,1,649,0,0,649,Amazon,Instagram,UPI,Delivered,Surat,0,,78.41,158.22,30.1
796634,504278,376484,23-10-2024,29-10-2024,1,499,35,174.65,324.35,Amazon,Google,Cash on Delivery,Delivered,Patna,0,,54.23,59.62,34.46
796638,586200,376484,27-04-2025,28-04-2025,1,499,20,99.8,399.2,D2C Website,Google,UPI,Delivered,Delhi,0,,62.48,0,50.19
763871,586200,318726,13-06-2025,15-06-2025,2,549,0,0,1098,Nykaa,Google,Wallet,Delivered,Delhi,0,,85.03,209.73,35.76
763878,586200,376484,10-08-2025,12-08-2025,3,499,10,149.7,1347.3,D2C Website,Google,Debit Card,Delivered,Delhi,0,,60.37,0,40.79
731114,586200,328746,21-11-2025,24-11-2025,1,299,10,29.9,269.1,Amazon,Google,Credit Card,Delivered,Delhi,0,,65.74,50.08,22.88
763886,586200,318726,18-12-2025,21-12-2025,2,549,5,54.9,1043.1,Myntra,Google,UPI,Delivered,Delhi,0,,67.76,183.26,43.39
796656,545242,373579,30-08-2025,05-09-2025,1,449,15,67.35,381.65,Amazon,Marketplace,Credit Card,Delivered,Mumbai,0,,58.78,68.61,39.66
796658,569822,318726,04-10-2025,09-10-2025,1,549,15,82.35,466.65,Myntra,Organic Search,UPI,Delivered,Patna,0,,81.72,107.86,24.6
763891,528864,332325,11-07-2025,12-07-2025,1,399,10,39.9,359.1,Quick Commerce,Organic Search,Debit Card,Delivered,Mumbai,0,,68.54,0,33.37
796659,537056,351856,02-03-2025,05-03-2025,1,449,10,44.9,404.1,Nykaa,Google,Credit Card,Delivered,Bengaluru,0,,88.45,68.65,39.98
763897,504288,397912,11-10-2025,16-10-2025,1,399,5,19.95,379.05,Myntra,Organic Search,Credit Card,Delivered,Lucknow,0,,82.52,60.16,40.98
763898,569827,318301,19-12-2025,22-12-2025,1,249,5,12.45,236.55,Quick Commerce,Google,UPI,Delivered,Coimbatore,0,,73.72,0,20.74
796667,569827,384259,22-12-2025,28-12-2025,1,649,5,32.45,616.55,Myntra,Google,Credit Card,Delivered,Coimbatore,0,,53.84,151.41,56.23
763908,520676,373579,29-11-2025,04-12-2025,2,449,5,44.9,853.1,Nykaa,Referral,UPI,Delivered,Hyderabad,0,,71.65,160.46,35.48
763916,520676,397912,18-12-2025,19-12-2025,1,399,0,0,399,D2C Website,Referral,Credit Card,Delivered,Hyderabad,0,,56.69,0,21.8
796693,561644,351856,11-12-2024,12-12-2024,1,449,15,67.35,381.65,D2C Website,Instagram,UPI,Delivered,Kolkata,0,,78.91,0,42.7
796703,561644,360142,15-12-2024,17-12-2024,1,349,0,0,349,D2C Website,Instagram,UPI,Delivered,Kolkata,0,,85.11,0,44.82
796704,561644,373579,06-01-2025,12-01-2025,2,449,15,134.7,763.3,Amazon,Instagram,Wallet,Returned,Kolkata,1,Changed Mind,54.91,163.77,47.28
796705,561644,351856,17-02-2025,19-02-2025,2,449,25,224.5,673.5,Nykaa,Instagram,UPI,Delivered,Kolkata,0,,60.68,160.05,24.74
731172,561644,384259,23-04-2025,26-04-2025,2,649,15,194.7,1103.3,Myntra,Instagram,Cash on Delivery,Returned,Kolkata,1,Damaged in Transit,88.08,176.07,47.04
763941,561644,397647,06-05-2025,12-05-2025,1,799,5,39.95,759.05,Nykaa,Instagram,UPI,Delivered,Kolkata,0,,81.75,169.28,20.18
763945,561644,351856,25-08-2025,29-08-2025,2,449,0,0,898,D2C Website,Instagram,Debit Card,Delivered,Kolkata,0,,57.35,0,42.07
731182,586223,373579,28-06-2025,29-06-2025,1,449,10,44.9,404.1,Nykaa,Marketplace,UPI,Delivered,Chennai,0,,72.05,81.78,38.97
763950,586223,318726,22-12-2025,27-12-2025,1,549,15,82.35,466.65,Amazon,Marketplace,UPI,Delivered,Chennai,0,,82.41,115.18,52.71
796719,537072,318726,06-04-2025,12-04-2025,1,549,35,192.15,356.85,Nykaa,Organic Search,UPI,Returned,Hyderabad,1,Allergic Reaction,57.59,88.96,30.86
796721,537079,384259,01-10-2025,05-10-2025,1,649,10,64.9,584.1,Offline Store,Organic Search,Credit Card,Delivered,Guwahati,0,,0,0,39.6
796734,578047,397912,11-02-2025,16-02-2025,2,399,5,39.9,758.1,Amazon,Instagram,Credit Card,Delivered,Bengaluru,0,,75.95,187.44,33.95
731203,578047,373579,16-02-2025,22-02-2025,1,449,5,22.45,426.55,D2C Website,Instagram,Debit Card,Delivered,Bengaluru,0,,81.95,0,56.28
731205,578047,370644,29-04-2025,05-05-2025,2,449,15,134.7,763.3,Offline Store,Instagram,Cash on Delivery,Delivered,Bengaluru,0,,0,0,45.54
796745,578047,360142,16-05-2025,19-05-2025,3,349,20,209.4,837.6,Quick Commerce,Instagram,UPI,Returned,Bengaluru,1,Product Not As Described,62.23,0,44.02
731217,578047,318726,20-06-2025,25-06-2025,1,549,10,54.9,494.1,D2C Website,Instagram,UPI,Delivered,Bengaluru,0,,72.36,0,49.92
731223,578047,318301,22-06-2025,25-06-2025,1,249,5,12.45,236.55,Nykaa,Instagram,UPI,Delivered,Bengaluru,0,,49.23,50.66,55.1
731224,578047,397912,29-06-2025,02-07-2025,2,399,20,159.6,638.4,Quick Commerce,Instagram,Net Banking,Delivered,Bengaluru,0,,82.68,0,21.3
731228,578047,397912,20-08-2025,25-08-2025,3,399,20,239.4,957.6,Myntra,Instagram,UPI,Delivered,Bengaluru,0,,46.88,165.62,49.18
763997,578047,351856,03-11-2025,07-11-2025,2,449,5,44.9,853.1,Amazon,Instagram,Credit Card,Delivered,Bengaluru,0,,68.39,143.88,29.91
763998,520706,384259,13-09-2024,14-09-2024,1,649,15,97.35,551.65,D2C Website,Google,Cash on Delivery,Delivered,Pune,0,,60.22,0,22.21
764003,520706,328746,11-01-2025,14-01-2025,1,299,0,0,299,Nykaa,Google,UPI,Delivered,Pune,0,,83.4,44.89,28.74
764010,520706,318726,18-05-2025,24-05-2025,3,549,25,411.75,1235.25,Amazon,Google,UPI,Delivered,Pune,0,,40.68,188.91,52.09
731242,520706,318726,14-08-2025,18-08-2025,1,549,10,54.9,494.1,Nykaa,Google,Net Banking,Delivered,Pune,0,,64.31,85.5,45.27
764011,520706,373579,06-09-2025,08-09-2025,2,449,40,359.2,538.8,Nykaa,Google,UPI,Delivered,Pune,0,,60.7,130.63,45.91
731258,520706,376484,26-09-2025,30-09-2025,2,499,10,99.8,898.2,D2C Website,Google,UPI,Delivered,Pune,0,,76.01,0,29.91
796796,520706,360142,12-10-2025,14-10-2025,1,349,15,52.35,296.65,Amazon,Google,UPI,Delivered,Pune,0,,78.11,50.33,44.77
731265,520706,385909,06-12-2025,09-12-2025,1,429,15,64.35,364.65,Amazon,Google,Cash on Delivery,Delivered,Pune,0,,73.98,83.23,50.32
764036,553476,397912,22-10-2025,24-10-2025,1,399,20,79.8,319.2,D2C Website,Google,UPI,Returned,Mumbai,1,Changed Mind,58.99,0,39.32
764043,553476,328746,26-10-2025,27-10-2025,1,299,0,0,299,D2C Website,Google,Wallet,Delivered,Mumbai,0,,67.8,0,24.6
764044,553476,370644,31-10-2025,05-11-2025,1,449,10,44.9,404.1,Myntra,Google,Credit Card,Delivered,Mumbai,0,,61.17,96.22,45.35
764045,537093,360142,24-06-2024,25-06-2024,2,349,35,244.3,453.7,D2C Website,Referral,Cash on Delivery,Delivered,Delhi,0,,46.82,0,32.86
731276,537093,397647,29-01-2025,01-02-2025,1,799,15,119.85,679.15,D2C Website,Referral,Wallet,Delivered,Delhi,0,,87.06,0,41.12
731275,537093,370644,13-08-2025,16-08-2025,2,449,20,179.6,718.4,Nykaa,Referral,UPI,Delivered,Delhi,0,,53.92,165.85,50.3
796820,561669,332325,02-08-2025,03-08-2025,1,399,15,59.85,339.15,D2C Website,Influencer,UPI,Delivered,Ahmedabad,0,,60.7,0,49.05
764058,528903,370644,01-07-2024,05-07-2024,3,449,35,471.45,875.55,D2C Website,Instagram,UPI,Delivered,Bengaluru,0,,81.54,0,47.98
796829,528903,332325,08-04-2025,09-04-2025,2,399,25,199.5,598.5,D2C Website,Instagram,UPI,Delivered,Bengaluru,0,,67.98,0,29.57
731295,528903,332325,18-07-2025,19-07-2025,2,399,15,119.7,678.3,Myntra,Instagram,UPI,Delivered,Bengaluru,0,,42.01,140.41,39.68
796833,528903,376484,25-08-2025,30-08-2025,1,499,20,99.8,399.2,Quick Commerce,Instagram,UPI,Delivered,Bengaluru,0,,63.65,0,31.9
764067,528906,385909,20-03-2025,25-03-2025,1,429,0,0,429,Amazon,Instagram,Cash on Delivery,Cancelled,Guwahati,0,,73.14,78.7,51.14
796837,528906,385909,10-04-2025,15-04-2025,1,429,5,21.45,407.55,D2C Website,Instagram,UPI,Delivered,Guwahati,0,,37.47,0,52.11
796853,528906,385909,02-07-2025,08-07-2025,1,429,20,85.8,343.2,Amazon,Instagram,Credit Card,Delivered,Guwahati,0,,80.03,81.9,30.69
764091,528906,385909,16-08-2025,20-08-2025,1,429,0,0,429,Quick Commerce,Instagram,Net Banking,Delivered,Guwahati,0,,76.87,0,47.23
764092,528906,384259,16-12-2025,21-12-2025,2,649,10,129.8,1168.2,Amazon,Instagram,UPI,Delivered,Guwahati,0,,45.8,235.08,20.43
796859,545293,328746,21-12-2025,23-12-2025,2,299,10,59.8,538.2,Amazon,Instagram,Debit Card,Cancelled,Kolkata,0,,71.3,127.34,47.6
731328,553492,318726,13-12-2024,17-12-2024,1,549,15,82.35,466.65,Amazon,Organic Search,UPI,Returned,Surat,1,Allergic Reaction,35.54,72.69,24.71
796864,553492,360142,28-04-2025,03-05-2025,1,349,20,69.8,279.2,D2C Website,Organic Search,Cash on Delivery,Delivered,Surat,0,,62.83,0,51.67
796869,520730,347447,07-04-2025,10-04-2025,1,349,10,34.9,314.1,D2C Website,Influencer,UPI,Delivered,Mumbai,0,,83.88,0,42.03
764103,520730,397647,29-06-2025,02-07-2025,2,799,15,239.7,1358.3,Myntra,Influencer,Credit Card,Delivered,Mumbai,0,,36.32,283.56,59.83
796874,520730,318726,10-07-2025,11-07-2025,1,549,20,109.8,439.2,Myntra,Influencer,Net Banking,Delivered,Mumbai,0,,58.96,104.86,53.79
731340,520730,332325,09-08-2025,11-08-2025,1,399,0,0,399,Amazon,Influencer,UPI,Delivered,Mumbai,0,,37.97,84.79,49.73
764108,520730,376484,01-10-2025,07-10-2025,3,499,15,224.55,1272.45,Amazon,Influencer,UPI,Delivered,Mumbai,0,,87.12,207.45,46.34
764117,520730,347447,03-11-2025,05-11-2025,3,349,15,157.05,889.95,D2C Website,Influencer,UPI,Delivered,Mumbai,0,,87.77,0,52.9
796886,520730,376484,08-11-2025,10-11-2025,1,499,15,74.85,424.15,Amazon,Influencer,Cash on Delivery,Returned,Mumbai,1,Damaged in Transit,54.39,104.52,58.76
796889,520730,384259,16-11-2025,17-11-2025,2,649,5,64.9,1233.1,D2C Website,Influencer,Wallet,Returned,Mumbai,1,Wrong Item Delivered,70.35,0,24.69
764122,545309,373579,04-04-2024,05-04-2024,1,449,0,0,449,Nykaa,Google,Wallet,Delivered,Hyderabad,0,,46.47,98,26.53
796895,545309,351856,05-04-2024,11-04-2024,1,449,35,157.15,291.85,D2C Website,Google,UPI,Delivered,Hyderabad,0,,46.83,0,42.34
796900,561694,373579,31-08-2025,02-09-2025,3,449,0,0,1347,Quick Commerce,Instagram,UPI,Delivered,Hyderabad,0,,87.11,0,25.6
731367,561694,384259,14-09-2025,20-09-2025,1,649,0,0,649,Amazon,Instagram,Debit Card,Delivered,Hyderabad,0,,41.95,157.92,56.34
764138,561694,370644,05-10-2025,06-10-2025,1,449,0,0,449,Myntra,Instagram,UPI,Delivered,Hyderabad,0,,48.06,68.81,58.71
796909,594466,370644,11-11-2025,13-11-2025,2,449,35,314.3,583.7,D2C Website,Referral,UPI,Delivered,Mumbai,0,,54.74,0,50.26
796919,594466,385909,13-11-2025,17-11-2025,1,429,10,42.9,386.1,Quick Commerce,Referral,Debit Card,Delivered,Mumbai,0,,67.28,0,41.02
796921,594466,318726,02-12-2025,05-12-2025,1,549,25,137.25,411.75,Nykaa,Referral,UPI,Delivered,Mumbai,0,,72.4,75.33,29.47
796922,594466,318301,12-12-2025,15-12-2025,1,249,25,62.25,186.75,Amazon,Referral,Wallet,Delivered,Mumbai,0,,61.73,38.02,54.38
731385,586275,332325,20-08-2025,23-08-2025,1,399,0,0,399,D2C Website,Organic Search,Cash on Delivery,Delivered,Lucknow,0,,67.28,0,54.72
731395,537125,370644,24-12-2024,30-12-2024,1,449,5,22.45,426.55,Quick Commerce,Google,Cash on Delivery,Delivered,Delhi,0,,58.03,0,41.11
764165,537125,360142,25-03-2025,31-03-2025,2,349,25,174.5,523.5,D2C Website,Google,UPI,Delivered,Delhi,0,,84.79,0,43.67
764166,537125,373579,26-03-2025,31-03-2025,1,449,10,44.9,404.1,D2C Website,Google,UPI,Delivered,Delhi,0,,58.28,0,49.07
731404,537125,384259,10-12-2025,13-12-2025,1,649,10,64.9,584.1,Nykaa,Google,Net Banking,Delivered,Delhi,0,,62.6,102.91,35.51
764175,553516,376484,26-02-2025,04-03-2025,1,499,15,74.85,424.15,Nykaa,Marketplace,Debit Card,Delivered,Hyderabad,0,,70.99,87.89,31.52
731407,553516,318726,18-04-2025,19-04-2025,1,549,15,82.35,466.65,D2C Website,Marketplace,Credit Card,Delivered,Hyderabad,0,,53.28,0,37.74
796948,553516,328746,13-07-2025,18-07-2025,2,299,0,0,598,Offline Store,Marketplace,Credit Card,Delivered,Hyderabad,0,,0,0,33.87
731414,553516,318726,19-07-2025,25-07-2025,1,549,15,82.35,466.65,D2C Website,Marketplace,UPI,Delivered,Hyderabad,0,,86.38,0,34.73
796951,553516,332325,04-08-2025,09-08-2025,2,399,15,119.7,678.3,Quick Commerce,Marketplace,Debit Card,Delivered,Hyderabad,0,,38.41,0,50.27
731417,553516,384259,08-11-2025,10-11-2025,2,649,10,129.8,1168.2,D2C Website,Marketplace,Cash on Delivery,Delivered,Hyderabad,0,,77.68,0,32
731420,553516,318726,29-11-2025,03-12-2025,1,549,25,137.25,411.75,Amazon,Marketplace,Cash on Delivery,Delivered,Hyderabad,0,,49.93,100.21,42.98
764200,553516,318726,15-12-2025,18-12-2025,1,549,20,109.8,439.2,Myntra,Marketplace,UPI,Delivered,Hyderabad,0,,46.93,71.04,37.9
796969,594481,360142,14-12-2025,19-12-2025,2,349,10,69.8,628.2,Quick Commerce,Instagram,Cash on Delivery,Delivered,Mumbai,0,,37.12,0,39.74
796973,553523,332325,01-12-2025,04-12-2025,1,399,0,0,399,Nykaa,Referral,UPI,Delivered,Surat,0,,72.84,72.24,36.64
796974,553523,360142,16-12-2025,22-12-2025,1,349,20,69.8,279.2,Amazon,Referral,Credit Card,Delivered,Surat,0,,58.45,44.83,27.9
764210,504373,318301,08-10-2024,10-10-2024,2,249,0,0,498,Amazon,Referral,UPI,Delivered,Chennai,0,,53.89,103.89,21.19
796981,504373,360142,16-04-2025,20-04-2025,1,349,10,34.9,314.1,Amazon,Referral,Debit Card,Delivered,Chennai,0,,75.38,55.39,20.83
731462,504373,384259,12-07-2025,14-07-2025,1,649,10,64.9,584.1,Amazon,Referral,Debit Card,Delivered,Chennai,0,,62,145.19,47.18
797000,504373,328746,15-10-2025,17-10-2025,1,299,10,29.9,269.1,Nykaa,Referral,UPI,Returned,Chennai,1,Better Price Found Elsewhere,79.94,65.71,57.94
731467,520758,376484,23-05-2025,29-05-2025,1,499,10,49.9,449.1,Myntra,Google,Cash on Delivery,Delivered,Surat,0,,50.56,69.87,34.58
797003,520758,318726,17-06-2025,20-06-2025,1,549,20,109.8,439.2,D2C Website,Google,UPI,Delivered,Surat,0,,69.24,0,33.45
764237,520758,351856,06-07-2025,10-07-2025,1,449,0,0,449,Nykaa,Google,Wallet,Delivered,Surat,0,,58.32,110.37,42.33
764238,520758,318726,01-09-2025,03-09-2025,1,549,5,27.45,521.55,Myntra,Google,Cash on Delivery,Delivered,Surat,0,,86.03,119.66,39.35
731476,520758,328746,15-12-2025,19-12-2025,1,299,25,74.75,224.25,Nykaa,Google,Debit Card,Delivered,Surat,0,,80.12,34.85,44.51
764254,578104,384259,27-08-2025,01-09-2025,1,649,0,0,649,Nykaa,Instagram,UPI,Delivered,Chandigarh,0,,76.75,129.98,22.03
764258,578104,347447,27-09-2025,01-10-2025,2,349,25,174.5,523.5,Myntra,Instagram,Debit Card,Delivered,Chandigarh,0,,72.43,126.2,42.37
764264,553528,373579,05-09-2025,10-09-2025,2,449,25,224.5,673.5,Myntra,Instagram,Credit Card,Delivered,Surat,0,,56.1,127.36,21.85
731501,594493,328746,10-11-2025,16-11-2025,3,299,10,89.7,807.3,Nykaa,Influencer,Debit Card,Delivered,Hyderabad,0,,66.67,124.01,58.54
764272,578116,328746,15-07-2024,16-07-2024,1,299,10,29.9,269.1,D2C Website,Instagram,Net Banking,Delivered,Pune,0,,55.45,0,50.5
731506,553545,384259,13-09-2025,16-09-2025,1,649,5,32.45,616.55,Quick Commerce,Organic Search,Wallet,Delivered,Chennai,0,,44.53,0,26.47
797048,553545,373579,15-09-2025,16-09-2025,1,449,25,112.25,336.75,D2C Website,Organic Search,Credit Card,Delivered,Chennai,0,,45.44,0,47.11
797049,594510,360142,10-11-2025,14-11-2025,1,349,0,0,349,D2C Website,Influencer,Cash on Delivery,Cancelled,Pune,0,,67.31,0,27.4
764283,569942,318726,29-10-2025,03-11-2025,1,549,0,0,549,Amazon,Influencer,Net Banking,Delivered,Lucknow,0,,86.9,110.83,59.77
764286,578135,328746,01-11-2025,04-11-2025,1,299,0,0,299,D2C Website,Instagram,Debit Card,Delivered,Hyderabad,0,,86.65,0,40.79
797055,578139,384259,08-11-2025,12-11-2025,1,649,10,64.9,584.1,D2C Website,Google,Debit Card,Delivered,Hyderabad,0,,76.13,0,30.92
797060,578139,373579,19-12-2025,21-12-2025,1,449,5,22.45,426.55,Nykaa,Google,UPI,Delivered,Hyderabad,0,,51.44,87.17,47.97
764293,594526,376484,08-11-2025,12-11-2025,2,499,0,0,998,Amazon,Instagram,Cash on Delivery,Delivered,Pune,0,,43.19,197.68,52.65
731525,578148,384259,03-08-2025,07-08-2025,1,649,0,0,649,D2C Website,Google,Debit Card,Delivered,Mumbai,0,,45.68,0,47.37
797062,520807,376622,08-10-2025,12-10-2025,1,899,10,89.9,809.1,Nykaa,Google,UPI,Delivered,Coimbatore,0,,78.17,157.15,33.09
764297,553578,351856,04-11-2025,07-11-2025,1,449,5,22.45,426.55,Offline Store,Organic Search,Net Banking,Delivered,Bengaluru,0,,0,0,42.66
731531,553578,385909,23-12-2025,28-12-2025,1,429,5,21.45,407.55,Nykaa,Organic Search,Credit Card,Delivered,Bengaluru,0,,86.27,64.73,30.29
797069,537196,376484,07-12-2025,09-12-2025,1,499,10,49.9,449.1,Amazon,Organic Search,Net Banking,Delivered,Mumbai,0,,79.44,82.05,36.14
764302,594540,384259,26-07-2025,27-07-2025,3,649,0,0,1947,Offline Store,Organic Search,Cash on Delivery,Delivered,Bhopal,0,,0,0,45.06
797077,586356,318726,27-12-2025,30-12-2025,1,549,25,137.25,411.75,D2C Website,Offline Store,UPI,Delivered,Bengaluru,0,,67.4,0,35.62
764312,529015,318726,23-12-2025,24-12-2025,1,549,15,82.35,466.65,D2C Website,Instagram,Net Banking,Delivered,Bengaluru,0,,64.58,0,53.59
731546,586363,360142,26-09-2025,02-10-2025,1,349,10,34.9,314.1,Amazon,Organic Search,UPI,Delivered,Mumbai,0,,42.5,74.79,35.35
764315,586363,351856,19-11-2025,21-11-2025,1,449,0,0,449,Amazon,Organic Search,Wallet,Delivered,Mumbai,0,,46.43,77.52,39.44
797084,578172,385909,10-07-2024,16-07-2024,1,429,5,21.45,407.55,Nykaa,Organic Search,UPI,Delivered,Guwahati,0,,52.97,82.36,40.06
797085,578172,360142,21-07-2024,24-07-2024,1,349,15,52.35,296.65,Amazon,Organic Search,Debit Card,Delivered,Guwahati,0,,56.18,54.22,52
797087,578172,376622,11-12-2024,17-12-2024,2,899,10,179.8,1618.2,D2C Website,Organic Search,UPI,Delivered,Guwahati,0,,71.44,0,46.07
764324,578172,384259,21-03-2025,24-03-2025,2,649,5,64.9,1233.1,D2C Website,Organic Search,Debit Card,Delivered,Guwahati,0,,60.32,0,35.41
764325,578172,328746,17-06-2025,18-06-2025,1,299,0,0,299,Amazon,Organic Search,UPI,Delivered,Guwahati,0,,81.74,54.94,25.27
731558,578172,376484,14-07-2025,20-07-2025,3,499,15,224.55,1272.45,Amazon,Organic Search,Cash on Delivery,Delivered,Guwahati,0,,70.15,244.86,57.63
764331,578172,373579,02-10-2025,06-10-2025,3,449,10,134.7,1212.3,Myntra,Organic Search,Credit Card,Delivered,Guwahati,0,,37,201.92,36.44
764336,578172,332325,26-10-2025,30-10-2025,2,399,20,159.6,638.4,Myntra,Organic Search,Cash on Delivery,Returned,Guwahati,1,Product Not As Described,78.98,152.12,27.1
731569,561797,385909,17-09-2024,21-09-2024,1,429,15,64.35,364.65,D2C Website,Google,Cash on Delivery,Delivered,Surat,0,,60.08,0,23.99
731575,561797,385909,03-10-2024,04-10-2024,1,429,10,42.9,386.1,Myntra,Google,Debit Card,Delivered,Surat,0,,66.59,61.11,42.87
764350,561797,384259,03-01-2025,09-01-2025,1,649,20,129.8,519.2,Myntra,Google,Credit Card,Delivered,Surat,0,,53.72,79.01,34.96
797125,586374,385909,14-10-2025,19-10-2025,2,429,10,85.8,772.2,Quick Commerce,Instagram,Cash on Delivery,Delivered,Vadodara,0,,64.89,0,45.04
797129,569993,376484,18-01-2025,22-01-2025,1,499,5,24.95,474.05,D2C Website,Instagram,Debit Card,Delivered,Delhi,0,,89.73,0,27.45
764361,569993,376484,11-11-2025,16-11-2025,2,499,10,99.8,898.2,Amazon,Instagram,UPI,Delivered,Delhi,0,,50.35,139.01,28.29
731594,569993,376622,06-12-2025,07-12-2025,1,899,15,134.85,764.15,Nykaa,Instagram,Credit Card,Delivered,Delhi,0,,75.92,184.93,40.22
764369,529038,351856,16-02-2024,19-02-2024,1,449,10,44.9,404.1,Myntra,Organic Search,UPI,Delivered,Delhi,0,,77.82,94.5,56.73
797144,529038,351856,21-02-2024,25-02-2024,2,449,10,89.8,808.2,D2C Website,Organic Search,UPI,Delivered,Delhi,0,,67.92,0,33.35
764387,529038,376622,31-03-2024,01-04-2024,1,899,25,224.75,674.25,D2C Website,Organic Search,Wallet,Delivered,Delhi,0,,54.32,0,44.82
797156,529038,376484,16-05-2024,17-05-2024,2,499,5,49.9,948.1,D2C Website,Organic Search,Net Banking,Delivered,Delhi,0,,46.86,0,56.14
797158,529038,351856,10-06-2024,12-06-2024,2,449,15,134.7,763.3,Amazon,Organic Search,UPI,Delivered,Delhi,0,,35.34,186.41,39.36
764392,529038,332325,07-10-2024,13-10-2024,1,399,20,79.8,319.2,Amazon,Organic Search,UPI,Delivered,Delhi,0,,37.21,51.82,23.07
764393,529038,376484,14-01-2025,16-01-2025,2,499,20,199.6,798.4,Amazon,Organic Search,Net Banking,Delivered,Delhi,0,,40.98,197.87,41.99
797162,529038,318726,02-07-2025,05-07-2025,2,549,15,164.7,933.3,Nykaa,Organic Search,Cash on Delivery,Delivered,Delhi,0,,60.29,158.77,31.3
797163,529038,351856,16-09-2025,18-09-2025,1,449,5,22.45,426.55,D2C Website,Organic Search,UPI,Delivered,Delhi,0,,48.52,0,44.38
797161,512656,332325,06-04-2024,08-04-2024,1,399,20,79.8,319.2,Amazon,Google,UPI,Delivered,Chennai,0,,56.9,61.01,21.73
731626,578193,397647,20-08-2024,24-08-2024,1,799,35,279.65,519.35,D2C Website,Google,Credit Card,Delivered,Pune,0,,48.78,0,33.03
731632,578193,328746,25-10-2024,29-10-2024,1,299,10,29.9,269.1,D2C Website,Google,Credit Card,Delivered,Pune,0,,42.64,0,22.17
797173,578193,347447,11-07-2025,17-07-2025,1,349,20,69.8,279.2,Amazon,Google,UPI,Delivered,Pune,0,,42.92,62.75,48.96
731640,578193,373579,28-07-2025,29-07-2025,1,449,15,67.35,381.65,Amazon,Google,UPI,Delivered,Pune,0,,76.16,70.84,53.68
797180,578193,376484,25-09-2025,29-09-2025,1,499,10,49.9,449.1,Amazon,Google,UPI,Delivered,Pune,0,,66.85,69.24,32.77
731645,529041,318726,24-05-2025,25-05-2025,1,549,15,82.35,466.65,Offline Store,Influencer,UPI,Delivered,Pune,0,,0,0,23.65
797182,529045,384259,08-12-2024,13-12-2024,1,649,15,97.35,551.65,Amazon,Influencer,Debit Card,Delivered,Chennai,0,,85.55,124.69,20.67
764415,529045,318301,16-12-2024,19-12-2024,1,249,0,0,249,D2C Website,Influencer,Net Banking,Returned,Chennai,1,Product Not As Described,75.37,0,48.03
797183,529045,360142,31-12-2024,04-01-2025,1,349,5,17.45,331.55,D2C Website,Influencer,UPI,Delivered,Chennai,0,,79.97,0,55.86
764418,529045,370644,08-02-2025,10-02-2025,3,449,10,134.7,1212.3,Amazon,Influencer,Cash on Delivery,Returned,Chennai,1,Wrong Item Delivered,64.04,194.97,21.28
764419,529045,373579,15-06-2025,17-06-2025,2,449,10,89.8,808.2,D2C Website,Influencer,Wallet,Delivered,Chennai,0,,49.58,0,50
797193,594581,318726,19-09-2025,24-09-2025,1,549,0,0,549,Nykaa,Google,Cash on Delivery,Delivered,Surat,0,,51.75,121.92,54.25
731661,570008,318301,18-09-2025,23-09-2025,2,249,0,0,498,Amazon,Google,Debit Card,Delivered,Kolkata,0,,40.42,113.5,44.27
764431,570008,397912,22-09-2025,26-09-2025,1,399,25,99.75,299.25,Myntra,Google,Debit Card,Delivered,Kolkata,0,,47.33,66.54,36.67
764440,570008,373579,30-12-2025,31-12-2025,1,449,5,22.45,426.55,Quick Commerce,Google,Debit Card,Delivered,Kolkata,0,,73.98,0,34.73
764441,570010,397912,10-01-2025,11-01-2025,2,399,25,199.5,598.5,D2C Website,Organic Search,Credit Card,Delivered,Delhi,0,,89.5,0,29.33
797211,570010,373579,05-02-2025,06-02-2025,1,449,15,67.35,381.65,Quick Commerce,Organic Search,Credit Card,Cancelled,Delhi,0,,43.07,0,51.45
764447,570010,373579,02-06-2025,08-06-2025,1,449,10,44.9,404.1,Amazon,Organic Search,UPI,Delivered,Delhi,0,,80.04,63.1,33.64
797215,570010,360142,12-10-2025,17-10-2025,1,349,15,52.35,296.65,Quick Commerce,Organic Search,Credit Card,Delivered,Delhi,0,,84.42,0,53.39
764451,570010,347447,31-10-2025,02-11-2025,2,349,20,139.6,558.4,D2C Website,Organic Search,Net Banking,Delivered,Delhi,0,,69.52,0,42.62
731690,537243,328746,13-11-2025,16-11-2025,1,299,20,59.8,239.2,Nykaa,Google,UPI,Delivered,Kochi,0,,55.82,38.47,37.78
797231,520861,328746,22-11-2025,28-11-2025,1,299,15,44.85,254.15,D2C Website,Organic Search,UPI,Delivered,Indore,0,,72.92,0,42.51
731696,586400,360142,12-02-2025,18-02-2025,1,349,0,0,349,Amazon,Marketplace,Wallet,Delivered,Bengaluru,0,,80.39,65.02,23.36
764463,520866,373579,12-07-2025,18-07-2025,1,449,5,22.45,426.55,Amazon,Referral,Cash on Delivery,Delivered,Chennai,0,,46.65,84.8,55.57
731697,578215,332325,21-08-2025,26-08-2025,2,399,5,39.9,758.1,Offline Store,Influencer,UPI,Delivered,Jaipur,0,,0,0,30.31
764472,578215,370644,24-12-2025,28-12-2025,3,449,15,202.05,1144.95,D2C Website,Influencer,Net Banking,Delivered,Jaipur,0,,74.46,0,45.18
797241,578222,384259,28-04-2025,03-05-2025,1,649,20,129.8,519.2,Quick Commerce,Google,Wallet,Delivered,Indore,0,,81.25,0,38.68
731704,578222,384259,01-08-2025,05-08-2025,1,649,15,97.35,551.65,Nykaa,Google,Net Banking,Cancelled,Indore,0,,49.35,83.12,27.2
797243,537268,332325,15-11-2025,21-11-2025,1,399,5,19.95,379.05,Nykaa,Google,Cash on Delivery,Delivered,Kolkata,0,,41.09,63.77,46.47
764482,537268,318726,26-11-2025,27-11-2025,1,549,10,54.9,494.1,Myntra,Google,Cash on Delivery,Delivered,Kolkata,0,,80.66,122.45,46.31
797251,537268,397647,03-12-2025,04-12-2025,1,799,0,0,799,Nykaa,Google,Net Banking,Delivered,Kolkata,0,,82.34,154.7,20.8
764488,537268,347447,17-12-2025,22-12-2025,1,349,5,17.45,331.55,D2C Website,Google,Debit Card,Cancelled,Kolkata,0,,78.34,0,37.44
764493,512704,328746,24-08-2024,29-08-2024,1,299,5,14.95,284.05,D2C Website,Google,Credit Card,Delivered,Bengaluru,0,,60.7,0,21.96
797262,512704,347447,12-01-2025,14-01-2025,2,349,20,139.6,558.4,D2C Website,Google,UPI,Delivered,Bengaluru,0,,57.34,0,26.72
797261,512704,376484,11-06-2025,17-06-2025,2,499,5,49.9,948.1,Quick Commerce,Google,UPI,Delivered,Bengaluru,0,,63.81,0,38.6
797263,512704,360142,20-06-2025,24-06-2025,2,349,0,0,698,Quick Commerce,Google,Cash on Delivery,Delivered,Bengaluru,0,,39.65,0,46.84
797275,512704,318726,14-10-2025,20-10-2025,1,549,10,54.9,494.1,Quick Commerce,Google,UPI,Delivered,Bengaluru,0,,42.12,0,58.35
764511,512704,376484,29-10-2025,01-11-2025,1,499,15,74.85,424.15,Myntra,Google,Unknown,Delivered,Bengaluru,0,,75.44,91.45,56.35
764512,529102,351856,17-09-2025,19-09-2025,1,449,35,157.15,291.85,D2C Website,Google,Wallet,Delivered,Mumbai,0,,87.9,0,34.48
797280,529102,360142,29-10-2025,03-11-2025,2,349,0,0,698,Quick Commerce,Google,UPI,Delivered,Mumbai,0,,89.48,0,52.7
797282,594646,384259,29-12-2025,30-12-2025,1,649,25,162.25,486.75,Nykaa,Instagram,Credit Card,Delivered,Surat,0,,48.21,90.94,57.1
731752,578269,318301,27-09-2025,03-10-2025,1,249,0,0,249,D2C Website,Organic Search,UPI,Delivered,Hyderabad,0,,71.86,0,26.99
731757,512735,351856,03-08-2025,04-08-2025,1,449,5,22.45,426.55,Quick Commerce,Influencer,Unknown,Delivered,Bengaluru,0,,76.09,0,55.17
797299,512739,376622,13-10-2024,16-10-2024,1,899,20,179.8,719.2,D2C Website,Instagram,UPI,Delivered,Hyderabad,0,,65.3,0,49.23
731765,512739,328746,31-07-2025,04-08-2025,1,299,0,0,299,Amazon,Instagram,UPI,Delivered,Hyderabad,0,,88.92,58.28,39.97
731768,545508,373579,25-12-2025,30-12-2025,3,449,10,134.7,1212.3,Amazon,Marketplace,UPI,Returned,Delhi,1,Wrong Item Delivered,86.98,262.67,46.18
731780,561894,376622,01-11-2024,05-11-2024,3,899,25,674.25,2022.75,Amazon,Instagram,Credit Card,Delivered,Mumbai,0,,42.95,339.3,21.44
731784,561894,370644,22-03-2025,24-03-2025,2,449,20,179.6,718.4,D2C Website,Instagram,UPI,Delivered,Mumbai,0,,55.9,0,30.17
797330,561894,397647,05-04-2025,06-04-2025,3,799,10,239.7,2157.3,D2C Website,Instagram,Debit Card,Delivered,Mumbai,0,,79.54,0,24.48
797332,561894,384259,06-09-2025,10-09-2025,1,649,5,32.45,616.55,Myntra,Instagram,Debit Card,Delivered,Mumbai,0,,46.6,127.95,29.56
764566,561894,360142,19-10-2025,25-10-2025,2,349,0,0,698,Nykaa,Instagram,UPI,Delivered,Mumbai,0,,61.31,158.07,28.67
731801,561894,397912,31-10-2025,04-11-2025,3,399,0,0,1197,Nykaa,Instagram,UPI,Delivered,Mumbai,0,,75.59,241.27,51.32
731804,561894,360142,14-11-2025,16-11-2025,3,349,10,104.7,942.3,Quick Commerce,Instagram,UPI,Delivered,Mumbai,0,,53.23,0,36.94
797340,586474,384259,04-06-2025,09-06-2025,1,649,10,64.9,584.1,D2C Website,Google,Cash on Delivery,Delivered,Delhi,0,,48.95,0,40.17
797345,586474,328746,16-11-2025,21-11-2025,1,299,5,14.95,284.05,Offline Store,Google,UPI,Delivered,Delhi,0,,0,0,43.64
797346,586474,328746,25-12-2025,27-12-2025,1,299,0,0,299,D2C Website,Google,Cash on Delivery,Delivered,Delhi,0,,55.26,0,38.08
731816,578282,397647,17-06-2024,19-06-2024,1,799,20,159.8,639.2,Myntra,Google,Debit Card,Delivered,Delhi,0,,63.09,137.09,33.43
764592,578282,397647,27-06-2024,29-06-2024,1,799,15,119.85,679.15,D2C Website,Google,Cash on Delivery,Delivered,Delhi,0,,50.23,0,48.85
764597,578282,351856,22-09-2025,25-09-2025,1,449,0,0,449,Quick Commerce,Google,UPI,Delivered,Delhi,0,,70.43,0,22.22
764598,578301,318726,26-03-2025,29-03-2025,1,549,15,82.35,466.65,Nykaa,Marketplace,Wallet,Delivered,Chennai,0,,71.81,112.68,28.47
797365,578301,347447,06-10-2025,08-10-2025,2,349,25,174.5,523.5,Nykaa,Marketplace,UPI,Delivered,Chennai,0,,73.26,104.85,22.75
797367,578301,384259,19-10-2025,22-10-2025,1,649,20,129.8,519.2,Offline Store,Marketplace,Credit Card,Delivered,Chennai,0,,0,0,43.5
797371,578301,332325,25-10-2025,29-10-2025,1,399,35,139.65,259.35,Amazon,Marketplace,Net Banking,Delivered,Chennai,0,,63.36,54.95,49.32
797374,578301,373579,29-11-2025,04-12-2025,1,449,20,89.8,359.2,Myntra,Marketplace,Net Banking,Delivered,Chennai,0,,70.4,67.28,59.67
797377,529154,347447,12-07-2025,16-07-2025,1,349,15,52.35,296.65,Quick Commerce,Organic Search,Wallet,Delivered,Delhi,0,,83.95,0,51.64
764613,529154,332325,06-08-2025,11-08-2025,1,399,15,59.85,339.15,Amazon,Organic Search,Cash on Delivery,Delivered,Delhi,0,,56.99,61.88,50.36
797382,529154,373579,07-08-2025,12-08-2025,2,449,0,0,898,Amazon,Organic Search,Wallet,Delivered,Delhi,0,,79.1,159.18,22.42
764616,529154,384259,11-11-2025,13-11-2025,2,649,0,0,1298,D2C Website,Organic Search,Debit Card,Delivered,Delhi,0,,81.28,0,26.01
797381,586499,318301,16-09-2025,21-09-2025,1,249,20,49.8,199.2,D2C Website,Marketplace,UPI,Delivered,Kolkata,0,,62.77,0,55.09
764625,586499,328746,20-12-2025,25-12-2025,1,299,15,44.85,254.15,Quick Commerce,Marketplace,UPI,Delivered,Kolkata,0,,69.23,0,24.54
731859,594692,373579,26-10-2025,27-10-2025,2,449,0,0,898,Amazon,Google,Net Banking,Delivered,Nagpur,0,,82.03,179.55,31.98
731860,594692,360142,29-10-2025,30-10-2025,1,349,0,0,349,D2C Website,Google,Credit Card,Delivered,Nagpur,0,,82.89,0,53.48
797400,594692,397912,12-11-2025,18-11-2025,1,399,5,19.95,379.05,D2C Website,Google,Wallet,Returned,Nagpur,1,Wrong Item Delivered,45.31,0,53.29
797403,594692,373579,17-11-2025,20-11-2025,1,449,0,0,449,Amazon,Google,UPI,Delivered,Nagpur,0,,35.18,111.76,27.11
797404,594692,397647,25-11-2025,27-11-2025,1,799,20,159.8,639.2,Nykaa,Google,Credit Card,Delivered,Nagpur,0,,56.42,111.9,48.37
797405,594692,318301,27-11-2025,03-12-2025,1,249,10,24.9,224.1,Nykaa,Google,UPI,Delivered,Nagpur,0,,61.96,39.99,54.4
731870,594692,376484,03-12-2025,05-12-2025,1,499,10,49.9,449.1,Nykaa,Google,Debit Card,Delivered,Nagpur,0,,56.17,77.65,56.52
731868,594692,318301,13-12-2025,18-12-2025,1,249,5,12.45,236.55,Quick Commerce,Google,UPI,Delivered,Nagpur,0,,80.83,0,30.37
797410,594692,328746,20-12-2025,26-12-2025,2,299,10,59.8,538.2,Nykaa,Google,Cash on Delivery,Delivered,Nagpur,0,,78.79,103.18,29.99
764651,594692,360142,23-12-2025,24-12-2025,2,349,40,279.2,418.8,Amazon,Google,UPI,Delivered,Nagpur,0,,77.56,87.03,24.33
764656,537346,376484,27-03-2024,30-03-2024,2,499,0,0,998,D2C Website,Google,Credit Card,Cancelled,Hyderabad,0,,75.6,0,49.61
764662,561925,373579,24-06-2025,27-06-2025,1,449,0,0,449,Amazon,Google,Debit Card,Delivered,Delhi,0,,56.96,89.24,35.32
731897,553736,373579,25-04-2025,28-04-2025,1,449,5,22.45,426.55,Myntra,Google,UPI,Delivered,Pune,0,,75.26,67.65,56.29
797440,520969,328746,06-08-2025,12-08-2025,1,299,10,29.9,269.1,D2C Website,Instagram,UPI,Cancelled,Delhi,0,,56.56,0,49.23
764673,537353,385909,29-08-2024,02-09-2024,1,429,15,64.35,364.65,Quick Commerce,Instagram,Debit Card,Delivered,Coimbatore,0,,83.36,0,42.08
764677,537353,376484,24-05-2025,29-05-2025,1,499,20,99.8,399.2,D2C Website,Instagram,Debit Card,Delivered,Coimbatore,0,,55.53,0,38.94
797449,586511,318301,16-02-2025,18-02-2025,1,249,25,62.25,186.75,D2C Website,Influencer,Credit Card,Delivered,Mumbai,0,,51.72,0,27.13
764682,586511,360142,27-08-2025,01-09-2025,1,349,10,34.9,314.1,Amazon,Influencer,Debit Card,Delivered,Mumbai,0,,40.65,67.32,31.33
731922,537363,328746,07-11-2025,08-11-2025,1,299,10,29.9,269.1,Nykaa,Instagram,Wallet,Delivered,Hyderabad,0,,76.31,48.01,28.66
797459,561953,347447,04-09-2025,09-09-2025,1,349,0,0,349,Amazon,Offline Store,UPI,Delivered,Bhopal,0,,50.65,72.61,26.74
764691,537388,384259,10-04-2025,12-04-2025,1,649,10,64.9,584.1,D2C Website,Influencer,Wallet,Delivered,Bengaluru,0,,36.68,0,38.01
731927,521012,385909,14-09-2024,19-09-2024,2,429,20,171.6,686.4,D2C Website,Marketplace,Credit Card,Delivered,Mumbai,0,,70.56,0,48.07
764699,578366,332325,26-12-2025,31-12-2025,2,399,5,39.9,758.1,Amazon,Instagram,Credit Card,Delivered,Mumbai,0,,64.84,119.33,38.53
731939,578366,376484,27-12-2025,01-01-2026,1,499,40,199.6,299.4,Amazon,Instagram,UPI,Delivered,Mumbai,0,,60.14,64.73,46.72
764711,512833,376622,03-10-2025,06-10-2025,1,899,10,89.9,809.1,D2C Website,Organic Search,Debit Card,Returned,Chennai,1,Wrong Item Delivered,66.72,0,59.85
764713,512833,332325,30-10-2025,01-11-2025,2,399,0,0,798,D2C Website,Organic Search,UPI,Delivered,Chennai,0,,74.56,0,42.39
797482,529219,373579,20-08-2025,22-08-2025,1,449,20,89.8,359.2,Myntra,Referral,Debit Card,Delivered,Delhi,0,,42.56,65.18,24.09
731949,586563,376484,07-02-2025,10-02-2025,2,499,0,0,998,Myntra,Influencer,Credit Card,Delivered,Pune,0,,74.34,174.72,20.49
797491,545607,373579,12-01-2025,16-01-2025,1,449,15,67.35,381.65,Amazon,Google,Debit Card,Cancelled,Hyderabad,0,,48.35,60.36,51.21
764724,545607,397912,26-08-2025,28-08-2025,1,399,10,39.9,359.1,D2C Website,Google,Cash on Delivery,Delivered,Hyderabad,0,,86.55,0,58.7
731956,561993,360142,11-10-2025,15-10-2025,1,349,5,17.45,331.55,Nykaa,Influencer,Wallet,Delivered,Bhopal,0,,61.07,76.71,21.19
764725,561993,332325,27-11-2025,02-12-2025,1,399,20,79.8,319.2,Quick Commerce,Influencer,UPI,Delivered,Bhopal,0,,45.88,0,59.71
797507,561993,328746,26-12-2025,01-01-2026,1,299,15,44.85,254.15,Quick Commerce,Influencer,Debit Card,Delivered,Bhopal,0,,64.44,0,45.59
764740,578385,351856,20-08-2024,25-08-2024,1,449,10,44.9,404.1,Quick Commerce,Marketplace,Credit Card,Delivered,Mumbai,0,,84.26,0,39.97
731973,578385,384259,03-05-2025,04-05-2025,1,649,10,64.9,584.1,D2C Website,Marketplace,Cash on Delivery,Delivered,Mumbai,0,,70.77,0,27.14
797510,578385,328746,06-08-2025,12-08-2025,2,299,0,0,598,D2C Website,Marketplace,Cash on Delivery,Delivered,Mumbai,0,,48.26,0,28.75
797512,578385,397912,22-10-2025,25-10-2025,3,399,20,239.4,957.6,Amazon,Marketplace,Debit Card,Delivered,Mumbai,0,,72.03,145.43,52.16
764751,562021,360142,06-09-2024,09-09-2024,1,349,20,69.8,279.2,D2C Website,Instagram,UPI,Delivered,Kochi,0,,59.03,0,52.43
731985,562021,376622,14-09-2024,19-09-2024,3,899,0,0,2697,Amazon,Instagram,Net Banking,Delivered,Kochi,0,,61.7,564.62,53.76
797524,562021,397912,23-10-2024,29-10-2024,3,399,25,299.25,897.75,Myntra,Instagram,UPI,Delivered,Kochi,0,,52.55,186.82,27.41
764762,562021,376622,27-01-2025,28-01-2025,2,899,20,359.6,1438.4,D2C Website,Instagram,Credit Card,Delivered,Kochi,0,,44.31,0,57.12
731994,562021,318726,03-02-2025,07-02-2025,2,549,10,109.8,988.2,Myntra,Instagram,Wallet,Delivered,Kochi,0,,69.46,244.11,51.08
764769,562021,384259,06-04-2025,12-04-2025,1,649,15,97.35,551.65,D2C Website,Instagram,UPI,Delivered,Kochi,0,,36.17,0,55.39
764771,562021,332325,08-04-2025,09-04-2025,3,399,10,119.7,1077.3,Nykaa,Instagram,UPI,Delivered,Kochi,0,,47.77,231.7,56.15
764775,562021,384259,05-07-2025,11-07-2025,3,649,0,0,1947,Offline Store,Instagram,Debit Card,Delivered,Kochi,0,,0,0,40.84
764776,562021,347447,05-08-2025,10-08-2025,1,349,15,52.35,296.65,Amazon,Instagram,UPI,Delivered,Kochi,0,,74.9,68.84,47.27
732008,537450,397912,02-02-2025,05-02-2025,1,399,15,59.85,339.15,Offline Store,Influencer,Credit Card,Delivered,Pune,0,,0,0,48.28
797549,562031,328746,10-06-2025,13-06-2025,1,299,0,0,299,Amazon,Google,UPI,Delivered,Mumbai,0,,68.52,64.54,51.69
764781,562031,332325,28-10-2025,31-10-2025,1,399,15,59.85,339.15,Amazon,Google,UPI,Delivered,Mumbai,0,,73.74,67.98,36.58
732013,562031,384259,29-10-2025,31-10-2025,1,649,15,97.35,551.65,Nykaa,Google,Debit Card,Delivered,Mumbai,0,,52.89,83.38,43.15
797553,562031,385909,11-12-2025,14-12-2025,1,429,10,42.9,386.1,Myntra,Google,Cash on Delivery,Returned,Mumbai,1,Wrong Item Delivered,50.28,86.48,26.85
797558,553841,347447,05-11-2025,06-11-2025,1,349,20,69.8,279.2,Amazon,Marketplace,Credit Card,Delivered,Ahmedabad,0,,45.39,65.5,21.38
732029,553845,373579,24-09-2025,27-09-2025,1,449,0,0,449,Myntra,Influencer,Credit Card,Delivered,Bengaluru,0,,71.27,85.91,34.18
797565,521079,373579,16-05-2025,21-05-2025,1,449,0,0,449,Myntra,Google,Debit Card,Delivered,Jaipur,0,,40.9,81.21,29.22
797568,594811,376484,09-08-2025,13-08-2025,1,499,10,49.9,449.1,Amazon,Instagram,Credit Card,Delivered,Patna,0,,35.54,100.33,54.14
797577,570236,397912,04-04-2024,06-04-2024,2,399,10,79.8,718.2,Quick Commerce,Referral,Credit Card,Delivered,Bengaluru,0,,73.61,0,53.73
764814,570236,384259,21-06-2024,25-06-2024,2,649,5,64.9,1233.1,Amazon,Referral,Debit Card,Delivered,Bengaluru,0,,89.62,303.07,27.95
764819,570236,370644,22-06-2024,28-06-2024,2,449,0,0,898,D2C Website,Referral,Credit Card,Delivered,Bengaluru,0,,69.83,0,41.8
732053,570236,397912,27-09-2024,28-09-2024,1,399,0,0,399,Amazon,Referral,UPI,Delivered,Bengaluru,0,,83.03,95.24,52.64
797595,570236,328746,28-09-2024,03-10-2024,1,299,0,0,299,D2C Website,Referral,Net Banking,Delivered,Bengaluru,0,,54.43,0,54.43
764828,570236,376484,22-10-2024,28-10-2024,1,499,15,74.85,424.15,Quick Commerce,Referral,Credit Card,Delivered,Bengaluru,0,,76.2,0,55.09
797596,570236,373579,15-06-2025,16-06-2025,1,449,15,67.35,381.65,Offline Store,Referral,Wallet,Delivered,Bengaluru,0,,0,0,26.45
797598,570236,360142,20-06-2025,25-06-2025,3,349,0,0,1047,D2C Website,Referral,UPI,Delivered,Bengaluru,0,,76.66,0,39.92
732062,553852,376484,26-09-2024,29-09-2024,1,499,5,24.95,474.05,Nykaa,Influencer,Cash on Delivery,Delivered,Kolkata,0,,48.12,116.33,59.52
764840,504705,376484,16-10-2025,21-10-2025,1,499,0,0,499,Myntra,Influencer,UPI,Delivered,Mumbai,0,,36.45,108.45,29.4
732072,504705,373579,30-10-2025,31-10-2025,1,449,20,89.8,359.2,Amazon,Influencer,Debit Card,Delivered,Mumbai,0,,73.77,54.55,31.91
732077,504705,318301,09-11-2025,15-11-2025,1,249,15,37.35,211.65,Nykaa,Influencer,UPI,Delivered,Mumbai,0,,37.45,32.54,22.71
732079,504705,318726,21-11-2025,22-11-2025,1,549,20,109.8,439.2,Nykaa,Influencer,UPI,Delivered,Mumbai,0,,39.8,66.92,21.82
797616,504705,360142,04-12-2025,08-12-2025,2,349,10,69.8,628.2,Amazon,Influencer,Cash on Delivery,Delivered,Mumbai,0,,60.88,134.08,37.82
764852,512899,360142,20-12-2025,25-12-2025,1,349,25,87.25,261.75,Myntra,Influencer,UPI,Delivered,Chennai,0,,85.31,51.78,20.43
764853,512899,384259,21-12-2025,22-12-2025,1,649,35,227.15,421.85,Myntra,Influencer,Credit Card,Delivered,Chennai,0,,71.54,90.45,30.23
732088,512899,318726,23-12-2025,26-12-2025,1,549,25,137.25,411.75,Nykaa,Influencer,UPI,Delivered,Chennai,0,,57.62,66.06,22.65
764858,512903,373579,26-07-2025,30-07-2025,2,449,0,0,898,Nykaa,Google,UPI,Delivered,Mumbai,0,,51.08,135.78,27.97
764868,504722,376484,25-09-2025,01-10-2025,1,499,35,174.65,324.35,Myntra,Instagram,Credit Card,Delivered,Kolkata,0,,87.81,56.18,36.93
732102,504722,376484,26-10-2025,01-11-2025,1,499,40,199.6,299.4,D2C Website,Instagram,UPI,Delivered,Kolkata,0,,71.13,0,39.56
764871,504722,332325,25-11-2025,26-11-2025,2,399,15,119.7,678.3,Quick Commerce,Instagram,Cash on Delivery,Delivered,Kolkata,0,,79.04,0,44
732105,570261,351856,16-05-2025,20-05-2025,1,449,20,89.8,359.2,Amazon,Google,UPI,Delivered,Indore,0,,85.48,80.3,54.59
797643,570261,351856,06-07-2025,10-07-2025,1,449,20,89.8,359.2,Amazon,Google,Wallet,Delivered,Indore,0,,78.44,56.63,44.26
764877,570261,351856,27-09-2025,02-10-2025,1,449,10,44.9,404.1,Amazon,Google,UPI,Delivered,Indore,0,,69.97,79.06,26.43
732112,570261,351856,21-11-2025,25-11-2025,1,449,25,112.25,336.75,Nykaa,Google,Net Banking,Delivered,Indore,0,,41.43,59.77,30.12
764883,570261,351856,04-12-2025,09-12-2025,1,449,15,67.35,381.65,Amazon,Google,UPI,Delivered,Indore,0,,80.6,76.7,45.81
764884,562070,318726,30-07-2024,04-08-2024,1,549,25,137.25,411.75,Offline Store,Instagram,UPI,Delivered,Delhi,0,,0,0,21.22
797652,562070,384259,17-01-2025,22-01-2025,2,649,35,454.3,843.7,D2C Website,Instagram,UPI,Delivered,Delhi,0,,77.84,0,49.12
732118,562070,376622,08-10-2025,14-10-2025,1,899,20,179.8,719.2,Offline Store,Instagram,Cash on Delivery,Delivered,Delhi,0,,0,0,24.28
732124,586646,360142,24-03-2025,29-03-2025,1,349,25,87.25,261.75,Quick Commerce,Influencer,Cash on Delivery,Delivered,Kolkata,0,,89.15,0,45.5
732133,586646,397647,03-06-2025,07-06-2025,1,799,25,199.75,599.25,Myntra,Influencer,Credit Card,Delivered,Kolkata,0,,84.53,91.86,53.09
764903,586646,370644,03-09-2025,05-09-2025,2,449,15,134.7,763.3,Myntra,Influencer,UPI,Delivered,Kolkata,0,,72.08,148.7,32.65
764904,586646,397912,29-10-2025,02-11-2025,1,399,5,19.95,379.05,Nykaa,Influencer,UPI,Delivered,Kolkata,0,,58.13,68.76,38.24
797674,553883,328746,15-09-2024,17-09-2024,1,299,20,59.8,239.2,Quick Commerce,Influencer,Cash on Delivery,Delivered,Hyderabad,0,,71.12,0,27.44
797676,553883,328746,29-06-2025,02-07-2025,1,299,5,14.95,284.05,D2C Website,Influencer,UPI,Delivered,Hyderabad,0,,70.69,0,48.76
732142,553883,384259,23-10-2025,29-10-2025,2,649,15,194.7,1103.3,Quick Commerce,Influencer,Credit Card,Delivered,Hyderabad,0,,50.53,0,50.37
732145,586662,376484,18-08-2025,22-08-2025,1,499,5,24.95,474.05,Amazon,Instagram,Debit Card,Delivered,Mumbai,0,,63.91,94.97,58.88
732150,537512,332325,27-08-2025,02-09-2025,1,399,15,59.85,339.15,Myntra,Organic Search,Credit Card,Delivered,Bengaluru,0,,88.54,55.47,24.23
764920,570282,385909,01-12-2025,07-12-2025,2,429,10,85.8,772.2,Amazon,Google,Cash on Delivery,Returned,Mumbai,1,Wrong Item Delivered,36.19,187.3,50.24
764922,570282,373579,04-12-2025,08-12-2025,2,449,10,89.8,808.2,Offline Store,Google,Wallet,Delivered,Mumbai,0,,0,0,22.72
732154,570282,360142,14-12-2025,16-12-2025,1,349,20,69.8,279.2,Myntra,Google,Cash on Delivery,Delivered,Mumbai,0,,59.4,44.83,46.75
732158,570282,373579,24-12-2025,25-12-2025,1,449,10,44.9,404.1,Quick Commerce,Google,Cash on Delivery,Delivered,Mumbai,0,,50.37,0,57.7
797695,594861,351856,14-09-2025,18-09-2025,1,449,25,112.25,336.75,Amazon,Google,Debit Card,Delivered,Delhi,0,,87.31,64.6,25.96
732171,570292,351856,16-10-2024,17-10-2024,1,449,10,44.9,404.1,Quick Commerce,Marketplace,Debit Card,Cancelled,Mumbai,0,,62.61,0,38.65
797708,570292,328746,01-11-2024,03-11-2024,1,299,0,0,299,Amazon,Marketplace,UPI,Delivered,Mumbai,0,,37.59,58.7,31.41
764947,570292,347447,04-04-2025,05-04-2025,1,349,20,69.8,279.2,D2C Website,Marketplace,Cash on Delivery,Delivered,Mumbai,0,,42.4,0,53.6
797722,570292,397912,02-05-2025,07-05-2025,1,399,10,39.9,359.1,Nykaa,Marketplace,Cash on Delivery,Delivered,Mumbai,0,,61.56,75.9,55.69
764955,570292,384259,11-06-2025,17-06-2025,2,649,25,324.5,973.5,Nykaa,Marketplace,Cash on Delivery,Delivered,Mumbai,0,,77.67,166.84,30.43
732189,578504,347447,12-10-2024,17-10-2024,2,349,20,139.6,558.4,D2C Website,Google,Credit Card,Delivered,Kolkata,0,,62.51,0,43.6
797731,578504,351856,05-04-2025,09-04-2025,1,449,0,0,449,Quick Commerce,Google,Debit Card,Delivered,Kolkata,0,,43.85,0,38.68
764972,578504,318726,16-04-2025,21-04-2025,1,549,15,82.35,466.65,Amazon,Google,UPI,Delivered,Kolkata,0,,72.4,113.35,22.37
797741,578504,318726,07-07-2025,10-07-2025,1,549,15,82.35,466.65,Amazon,Google,Wallet,Delivered,Kolkata,0,,79.77,81.55,56.89
797748,578504,376484,07-10-2025,10-10-2025,1,499,10,49.9,449.1,D2C Website,Google,UPI,Delivered,Kolkata,0,,78.29,0,26.64
797749,545745,373579,24-11-2025,25-11-2025,1,449,10,44.9,404.1,Nykaa,Instagram,UPI,Delivered,Mumbai,0,,84.69,71.58,38.41
764983,586706,376622,16-04-2025,19-04-2025,2,899,40,719.2,1078.8,Amazon,Instagram,UPI,Delivered,Mumbai,0,,88.21,249.47,47.55
764985,586706,328746,14-05-2025,16-05-2025,1,299,15,44.85,254.15,Amazon,Instagram,Credit Card,Delivered,Mumbai,0,,71.95,60.37,28.22
764987,586706,384259,12-08-2025,15-08-2025,1,649,35,227.15,421.85,Quick Commerce,Instagram,Debit Card,Delivered,Mumbai,0,,70.03,0,24.54
732231,512978,373579,01-12-2025,02-12-2025,1,449,5,22.45,426.55,Amazon,Offline Store,Credit Card,Delivered,Pune,0,,48.63,84.83,36.08
797768,521174,384259,09-02-2024,12-02-2024,1,649,0,0,649,Myntra,Google,Credit Card,Delivered,Bengaluru,0,,58.31,139.32,57.1
732232,521174,360142,24-03-2024,26-03-2024,1,349,0,0,349,Nykaa,Google,Debit Card,Returned,Bengaluru,1,Damaged in Transit,46.01,65.11,30.62
732234,521174,397647,17-05-2024,20-05-2024,1,799,10,79.9,719.1,Quick Commerce,Google,Wallet,Delivered,Bengaluru,0,,41.6,0,53.3
765002,521174,384259,05-07-2024,11-07-2024,2,649,15,194.7,1103.3,Quick Commerce,Google,UPI,Delivered,Bengaluru,0,,77.04,0,42.84
797774,521174,318726,10-01-2025,13-01-2025,3,549,10,164.7,1482.3,Quick Commerce,Google,UPI,Delivered,Bengaluru,0,,57.72,0,48.07
732239,521174,318726,28-11-2025,01-12-2025,2,549,20,219.6,878.4,Amazon,Google,UPI,Delivered,Bengaluru,0,,77.57,170.29,55.12
797776,570329,370644,18-08-2025,23-08-2025,1,449,5,22.45,426.55,D2C Website,Google,UPI,Delivered,Patna,0,,70.26,0,34.75
765006,521178,385909,26-04-2025,27-04-2025,3,429,15,193.05,1093.95,Myntra,Referral,UPI,Delivered,Bhopal,0,,45.72,185.04,42.21
797779,521178,385909,11-09-2025,14-09-2025,1,429,15,64.35,364.65,Myntra,Referral,UPI,Delivered,Bhopal,0,,87.2,79.99,49.47
732264,521178,385909,27-09-2025,03-10-2025,1,429,20,85.8,343.2,Amazon,Referral,UPI,Delivered,Bhopal,0,,53.48,69.25,57.04
765034,521178,397647,20-10-2025,21-10-2025,1,799,10,79.9,719.1,Amazon,Referral,UPI,Delivered,Bhopal,0,,62.97,159.36,43.44
797805,512987,351856,25-11-2025,27-11-2025,1,449,5,22.45,426.55,Amazon,Instagram,Credit Card,Delivered,Indore,0,,80.23,97.61,56.48
732272,553955,318726,03-12-2025,07-12-2025,1,549,40,219.6,329.4,D2C Website,Influencer,UPI,Delivered,Lucknow,0,,61.53,0,31.41
797813,553955,328746,04-12-2025,09-12-2025,2,299,10,59.8,538.2,Myntra,Influencer,UPI,Delivered,Lucknow,0,,48.49,123.48,32.24
732285,594919,376484,19-08-2024,23-08-2024,1,499,5,24.95,474.05,Amazon,Google,Cash on Delivery,Delivered,Nagpur,0,,85.82,112.53,35.61
765054,594919,376484,08-09-2024,10-09-2024,1,499,10,49.9,449.1,Amazon,Google,UPI,Delivered,Nagpur,0,,55.03,97.53,34.6
732289,594919,376622,25-03-2025,29-03-2025,1,899,25,224.75,674.25,D2C Website,Google,Credit Card,Returned,Nagpur,1,Changed Mind,78.18,0,52.62
765064,512999,385909,23-12-2025,26-12-2025,1,429,5,21.45,407.55,D2C Website,Organic Search,UPI,Delivered,Lucknow,0,,55.89,0,43.31
797836,504809,370644,01-09-2025,04-09-2025,1,449,5,22.45,426.55,D2C Website,Google,Debit Card,Delivered,Bengaluru,0,,43.64,0,34.42
797837,553964,397912,12-01-2025,17-01-2025,1,399,15,59.85,339.15,D2C Website,Influencer,Debit Card,Delivered,Hyderabad,0,,79.78,0,25.65
765070,553964,328746,20-01-2025,23-01-2025,1,299,20,59.8,239.2,Nykaa,Influencer,Net Banking,Delivered,Hyderabad,0,,42.88,46.41,58.09
797844,553964,376622,06-02-2025,07-02-2025,2,899,10,179.8,1618.2,Amazon,Influencer,UPI,Delivered,Hyderabad,0,,41.84,290.73,35.77
765089,553964,384259,01-04-2025,03-04-2025,3,649,20,389.4,1557.6,Amazon,Influencer,Debit Card,Delivered,Hyderabad,0,,47.71,334.74,47.22
765106,553964,384259,31-07-2025,05-08-2025,1,649,0,0,649,Nykaa,Influencer,Debit Card,Returned,Hyderabad,1,Wrong Item Delivered,67.86,141.09,57.38
765107,553964,360142,10-10-2025,13-10-2025,1,349,0,0,349,D2C Website,Influencer,Credit Card,Delivered,Hyderabad,0,,60.3,0,42.93
732339,553964,332325,25-10-2025,27-10-2025,1,399,15,59.85,339.15,Nykaa,Influencer,UPI,Delivered,Hyderabad,0,,62.47,77.54,56.41
797879,553964,328746,30-12-2025,05-01-2026,2,299,40,239.2,358.8,Amazon,Influencer,UPI,Delivered,Hyderabad,0,,51.85,87.06,47.95
797880,529389,328746,23-10-2024,27-10-2024,1,299,20,59.8,239.2,Nykaa,Influencer,Net Banking,Delivered,Guwahati,0,,62.12,53.24,54.96
732347,529389,347447,21-12-2024,27-12-2024,2,349,0,0,698,Nykaa,Influencer,Credit Card,Delivered,Guwahati,0,,40.86,135.37,29.14
797883,529389,397912,07-10-2025,13-10-2025,1,399,10,39.9,359.1,Nykaa,Influencer,UPI,Delivered,Guwahati,0,,46.73,54.71,58.6
797888,529389,328746,28-11-2025,04-12-2025,1,299,25,74.75,224.25,D2C Website,Influencer,Debit Card,Delivered,Guwahati,0,,61.17,0,24.09
732353,513006,397647,16-12-2025,19-12-2025,2,799,20,319.6,1278.4,Amazon,Instagram,UPI,Delivered,Mumbai,0,,85.77,227.32,33.45
797893,513006,373579,26-12-2025,27-12-2025,2,449,25,224.5,673.5,Amazon,Instagram,UPI,Delivered,Mumbai,0,,62.76,126.47,58.28
732361,513006,397912,27-12-2025,30-12-2025,2,399,15,119.7,678.3,Nykaa,Instagram,UPI,Delivered,Mumbai,0,,82.82,110.96,25.25
765136,513006,373579,28-12-2025,30-12-2025,1,449,10,44.9,404.1,D2C Website,Instagram,UPI,Delivered,Mumbai,0,,77.62,0,31.68
732370,594924,360142,11-12-2025,17-12-2025,1,349,25,87.25,261.75,D2C Website,Google,UPI,Delivered,Pune,0,,59.33,0,57.25
797910,594924,376484,22-12-2025,26-12-2025,1,499,5,24.95,474.05,Quick Commerce,Google,Net Banking,Delivered,Pune,0,,45.04,0,45
797914,529392,384259,04-12-2025,10-12-2025,1,649,5,32.45,616.55,Myntra,Marketplace,Cash on Delivery,Delivered,Guwahati,0,,75.23,120.65,25.33
765147,529392,384259,05-12-2025,07-12-2025,1,649,0,0,649,D2C Website,Marketplace,UPI,Delivered,Guwahati,0,,77.34,0,43.14
797918,562163,360142,20-08-2025,22-08-2025,1,349,10,34.9,314.1,Myntra,Organic Search,UPI,Delivered,Hyderabad,0,,76.61,62.5,22.71
797921,562163,373579,27-08-2025,02-09-2025,1,449,0,0,449,Quick Commerce,Organic Search,UPI,Delivered,Hyderabad,0,,87.46,0,47.88
797922,562163,328746,16-09-2025,21-09-2025,1,299,10,29.9,269.1,Amazon,Organic Search,Net Banking,Delivered,Hyderabad,0,,78.45,50.66,53.25
765156,578554,360142,08-02-2025,10-02-2025,1,349,5,17.45,331.55,Amazon,Referral,Cash on Delivery,Delivered,Chennai,0,,44.98,50.61,42.41
765160,578554,397647,06-07-2025,07-07-2025,1,799,0,0,799,Quick Commerce,Referral,Credit Card,Delivered,Chennai,0,,47.21,0,46.61
732394,578554,397647,08-07-2025,11-07-2025,2,799,0,0,1598,Nykaa,Referral,Cash on Delivery,Delivered,Chennai,0,,81.27,339.21,38.68
765168,513022,318301,05-08-2025,06-08-2025,1,249,0,0,249,Nykaa,Offline Store,UPI,Delivered,Hyderabad,0,,72.64,56.45,38.15
732401,513022,347447,02-10-2025,05-10-2025,1,349,0,0,349,Nykaa,Offline Store,Debit Card,Delivered,Hyderabad,0,,73.32,81.3,41.02
765178,513022,328746,10-10-2025,16-10-2025,1,299,0,0,299,Quick Commerce,Offline Store,UPI,Delivered,Hyderabad,0,,68.41,0,38.88
797946,513022,397647,24-11-2025,29-11-2025,2,799,15,239.7,1358.3,Myntra,Offline Store,UPI,Delivered,Hyderabad,0,,82.93,268.62,57.75
732415,586752,318301,02-01-2025,04-01-2025,1,249,5,12.45,236.55,Amazon,Google,UPI,Delivered,Bengaluru,0,,52.78,50.7,36.54
732421,586752,332325,21-02-2025,23-02-2025,1,399,5,19.95,379.05,Nykaa,Google,UPI,Delivered,Bengaluru,0,,79.59,87.67,56.28
732426,586752,318301,28-03-2025,02-04-2025,1,249,10,24.9,224.1,D2C Website,Google,Debit Card,Delivered,Bengaluru,0,,87.03,0,24.6
797964,586752,384259,22-10-2025,27-10-2025,1,649,10,64.9,584.1,Amazon,Google,UPI,Delivered,Bengaluru,0,,35.76,97.39,57.44
732429,586752,385909,08-12-2025,09-12-2025,3,429,10,128.7,1158.3,Myntra,Google,UPI,Delivered,Bengaluru,0,,83.73,273.79,31.32
797973,578561,376484,23-12-2024,24-12-2024,1,499,10,49.9,449.1,Nykaa,Marketplace,Cash on Delivery,Delivered,Delhi,0,,37.59,109.26,40.53
732440,578561,318301,13-03-2025,17-03-2025,2,249,20,99.6,398.4,D2C Website,Marketplace,Debit Card,Delivered,Delhi,0,,63.36,0,51.25
732441,578561,332325,09-05-2025,15-05-2025,1,399,20,79.8,319.2,Offline Store,Marketplace,Credit Card,Cancelled,Delhi,0,,0,0,57.98
765211,578561,397912,27-12-2025,30-12-2025,1,399,0,0,399,Quick Commerce,Marketplace,Credit Card,Delivered,Delhi,0,,40.33,0,33.41
765213,545793,376622,09-07-2025,13-07-2025,1,899,15,134.85,764.15,Nykaa,Organic Search,UPI,Delivered,Kochi,0,,56.63,136.88,37.81
765215,545793,376622,27-07-2025,30-07-2025,1,899,0,0,899,Amazon,Organic Search,Net Banking,Delivered,Kochi,0,,50.84,216.77,47.59
732455,537601,384259,13-12-2025,16-12-2025,1,649,5,32.45,616.55,Myntra,Instagram,Credit Card,Delivered,Bengaluru,0,,37.53,112.46,58.18
765223,537606,318301,29-04-2025,30-04-2025,1,249,10,24.9,224.1,Offline Store,Influencer,Cash on Delivery,Delivered,Delhi,0,,0,0,35.44
732457,586760,384259,25-01-2025,30-01-2025,1,649,0,0,649,Offline Store,Organic Search,UPI,Delivered,Ahmedabad,0,,0,0,24.26
797993,586761,376484,04-12-2025,09-12-2025,1,499,15,74.85,424.15,Amazon,Marketplace,Net Banking,Delivered,Kochi,0,,66,93.1,49.43
797996,586761,397647,11-12-2025,17-12-2025,1,799,25,199.75,599.25,Myntra,Marketplace,UPI,Delivered,Kochi,0,,64.31,146.63,37.86
765228,586761,318726,17-12-2025,18-12-2025,1,549,35,192.15,356.85,Nykaa,Marketplace,UPI,Delivered,Kochi,0,,86.55,76.57,38.31
732472,586761,328746,20-12-2025,24-12-2025,2,299,20,119.6,478.4,Quick Commerce,Marketplace,UPI,Delivered,Kochi,0,,40.04,0,37.9
765248,586761,318726,24-12-2025,29-12-2025,1,549,35,192.15,356.85,D2C Website,Marketplace,Cash on Delivery,Delivered,Kochi,0,,68.61,0,32.68
798018,570381,373579,09-11-2024,11-11-2024,1,449,5,22.45,426.55,D2C Website,Marketplace,UPI,Delivered,Pune,0,,46.7,0,53.74
765251,504852,318726,24-04-2025,27-04-2025,1,549,15,82.35,466.65,Nykaa,Marketplace,Wallet,Delivered,Lucknow,0,,59.12,116.04,20.58
798022,504852,376622,17-06-2025,20-06-2025,3,899,5,134.85,2562.15,Quick Commerce,Marketplace,UPI,Delivered,Lucknow,0,,69.55,0,28.04
765260,504852,384259,29-07-2025,03-08-2025,1,649,0,0,649,D2C Website,Marketplace,Debit Card,Delivered,Lucknow,0,,55.53,0,51.45
765264,529430,351856,18-10-2024,19-10-2024,1,449,15,67.35,381.65,D2C Website,Referral,Credit Card,Delivered,Pune,0,,77.54,0,57.62
798033,554008,318301,19-02-2024,23-02-2024,1,249,10,24.9,224.1,Amazon,Marketplace,Wallet,Delivered,Chennai,0,,84.01,41.78,59.61
732502,554008,332325,03-03-2024,05-03-2024,1,399,15,59.85,339.15,Quick Commerce,Marketplace,UPI,Delivered,Chennai,0,,35.27,0,42.1
798043,554008,360142,06-04-2024,12-04-2024,1,349,10,34.9,314.1,D2C Website,Marketplace,Debit Card,Returned,Chennai,1,Product Not As Described,66.69,0,51.51
798055,554008,318301,09-05-2024,12-05-2024,2,249,15,74.7,423.3,Quick Commerce,Marketplace,Debit Card,Delivered,Chennai,0,,73.81,0,27.27
765288,521241,384259,27-05-2025,01-06-2025,1,649,35,227.15,421.85,Quick Commerce,Marketplace,Cash on Delivery,Delivered,Chennai,0,,74.82,0,20.03
765291,521241,351856,31-05-2025,04-06-2025,1,449,20,89.8,359.2,D2C Website,Marketplace,UPI,Delivered,Chennai,0,,46.71,0,46.13
798061,537627,318726,20-06-2025,23-06-2025,2,549,0,0,1098,D2C Website,Influencer,Cash on Delivery,Delivered,Mumbai,0,,41.88,0,40.62
798066,537627,360142,01-07-2025,06-07-2025,2,349,20,139.6,558.4,Nykaa,Influencer,UPI,Delivered,Mumbai,0,,68.11,133.46,54.36
765300,537627,332325,03-08-2025,07-08-2025,1,399,0,0,399,Amazon,Influencer,Cash on Delivery,Delivered,Mumbai,0,,62.41,60.95,21.74
798073,537627,370644,14-08-2025,18-08-2025,3,449,0,0,1347,D2C Website,Influencer,UPI,Delivered,Mumbai,0,,55.75,0,53.26
798079,537627,370644,20-08-2025,22-08-2025,2,449,10,89.8,808.2,Amazon,Influencer,Credit Card,Delivered,Mumbai,0,,37.8,123.77,31.11
732547,537627,384259,24-09-2025,30-09-2025,1,649,10,64.9,584.1,D2C Website,Influencer,UPI,Delivered,Mumbai,0,,61.85,0,32.35
732550,537627,373579,23-11-2025,25-11-2025,1,449,5,22.45,426.55,D2C Website,Influencer,UPI,Delivered,Mumbai,0,,59.07,0,46.41
798090,594972,318726,21-03-2025,27-03-2025,2,549,20,219.6,878.4,D2C Website,Influencer,Debit Card,Delivered,Chennai,0,,45.26,0,23.17
798091,594972,397912,03-08-2025,07-08-2025,3,399,0,0,1197,Amazon,Influencer,Cash on Delivery,Delivered,Chennai,0,,80.78,275.31,49.56
765325,545820,384259,27-05-2025,31-05-2025,1,649,5,32.45,616.55,D2C Website,Instagram,UPI,Delivered,Mumbai,0,,63.79,0,31.62
732576,545820,328746,13-11-2025,17-11-2025,1,299,20,59.8,239.2,Amazon,Instagram,UPI,Returned,Mumbai,1,Damaged in Transit,61.9,42.44,34.46
732580,586787,397647,15-06-2024,20-06-2024,1,799,5,39.95,759.05,Amazon,Google,UPI,Delivered,Lucknow,0,,73.98,145.61,47.44
765350,586787,370644,31-07-2024,06-08-2024,1,449,20,89.8,359.2,Nykaa,Google,Credit Card,Delivered,Lucknow,0,,47.03,61.24,54.78
798121,586787,360142,23-12-2024,28-12-2024,1,349,20,69.8,279.2,D2C Website,Google,Wallet,Delivered,Lucknow,0,,79.95,0,26.37
732588,586787,397647,08-09-2025,09-09-2025,1,799,0,0,799,D2C Website,Google,Credit Card,Delivered,Lucknow,0,,73.43,0,24.92
732591,586787,332325,20-12-2025,22-12-2025,2,399,5,39.9,758.1,Amazon,Google,Credit Card,Delivered,Lucknow,0,,74.51,114.22,57.92
765359,529444,328746,05-05-2025,09-05-2025,1,299,25,74.75,224.25,Amazon,Google,Debit Card,Delivered,Surat,0,,54.99,44.47,53.11
798130,545830,373579,15-10-2025,19-10-2025,2,449,10,89.8,808.2,Nykaa,Organic Search,Net Banking,Delivered,Kolkata,0,,57.97,145.21,43.56
732597,545830,332325,27-10-2025,28-10-2025,2,399,5,39.9,758.1,Nykaa,Organic Search,UPI,Delivered,Kolkata,0,,80.03,144.18,32.4
732598,562216,384259,20-03-2025,23-03-2025,1,649,0,0,649,Nykaa,Google,Cash on Delivery,Delivered,Mumbai,0,,56.17,144.05,54.45
765367,562216,373579,02-04-2025,06-04-2025,1,449,10,44.9,404.1,Amazon,Google,Wallet,Delivered,Mumbai,0,,35.46,74.87,46.85
798136,562216,360142,12-04-2025,18-04-2025,1,349,5,17.45,331.55,Quick Commerce,Google,Net Banking,Delivered,Mumbai,0,,58.97,0,33.18
765369,529451,360142,08-02-2025,12-02-2025,1,349,10,34.9,314.1,Amazon,Google,UPI,Delivered,Kolkata,0,,69.28,56.15,40.78
798137,513069,328746,26-10-2024,30-10-2024,1,299,10,29.9,269.1,Amazon,Marketplace,UPI,Delivered,Pune,0,,42.8,60.29,20.2
732601,513069,373579,22-01-2025,28-01-2025,1,449,5,22.45,426.55,Amazon,Marketplace,UPI,Delivered,Pune,0,,57.78,93.51,44.29
765377,513069,384259,26-01-2025,31-01-2025,1,649,5,32.45,616.55,Nykaa,Marketplace,Wallet,Delivered,Pune,0,,70.49,134.37,37.27
732610,513069,318726,09-02-2025,10-02-2025,1,549,25,137.25,411.75,D2C Website,Marketplace,UPI,Delivered,Pune,0,,79.02,0,25.59
765382,504877,376484,16-03-2025,18-03-2025,3,499,15,224.55,1272.45,Amazon,Referral,Credit Card,Delivered,Bengaluru,0,,48.59,202.03,27.76
765392,504877,318301,08-06-2025,10-06-2025,1,249,5,12.45,236.55,D2C Website,Referral,UPI,Delivered,Bengaluru,0,,80.14,0,29.56
765393,504877,384259,30-06-2025,01-07-2025,3,649,25,486.75,1460.25,Nykaa,Referral,Net Banking,Delivered,Bengaluru,0,,82.79,235.4,30.51
765395,504877,332325,21-12-2025,24-12-2025,1,399,25,99.75,299.25,Nykaa,Referral,UPI,Delivered,Bengaluru,0,,53.87,60.8,39.93
732629,521266,376484,05-12-2025,10-12-2025,2,499,15,149.7,848.3,Quick Commerce,Instagram,UPI,Delivered,Delhi,0,,53.9,0,31.06
732632,521266,397647,18-12-2025,22-12-2025,1,799,10,79.9,719.1,Myntra,Instagram,Cash on Delivery,Delivered,Delhi,0,,73.91,132.78,40.93
765401,554040,360142,02-10-2025,08-10-2025,1,349,0,0,349,Amazon,Referral,Credit Card,Delivered,Pune,0,,39.89,77.22,29.66
798172,554040,318726,29-12-2025,02-01-2026,1,549,15,82.35,466.65,Amazon,Referral,Credit Card,Delivered,Pune,0,,58.76,112.64,55.07
732637,529466,351856,02-10-2025,08-10-2025,2,449,5,44.9,853.1,Amazon,Influencer,UPI,Delivered,Delhi,0,,83.69,158.28,41.49
732636,545851,376484,12-07-2025,16-07-2025,1,499,5,24.95,474.05,Nykaa,Google,UPI,Delivered,Ahmedabad,0,,68,103.94,50
732639,545851,376622,28-08-2025,03-09-2025,3,899,20,539.4,2157.6,Amazon,Google,UPI,Delivered,Ahmedabad,0,,58.35,380.54,44.11
765419,545851,376484,02-10-2025,06-10-2025,1,499,25,124.75,374.25,Offline Store,Google,Cash on Delivery,Delivered,Ahmedabad,0,,0,0,26.72
732651,545851,373579,20-10-2025,26-10-2025,2,449,25,224.5,673.5,Nykaa,Google,UPI,Delivered,Ahmedabad,0,,58.74,120.15,54.4
798190,545851,373579,20-11-2025,24-11-2025,1,449,25,112.25,336.75,Nykaa,Google,UPI,Delivered,Ahmedabad,0,,58.88,65.92,42.58
732654,545851,376484,27-11-2025,28-11-2025,1,499,15,74.85,424.15,Amazon,Google,Debit Card,Delivered,Ahmedabad,0,,42.21,100.85,59.52
765422,537667,360142,01-05-2025,07-05-2025,2,349,40,279.2,418.8,D2C Website,Google,UPI,Delivered,Kolkata,0,,69.11,0,54.24
765431,537667,328746,11-05-2025,13-05-2025,1,299,15,44.85,254.15,Amazon,Google,Debit Card,Delivered,Kolkata,0,,87.53,42.9,38.17
765432,545870,385909,05-10-2025,11-10-2025,1,429,25,107.25,321.75,Amazon,Organic Search,Wallet,Delivered,Mumbai,0,,50.07,49.6,34.07
765437,545870,376484,05-11-2025,07-11-2025,1,499,25,124.75,374.25,D2C Website,Organic Search,Cash on Delivery,Delivered,Mumbai,0,,79.85,0,48.93
798206,545870,351856,28-12-2025,30-12-2025,1,449,20,89.8,359.2,Nykaa,Organic Search,Net Banking,Delivered,Mumbai,0,,53.51,57.25,36.32
798207,513104,332325,24-12-2025,26-12-2025,1,399,15,59.85,339.15,D2C Website,Marketplace,Net Banking,Delivered,Mumbai,0,,54.4,0,40.88
765459,521299,360142,05-12-2025,07-12-2025,1,349,15,52.35,296.65,Amazon,Google,Debit Card,Delivered,Chennai,0,,40.02,64.48,31.06
765461,570457,360142,13-11-2025,14-11-2025,1,349,10,34.9,314.1,Amazon,Referral,Debit Card,Delivered,Chennai,0,,38.37,75.19,55.37
765463,570457,384259,17-11-2025,19-11-2025,1,649,10,64.9,584.1,Myntra,Referral,Credit Card,Delivered,Chennai,0,,61.83,107.86,34.76
798231,570457,384259,10-12-2025,16-12-2025,1,649,5,32.45,616.55,Myntra,Referral,Credit Card,Delivered,Chennai,0,,48.57,137.95,27.36
732698,570457,360142,14-12-2025,19-12-2025,3,349,40,418.8,628.2,Offline Store,Referral,Cash on Delivery,Delivered,Chennai,0,,0,0,55.28
765480,570457,385909,23-12-2025,27-12-2025,2,429,35,300.3,557.7,Amazon,Referral,Credit Card,Delivered,Chennai,0,,35.22,98.43,57.11
732716,586846,332325,16-12-2025,17-12-2025,2,399,25,199.5,598.5,Amazon,Organic Search,Wallet,Delivered,Mumbai,0,,65.65,95.53,29.42
798260,504929,376484,14-12-2025,16-12-2025,1,499,15,74.85,424.15,D2C Website,Influencer,UPI,Delivered,Mumbai,0,,61.89,0,45.18
798262,545890,373579,20-11-2025,23-11-2025,1,449,5,22.45,426.55,Amazon,Marketplace,Cash on Delivery,Delivered,Chennai,0,,42,66.75,34.28
765494,545890,360142,21-11-2025,24-11-2025,1,349,5,17.45,331.55,Amazon,Marketplace,Credit Card,Delivered,Chennai,0,,40.87,68.21,38.73
732728,570468,347447,26-04-2025,27-04-2025,2,349,15,104.7,593.3,D2C Website,Instagram,UPI,Delivered,Hyderabad,0,,72.58,0,43.2
798269,570468,397647,07-05-2025,12-05-2025,1,799,20,159.8,639.2,Offline Store,Instagram,Credit Card,Delivered,Hyderabad,0,,0,0,25.1
732737,562277,370644,26-04-2025,27-04-2025,1,449,25,112.25,336.75,Amazon,Instagram,Cash on Delivery,Delivered,Pune,0,,40.4,81.96,55.39
732739,562277,318726,10-06-2025,12-06-2025,1,549,10,54.9,494.1,Nykaa,Instagram,Debit Card,Delivered,Pune,0,,59.02,102.25,38.9
765509,537700,384259,09-10-2025,11-10-2025,1,649,5,32.45,616.55,Offline Store,Instagram,UPI,Returned,Delhi,1,Changed Mind,0,0,55.38
765511,537700,351856,05-11-2025,06-11-2025,3,449,20,269.4,1077.6,D2C Website,Instagram,Credit Card,Delivered,Delhi,0,,68.17,0,44.15
798281,537700,397912,16-11-2025,20-11-2025,1,399,0,0,399,Amazon,Instagram,Debit Card,Delivered,Delhi,0,,41.03,87.33,59.46
765514,537700,397912,16-12-2025,18-12-2025,1,399,10,39.9,359.1,Quick Commerce,Instagram,UPI,Delivered,Delhi,0,,78.31,0,32.6
732747,537700,376622,23-12-2025,24-12-2025,1,899,0,0,899,Amazon,Instagram,Net Banking,Delivered,Delhi,0,,39.64,206.95,49.58
798292,504947,397647,24-07-2024,29-07-2024,1,799,0,0,799,Amazon,Influencer,UPI,Delivered,Pune,0,,50.19,120.16,30.06
732757,504947,370644,18-12-2024,20-12-2024,1,449,5,22.45,426.55,Myntra,Influencer,Credit Card,Delivered,Pune,0,,46.56,76.36,26.41
798295,504947,384259,28-12-2024,01-01-2025,2,649,15,194.7,1103.3,D2C Website,Influencer,Credit Card,Delivered,Pune,0,,48.91,0,26.25
798296,504947,370644,19-05-2025,25-05-2025,1,449,10,44.9,404.1,Myntra,Influencer,UPI,Delivered,Pune,0,,69.61,62.89,26.61
732759,504947,373579,25-07-2025,29-07-2025,1,449,10,44.9,404.1,D2C Website,Influencer,UPI,Delivered,Pune,0,,62.51,0,32.77
765529,586870,360142,24-08-2024,25-08-2024,2,349,0,0,698,Nykaa,Marketplace,UPI,Delivered,Pune,0,,64.72,119.94,34.89
732763,586870,351856,31-03-2025,01-04-2025,2,449,10,89.8,808.2,D2C Website,Marketplace,Credit Card,Delivered,Pune,0,,84.47,0,46.62
732760,586870,397912,07-08-2025,09-08-2025,2,399,10,79.8,718.2,D2C Website,Marketplace,UPI,Delivered,Pune,0,,75.2,0,36.97
732765,586870,318301,13-09-2025,17-09-2025,1,249,5,12.45,236.55,D2C Website,Marketplace,Credit Card,Delivered,Pune,0,,50.6,0,34.79
765536,586870,318301,09-10-2025,13-10-2025,2,249,20,99.6,398.4,D2C Website,Marketplace,UPI,Delivered,Pune,0,,71.19,0,58.56
732770,586870,397647,17-11-2025,19-11-2025,2,799,0,0,1598,D2C Website,Marketplace,UPI,Delivered,Pune,0,,79.19,0,45.51
732771,562296,376484,30-12-2025,03-01-2026,1,499,15,74.85,424.15,Amazon,Organic Search,UPI,Delivered,Surat,0,,76.84,97.09,36.52
700004,513154,318726,18-12-2025,22-12-2025,2,549,15,164.7,933.3,Nykaa,Instagram,UPI,Delivered,Jaipur,0,,88.51,159.04,50.25
765542,513154,328746,19-12-2025,24-12-2025,2,299,10,59.8,538.2,Quick Commerce,Instagram,Debit Card,Delivered,Jaipur,0,,78.32,0,53.73
700011,513154,385909,20-12-2025,25-12-2025,1,429,0,0,429,Myntra,Instagram,Net Banking,Returned,Jaipur,1,Changed Mind,79.94,79.75,34.44
732780,513154,384259,21-12-2025,25-12-2025,2,649,5,64.9,1233.1,D2C Website,Instagram,Cash on Delivery,Delivered,Jaipur,0,,57.65,0,21.67
732785,513154,332325,22-12-2025,24-12-2025,1,399,15,59.85,339.15,Myntra,Instagram,Debit Card,Delivered,Jaipur,0,,52.31,66.06,27.29
732794,513154,318726,23-12-2025,29-12-2025,3,549,15,247.05,1399.95,Amazon,Instagram,Debit Card,Delivered,Jaipur,0,,42.68,245.87,20.35
765564,513154,328746,24-12-2025,26-12-2025,2,299,20,119.6,478.4,Amazon,Instagram,Cash on Delivery,Delivered,Jaipur,0,,53.62,106.8,39.2
765568,513154,376484,30-12-2025,02-01-2026,1,499,15,74.85,424.15,Quick Commerce,Instagram,UPI,Returned,Jaipur,1,Damaged in Transit,45.89,0,45.65
700032,578696,360142,30-07-2025,31-07-2025,1,349,5,17.45,331.55,Nykaa,Google,Debit Card,Delivered,Patna,0,,86.46,59.17,32.28
765578,578696,376484,16-08-2025,21-08-2025,2,499,15,149.7,848.3,D2C Website,Google,Cash on Delivery,Delivered,Patna,0,,37.54,0,23.1
700046,578697,397647,07-10-2024,12-10-2024,1,799,0,0,799,Myntra,Marketplace,Cash on Delivery,Delivered,Delhi,0,,69.1,129.59,28.01
765585,586900,385909,02-10-2025,08-10-2025,1,429,0,0,429,D2C Website,Organic Search,UPI,Delivered,Ahmedabad,0,,43.41,0,44.29
732821,513173,332325,16-07-2025,21-07-2025,1,399,10,39.9,359.1,Nykaa,Influencer,Net Banking,Delivered,Guwahati,0,,49.32,58.64,38.43
765592,513176,318726,10-06-2024,14-06-2024,1,549,5,27.45,521.55,D2C Website,Offline Store,Credit Card,Delivered,Kochi,0,,46.68,0,59.95
798362,513176,328746,04-11-2024,08-11-2024,1,299,5,14.95,284.05,Quick Commerce,Offline Store,UPI,Delivered,Kochi,0,,72.79,0,20.96
732831,513176,318726,26-10-2025,30-10-2025,3,549,15,247.05,1399.95,Amazon,Offline Store,Debit Card,Delivered,Kochi,0,,56.96,253.49,59.22
700064,513176,397912,24-12-2025,27-12-2025,1,399,40,159.6,239.4,Myntra,Offline Store,Credit Card,Delivered,Kochi,0,,86.11,41.22,52.78
732835,537752,351856,09-01-2025,11-01-2025,1,449,20,89.8,359.2,Myntra,Influencer,UPI,Delivered,Mumbai,0,,84.8,80.58,20.66
700070,537752,318726,31-07-2025,05-08-2025,1,549,0,0,549,Amazon,Influencer,UPI,Delivered,Mumbai,0,,58.49,125.56,42.83
700071,537752,384259,07-11-2025,11-11-2025,2,649,20,259.6,1038.4,D2C Website,Influencer,Debit Card,Delivered,Mumbai,0,,76.29,0,25.85
798376,537752,318726,20-11-2025,22-11-2025,1,549,10,54.9,494.1,Myntra,Influencer,Credit Card,Delivered,Mumbai,0,,43.74,110.4,29.8
798377,537762,318301,06-11-2025,12-11-2025,1,249,0,0,249,D2C Website,Influencer,Debit Card,Returned,Mumbai,1,Better Price Found Elsewhere,44.11,0,58.44
732838,529571,373579,09-12-2024,11-12-2024,1,449,0,0,449,D2C Website,Influencer,Debit Card,Delivered,Kolkata,0,,72.4,0,30.13
798380,529571,351856,07-05-2025,11-05-2025,1,449,10,44.9,404.1,D2C Website,Influencer,Unknown,Delivered,Kolkata,0,,40.79,0,34.14
732847,562341,332325,22-04-2025,27-04-2025,1,399,10,39.9,359.1,D2C Website,Instagram,Credit Card,Delivered,Hyderabad,0,,62.62,0,41.96
765619,562341,384259,12-05-2025,18-05-2025,1,649,10,64.9,584.1,Quick Commerce,Instagram,UPI,Delivered,Hyderabad,0,,63.7,0,38.84
765620,562341,384259,08-10-2025,10-10-2025,1,649,20,129.8,519.2,Offline Store,Instagram,Debit Card,Delivered,Hyderabad,0,,0,0,30.02
700084,562341,318726,12-10-2025,15-10-2025,1,549,0,0,549,Nykaa,Instagram,Cash on Delivery,Returned,Hyderabad,1,Better Price Found Elsewhere,72.41,123.74,51.85
732855,570539,397912,14-07-2025,20-07-2025,1,399,25,99.75,299.25,Amazon,Instagram,Net Banking,Delivered,Pune,0,,65.88,46.3,41.61
732858,570539,318726,15-07-2025,17-07-2025,1,549,0,0,549,Myntra,Instagram,Net Banking,Delivered,Pune,0,,64.95,112.24,24.85
765627,570539,373579,20-08-2025,22-08-2025,2,449,40,359.2,538.8,Nykaa,Instagram,Debit Card,Delivered,Pune,0,,38.75,103.49,25.41
700094,570539,373579,13-09-2025,15-09-2025,1,449,5,22.45,426.55,D2C Website,Instagram,UPI,Delivered,Pune,0,,62.16,0,58.78
798399,570539,397647,23-09-2025,28-09-2025,1,799,0,0,799,D2C Website,Instagram,UPI,Delivered,Pune,0,,35.13,0,51.04
700110,570539,373579,07-10-2025,09-10-2025,3,449,5,67.35,1279.65,D2C Website,Instagram,Net Banking,Delivered,Pune,0,,36.53,0,35.42
765647,570539,397912,10-10-2025,13-10-2025,2,399,0,0,798,D2C Website,Instagram,Cash on Delivery,Delivered,Pune,0,,35.32,0,26.13
798416,570539,373579,03-11-2025,06-11-2025,2,449,10,89.8,808.2,Amazon,Instagram,Debit Card,Delivered,Pune,0,,45.72,127.15,52.55
732884,570539,373579,29-11-2025,05-12-2025,3,449,0,0,1347,D2C Website,Instagram,Cash on Delivery,Delivered,Pune,0,,38.66,0,50.72
700131,570539,360142,21-12-2025,23-12-2025,1,349,0,0,349,D2C Website,Instagram,UPI,Delivered,Pune,0,,61.68,0,27.34
798446,529581,360142,11-03-2024,13-03-2024,2,349,20,139.6,558.4,D2C Website,Google,Wallet,Delivered,Chennai,0,,68.24,0,55.9
765679,529581,370644,30-05-2024,31-05-2024,1,449,10,44.9,404.1,Quick Commerce,Google,Cash on Delivery,Delivered,Chennai,0,,60.11,0,45.42
798448,529581,376622,14-08-2024,19-08-2024,1,899,0,0,899,D2C Website,Google,Net Banking,Delivered,Chennai,0,,35.76,0,47.97
798452,529581,360142,16-04-2025,22-04-2025,1,349,15,52.35,296.65,Amazon,Google,Net Banking,Delivered,Chennai,0,,76.18,74.09,58.05
700158,529581,376622,14-06-2025,17-06-2025,1,899,40,359.6,539.4,Amazon,Google,Net Banking,Delivered,Chennai,0,,80.15,128.57,26.97
732930,570545,318726,27-08-2025,29-08-2025,1,549,35,192.15,356.85,Amazon,Marketplace,Credit Card,Returned,Mumbai,1,Allergic Reaction,82.51,61.33,56.39
732931,537777,373579,25-07-2025,28-07-2025,2,449,25,224.5,673.5,Quick Commerce,Instagram,UPI,Delivered,Kolkata,0,,51.74,0,44.75
732933,537777,332325,25-09-2025,01-10-2025,1,399,0,0,399,Myntra,Instagram,Net Banking,Delivered,Kolkata,0,,65.38,88.4,20.43
798471,537777,384259,10-10-2025,15-10-2025,2,649,0,0,1298,D2C Website,Instagram,Credit Card,Delivered,Kolkata,0,,84.84,0,53.75
798475,554165,328746,22-12-2025,23-12-2025,2,299,15,89.7,508.3,D2C Website,Google,Credit Card,Delivered,Bengaluru,0,,64.99,0,49.08
732942,505014,397647,20-08-2025,22-08-2025,1,799,15,119.85,679.15,Myntra,Organic Search,Debit Card,Delivered,Jaipur,0,,35.69,147.11,34.99
732949,505014,370644,27-08-2025,02-09-2025,1,449,25,112.25,336.75,Nykaa,Organic Search,Credit Card,Delivered,Jaipur,0,,39.18,59.45,29.34
798485,505020,376622,26-09-2025,02-10-2025,1,899,5,44.95,854.05,D2C Website,Referral,UPI,Delivered,Ahmedabad,0,,43.81,0,25.9
700183,586951,347447,24-10-2025,25-10-2025,1,349,35,122.15,226.85,D2C Website,Influencer,Wallet,Delivered,Kolkata,0,,66.02,0,49.02
732955,586951,384259,27-10-2025,02-11-2025,1,649,35,227.15,421.85,Offline Store,Influencer,Cash on Delivery,Delivered,Kolkata,0,,0,0,55.62
798492,586951,332325,10-11-2025,11-11-2025,1,399,25,99.75,299.25,Offline Store,Influencer,UPI,Delivered,Kolkata,0,,0,0,50.3
765726,570575,373579,18-07-2025,22-07-2025,1,449,0,0,449,Nykaa,Google,Debit Card,Delivered,Mumbai,0,,80.61,88.38,41.48
765732,546009,360142,14-08-2025,17-08-2025,1,349,15,52.35,296.65,Nykaa,Instagram,UPI,Delivered,Bengaluru,0,,56.83,50.1,30.26
765735,595164,332325,12-05-2025,17-05-2025,1,399,40,159.6,239.4,Myntra,Google,Credit Card,Delivered,Delhi,0,,72.72,37.91,57.24
765740,595164,347447,18-05-2025,24-05-2025,1,349,25,87.25,261.75,Amazon,Google,Credit Card,Delivered,Delhi,0,,72.05,46.67,34.44
798510,595164,384259,20-06-2025,25-06-2025,1,649,25,162.25,486.75,D2C Website,Google,Net Banking,Delivered,Delhi,0,,77.86,0,22.43
700206,595164,332325,06-07-2025,10-07-2025,1,399,10,39.9,359.1,D2C Website,Google,Cash on Delivery,Delivered,Delhi,0,,52.59,0,41.1
700208,595164,318726,23-11-2025,25-11-2025,2,549,5,54.9,1043.1,D2C Website,Google,UPI,Delivered,Delhi,0,,57.71,0,39.58
798514,570592,376622,13-12-2024,17-12-2024,1,899,0,0,899,Amazon,Influencer,Net Banking,Delivered,Bengaluru,0,,75.36,179.09,42.37
798516,570592,328746,30-08-2025,31-08-2025,1,299,0,0,299,Nykaa,Influencer,UPI,Delivered,Bengaluru,0,,71.29,56.59,53.23
765748,562402,385909,22-06-2025,25-06-2025,1,429,0,0,429,Nykaa,Instagram,UPI,Delivered,Mumbai,0,,62.37,64.68,26.54
732986,546019,384259,11-02-2025,17-02-2025,1,649,0,0,649,Nykaa,Organic Search,Debit Card,Delivered,Delhi,0,,36.42,109.51,53.87
700220,537828,376484,03-01-2024,06-01-2024,2,499,10,99.8,898.2,Quick Commerce,Organic Search,Cash on Delivery,Delivered,Patna,0,,76.33,0,22.53
798524,537828,376484,03-02-2024,04-02-2024,1,499,20,99.8,399.2,D2C Website,Organic Search,Cash on Delivery,Delivered,Patna,0,,45.75,0,35.33
798530,586980,385909,24-04-2025,25-04-2025,1,429,10,42.9,386.1,D2C Website,Google,UPI,Delivered,Hyderabad,0,,37.28,0,32.59
700226,513256,328746,28-02-2024,02-03-2024,1,299,5,14.95,284.05,Amazon,Instagram,UPI,Delivered,Mumbai,0,,82.18,69.28,42.67
732997,513256,384259,28-03-2024,02-04-2024,1,649,5,32.45,616.55,D2C Website,Instagram,Cash on Delivery,Delivered,Mumbai,0,,45.74,0,46.29
765767,513256,328746,08-04-2024,11-04-2024,1,299,35,104.65,194.35,Amazon,Instagram,UPI,Delivered,Mumbai,0,,71.31,37.86,21.01
765769,513256,332325,14-10-2024,19-10-2024,1,399,10,39.9,359.1,Nykaa,Instagram,Cash on Delivery,Delivered,Mumbai,0,,64.83,87.62,46.31
798539,513256,376622,14-02-2025,15-02-2025,1,899,10,89.9,809.1,Myntra,Instagram,UPI,Delivered,Mumbai,0,,76.42,129.44,53.78
733004,513256,397912,24-04-2025,27-04-2025,3,399,0,0,1197,Quick Commerce,Instagram,Wallet,Delivered,Mumbai,0,,62.49,0,47.81
798541,513256,360142,09-05-2025,13-05-2025,3,349,20,209.4,837.6,D2C Website,Instagram,Credit Card,Delivered,Mumbai,0,,67.15,0,33.53
798545,513256,318726,23-10-2025,27-10-2025,1,549,35,192.15,356.85,D2C Website,Instagram,Credit Card,Delivered,Mumbai,0,,40.3,0,21.56
798546,513256,332325,23-11-2025,24-11-2025,1,399,5,19.95,379.05,Quick Commerce,Instagram,Cash on Delivery,Delivered,Mumbai,0,,51.85,0,23
765779,546025,397912,25-11-2025,26-11-2025,1,399,15,59.85,339.15,Amazon,Google,Credit Card,Delivered,Guwahati,0,,46.31,56.05,20.17
798549,529643,384259,20-02-2025,22-02-2025,1,649,5,32.45,616.55,Nykaa,Google,Cash on Delivery,Delivered,Bengaluru,0,,52.74,133,27.58
765781,529643,376622,31-03-2025,05-04-2025,2,899,0,0,1798,Nykaa,Google,Wallet,Delivered,Bengaluru,0,,70.44,384.07,27.3
798554,529643,332325,14-06-2025,19-06-2025,1,399,0,0,399,D2C Website,Google,Cash on Delivery,Delivered,Bengaluru,0,,78.11,0,34.43
733022,529643,376484,11-07-2025,13-07-2025,1,499,5,24.95,474.05,D2C Website,Google,Net Banking,Delivered,Bengaluru,0,,87.65,0,44.78
700256,586991,376484,15-08-2024,21-08-2024,1,499,25,124.75,374.25,D2C Website,Instagram,Net Banking,Delivered,Bengaluru,0,,73.53,0,55.67
798561,505075,376484,12-03-2025,17-03-2025,1,499,10,49.9,449.1,Quick Commerce,Organic Search,Credit Card,Returned,Bhopal,1,Changed Mind,71.63,0,27.82
765797,505075,328746,29-06-2025,04-07-2025,2,299,20,119.6,478.4,D2C Website,Organic Search,UPI,Delivered,Bhopal,0,,56.13,0,41.35
733031,505075,318726,05-07-2025,11-07-2025,2,549,10,109.8,988.2,D2C Website,Organic Search,Credit Card,Delivered,Bhopal,0,,67.2,0,29.3
733033,562422,397912,24-10-2025,30-10-2025,2,399,15,119.7,678.3,Nykaa,Instagram,UPI,Delivered,Bengaluru,0,,68.15,149.91,42.12
700268,521465,332325,13-12-2025,15-12-2025,1,399,0,0,399,D2C Website,Google,Credit Card,Delivered,Chennai,0,,43.55,0,29.96
798572,554239,328746,12-10-2025,14-10-2025,1,299,10,29.9,269.1,Quick Commerce,Influencer,Credit Card,Delivered,Chennai,0,,84.22,0,57.56
765806,587012,384259,30-04-2025,04-05-2025,1,649,20,129.8,519.2,D2C Website,Google,Credit Card,Delivered,Pune,0,,48.52,0,51.18
733039,587026,373579,06-07-2025,08-07-2025,1,449,5,22.45,426.55,Amazon,Google,Debit Card,Delivered,Hyderabad,0,,53.89,93.37,58.89
700273,587026,397647,17-07-2025,21-07-2025,1,799,20,159.8,639.2,Myntra,Google,UPI,Delivered,Hyderabad,0,,65.61,151.41,27.28
765809,587026,360142,16-09-2025,19-09-2025,1,349,0,0,349,D2C Website,Google,Credit Card,Delivered,Hyderabad,0,,50.58,0,30.65
798583,587026,360142,22-09-2025,28-09-2025,1,349,15,52.35,296.65,Amazon,Google,UPI,Delivered,Hyderabad,0,,70.88,71.43,32.26
700285,587026,373579,06-12-2025,09-12-2025,1,449,10,44.9,404.1,Amazon,Google,Debit Card,Delivered,Hyderabad,0,,40.79,64.01,33.58
765821,529693,376484,11-12-2025,16-12-2025,1,499,15,74.85,424.15,Quick Commerce,Referral,Wallet,Delivered,Chennai,0,,70.28,0,26.67
765823,595236,318726,17-11-2025,18-11-2025,1,549,10,54.9,494.1,D2C Website,Google,Credit Card,Returned,Mumbai,1,Product Not As Described,39.1,0,44.96
765828,595236,351856,25-11-2025,29-11-2025,1,449,35,157.15,291.85,D2C Website,Google,UPI,Delivered,Mumbai,0,,62.01,0,44.42
700292,595236,385909,03-12-2025,09-12-2025,1,429,0,0,429,D2C Website,Google,UPI,Delivered,Mumbai,0,,44.79,0,43.85
733064,595236,385909,13-12-2025,17-12-2025,1,429,0,0,429,Quick Commerce,Google,UPI,Delivered,Mumbai,0,,59.25,0,28.17
798601,595236,332325,29-12-2025,03-01-2026,2,399,0,0,798,Amazon,Google,Cash on Delivery,Returned,Mumbai,1,Product Not As Described,55.61,190.1,45.81
765838,546090,360142,01-02-2025,02-02-2025,1,349,10,34.9,314.1,Nykaa,Influencer,UPI,Delivered,Delhi,0,,41.56,57.04,34.74
733072,546090,397912,13-12-2025,14-12-2025,1,399,0,0,399,Quick Commerce,Influencer,Debit Card,Delivered,Delhi,0,,47.11,0,31.12
765841,505130,351856,29-04-2024,02-05-2024,2,449,0,0,898,Quick Commerce,Organic Search,Credit Card,Delivered,Lucknow,0,,89.87,0,21.03
765847,505130,351856,02-09-2024,04-09-2024,1,449,15,67.35,381.65,Amazon,Organic Search,Cash on Delivery,Delivered,Lucknow,0,,84.72,94.64,29.54
798616,505130,332325,06-11-2024,12-11-2024,2,399,20,159.6,638.4,Nykaa,Organic Search,Credit Card,Delivered,Lucknow,0,,86.69,158.23,32.34
798617,505130,351856,02-12-2024,08-12-2024,1,449,5,22.45,426.55,Nykaa,Organic Search,Wallet,Delivered,Lucknow,0,,57.87,75.44,37.03
798618,505130,385909,21-02-2025,26-02-2025,1,429,0,0,429,Nykaa,Organic Search,Wallet,Delivered,Lucknow,0,,55.77,95.47,54.6
700320,505130,376484,30-06-2025,02-07-2025,1,499,25,124.75,374.25,D2C Website,Organic Search,UPI,Delivered,Lucknow,0,,85.22,0,44.29
798626,505130,370644,03-10-2025,05-10-2025,1,449,15,67.35,381.65,Amazon,Organic Search,UPI,Delivered,Lucknow,0,,63.54,87.62,39.64
765860,554287,360142,08-05-2025,11-05-2025,1,349,25,87.25,261.75,Nykaa,Instagram,UPI,Delivered,Surat,0,,77.5,41.29,37.51
733095,570678,376622,02-06-2025,03-06-2025,1,899,5,44.95,854.05,Myntra,Organic Search,Debit Card,Delivered,Jaipur,0,,42.63,155.3,59.64
798632,587062,397912,18-12-2025,23-12-2025,3,399,15,179.55,1017.45,D2C Website,Marketplace,UPI,Delivered,Mumbai,0,,69.15,0,36.62
733099,587062,384259,20-12-2025,25-12-2025,2,649,20,259.6,1038.4,D2C Website,Marketplace,Debit Card,Delivered,Mumbai,0,,70.14,0,24.51
798639,587062,318726,22-12-2025,27-12-2025,2,549,0,0,1098,D2C Website,Marketplace,Net Banking,Delivered,Mumbai,0,,39.4,0,49.9
798640,587062,332325,25-12-2025,28-12-2025,2,399,5,39.9,758.1,Quick Commerce,Marketplace,Cash on Delivery,Delivered,Mumbai,0,,37.02,0,38.48
733105,587062,328746,27-12-2025,31-12-2025,1,299,5,14.95,284.05,Nykaa,Marketplace,Net Banking,Delivered,Mumbai,0,,76.38,65.74,38.11
765878,587062,318726,30-12-2025,01-01-2026,1,549,5,27.45,521.55,D2C Website,Marketplace,Debit Card,Delivered,Mumbai,0,,38.39,0,22.7
798648,546105,397912,27-11-2024,30-11-2024,1,399,25,99.75,299.25,D2C Website,Google,UPI,Delivered,Mumbai,0,,70.29,0,28.91
765881,562493,397647,19-07-2024,24-07-2024,1,799,5,39.95,759.05,D2C Website,Instagram,UPI,Delivered,Delhi,0,,38.73,0,59.19
700350,570686,376622,07-07-2025,13-07-2025,1,899,15,134.85,764.15,Offline Store,Marketplace,UPI,Delivered,Patna,0,,0,0,32.88
798657,546112,318726,29-03-2025,04-04-2025,1,549,25,137.25,411.75,Offline Store,Organic Search,Net Banking,Delivered,Vadodara,0,,0,0,37.47
765898,546112,385909,05-06-2025,09-06-2025,1,429,25,107.25,321.75,Myntra,Organic Search,UPI,Delivered,Vadodara,0,,44.37,67.85,29.18
733130,570697,318726,08-07-2025,12-07-2025,2,549,15,164.7,933.3,D2C Website,Google,UPI,Delivered,Pune,0,,35.87,0,32.48
765902,570697,328746,19-11-2025,20-11-2025,2,299,35,209.3,388.7,D2C Website,Google,UPI,Delivered,Pune,0,,47.01,0,30.9
700375,570697,376484,23-11-2025,24-11-2025,1,499,15,74.85,424.15,Offline Store,Google,Net Banking,Delivered,Pune,0,,0,0,50.88
733144,570697,376484,22-12-2025,24-12-2025,1,499,10,49.9,449.1,D2C Website,Google,Cash on Delivery,Delivered,Pune,0,,88.64,0,33.64
798683,513356,397647,02-11-2024,08-11-2024,2,799,10,159.8,1438.2,D2C Website,Influencer,Debit Card,Delivered,Ahmedabad,0,,69.8,0,35.32
733150,513356,318301,24-02-2025,01-03-2025,1,249,10,24.9,224.1,D2C Website,Influencer,Debit Card,Delivered,Ahmedabad,0,,54.65,0,47.06
765921,513356,360142,24-05-2025,28-05-2025,2,349,10,69.8,628.2,D2C Website,Influencer,UPI,Delivered,Ahmedabad,0,,61.74,0,53.81
733158,513356,318301,04-06-2025,05-06-2025,1,249,0,0,249,Nykaa,Influencer,Cash on Delivery,Delivered,Ahmedabad,0,,42.12,49.81,26.61
733162,513356,373579,16-11-2025,19-11-2025,1,449,10,44.9,404.1,D2C Website,Influencer,UPI,Delivered,Ahmedabad,0,,51.14,0,40.07
798701,570701,397647,11-09-2024,13-09-2024,1,799,10,79.9,719.1,Quick Commerce,Influencer,Debit Card,Returned,Mumbai,1,Allergic Reaction,79.06,0,45.64
733166,570701,397912,10-12-2024,14-12-2024,1,399,0,0,399,D2C Website,Influencer,Credit Card,Delivered,Mumbai,0,,86.99,0,33.23
733169,570701,376484,01-02-2025,07-02-2025,2,499,15,149.7,848.3,D2C Website,Influencer,UPI,Delivered,Mumbai,0,,85.66,0,57.06
798706,570701,370644,06-03-2025,09-03-2025,1,449,15,67.35,381.65,D2C Website,Influencer,UPI,Delivered,Mumbai,0,,47.29,0,55.02
700403,570701,397647,25-10-2025,31-10-2025,1,799,0,0,799,D2C Website,Influencer,Cash on Delivery,Returned,Mumbai,1,Damaged in Transit,54.39,0,56.82
700404,570702,318301,23-01-2025,25-01-2025,2,249,20,99.6,398.4,D2C Website,Referral,Credit Card,Delivered,Hyderabad,0,,53.2,0,52.71
765937,505167,318301,09-09-2025,15-09-2025,1,249,5,12.45,236.55,D2C Website,Offline Store,UPI,Delivered,Jaipur,0,,71.28,0,52.22
700407,505167,397647,19-09-2025,21-09-2025,1,799,20,159.8,639.2,Offline Store,Offline Store,Unknown,Delivered,Jaipur,0,,0,0,43.56
700410,505167,384259,23-10-2025,25-10-2025,3,649,5,97.35,1849.65,Quick Commerce,Offline Store,Credit Card,Delivered,Jaipur,0,,65.94,0,50.43
765948,505167,384259,14-12-2025,17-12-2025,1,649,25,162.25,486.75,Myntra,Offline Store,Credit Card,Delivered,Jaipur,0,,69.33,83.19,39.85
798720,554321,328746,14-12-2025,18-12-2025,1,299,20,59.8,239.2,Amazon,Offline Store,Wallet,Delivered,Delhi,0,,76.78,49.28,33.7
700419,554321,376484,15-12-2025,17-12-2025,1,499,25,124.75,374.25,Quick Commerce,Offline Store,Credit Card,Delivered,Delhi,0,,57.82,0,49.59
798724,554321,318726,17-12-2025,20-12-2025,1,549,0,0,549,Myntra,Offline Store,Debit Card,Delivered,Delhi,0,,53.74,120.49,48.29
765956,554321,351856,18-12-2025,23-12-2025,3,449,0,0,1347,D2C Website,Offline Store,Credit Card,Delivered,Delhi,0,,55.63,0,29.91
700422,554321,328746,19-12-2025,22-12-2025,3,299,10,89.7,807.3,Amazon,Offline Store,Debit Card,Delivered,Delhi,0,,74.77,146.31,49.91
765960,554321,318726,22-12-2025,23-12-2025,2,549,25,274.5,823.5,D2C Website,Offline Store,Debit Card,Delivered,Delhi,0,,42.74,0,35.91
798730,554321,318301,24-12-2025,27-12-2025,1,249,5,12.45,236.55,D2C Website,Offline Store,UPI,Delivered,Delhi,0,,39.19,0,41.09
765967,554321,376622,27-12-2025,31-12-2025,1,899,35,314.65,584.35,Nykaa,Offline Store,Credit Card,Delivered,Delhi,0,,44.88,96.06,35.3
798738,554321,385909,28-12-2025,02-01-2026,2,429,0,0,858,Quick Commerce,Offline Store,Debit Card,Delivered,Delhi,0,,45.37,0,28.74
798739,554321,376484,29-12-2025,01-01-2026,1,499,5,24.95,474.05,Quick Commerce,Offline Store,Credit Card,Delivered,Delhi,0,,87.49,0,22.64
700437,537938,360142,11-05-2024,13-05-2024,1,349,0,0,349,Amazon,Organic Search,UPI,Delivered,Kolkata,0,,79.19,81.26,29.26
765976,546129,351856,12-11-2024,18-11-2024,1,449,25,112.25,336.75,Nykaa,Referral,UPI,Delivered,Chennai,0,,79.24,64.64,37.2
765979,546129,351856,20-02-2025,26-02-2025,1,449,15,67.35,381.65,Amazon,Referral,Net Banking,Delivered,Chennai,0,,45.96,80.33,28.9
733211,546129,385909,25-02-2025,02-03-2025,1,429,20,85.8,343.2,D2C Website,Referral,Wallet,Delivered,Chennai,0,,43.71,0,56.34
765984,546129,332325,26-06-2025,28-06-2025,1,399,15,59.85,339.15,D2C Website,Referral,UPI,Delivered,Chennai,0,,61.7,0,59.06
765987,562518,397647,04-11-2025,08-11-2025,1,799,10,79.9,719.1,Amazon,Marketplace,UPI,Delivered,Mumbai,0,,53.81,169.23,58.17
798758,537947,376484,12-09-2024,17-09-2024,1,499,20,99.8,399.2,Nykaa,Google,UPI,Delivered,Indore,0,,48.76,94.25,34.33
765991,537947,384259,05-11-2024,06-11-2024,2,649,0,0,1298,D2C Website,Google,Wallet,Delivered,Indore,0,,37.78,0,35.27
765994,537947,332325,13-02-2025,16-02-2025,3,399,0,0,1197,D2C Website,Google,Wallet,Returned,Indore,1,Changed Mind,47.93,0,21.97
798763,537947,376484,28-03-2025,03-04-2025,1,499,5,24.95,474.05,Myntra,Google,Credit Card,Delivered,Indore,0,,48.72,80.22,46.11
733228,537947,347447,16-05-2025,18-05-2025,1,349,10,34.9,314.1,Amazon,Google,UPI,Delivered,Indore,0,,38.84,70.52,58.95
733231,537947,318726,18-06-2025,21-06-2025,2,549,10,109.8,988.2,Quick Commerce,Google,Debit Card,Delivered,Indore,0,,36.57,0,20.91
798772,537947,384259,06-07-2025,07-07-2025,2,649,15,194.7,1103.3,Nykaa,Google,Wallet,Delivered,Indore,0,,58.24,253.79,35.42
766005,537947,318726,13-12-2025,14-12-2025,1,549,40,219.6,329.4,Myntra,Google,Net Banking,Delivered,Indore,0,,76.05,82.32,31.88
700471,521567,384259,23-01-2024,24-01-2024,1,649,15,97.35,551.65,D2C Website,Organic Search,Cash on Delivery,Delivered,Pune,0,,84.75,0,36.8
733247,521567,376484,09-02-2024,11-02-2024,2,499,0,0,998,Amazon,Organic Search,Cash on Delivery,Delivered,Pune,0,,42.47,175.15,47.89
700481,521579,360142,08-10-2024,11-10-2024,1,349,0,0,349,Amazon,Instagram,UPI,Delivered,Indore,0,,80.38,72.13,56.73
798787,521579,360142,09-12-2024,15-12-2024,2,349,10,69.8,628.2,D2C Website,Instagram,UPI,Delivered,Indore,0,,47.59,0,51.9
700484,521579,397912,16-01-2025,21-01-2025,1,399,10,39.9,359.1,Amazon,Instagram,Credit Card,Delivered,Indore,0,,77.26,70.17,26.43
766027,521579,373579,01-05-2025,06-05-2025,1,449,10,44.9,404.1,D2C Website,Instagram,Net Banking,Delivered,Indore,0,,89.25,0,42.37
733260,521579,318301,06-07-2025,11-07-2025,1,249,0,0,249,Nykaa,Instagram,UPI,Delivered,Indore,0,,67.42,57.95,58.43
766029,595320,376622,22-10-2024,26-10-2024,1,899,0,0,899,Amazon,Organic Search,Cash on Delivery,Delivered,Guwahati,0,,67.03,164.86,49.97
766036,505209,318726,13-09-2025,17-09-2025,1,549,5,27.45,521.55,Nykaa,Google,Credit Card,Delivered,Kochi,0,,48.1,95,43.37
766043,505209,397647,15-09-2025,16-09-2025,1,799,10,79.9,719.1,Nykaa,Google,Unknown,Delivered,Kochi,0,,83.02,120.08,59.13
798830,505209,347447,23-09-2025,29-09-2025,2,349,20,139.6,558.4,Quick Commerce,Google,Credit Card,Delivered,Kochi,0,,62.25,0,34.62
700540,505209,373579,03-11-2025,04-11-2025,1,449,20,89.8,359.2,D2C Website,Google,Net Banking,Delivered,Kochi,0,,62.62,0,38.8
700544,595321,373579,28-06-2025,01-07-2025,1,449,5,22.45,426.55,Myntra,Organic Search,Wallet,Delivered,Mumbai,0,,76.17,104.03,44.64
798849,595321,360142,18-07-2025,22-07-2025,2,349,5,34.9,663.1,D2C Website,Organic Search,UPI,Delivered,Mumbai,0,,76.73,0,58.12
700547,595321,360142,13-09-2025,19-09-2025,1,349,0,0,349,Quick Commerce,Organic Search,Wallet,Delivered,Mumbai,0,,62.69,0,21.11
733315,595321,351856,09-12-2025,12-12-2025,1,449,10,44.9,404.1,Nykaa,Organic Search,Net Banking,Delivered,Mumbai,0,,84.52,79.26,21.3
766085,595321,370644,29-12-2025,31-12-2025,1,449,10,44.9,404.1,Quick Commerce,Organic Search,Net Banking,Delivered,Mumbai,0,,81.78,0,21.72
766088,570748,332325,08-02-2025,14-02-2025,1,399,35,139.65,259.35,Quick Commerce,Instagram,UPI,Delivered,Bengaluru,0,,68.99,0,52.08
766093,570748,347447,24-03-2025,28-03-2025,2,349,5,34.9,663.1,D2C Website,Instagram,UPI,Delivered,Bengaluru,0,,54.25,0,32.94
798861,570748,318726,26-05-2025,29-05-2025,1,549,25,137.25,411.75,Amazon,Instagram,Debit Card,Delivered,Bengaluru,0,,62.66,69.14,56.86
700560,570748,347447,04-07-2025,06-07-2025,1,349,5,17.45,331.55,D2C Website,Instagram,Cash on Delivery,Delivered,Bengaluru,0,,76.49,0,39.6
700562,546179,332325,03-08-2024,06-08-2024,3,399,25,299.25,897.75,Quick Commerce,Referral,Cash on Delivery,Delivered,Ahmedabad,0,,60.75,0,47.7
733330,546179,373579,21-08-2024,25-08-2024,2,449,5,44.9,853.1,Nykaa,Referral,Cash on Delivery,Delivered,Ahmedabad,0,,58.18,134.87,42.39
733332,546179,397912,11-09-2024,14-09-2024,1,399,0,0,399,Nykaa,Referral,Credit Card,Delivered,Ahmedabad,0,,58.13,82.42,49.85
700567,546179,397647,09-06-2025,13-06-2025,3,799,5,119.85,2277.15,Amazon,Referral,Net Banking,Delivered,Ahmedabad,0,,83.54,419.37,32.54
798877,546179,376484,16-07-2025,17-07-2025,1,499,5,24.95,474.05,Offline Store,Referral,Credit Card,Delivered,Ahmedabad,0,,0,0,22.87
766112,546179,384259,18-08-2025,21-08-2025,1,649,15,97.35,551.65,Nykaa,Referral,UPI,Delivered,Ahmedabad,0,,42.24,93.11,56.25
766115,546179,318726,13-11-2025,18-11-2025,2,549,0,0,1098,Quick Commerce,Referral,UPI,Delivered,Ahmedabad,0,,56.72,0,36.16
798889,546179,328746,26-11-2025,27-11-2025,3,299,5,44.85,852.15,Nykaa,Referral,UPI,Delivered,Ahmedabad,0,,58.63,182.47,42.7
798890,505224,376484,05-12-2025,11-12-2025,2,499,0,0,998,Nykaa,Referral,UPI,Delivered,Ahmedabad,0,,65.44,207.56,41.02
733357,554377,318726,12-11-2025,14-11-2025,1,549,5,27.45,521.55,D2C Website,Referral,Cash on Delivery,Delivered,Kochi,0,,58.37,0,28.98
766127,554379,360142,30-01-2025,03-02-2025,2,349,0,0,698,D2C Website,Instagram,UPI,Delivered,Bengaluru,0,,80.69,0,27.33
766131,554379,397912,17-05-2025,18-05-2025,1,399,0,0,399,Offline Store,Instagram,Wallet,Delivered,Bengaluru,0,,0,0,25.37
798900,554379,328746,21-11-2025,26-11-2025,1,299,5,14.95,284.05,Offline Store,Instagram,UPI,Delivered,Bengaluru,0,,0,0,50.65
798901,595339,376622,05-10-2024,06-10-2024,1,899,15,134.85,764.15,Nykaa,Instagram,Credit Card,Delivered,Mumbai,0,,58.39,153.01,38.67
798908,595339,384259,23-11-2024,24-11-2024,1,649,5,32.45,616.55,D2C Website,Instagram,UPI,Delivered,Mumbai,0,,54.96,0,33.84
766143,595339,373579,17-06-2025,18-06-2025,1,449,10,44.9,404.1,D2C Website,Instagram,Cash on Delivery,Delivered,Mumbai,0,,43.24,0,27.71
766144,595339,397912,31-08-2025,03-09-2025,1,399,20,79.8,319.2,Myntra,Instagram,UPI,Delivered,Mumbai,0,,75.53,54.46,39.61
700609,595339,360142,22-12-2025,27-12-2025,1,349,25,87.25,261.75,D2C Website,Instagram,Net Banking,Delivered,Mumbai,0,,44.14,0,44.32
700610,505229,328746,10-10-2025,13-10-2025,1,299,0,0,299,D2C Website,Google,Credit Card,Returned,Chennai,1,Damaged in Transit,81.1,0,48.4
700611,578957,318301,10-05-2025,12-05-2025,2,249,15,74.7,423.3,Quick Commerce,Marketplace,UPI,Delivered,Indore,0,,76.38,0,32.34
766155,554381,318726,06-11-2025,12-11-2025,1,549,0,0,549,Amazon,Google,UPI,Delivered,Bengaluru,0,,78.66,93.72,25.09
733390,587153,373579,04-04-2025,05-04-2025,1,449,10,44.9,404.1,D2C Website,Instagram,UPI,Cancelled,Hyderabad,0,,63.32,0,50.11
766160,587153,376622,08-11-2025,10-11-2025,1,899,40,359.6,539.4,Amazon,Instagram,Cash on Delivery,Delivered,Hyderabad,0,,72.77,110.04,37.17
798929,554387,397647,04-09-2025,09-09-2025,1,799,10,79.9,719.1,Nykaa,Influencer,UPI,Delivered,Kolkata,0,,88.23,173.91,54.98
766164,554387,384259,22-09-2025,23-09-2025,1,649,0,0,649,Quick Commerce,Influencer,Credit Card,Delivered,Kolkata,0,,44,0,50.48
766167,554387,397912,10-11-2025,15-11-2025,2,399,10,79.8,718.2,D2C Website,Influencer,Credit Card,Delivered,Kolkata,0,,86.66,0,45.5
798939,554387,360142,01-12-2025,05-12-2025,1,349,0,0,349,Quick Commerce,Influencer,Credit Card,Returned,Kolkata,1,Wrong Item Delivered,70.8,0,57.54
733405,554387,318301,25-12-2025,29-12-2025,1,249,5,12.45,236.55,D2C Website,Influencer,UPI,Delivered,Kolkata,0,,39.05,0,29.85
798941,529816,385909,23-12-2025,28-12-2025,2,429,0,0,858,Myntra,Organic Search,Debit Card,Delivered,Ahmedabad,0,,46.06,129.57,47.35
766179,570776,328746,07-12-2025,10-12-2025,2,299,10,59.8,538.2,Myntra,Google,UPI,Delivered,Coimbatore,0,,47.37,82.39,34.45
700647,529817,373579,22-06-2025,28-06-2025,1,449,0,0,449,D2C Website,Google,UPI,Delivered,Bengaluru,0,,53.86,0,53.82
700648,529817,318301,04-07-2025,10-07-2025,2,249,10,49.8,448.2,Amazon,Google,Credit Card,Delivered,Bengaluru,0,,40.4,87.47,45.25
798954,529817,370644,15-07-2025,21-07-2025,2,449,0,0,898,Nykaa,Google,Credit Card,Delivered,Bengaluru,0,,62.57,167.85,42.22
733419,529817,373579,16-07-2025,17-07-2025,1,449,10,44.9,404.1,Amazon,Google,UPI,Delivered,Bengaluru,0,,56.89,95.29,26.07
798958,521632,373579,04-10-2025,07-10-2025,1,449,10,44.9,404.1,D2C Website,Instagram,UPI,Delivered,Bengaluru,0,,74.78,0,58.25
700657,521632,397647,28-11-2025,03-12-2025,2,799,15,239.7,1358.3,D2C Website,Instagram,Debit Card,Delivered,Bengaluru,0,,85.01,0,56.28
766194,521632,360142,03-12-2025,04-12-2025,1,349,15,52.35,296.65,Nykaa,Instagram,Unknown,Delivered,Bengaluru,0,,62.32,58.35,30.73
798964,521632,351856,11-12-2025,15-12-2025,1,449,20,89.8,359.2,Amazon,Instagram,UPI,Delivered,Bengaluru,0,,54.36,68.54,36.56
700662,513446,373579,29-03-2024,03-04-2024,2,449,10,89.8,808.2,D2C Website,Marketplace,Debit Card,Delivered,Mumbai,0,,71.11,0,48.34
700667,513446,351856,05-04-2024,06-04-2024,1,449,10,44.9,404.1,D2C Website,Marketplace,UPI,Delivered,Mumbai,0,,87.63,0,42.51
798975,513446,360142,13-04-2024,16-04-2024,3,349,20,209.4,837.6,D2C Website,Marketplace,UPI,Delivered,Mumbai,0,,51.31,0,46.84
700675,513446,376484,09-06-2024,12-06-2024,1,499,5,24.95,474.05,Nykaa,Marketplace,Net Banking,Delivered,Mumbai,0,,61.41,86.27,52.35
733444,529831,373579,31-10-2025,04-11-2025,1,449,5,22.45,426.55,D2C Website,Instagram,Credit Card,Delivered,Bengaluru,0,,53.7,0,51.08
700676,529831,351856,21-11-2025,22-11-2025,1,449,0,0,449,D2C Website,Instagram,UPI,Delivered,Bengaluru,0,,67.04,0,23.62
798981,529831,385909,29-12-2025,01-01-2026,1,429,5,21.45,407.55,Nykaa,Instagram,UPI,Delivered,Bengaluru,0,,63.36,91.49,25.67
700683,529831,397912,30-12-2025,05-01-2026,1,399,10,39.9,359.1,D2C Website,Instagram,UPI,Delivered,Bengaluru,0,,75.77,0,50.56
700686,587177,376484,06-07-2025,07-07-2025,2,499,10,99.8,898.2,Myntra,Marketplace,UPI,Delivered,Lucknow,0,,77.63,144.26,46.85
798991,587177,384259,25-07-2025,31-07-2025,2,649,20,259.6,1038.4,D2C Website,Marketplace,Debit Card,Returned,Lucknow,1,Allergic Reaction,64.42,0,59.81
733457,587177,328746,01-08-2025,03-08-2025,2,299,0,0,598,Nykaa,Marketplace,UPI,Delivered,Lucknow,0,,84.63,98.06,56.13
766227,587177,376484,11-08-2025,17-08-2025,1,499,5,24.95,474.05,Offline Store,Marketplace,Credit Card,Delivered,Lucknow,0,,0,0,57.59
733460,587177,384259,20-08-2025,21-08-2025,2,649,5,64.9,1233.1,D2C Website,Marketplace,Credit Card,Delivered,Lucknow,0,,76.71,0,43.11
766229,587177,384259,13-09-2025,17-09-2025,2,649,0,0,1298,Quick Commerce,Marketplace,Cash on Delivery,Cancelled,Lucknow,0,,47.09,0,26.56
700697,587177,376484,09-10-2025,15-10-2025,1,499,15,74.85,424.15,Quick Commerce,Marketplace,Credit Card,Delivered,Lucknow,0,,51.24,0,30.01
799003,587177,318726,28-10-2025,01-11-2025,1,549,10,54.9,494.1,Offline Store,Marketplace,Credit Card,Delivered,Lucknow,0,,0,0,39.32
700702,587177,351856,28-11-2025,29-11-2025,1,449,20,89.8,359.2,D2C Website,Marketplace,UPI,Delivered,Lucknow,0,,73.31,0,33.9
733470,587177,347447,13-12-2025,16-12-2025,1,349,10,34.9,314.1,D2C Website,Marketplace,UPI,Delivered,Lucknow,0,,50.79,0,54.48
799011,521643,347447,16-09-2025,20-09-2025,1,349,15,52.35,296.65,D2C Website,Instagram,Credit Card,Delivered,Chennai,0,,49.34,0,52.75
733482,570798,385909,13-08-2025,17-08-2025,1,429,0,0,429,Amazon,Organic Search,Debit Card,Delivered,Kochi,0,,67.47,89.96,49.71
766252,570804,328746,20-08-2024,26-08-2024,1,299,10,29.9,269.1,Quick Commerce,Instagram,Unknown,Delivered,Kolkata,0,,76.04,0,29.64
733493,570804,328746,11-09-2024,14-09-2024,1,299,15,44.85,254.15,Amazon,Instagram,Unknown,Delivered,Kolkata,0,,64.36,50.9,22.33
799030,578997,360142,10-03-2025,12-03-2025,1,349,5,17.45,331.55,Quick Commerce,Marketplace,Cash on Delivery,Delivered,Pune,0,,79.04,0,36.9
733496,570807,328746,05-04-2025,08-04-2025,1,299,5,14.95,284.05,D2C Website,Instagram,Cash on Delivery,Delivered,Lucknow,0,,77.75,0,55.78
700730,562616,384259,14-05-2025,15-05-2025,2,649,25,324.5,973.5,Nykaa,Google,UPI,Delivered,Chennai,0,,60.68,205.25,49.33
700734,562616,318301,24-05-2025,25-05-2025,1,249,20,49.8,199.2,Myntra,Google,Wallet,Delivered,Chennai,0,,88.14,43.26,57.01
700735,562616,328746,03-06-2025,08-06-2025,1,299,0,0,299,D2C Website,Google,UPI,Delivered,Chennai,0,,52.61,0,35.7
766275,562616,376484,25-07-2025,31-07-2025,1,499,10,49.9,449.1,Quick Commerce,Google,Wallet,Delivered,Chennai,0,,52,0,39.85
700743,562616,376484,28-07-2025,01-08-2025,2,499,5,49.9,948.1,Amazon,Google,UPI,Delivered,Chennai,0,,66.56,164.21,58.78
733514,562616,318726,02-08-2025,05-08-2025,2,549,20,219.6,878.4,Nykaa,Google,Credit Card,Delivered,Chennai,0,,64.21,141.19,57.85
799059,562616,384259,17-08-2025,18-08-2025,3,649,20,389.4,1557.6,D2C Website,Google,Debit Card,Cancelled,Chennai,0,,42.89,0,28.05
766294,562616,318726,20-09-2025,23-09-2025,3,549,20,329.4,1317.6,D2C Website,Google,Cash on Delivery,Returned,Chennai,1,Better Price Found Elsewhere,71.32,0,45.5
700760,562616,376484,26-11-2025,02-12-2025,2,499,5,49.9,948.1,D2C Website,Google,Credit Card,Delivered,Chennai,0,,69.66,0,24.14
700761,562616,376484,14-12-2025,19-12-2025,1,499,10,49.9,449.1,Myntra,Google,Cash on Delivery,Delivered,Chennai,0,,54.44,76.18,32.01
766296,505273,318726,06-09-2025,12-09-2025,1,549,15,82.35,466.65,Nykaa,Influencer,UPI,Delivered,Delhi,0,,44.98,72.94,42.59
799066,505276,384259,18-12-2025,20-12-2025,2,649,5,64.9,1233.1,D2C Website,Marketplace,Credit Card,Delivered,Chennai,0,,74.03,0,47.18
799068,505276,370644,21-12-2025,25-12-2025,1,449,20,89.8,359.2,D2C Website,Marketplace,UPI,Delivered,Chennai,0,,37,0,45.31
700766,513473,318726,21-08-2025,24-08-2025,1,549,20,109.8,439.2,Myntra,Instagram,UPI,Delivered,Patna,0,,68.65,75.21,58.95
799071,513473,318726,23-09-2025,28-09-2025,1,549,20,109.8,439.2,Offline Store,Instagram,UPI,Delivered,Patna,0,,0,0,31.61
766308,513474,332325,01-01-2025,06-01-2025,1,399,15,59.85,339.15,D2C Website,Organic Search,UPI,Delivered,Mumbai,0,,45.81,0,29.55
700772,587207,328746,30-09-2025,06-10-2025,1,299,25,74.75,224.25,Myntra,Google,UPI,Delivered,Delhi,0,,44.92,49.46,50.08
733545,587207,376622,03-10-2025,05-10-2025,1,899,25,224.75,674.25,D2C Website,Google,UPI,Delivered,Delhi,0,,60.96,0,33.93
700780,554459,328746,04-11-2025,05-11-2025,1,299,0,0,299,Quick Commerce,Offline Store,Wallet,Delivered,Delhi,0,,80.61,0,36.24
733552,554459,318726,18-11-2025,19-11-2025,1,549,5,27.45,521.55,Quick Commerce,Offline Store,UPI,Delivered,Delhi,0,,89.31,0,51.29
733557,554459,318726,28-11-2025,03-12-2025,2,549,5,54.9,1043.1,D2C Website,Offline Store,Credit Card,Delivered,Delhi,0,,42.41,0,21.33
700792,554460,384259,16-09-2025,20-09-2025,1,649,25,162.25,486.75,D2C Website,Instagram,UPI,Delivered,Ahmedabad,0,,54.66,0,44.97
766330,554460,351856,18-10-2025,20-10-2025,1,449,20,89.8,359.2,Quick Commerce,Instagram,UPI,Delivered,Ahmedabad,0,,35.71,0,36.71
733563,554460,332325,09-11-2025,13-11-2025,1,399,20,79.8,319.2,Myntra,Instagram,Debit Card,Delivered,Ahmedabad,0,,82.96,51.42,26.79
799105,521697,373579,03-10-2025,05-10-2025,1,449,15,67.35,381.65,D2C Website,Instagram,UPI,Delivered,Ahmedabad,0,,53.79,0,55.22
766338,570855,328746,03-06-2025,08-06-2025,2,299,10,59.8,538.2,Myntra,Instagram,UPI,Delivered,Mumbai,0,,49.23,106.38,34.54
766341,595448,376484,06-11-2025,09-11-2025,1,499,10,49.9,449.1,Quick Commerce,Influencer,Credit Card,Delivered,Chennai,0,,87.2,0,40.73
799116,595448,384259,13-11-2025,16-11-2025,1,649,0,0,649,Nykaa,Influencer,UPI,Delivered,Chennai,0,,81.4,124.56,44.14
733584,595448,332325,22-11-2025,28-11-2025,2,399,0,0,798,Nykaa,Influencer,UPI,Delivered,Chennai,0,,87.16,161.25,50.48
733591,595448,332325,24-11-2025,25-11-2025,1,399,20,79.8,319.2,Quick Commerce,Influencer,UPI,Delivered,Chennai,0,,58.8,0,55.73
799130,595448,332325,29-11-2025,04-12-2025,1,399,0,0,399,Nykaa,Influencer,UPI,Returned,Chennai,1,Allergic Reaction,60.3,62.83,31.47
766366,595448,397647,10-12-2025,14-12-2025,2,799,0,0,1598,Nykaa,Influencer,UPI,Delivered,Chennai,0,,38.32,343.41,36.55
700832,595448,376484,11-12-2025,16-12-2025,2,499,15,149.7,848.3,D2C Website,Influencer,Cash on Delivery,Delivered,Chennai,0,,68.47,0,28.09
700841,595448,351856,27-12-2025,28-12-2025,2,449,35,314.3,583.7,Nykaa,Influencer,Unknown,Delivered,Chennai,0,,58.87,100.59,48.1
733612,579069,351856,31-05-2025,05-06-2025,1,449,20,89.8,359.2,D2C Website,Instagram,Credit Card,Returned,Kolkata,1,Wrong Item Delivered,37.84,0,56.87
700845,554496,360142,20-04-2025,26-04-2025,1,349,40,139.6,209.4,Nykaa,Marketplace,Wallet,Delivered,Mumbai,0,,64.73,35.74,26.03
799154,554496,360142,18-07-2025,21-07-2025,1,349,0,0,349,Amazon,Marketplace,Credit Card,Delivered,Mumbai,0,,59.86,79.2,33.56
799158,521747,332325,22-07-2025,27-07-2025,1,399,10,39.9,359.1,D2C Website,Marketplace,UPI,Delivered,Lucknow,0,,70.09,0,36.1
700854,521747,332325,28-11-2025,29-11-2025,1,399,20,79.8,319.2,D2C Website,Marketplace,Credit Card,Delivered,Lucknow,0,,46.14,0,26.65
799163,554524,318301,04-12-2025,05-12-2025,2,249,5,24.9,473.1,Nykaa,Instagram,UPI,Returned,Lucknow,1,Damaged in Transit,76.11,102.43,35.59
799164,529949,376484,16-10-2025,22-10-2025,1,499,20,99.8,399.2,Quick Commerce,Google,UPI,Returned,Pune,1,Damaged in Transit,57.99,0,52.22
700863,529949,376484,15-11-2025,21-11-2025,1,499,25,124.75,374.25,Quick Commerce,Google,Unknown,Delivered,Pune,0,,46.5,0,42.26
766400,513566,370644,15-11-2025,20-11-2025,1,449,35,157.15,291.85,D2C Website,Influencer,UPI,Delivered,Chennai,0,,76.37,0,47.8
799169,570912,328746,17-12-2024,19-12-2024,2,299,15,89.7,508.3,Myntra,Influencer,UPI,Delivered,Lucknow,0,,39.97,124.61,51.77
799170,570912,376622,03-01-2025,09-01-2025,2,899,0,0,1798,Myntra,Influencer,Debit Card,Delivered,Lucknow,0,,73.35,361.48,54.68
700867,570912,318726,20-01-2025,24-01-2025,2,549,5,54.9,1043.1,Nykaa,Influencer,Net Banking,Delivered,Lucknow,0,,66.89,181.57,54.7
799177,570912,332325,04-08-2025,09-08-2025,1,399,15,59.85,339.15,D2C Website,Influencer,Credit Card,Delivered,Lucknow,0,,53.79,0,31.13
700873,570912,384259,24-08-2025,29-08-2025,3,649,10,194.7,1752.3,Myntra,Influencer,Cash on Delivery,Delivered,Lucknow,0,,64.14,357.25,56.9
766412,570912,373579,27-11-2025,30-11-2025,1,449,35,157.15,291.85,Amazon,Influencer,UPI,Delivered,Lucknow,0,,47.77,45.27,36.09
766414,505376,318726,06-11-2025,10-11-2025,2,549,25,274.5,823.5,Amazon,Referral,Credit Card,Delivered,Kolkata,0,,82.91,178.51,20.36
766416,505376,373579,12-12-2025,17-12-2025,1,449,20,89.8,359.2,D2C Website,Referral,Wallet,Delivered,Kolkata,0,,65.07,0,35.21
700881,505376,384259,21-12-2025,25-12-2025,1,649,0,0,649,D2C Website,Referral,UPI,Delivered,Kolkata,0,,62.71,0,48.55
799191,595491,384259,24-10-2024,29-10-2024,2,649,20,259.6,1038.4,D2C Website,Instagram,Cash on Delivery,Delivered,Kolkata,0,,64.49,0,35.44
700888,505383,376484,13-03-2025,17-03-2025,1,499,0,0,499,Nykaa,Google,Net Banking,Delivered,Chennai,0,,63.81,109.04,54.93
799198,513577,397912,14-08-2024,19-08-2024,1,399,15,59.85,339.15,Amazon,Instagram,Net Banking,Delivered,Lucknow,0,,78.53,68.53,45.59
733666,513577,397647,15-01-2025,21-01-2025,1,799,40,319.6,479.4,Offline Store,Instagram,UPI,Delivered,Lucknow,0,,0,0,28.37
733667,513577,360142,30-07-2025,01-08-2025,2,349,5,34.9,663.1,Offline Store,Instagram,Debit Card,Delivered,Lucknow,0,,0,0,42.16
799206,546346,376622,07-11-2025,09-11-2025,1,899,25,224.75,674.25,Nykaa,Influencer,Credit Card,Delivered,Kolkata,0,,43.37,166.37,50.78
700902,513579,397647,19-08-2025,24-08-2025,1,799,25,199.75,599.25,D2C Website,Instagram,UPI,Delivered,Coimbatore,0,,50.62,0,55.45
799209,513579,384259,25-10-2025,30-10-2025,1,649,40,259.6,389.4,D2C Website,Instagram,UPI,Delivered,Coimbatore,0,,39.97,0,52.28
700905,513579,373579,18-11-2025,24-11-2025,1,449,20,89.8,359.2,D2C Website,Instagram,Debit Card,Delivered,Coimbatore,0,,82.21,0,47.19
766441,554548,376622,31-05-2025,06-06-2025,1,899,20,179.8,719.2,Amazon,Marketplace,UPI,Delivered,Chennai,0,,57.66,114.92,50.74
799211,546357,376484,27-12-2025,30-12-2025,1,499,15,74.85,424.15,Quick Commerce,Referral,Credit Card,Delivered,Lucknow,0,,52.5,0,22.89
766445,579129,397912,28-03-2025,30-03-2025,1,399,15,59.85,339.15,Nykaa,Instagram,UPI,Cancelled,Bengaluru,0,,77.01,62.81,24.16
766448,579129,318301,30-08-2025,03-09-2025,1,249,25,62.25,186.75,Nykaa,Instagram,Cash on Delivery,Delivered,Bengaluru,0,,78.47,41.83,27.31
766449,579129,384259,21-11-2025,22-11-2025,2,649,25,324.5,973.5,Quick Commerce,Instagram,Net Banking,Delivered,Bengaluru,0,,67.51,0,45.49
766450,562746,318726,03-10-2024,09-10-2024,1,549,5,27.45,521.55,D2C Website,Instagram,UPI,Delivered,Ahmedabad,0,,85,0,48.76
799218,562746,384259,18-08-2025,20-08-2025,2,649,25,324.5,973.5,Myntra,Instagram,Debit Card,Delivered,Ahmedabad,0,,88.04,173.04,36.66
799227,538175,318301,20-11-2025,22-11-2025,1,249,40,99.6,149.4,D2C Website,Organic Search,Debit Card,Delivered,Ahmedabad,0,,43.11,0,23.05
766461,538175,373579,22-11-2025,24-11-2025,1,449,20,89.8,359.2,Quick Commerce,Organic Search,UPI,Delivered,Ahmedabad,0,,50.06,0,55.88
766467,538175,384259,02-12-2025,07-12-2025,1,649,5,32.45,616.55,Myntra,Organic Search,Cash on Delivery,Delivered,Ahmedabad,0,,48.98,108.89,53.42
700935,538175,328746,06-12-2025,07-12-2025,1,299,0,0,299,Myntra,Organic Search,UPI,Delivered,Ahmedabad,0,,60.52,45.31,26.86
733708,521798,332325,06-06-2025,08-06-2025,1,399,20,79.8,319.2,Myntra,Google,UPI,Delivered,Chennai,0,,54.03,48.7,57.21
700947,521805,384259,21-02-2025,24-02-2025,1,649,0,0,649,D2C Website,Influencer,Credit Card,Delivered,Guwahati,0,,47.23,0,27.97
799253,521805,318726,13-05-2025,14-05-2025,1,549,20,109.8,439.2,Nykaa,Influencer,UPI,Delivered,Guwahati,0,,52.42,91.13,30.22
799254,521805,397912,14-08-2025,16-08-2025,2,399,15,119.7,678.3,D2C Website,Influencer,Net Banking,Delivered,Guwahati,0,,78.98,0,42.1
700951,521805,384259,19-08-2025,24-08-2025,1,649,25,162.25,486.75,D2C Website,Influencer,UPI,Delivered,Guwahati,0,,35.32,0,51.32
733723,521805,318301,07-10-2025,13-10-2025,1,249,15,37.35,211.65,Offline Store,Influencer,UPI,Delivered,Guwahati,0,,0,0,22.89
700955,530005,328746,25-03-2025,31-03-2025,1,299,5,14.95,284.05,D2C Website,Marketplace,Cash on Delivery,Delivered,Hyderabad,0,,41.09,0,37.62
766493,530005,376622,16-11-2025,17-11-2025,1,899,15,134.85,764.15,Amazon,Marketplace,Cash on Delivery,Delivered,Hyderabad,0,,57.94,176.93,37.2
799260,530005,351856,26-12-2025,27-12-2025,3,449,15,202.05,1144.95,Amazon,Marketplace,UPI,Delivered,Hyderabad,0,,61.25,258.67,29.12
733725,530007,351856,03-05-2024,06-05-2024,2,449,10,89.8,808.2,Nykaa,Google,Cash on Delivery,Delivered,Chennai,0,,88.03,141.2,50.02
766491,530007,318726,23-10-2024,29-10-2024,1,549,10,54.9,494.1,Quick Commerce,Google,Wallet,Delivered,Chennai,0,,61.75,0,44.01
799265,530007,332325,04-11-2025,06-11-2025,3,399,25,299.25,897.75,Nykaa,Google,UPI,Delivered,Chennai,0,,50.49,180.07,21.89
733730,530007,370644,05-11-2025,11-11-2025,1,449,10,44.9,404.1,Nykaa,Google,UPI,Delivered,Chennai,0,,56.61,80.09,30.28
799267,562781,384259,03-08-2025,09-08-2025,1,649,10,64.9,584.1,Amazon,Instagram,UPI,Delivered,Indore,0,,89.19,98.78,40.91
799266,562781,384259,24-09-2025,25-09-2025,1,649,40,259.6,389.4,Amazon,Instagram,UPI,Delivered,Indore,0,,48.52,74.43,25.12
766496,562781,384259,15-11-2025,20-11-2025,1,649,20,129.8,519.2,Myntra,Instagram,UPI,Delivered,Indore,0,,88.6,78.94,50.16
766507,562781,332325,29-12-2025,04-01-2026,1,399,25,99.75,299.25,Amazon,Instagram,Debit Card,Returned,Indore,1,Wrong Item Delivered,40.82,59.72,43.38
766508,595561,385909,04-10-2025,06-10-2025,1,429,5,21.45,407.55,D2C Website,Offline Store,UPI,Delivered,Kochi,0,,60.66,0,26.82
766509,546421,318726,13-04-2025,16-04-2025,1,549,0,0,549,D2C Website,Google,UPI,Delivered,Ahmedabad,0,,60.88,0,47.63
700975,546438,318726,08-08-2025,09-08-2025,1,549,5,27.45,521.55,Myntra,Instagram,Debit Card,Delivered,Coimbatore,0,,74.28,91.35,21.18
733743,505482,373579,19-06-2025,24-06-2025,1,449,25,112.25,336.75,D2C Website,Organic Search,Net Banking,Delivered,Chennai,0,,72.08,0,39.47
766512,505482,397647,18-08-2025,21-08-2025,2,799,15,239.7,1358.3,D2C Website,Organic Search,Net Banking,Delivered,Chennai,0,,67.94,0,36.19
766517,505482,360142,14-10-2025,18-10-2025,2,349,10,69.8,628.2,Nykaa,Organic Search,Credit Card,Delivered,Chennai,0,,75.13,118.97,50.7
766518,505482,373579,26-10-2025,30-10-2025,1,449,5,22.45,426.55,Amazon,Organic Search,Net Banking,Delivered,Chennai,0,,65.71,70.29,41.73
766527,587404,318726,31-07-2025,03-08-2025,2,549,15,164.7,933.3,Quick Commerce,Google,Net Banking,Delivered,Delhi,0,,42.3,0,41.34
700996,587404,370644,28-10-2025,03-11-2025,1,449,15,67.35,381.65,Offline Store,Google,Credit Card,Delivered,Delhi,0,,0,0,32.25
766532,587404,373579,02-12-2025,05-12-2025,2,449,40,359.2,538.8,D2C Website,Google,UPI,Delivered,Delhi,0,,36,0,35.84
799302,538254,347447,26-11-2025,29-11-2025,1,349,5,17.45,331.55,D2C Website,Marketplace,Debit Card,Delivered,Delhi,0,,85.49,0,36.75
733767,538254,351856,07-12-2025,12-12-2025,2,449,10,89.8,808.2,Quick Commerce,Marketplace,Cash on Delivery,Delivered,Delhi,0,,46.94,0,49.62
766536,587410,328746,11-08-2025,13-08-2025,2,299,5,29.9,568.1,Nykaa,Instagram,Credit Card,Delivered,Pune,0,,38.69,122,33.53
799308,587410,376484,13-10-2025,16-10-2025,2,499,15,149.7,848.3,Amazon,Instagram,UPI,Delivered,Pune,0,,87.07,197.65,29.2
799315,587410,332325,19-11-2025,20-11-2025,1,399,10,39.9,359.1,Amazon,Instagram,UPI,Returned,Pune,1,Wrong Item Delivered,88.79,76.28,29.61
733786,587410,318301,22-11-2025,24-11-2025,2,249,15,74.7,423.3,Amazon,Instagram,UPI,Delivered,Pune,0,,56.84,100.85,40.88
701020,587410,332325,05-12-2025,08-12-2025,1,399,25,99.75,299.25,Offline Store,Instagram,Credit Card,Delivered,Pune,0,,0,0,44
799327,587416,370644,18-05-2024,19-05-2024,3,449,25,336.75,1010.25,Nykaa,Instagram,UPI,Delivered,Lucknow,0,,61.89,233.34,48.79
733793,587416,360142,22-07-2024,25-07-2024,1,349,0,0,349,Nykaa,Instagram,Debit Card,Delivered,Lucknow,0,,71.96,69.43,46.17
766561,587416,370644,16-12-2024,17-12-2024,1,449,15,67.35,381.65,Amazon,Instagram,UPI,Delivered,Lucknow,0,,68.88,79.71,43.04
733795,587416,370644,09-02-2025,14-02-2025,1,449,10,44.9,404.1,D2C Website,Instagram,UPI,Delivered,Lucknow,0,,52.05,0,52.92
701031,513710,397647,30-11-2025,02-12-2025,1,799,25,199.75,599.25,Nykaa,Influencer,Cash on Delivery,Delivered,Bengaluru,0,,86.12,95.53,46.53
701032,513710,376484,15-12-2025,18-12-2025,1,499,15,74.85,424.15,D2C Website,Influencer,Cash on Delivery,Delivered,Bengaluru,0,,60.86,0,56.34
701035,595631,385909,23-03-2025,25-03-2025,2,429,5,42.9,815.1,Quick Commerce,Referral,Cash on Delivery,Delivered,Delhi,0,,82.05,0,56.48
733804,595631,385909,08-04-2025,14-04-2025,2,429,0,0,858,Nykaa,Referral,UPI,Delivered,Delhi,0,,60.1,196.74,38.16
766574,595631,385909,01-05-2025,07-05-2025,2,429,10,85.8,772.2,Amazon,Referral,UPI,Delivered,Delhi,0,,67.35,187.12,35.49
733807,595631,385909,08-05-2025,10-05-2025,1,429,0,0,429,Offline Store,Referral,Debit Card,Delivered,Delhi,0,,0,0,29.89
799344,595631,385909,02-08-2025,03-08-2025,2,429,20,171.6,686.4,Offline Store,Referral,Credit Card,Delivered,Delhi,0,,0,0,41.52
733809,595631,332325,10-08-2025,15-08-2025,1,399,20,79.8,319.2,Quick Commerce,Referral,Debit Card,Delivered,Delhi,0,,58.08,0,57.32
701041,595631,351856,20-08-2025,22-08-2025,1,449,0,0,449,Myntra,Referral,UPI,Delivered,Delhi,0,,73.18,103.68,41.97
733806,595631,397912,18-10-2025,20-10-2025,1,399,25,99.75,299.25,D2C Website,Referral,Credit Card,Delivered,Delhi,0,,67.28,0,24.71
701044,595631,384259,22-11-2025,27-11-2025,2,649,25,324.5,973.5,Amazon,Referral,Wallet,Delivered,Delhi,0,,62.99,228.56,56.47
766578,595631,376484,03-12-2025,08-12-2025,2,499,5,49.9,948.1,Amazon,Referral,Credit Card,Delivered,Delhi,0,,69.35,197.44,36.17
733817,538290,351856,09-07-2024,15-07-2024,1,449,10,44.9,404.1,Nykaa,Instagram,Debit Card,Delivered,Nagpur,0,,77.81,101,55.03
701052,538290,351856,18-08-2024,24-08-2024,2,449,5,44.9,853.1,D2C Website,Instagram,Cash on Delivery,Delivered,Nagpur,0,,73.84,0,31.12
733823,587442,384259,12-02-2025,15-02-2025,1,649,20,129.8,519.2,Amazon,Organic Search,Net Banking,Delivered,Nagpur,0,,36.2,128.29,52.86
701059,587442,384259,25-03-2025,30-03-2025,1,649,5,32.45,616.55,D2C Website,Organic Search,Debit Card,Delivered,Nagpur,0,,49.04,0,48.4
766608,587442,384259,24-05-2025,27-05-2025,1,649,35,227.15,421.85,Myntra,Organic Search,UPI,Delivered,Nagpur,0,,38.25,63.37,49.37
733844,587442,376484,08-09-2025,12-09-2025,1,499,35,174.65,324.35,Offline Store,Organic Search,UPI,Delivered,Nagpur,0,,0,0,21.81
766614,579254,376622,12-09-2025,18-09-2025,2,899,10,179.8,1618.2,Amazon,Instagram,Net Banking,Delivered,Delhi,0,,37.22,399.53,50.75
766619,571066,384259,13-09-2025,17-09-2025,2,649,0,0,1298,Quick Commerce,Influencer,UPI,Delivered,Bengaluru,0,,43.87,0,49.32
701092,505544,373579,20-06-2025,22-06-2025,1,449,5,22.45,426.55,Nykaa,Organic Search,UPI,Delivered,Guwahati,0,,49.71,72.78,59.8
733868,546507,376622,23-09-2025,24-09-2025,1,899,10,89.9,809.1,Amazon,Influencer,Credit Card,Delivered,Delhi,0,,67.81,173.32,47.59
799407,579276,318726,04-12-2025,07-12-2025,1,549,0,0,549,Nykaa,Instagram,Credit Card,Delivered,Mumbai,0,,86.68,106.8,40.35
701105,595673,397912,27-07-2025,02-08-2025,1,399,10,39.9,359.1,D2C Website,Google,Debit Card,Delivered,Kochi,0,,88.57,0,49.79
799412,595673,397912,29-07-2025,04-08-2025,2,399,20,159.6,638.4,Quick Commerce,Google,UPI,Delivered,Kochi,0,,38.03,0,37.21
701111,595673,318301,12-09-2025,16-09-2025,2,249,10,49.8,448.2,Amazon,Google,UPI,Delivered,Kochi,0,,74.31,81.74,20.08
701118,595673,373579,12-11-2025,16-11-2025,1,449,0,0,449,Amazon,Google,UPI,Delivered,Kochi,0,,36.1,77.43,22.45
701119,595673,318301,29-12-2025,01-01-2026,3,249,20,149.4,597.6,Offline Store,Google,Debit Card,Delivered,Kochi,0,,0,0,51.73
766662,579299,397912,11-08-2025,14-08-2025,1,399,10,39.9,359.1,Nykaa,Instagram,Cash on Delivery,Delivered,Chandigarh,0,,35.03,81.75,24.42
766665,579299,360142,06-09-2025,10-09-2025,2,349,15,104.7,593.3,Amazon,Instagram,Cash on Delivery,Delivered,Chandigarh,0,,72.87,130.92,24.1
766666,579299,384259,26-10-2025,01-11-2025,3,649,20,389.4,1557.6,Nykaa,Instagram,Debit Card,Delivered,Chandigarh,0,,83.03,235.08,50.44
799433,579299,373579,29-10-2025,04-11-2025,2,449,5,44.9,853.1,Amazon,Instagram,Cash on Delivery,Delivered,Chandigarh,0,,68.41,176.55,20.94
733901,579299,397647,13-11-2025,18-11-2025,1,799,5,39.95,759.05,Amazon,Instagram,UPI,Delivered,Chandigarh,0,,84.96,121.5,36.29
766672,579299,370644,20-11-2025,22-11-2025,1,449,0,0,449,Amazon,Instagram,Cash on Delivery,Delivered,Chandigarh,0,,42.91,87.03,33.91
766674,587500,347447,06-06-2025,11-06-2025,1,349,10,34.9,314.1,D2C Website,Organic Search,Debit Card,Delivered,Chennai,0,,63.07,0,59.82
733907,587500,376484,18-07-2025,22-07-2025,1,499,5,24.95,474.05,D2C Website,Organic Search,Cash on Delivery,Delivered,Chennai,0,,58.02,0,53.05
766676,571118,351856,15-02-2024,21-02-2024,1,449,0,0,449,Amazon,Influencer,UPI,Delivered,Mumbai,0,,56.49,95.2,56.32
766680,571118,351856,10-06-2024,16-06-2024,1,449,5,22.45,426.55,Myntra,Influencer,UPI,Delivered,Mumbai,0,,45.16,92.27,56.41
766681,571118,373579,08-06-2025,09-06-2025,1,449,5,22.45,426.55,Nykaa,Influencer,UPI,Delivered,Mumbai,0,,60.92,101.13,23.74
799460,571118,351856,31-10-2025,06-11-2025,1,449,0,0,449,Offline Store,Influencer,UPI,Delivered,Mumbai,0,,0,0,52.56
733925,530161,385909,13-05-2025,16-05-2025,1,429,10,42.9,386.1,Nykaa,Google,Cash on Delivery,Delivered,Delhi,0,,47.89,58.08,45.4
733928,530161,384259,28-05-2025,03-06-2025,1,649,5,32.45,616.55,D2C Website,Google,Debit Card,Delivered,Delhi,0,,41.27,0,54.5
799465,571121,318726,09-08-2025,11-08-2025,1,549,15,82.35,466.65,Nykaa,Organic Search,Cash on Delivery,Delivered,Surat,0,,62.53,114.1,37.37
701161,571121,385909,07-09-2025,12-09-2025,1,429,15,64.35,364.65,Quick Commerce,Organic Search,Cash on Delivery,Delivered,Surat,0,,55.11,0,55.58
701162,530162,376622,08-02-2024,14-02-2024,1,899,25,224.75,674.25,Myntra,Instagram,UPI,Delivered,Chennai,0,,53.27,121.14,34.89
766702,530162,360142,04-05-2024,07-05-2024,1,349,20,69.8,279.2,Quick Commerce,Instagram,Debit Card,Delivered,Chennai,0,,59.23,0,59.72
799475,530162,384259,16-07-2024,19-07-2024,1,649,10,64.9,584.1,Myntra,Instagram,UPI,Delivered,Chennai,0,,88.02,88.11,26.26
799486,530162,347447,22-08-2024,23-08-2024,2,349,5,34.9,663.1,Offline Store,Instagram,UPI,Delivered,Chennai,0,,0,0,41.26
733951,530162,397647,23-08-2024,26-08-2024,1,799,10,79.9,719.1,Nykaa,Instagram,Net Banking,Delivered,Chennai,0,,45.5,116.98,57.14
733954,530162,370644,12-12-2024,18-12-2024,3,449,0,0,1347,Myntra,Instagram,UPI,Delivered,Chennai,0,,44.53,260.51,57.35
733955,530162,360142,28-01-2025,02-02-2025,3,349,10,104.7,942.3,Amazon,Instagram,UPI,Delivered,Chennai,0,,52.25,178.96,21
733959,530162,397647,05-04-2025,07-04-2025,2,799,15,239.7,1358.3,D2C Website,Instagram,Cash on Delivery,Delivered,Chennai,0,,54.02,0,34.65
701195,530162,373579,14-04-2025,19-04-2025,2,449,5,44.9,853.1,Myntra,Instagram,Wallet,Delivered,Chennai,0,,87.37,166.08,23.02
701197,530162,384259,31-07-2025,04-08-2025,1,649,0,0,649,Amazon,Instagram,Cash on Delivery,Delivered,Chennai,0,,53.4,113.61,22.68
766736,554747,318301,16-11-2024,19-11-2024,1,249,0,0,249,Quick Commerce,Influencer,Credit Card,Delivered,Mumbai,0,,48.81,0,54.72
799505,554747,318726,21-09-2025,22-09-2025,1,549,5,27.45,521.55,Nykaa,Influencer,Cash on Delivery,Delivered,Mumbai,0,,62.09,110.8,47.51
799508,521992,318726,20-12-2025,21-12-2025,1,549,5,27.45,521.55,Quick Commerce,Influencer,UPI,Delivered,Delhi,0,,72.58,0,23.08
701204,587538,318726,31-08-2025,02-09-2025,1,549,0,0,549,Amazon,Organic Search,Wallet,Delivered,Mumbai,0,,81.58,90.1,51.63
733977,587538,384259,21-12-2025,25-12-2025,2,649,5,64.9,1233.1,D2C Website,Organic Search,Cash on Delivery,Delivered,Mumbai,0,,72.21,0,23.79
701213,579354,373579,10-11-2024,15-11-2024,1,449,40,179.6,269.4,Nykaa,Organic Search,UPI,Delivered,Hyderabad,0,,74.63,44.93,22.89
701215,595748,360142,22-07-2024,26-07-2024,1,349,15,52.35,296.65,D2C Website,Influencer,Credit Card,Delivered,Kolkata,0,,87.16,0,42.15
766752,595748,360142,15-02-2025,21-02-2025,1,349,35,122.15,226.85,Nykaa,Influencer,Wallet,Delivered,Kolkata,0,,41.57,50.66,25.43
733989,595748,318301,20-02-2025,21-02-2025,1,249,25,62.25,186.75,Myntra,Influencer,UPI,Returned,Kolkata,1,Changed Mind,48.74,45.3,49.11
733993,595748,360142,28-12-2025,29-12-2025,1,349,15,52.35,296.65,D2C Website,Influencer,Cash on Delivery,Delivered,Kolkata,0,,64.8,0,43.71
799530,513833,332325,27-09-2025,28-09-2025,2,399,20,159.6,638.4,D2C Website,Marketplace,Wallet,Delivered,Chennai,0,,49.73,0,27.7
701227,513833,384259,11-12-2025,12-12-2025,3,649,0,0,1947,Amazon,Marketplace,Cash on Delivery,Delivered,Chennai,0,,81.14,298.54,24.49
766764,530217,328746,17-12-2024,23-12-2024,2,299,15,89.7,508.3,Nykaa,Organic Search,Unknown,Delivered,Nagpur,0,,58.77,118.11,52.08
733994,530217,328746,15-02-2025,21-02-2025,1,299,10,29.9,269.1,D2C Website,Organic Search,UPI,Delivered,Nagpur,0,,40.81,0,29.44
701231,530217,328746,16-02-2025,20-02-2025,1,299,0,0,299,Amazon,Organic Search,Credit Card,Delivered,Nagpur,0,,57.99,61.85,55.59
734002,530217,384259,06-03-2025,07-03-2025,3,649,0,0,1947,Quick Commerce,Organic Search,UPI,Delivered,Nagpur,0,,87.58,0,31.62
734003,530217,328746,24-08-2025,28-08-2025,3,299,15,134.55,762.45,D2C Website,Organic Search,Credit Card,Delivered,Nagpur,0,,77.67,0,25.77
734006,530217,397912,24-12-2025,30-12-2025,3,399,0,0,1197,D2C Website,Organic Search,Wallet,Delivered,Nagpur,0,,75,0,42.64
701244,587562,397647,13-09-2024,14-09-2024,2,799,10,159.8,1438.2,Myntra,Google,Net Banking,Delivered,Pune,0,,69.2,332.04,52.94
701246,562991,351856,24-08-2025,26-08-2025,2,449,5,44.9,853.1,Nykaa,Marketplace,UPI,Delivered,Jaipur,0,,43.17,201.5,29.79
734018,562991,328746,26-10-2025,29-10-2025,1,299,0,0,299,D2C Website,Marketplace,UPI,Delivered,Jaipur,0,,55.32,0,58.74
766787,522037,397647,23-05-2025,27-05-2025,1,799,0,0,799,D2C Website,Google,UPI,Delivered,Bengaluru,0,,81.78,0,56.76
701255,587580,360142,10-05-2025,13-05-2025,1,349,35,122.15,226.85,D2C Website,Google,Credit Card,Delivered,Mumbai,0,,69.3,0,53.97
701258,571200,373579,08-12-2025,12-12-2025,1,449,10,44.9,404.1,D2C Website,Instagram,Net Banking,Delivered,Mumbai,0,,74.83,0,57.28
766795,571200,332325,10-12-2025,12-12-2025,1,399,20,79.8,319.2,Myntra,Instagram,Cash on Delivery,Delivered,Mumbai,0,,41.99,52.04,29.04
799563,571200,328746,15-12-2025,17-12-2025,1,299,5,14.95,284.05,D2C Website,Instagram,UPI,Delivered,Mumbai,0,,84.13,0,59.16
734029,571200,360142,16-12-2025,20-12-2025,2,349,15,104.7,593.3,Nykaa,Instagram,Net Banking,Delivered,Mumbai,0,,45.25,94.57,23.95
701262,571200,318301,18-12-2025,23-12-2025,3,249,0,0,747,D2C Website,Instagram,UPI,Delivered,Mumbai,0,,81.19,0,51.17
701268,571200,397647,24-12-2025,26-12-2025,1,799,0,0,799,Offline Store,Instagram,Cash on Delivery,Delivered,Mumbai,0,,0,0,32.49
734037,571200,318301,25-12-2025,30-12-2025,1,249,15,37.35,211.65,D2C Website,Instagram,UPI,Delivered,Mumbai,0,,49.92,0,52.62
701275,571200,318726,28-12-2025,30-12-2025,1,549,0,0,549,Amazon,Instagram,Debit Card,Delivered,Mumbai,0,,64.17,108.36,42.58
766813,571200,384259,29-12-2025,30-12-2025,1,649,15,97.35,551.65,Nykaa,Instagram,Credit Card,Returned,Mumbai,1,Changed Mind,68.66,83.58,34.92
734046,505683,370644,10-11-2025,13-11-2025,1,449,10,44.9,404.1,D2C Website,Google,UPI,Delivered,Kolkata,0,,67.88,0,52.41
701287,538452,360142,17-09-2025,19-09-2025,2,349,15,104.7,593.3,Amazon,Instagram,Wallet,Returned,Patna,1,Product Not As Described,53.73,99.32,56.23
701292,538452,397912,23-09-2025,28-09-2025,1,399,5,19.95,379.05,D2C Website,Instagram,UPI,Delivered,Patna,0,,75.67,0,48.15
766828,538452,373579,13-10-2025,16-10-2025,1,449,25,112.25,336.75,D2C Website,Instagram,Cash on Delivery,Delivered,Patna,0,,60.87,0,42.44
701296,538452,397647,27-11-2025,28-11-2025,2,799,10,159.8,1438.2,Myntra,Instagram,UPI,Delivered,Patna,0,,86.06,354.07,54.01
799600,538452,360142,28-12-2025,02-01-2026,1,349,20,69.8,279.2,Amazon,Instagram,Cash on Delivery,Returned,Patna,1,Product Not As Described,62.34,65.92,47.12
799602,513875,397912,16-03-2024,18-03-2024,2,399,20,159.6,638.4,Amazon,Instagram,Credit Card,Delivered,Chennai,0,,66.43,137.93,30.7
701301,513875,360142,09-07-2024,12-07-2024,1,349,15,52.35,296.65,D2C Website,Instagram,Credit Card,Returned,Chennai,1,Better Price Found Elsewhere,50.27,0,59.76
734078,513875,384259,04-03-2025,06-03-2025,1,649,15,97.35,551.65,D2C Website,Instagram,Cash on Delivery,Delivered,Chennai,0,,41.8,0,41.14
734079,513875,318726,26-09-2025,02-10-2025,1,549,35,192.15,356.85,Nykaa,Instagram,UPI,Delivered,Chennai,0,,66.52,70.25,22
799615,579415,370644,29-07-2025,02-08-2025,1,449,0,0,449,D2C Website,Google,Debit Card,Delivered,Lucknow,0,,69.91,0,50.05
734082,571228,328746,29-09-2024,05-10-2024,1,299,0,0,299,Amazon,Instagram,UPI,Delivered,Mumbai,0,,65.32,53.68,40.37
701317,538469,318301,11-10-2025,17-10-2025,1,249,15,37.35,211.65,D2C Website,Organic Search,Credit Card,Delivered,Hyderabad,0,,60.78,0,39.03
734091,538469,360142,19-10-2025,22-10-2025,1,349,15,52.35,296.65,Myntra,Organic Search,Credit Card,Returned,Hyderabad,1,Damaged in Transit,86.33,50.09,57.3
701329,538469,373579,31-10-2025,02-11-2025,1,449,25,112.25,336.75,D2C Website,Organic Search,Net Banking,Delivered,Hyderabad,0,,67.53,0,57.65
734099,538469,360142,28-11-2025,01-12-2025,1,349,25,87.25,261.75,Quick Commerce,Organic Search,Net Banking,Delivered,Hyderabad,0,,83.68,0,39.7
799637,538469,318301,19-12-2025,21-12-2025,1,249,25,62.25,186.75,Amazon,Organic Search,UPI,Delivered,Hyderabad,0,,59.52,32.72,33.56
734108,595817,318726,01-08-2025,06-08-2025,1,549,0,0,549,Nykaa,Google,UPI,Delivered,Mumbai,0,,40.49,92.6,57.02
799648,595817,332325,11-10-2025,15-10-2025,1,399,5,19.95,379.05,Quick Commerce,Google,Debit Card,Delivered,Mumbai,0,,47.5,0,35.14
701346,595817,376484,24-12-2025,29-12-2025,1,499,0,0,499,D2C Website,Google,Debit Card,Delivered,Mumbai,0,,74.13,0,41.37
734114,505720,384259,20-02-2025,21-02-2025,1,649,10,64.9,584.1,Myntra,Google,UPI,Delivered,Mumbai,0,,50.69,134.1,33.25
734116,554874,318301,09-02-2025,13-02-2025,2,249,5,24.9,473.1,Nykaa,Instagram,Wallet,Delivered,Chandigarh,0,,56.08,73.61,48.06
734115,554874,376622,16-04-2025,18-04-2025,3,899,0,0,2697,Amazon,Instagram,Cash on Delivery,Delivered,Chandigarh,0,,53.72,452.46,25.23
701352,554874,397647,14-06-2025,16-06-2025,2,799,15,239.7,1358.3,Nykaa,Instagram,Credit Card,Delivered,Chandigarh,0,,52.08,330.57,23.25
766889,554874,328746,30-10-2025,05-11-2025,1,299,10,29.9,269.1,D2C Website,Instagram,Net Banking,Delivered,Chandigarh,0,,61.08,0,58.01
799657,554874,384259,27-12-2025,31-12-2025,1,649,10,64.9,584.1,D2C Website,Instagram,UPI,Delivered,Chandigarh,0,,63.89,0,51.72
701362,505726,318726,18-12-2025,24-12-2025,2,549,20,219.6,878.4,D2C Website,Google,Debit Card,Delivered,Delhi,0,,83.02,0,54.79
734131,505726,332325,21-12-2025,27-12-2025,1,399,5,19.95,379.05,Nykaa,Google,UPI,Delivered,Delhi,0,,88.8,81.01,43.43
734132,505726,376484,26-12-2025,27-12-2025,2,499,10,99.8,898.2,D2C Website,Google,Net Banking,Delivered,Delhi,0,,65.82,0,49.93
701364,505726,376484,28-12-2025,03-01-2026,1,499,15,74.85,424.15,D2C Website,Google,Cash on Delivery,Delivered,Delhi,0,,69.67,0,23.5
701368,579457,318726,24-06-2024,29-06-2024,1,549,0,0,549,Nykaa,Google,Credit Card,Delivered,Pune,0,,45.82,104.37,56.61
799672,579457,318726,26-06-2024,29-06-2024,1,549,10,54.9,494.1,Amazon,Google,UPI,Delivered,Pune,0,,86.9,121.55,55.11
734141,530311,318726,21-03-2025,23-03-2025,2,549,15,164.7,933.3,Myntra,Offline Store,UPI,Delivered,Nagpur,0,,36.12,214.13,42.01
799678,530311,373579,09-10-2025,10-10-2025,2,449,25,224.5,673.5,Myntra,Offline Store,Cash on Delivery,Returned,Nagpur,1,Allergic Reaction,49.05,107.59,40.18
799679,530311,385909,16-11-2025,22-11-2025,1,429,10,42.9,386.1,Amazon,Offline Store,Credit Card,Delivered,Nagpur,0,,45.02,60.14,23.43
734144,530311,385909,24-12-2025,29-12-2025,2,429,25,214.5,643.5,Amazon,Offline Store,Debit Card,Delivered,Nagpur,0,,67.05,112.83,50.19
799684,530311,351856,26-12-2025,01-01-2026,1,449,15,67.35,381.65,D2C Website,Offline Store,UPI,Returned,Nagpur,1,Better Price Found Elsewhere,40.4,0,47.89
799690,579471,347447,12-08-2025,18-08-2025,1,349,10,34.9,314.1,Offline Store,Google,UPI,Delivered,Hyderabad,0,,0,0,57.6
799691,579471,347447,14-08-2025,18-08-2025,1,349,0,0,349,Quick Commerce,Google,Debit Card,Delivered,Hyderabad,0,,50.01,0,46.36
766924,579471,376622,20-12-2025,26-12-2025,1,899,10,89.9,809.1,D2C Website,Google,Credit Card,Delivered,Hyderabad,0,,51.11,0,59.04
701390,563092,376484,19-03-2025,22-03-2025,1,499,0,0,499,Amazon,Influencer,Credit Card,Delivered,Nagpur,0,,51.36,81.26,40.65
766932,587670,318301,11-03-2025,13-03-2025,2,249,35,174.3,323.7,D2C Website,Instagram,Debit Card,Delivered,Delhi,0,,82.56,0,30.24
701398,587670,397912,06-04-2025,08-04-2025,3,399,10,119.7,1077.3,Quick Commerce,Instagram,Debit Card,Delivered,Delhi,0,,86.95,0,38.53
734167,587670,397647,11-04-2025,17-04-2025,1,799,10,79.9,719.1,Offline Store,Instagram,Cash on Delivery,Delivered,Delhi,0,,0,0,37.77
701401,587670,360142,27-04-2025,03-05-2025,1,349,0,0,349,D2C Website,Instagram,Debit Card,Returned,Delhi,1,Wrong Item Delivered,42.15,0,51.97
734170,587670,397912,26-07-2025,31-07-2025,1,399,0,0,399,D2C Website,Instagram,Credit Card,Delivered,Delhi,0,,52.75,0,28.27
799708,587670,376484,28-09-2025,01-10-2025,1,499,25,124.75,374.25,D2C Website,Instagram,Debit Card,Delivered,Delhi,0,,67.47,0,43.97
734172,587670,332325,02-10-2025,06-10-2025,2,399,10,79.8,718.2,D2C Website,Instagram,Cash on Delivery,Delivered,Delhi,0,,39.13,0,55.82
701407,587670,397647,04-12-2025,09-12-2025,1,799,0,0,799,D2C Website,Instagram,Cash on Delivery,Delivered,Delhi,0,,78.37,0,23.41
734184,579482,328746,20-03-2025,22-03-2025,1,299,15,44.85,254.15,Offline Store,Google,Cash on Delivery,Delivered,Delhi,0,,0,0,29.21
766954,579482,347447,12-04-2025,17-04-2025,1,349,15,52.35,296.65,D2C Website,Google,Debit Card,Delivered,Delhi,0,,48.47,0,59.58
734189,513947,384259,05-11-2025,07-11-2025,2,649,10,129.8,1168.2,D2C Website,Referral,Cash on Delivery,Delivered,Chennai,0,,89.39,0,56.69
701424,587684,351856,28-07-2025,01-08-2025,1,449,25,112.25,336.75,Nykaa,Marketplace,Cash on Delivery,Cancelled,Coimbatore,0,,61.93,80.46,32.81
734194,587684,318726,16-08-2025,21-08-2025,1,549,15,82.35,466.65,D2C Website,Marketplace,UPI,Delivered,Coimbatore,0,,76.04,0,46.45
799732,587684,332325,11-11-2025,17-11-2025,1,399,20,79.8,319.2,Nykaa,Marketplace,Debit Card,Delivered,Coimbatore,0,,79.64,66.88,53.65
701428,530340,318301,27-03-2025,28-03-2025,1,249,15,37.35,211.65,D2C Website,Instagram,Credit Card,Delivered,Delhi,0,,55.84,0,30.41
766965,530340,370644,31-03-2025,05-04-2025,1,449,0,0,449,Myntra,Instagram,UPI,Delivered,Delhi,0,,86.26,85.53,24.29
799740,554921,318301,07-08-2025,10-08-2025,1,249,15,37.35,211.65,Offline Store,Organic Search,Credit Card,Delivered,Kolkata,0,,0,0,31.92
734205,505778,318726,22-12-2025,25-12-2025,1,549,20,109.8,439.2,Nykaa,Google,UPI,Delivered,Patna,0,,53.53,92.46,55.55
701438,579507,376484,11-03-2025,13-03-2025,1,499,35,174.65,324.35,D2C Website,Influencer,Credit Card,Delivered,Ahmedabad,0,,74.11,0,24.72
734206,579507,373579,28-08-2025,31-08-2025,1,449,25,112.25,336.75,Nykaa,Influencer,Debit Card,Delivered,Ahmedabad,0,,38.11,63.61,40.42
799744,513970,360142,22-05-2025,23-05-2025,1,349,25,87.25,261.75,D2C Website,Google,Debit Card,Delivered,Delhi,0,,75.75,0,34.56
701444,513970,332325,14-12-2025,16-12-2025,1,399,20,79.8,319.2,Nykaa,Google,UPI,Delivered,Delhi,0,,61.2,69.84,45.27
766981,554935,318301,21-11-2025,25-11-2025,1,249,20,49.8,199.2,D2C Website,Referral,Debit Card,Returned,Bengaluru,1,Damaged in Transit,43.81,0,56.88
766982,513979,351856,01-02-2025,05-02-2025,3,449,0,0,1347,D2C Website,Google,UPI,Returned,Delhi,1,Changed Mind,38.37,0,34.42
701447,513979,373579,19-04-2025,24-04-2025,1,449,5,22.45,426.55,D2C Website,Google,UPI,Delivered,Delhi,0,,77.37,0,38.97
734212,513979,397647,08-06-2025,14-06-2025,2,799,20,319.6,1278.4,Offline Store,Google,Credit Card,Delivered,Delhi,0,,0,0,44.21
734227,513979,328746,22-09-2025,27-09-2025,2,299,15,89.7,508.3,D2C Website,Google,Wallet,Delivered,Delhi,0,,52.91,0,48.15
799766,513979,385909,29-10-2025,02-11-2025,1,429,35,150.15,278.85,Offline Store,Google,Net Banking,Delivered,Delhi,0,,0,0,46.27
701469,579516,318301,19-01-2025,21-01-2025,1,249,15,37.35,211.65,D2C Website,Google,Net Banking,Delivered,Hyderabad,0,,56.51,0,42.88
767009,579516,397647,18-11-2025,21-11-2025,1,799,25,199.75,599.25,Offline Store,Google,Net Banking,Delivered,Hyderabad,0,,0,0,26.26
734243,579516,384259,29-12-2025,03-01-2026,1,649,20,129.8,519.2,Myntra,Google,UPI,Delivered,Hyderabad,0,,54.78,92.79,39.28
799784,554948,384259,04-06-2024,08-06-2024,3,649,0,0,1947,D2C Website,Google,Debit Card,Delivered,Delhi,0,,89.32,0,34.58
799788,554948,318726,09-06-2024,11-06-2024,1,549,25,137.25,411.75,Offline Store,Google,Credit Card,Returned,Delhi,1,Wrong Item Delivered,0,0,47.71
734253,554948,376484,27-06-2024,29-06-2024,2,499,5,49.9,948.1,Nykaa,Google,Credit Card,Delivered,Delhi,0,,61.96,172.85,21.03
767021,554948,328746,24-09-2024,28-09-2024,1,299,20,59.8,239.2,Amazon,Google,Credit Card,Delivered,Delhi,0,,43.32,54.63,25.91
767024,554948,376484,29-12-2024,04-01-2025,1,499,20,99.8,399.2,Nykaa,Google,Credit Card,Delivered,Delhi,0,,78.86,96.94,34.27
734257,554948,318726,28-03-2025,01-04-2025,1,549,20,109.8,439.2,D2C Website,Google,UPI,Delivered,Delhi,0,,62.38,0,34.98
799793,554948,328746,19-04-2025,22-04-2025,2,299,0,0,598,Amazon,Google,Cash on Delivery,Delivered,Delhi,0,,57.55,125.5,39.38
799799,554948,397912,29-05-2025,03-06-2025,2,399,10,79.8,718.2,D2C Website,Google,UPI,Delivered,Delhi,0,,81.78,0,39.95
767032,554948,318726,21-09-2025,27-09-2025,3,549,35,576.45,1070.55,Quick Commerce,Google,Unknown,Delivered,Delhi,0,,36.86,0,47.38
767033,554948,332325,26-11-2025,28-11-2025,1,399,35,139.65,259.35,Quick Commerce,Google,Credit Card,Delivered,Delhi,0,,35.54,0,58.6
734274,538566,373579,24-03-2025,28-03-2025,3,449,10,134.7,1212.3,D2C Website,Referral,Wallet,Delivered,Ahmedabad,0,,75.7,0,52.75
767045,538566,373579,23-11-2025,24-11-2025,1,449,10,44.9,404.1,D2C Website,Referral,Debit Card,Cancelled,Ahmedabad,0,,53.61,0,24.44
767048,538566,397647,30-11-2025,05-12-2025,1,799,10,79.9,719.1,D2C Website,Referral,UPI,Delivered,Ahmedabad,0,,35.08,0,56.18
701512,538566,384259,03-12-2025,09-12-2025,1,649,0,0,649,D2C Website,Referral,Cash on Delivery,Delivered,Ahmedabad,0,,61.76,0,39.67
767050,563156,318726,03-09-2025,07-09-2025,1,549,25,137.25,411.75,D2C Website,Google,UPI,Delivered,Chennai,0,,46.67,0,41.26
799819,505817,318726,28-06-2025,30-06-2025,1,549,5,27.45,521.55,Quick Commerce,Referral,Debit Card,Returned,Bengaluru,1,Wrong Item Delivered,78.22,0,31.83
767051,595932,332325,01-02-2025,03-02-2025,1,399,15,59.85,339.15,Amazon,Instagram,Cash on Delivery,Delivered,Jaipur,0,,50.21,65.94,42.96
701518,587747,332325,28-11-2025,03-12-2025,1,399,5,19.95,379.05,D2C Website,Referral,Wallet,Returned,Lucknow,1,Better Price Found Elsewhere,43.13,0,51.73
701520,571364,351856,01-05-2024,04-05-2024,1,449,0,0,449,D2C Website,Google,UPI,Returned,Lucknow,1,Changed Mind,47.02,0,31.61
799824,571364,351856,11-06-2024,17-06-2024,1,449,20,89.8,359.2,Quick Commerce,Google,Cash on Delivery,Delivered,Lucknow,0,,50.86,0,32.53
734289,571364,351856,07-08-2024,09-08-2024,2,449,5,44.9,853.1,Myntra,Google,Cash on Delivery,Delivered,Lucknow,0,,52.57,152.69,45.34
734296,571364,397912,13-07-2025,15-07-2025,1,399,15,59.85,339.15,Nykaa,Google,UPI,Delivered,Lucknow,0,,61.3,51.77,56.37
767065,571364,328746,06-11-2025,08-11-2025,1,299,0,0,299,Nykaa,Google,UPI,Delivered,Lucknow,0,,87.22,52.91,39.47
799834,514029,360142,02-12-2025,07-12-2025,3,349,25,261.75,785.25,Amazon,Google,UPI,Delivered,Vadodara,0,,52.44,176.01,24.59
767070,514029,384259,14-12-2025,18-12-2025,1,649,25,162.25,486.75,Offline Store,Google,UPI,Delivered,Vadodara,0,,0,0,39.39
799839,571376,318726,23-10-2024,27-10-2024,1,549,15,82.35,466.65,Amazon,Organic Search,Cash on Delivery,Delivered,Mumbai,0,,63.82,94.6,52.25
701535,571376,370644,05-04-2025,10-04-2025,1,449,20,89.8,359.2,D2C Website,Organic Search,UPI,Delivered,Mumbai,0,,54.05,0,46.18
767075,571376,360142,17-06-2025,18-06-2025,1,349,0,0,349,Offline Store,Organic Search,Net Banking,Delivered,Mumbai,0,,0,0,51.99
734312,579569,385909,30-10-2024,04-11-2024,1,429,10,42.9,386.1,D2C Website,Influencer,Debit Card,Delivered,Delhi,0,,53.64,0,30.04
767081,579570,332325,28-01-2025,01-02-2025,1,399,15,59.85,339.15,Offline Store,Instagram,Cash on Delivery,Delivered,Chandigarh,0,,0,0,23.17
734314,522241,347447,24-06-2025,28-06-2025,1,349,40,139.6,209.4,Nykaa,Influencer,Credit Card,Delivered,Chennai,0,,82.15,32.93,44.83
701545,522241,376484,07-08-2025,13-08-2025,1,499,10,49.9,449.1,D2C Website,Influencer,Cash on Delivery,Delivered,Chennai,0,,88.54,0,25.07
799858,522241,328746,06-09-2025,11-09-2025,2,299,15,89.7,508.3,Quick Commerce,Influencer,Wallet,Delivered,Chennai,0,,77.84,0,56.73
701558,530433,376484,03-04-2025,06-04-2025,1,499,25,124.75,374.25,Quick Commerce,Instagram,Cash on Delivery,Delivered,Indore,0,,59.1,0,35.19
799867,530433,351856,20-04-2025,23-04-2025,1,449,25,112.25,336.75,Myntra,Instagram,UPI,Delivered,Indore,0,,38.69,75.07,28.96
799870,563201,370644,16-11-2024,20-11-2024,1,449,35,157.15,291.85,Nykaa,Influencer,Wallet,Delivered,Guwahati,0,,82.84,62.97,24.13
799873,587782,373579,01-09-2025,06-09-2025,1,449,5,22.45,426.55,D2C Website,Referral,UPI,Delivered,Ahmedabad,0,,52.26,0,56.27
701570,587782,328746,05-09-2025,10-09-2025,1,299,0,0,299,D2C Website,Referral,UPI,Delivered,Ahmedabad,0,,56.78,0,52.42
734340,587782,376622,28-09-2025,04-10-2025,2,899,5,89.9,1708.1,D2C Website,Referral,UPI,Delivered,Ahmedabad,0,,67.69,0,56.65
701581,587782,384259,16-10-2025,21-10-2025,1,649,25,162.25,486.75,Quick Commerce,Referral,Credit Card,Delivered,Ahmedabad,0,,69.61,0,45.32
799899,579593,318726,31-08-2025,06-09-2025,1,549,0,0,549,D2C Website,Instagram,UPI,Delivered,Mumbai,0,,89.13,0,38.6
701597,555027,384259,21-05-2025,26-05-2025,2,649,20,259.6,1038.4,Nykaa,Marketplace,Credit Card,Delivered,Pune,0,,66.96,203.08,52.52
767135,555028,373579,22-06-2025,26-06-2025,1,449,5,22.45,426.55,D2C Website,Google,UPI,Delivered,Mumbai,0,,62.47,0,42.78
701599,595991,328746,06-12-2025,07-12-2025,1,299,5,14.95,284.05,Nykaa,Referral,UPI,Delivered,Mumbai,0,,72.74,64.03,31.69
701602,538652,318301,10-12-2025,16-12-2025,1,249,10,24.9,224.1,Nykaa,Influencer,UPI,Delivered,Chandigarh,0,,86.98,42.57,55.79
799906,587806,384259,07-05-2024,08-05-2024,1,649,5,32.45,616.55,D2C Website,Influencer,UPI,Delivered,Lucknow,0,,68.67,0,48.43
767143,522280,376622,31-07-2024,04-08-2024,1,899,0,0,899,Nykaa,Instagram,Debit Card,Delivered,Chandigarh,0,,56.22,165.92,20.63
799912,522280,376484,01-03-2025,07-03-2025,1,499,20,99.8,399.2,D2C Website,Instagram,Wallet,Delivered,Chandigarh,0,,54.32,0,40
701610,522280,384259,20-04-2025,24-04-2025,1,649,0,0,649,D2C Website,Instagram,UPI,Delivered,Chandigarh,0,,67.12,0,53.61
799914,563242,318726,19-12-2025,22-12-2025,1,549,0,0,549,Myntra,Influencer,Credit Card,Delivered,Mumbai,0,,39.98,99.68,55.17
701617,587819,385909,30-03-2024,04-04-2024,1,429,15,64.35,364.65,D2C Website,Organic Search,Wallet,Delivered,Bengaluru,0,,51.73,0,39.79
767155,555057,376484,11-01-2024,16-01-2024,2,499,15,149.7,848.3,D2C Website,Instagram,UPI,Delivered,Indore,0,,42.81,0,40.86
799927,555057,384259,27-07-2024,30-07-2024,1,649,10,64.9,584.1,Nykaa,Instagram,Credit Card,Delivered,Indore,0,,73.4,114.1,20.96
701627,555057,376484,20-12-2024,22-12-2024,1,499,25,124.75,374.25,Amazon,Instagram,UPI,Delivered,Indore,0,,57.85,71.43,27.27
799937,555057,376484,16-01-2025,21-01-2025,1,499,0,0,499,Myntra,Instagram,UPI,Delivered,Indore,0,,48.33,94.22,38
701635,555057,328746,13-02-2025,15-02-2025,1,299,0,0,299,Offline Store,Instagram,Cash on Delivery,Delivered,Indore,0,,0,0,57.77
767171,555057,328746,25-07-2025,27-07-2025,1,299,10,29.9,269.1,D2C Website,Instagram,Cash on Delivery,Delivered,Indore,0,,83.26,0,42.27
767174,555057,376484,16-12-2025,19-12-2025,1,499,10,49.9,449.1,Amazon,Instagram,Cash on Delivery,Delivered,Indore,0,,44.39,99.93,23.38
734406,538680,360142,22-11-2025,23-11-2025,2,349,5,34.9,663.1,Nykaa,Instagram,Wallet,Delivered,Kochi,0,,45.57,127.72,21.41
799942,587833,328746,08-11-2025,12-11-2025,3,299,20,179.4,717.6,Nykaa,Instagram,Credit Card,Delivered,Bengaluru,0,,62.6,156.69,59.11
767177,587833,347447,19-11-2025,24-11-2025,1,349,25,87.25,261.75,Myntra,Instagram,Credit Card,Delivered,Bengaluru,0,,43.9,50.34,41.43
734410,587833,351856,09-12-2025,15-12-2025,1,449,5,22.45,426.55,Quick Commerce,Instagram,UPI,Delivered,Bengaluru,0,,86.39,0,38.99
701647,587835,385909,19-08-2025,22-08-2025,1,429,10,42.9,386.1,Amazon,Instagram,UPI,Delivered,Delhi,0,,85.27,67.32,51.63
701648,538684,370644,12-07-2025,18-07-2025,1,449,20,89.8,359.2,Amazon,Influencer,Wallet,Delivered,Bengaluru,0,,59.31,77.91,56.01
799956,555069,370644,18-08-2025,19-08-2025,1,449,10,44.9,404.1,D2C Website,Organic Search,Debit Card,Delivered,Delhi,0,,72.86,0,52.12
799957,538696,397912,17-05-2025,20-05-2025,1,399,10,39.9,359.1,Amazon,Marketplace,UPI,Delivered,Jaipur,0,,53.84,59.3,40.15
767191,538696,376484,27-05-2025,31-05-2025,3,499,0,0,1497,Nykaa,Marketplace,Credit Card,Delivered,Jaipur,0,,36.17,231.51,31.53
767193,538696,397647,31-07-2025,03-08-2025,3,799,0,0,2397,D2C Website,Marketplace,Credit Card,Delivered,Jaipur,0,,38.26,0,38.68
767194,538696,373579,16-09-2025,19-09-2025,3,449,25,336.75,1010.25,D2C Website,Marketplace,UPI,Delivered,Jaipur,0,,41.43,0,35.16
734429,538696,318301,26-09-2025,27-09-2025,1,249,10,24.9,224.1,Myntra,Marketplace,UPI,Delivered,Jaipur,0,,41.3,48.87,33.73
799967,538696,328746,28-09-2025,02-10-2025,2,299,15,89.7,508.3,Nykaa,Marketplace,UPI,Delivered,Jaipur,0,,70.63,80.79,20.67
799968,538696,397647,18-10-2025,24-10-2025,3,799,0,0,2397,D2C Website,Marketplace,Credit Card,Delivered,Jaipur,0,,37.48,0,21.66
701669,538696,318726,15-11-2025,18-11-2025,2,549,35,384.3,713.7,Nykaa,Marketplace,Cash on Delivery,Delivered,Jaipur,0,,70.24,109.48,43.49
701675,538696,373579,03-12-2025,07-12-2025,1,449,10,44.9,404.1,Amazon,Marketplace,UPI,Delivered,Jaipur,0,,66.39,95.94,47.27
767212,538696,373579,30-12-2025,03-01-2026,3,449,0,0,1347,Amazon,Marketplace,Wallet,Delivered,Jaipur,0,,69.31,308.41,33.28
767213,546898,376484,16-11-2024,22-11-2024,1,499,10,49.9,449.1,Offline Store,Marketplace,UPI,Delivered,Ahmedabad,0,,0,0,42.5
734446,505943,397912,01-07-2025,04-07-2025,2,399,15,119.7,678.3,Nykaa,Organic Search,Debit Card,Delivered,Indore,0,,40.35,163.9,21.54
799980,505943,328746,08-07-2025,10-07-2025,1,299,5,14.95,284.05,D2C Website,Organic Search,Debit Card,Delivered,Indore,0,,78.03,0,50.91
734449,505943,376484,12-08-2025,18-08-2025,2,499,15,149.7,848.3,Quick Commerce,Organic Search,Credit Card,Delivered,Indore,0,,49.97,0,45.44
701682,505943,397647,27-08-2025,02-09-2025,1,799,5,39.95,759.05,Amazon,Organic Search,Credit Card,Delivered,Indore,0,,73.63,144.75,46.85
799987,505952,376484,27-02-2024,28-02-2024,1,499,5,24.95,474.05,Quick Commerce,Marketplace,Debit Card,Delivered,Indore,0,,88.51,0,56.09
767219,505952,318726,26-08-2024,31-08-2024,1,549,25,137.25,411.75,Offline Store,Marketplace,UPI,Delivered,Indore,0,,0,0,36.68
799988,505952,318726,15-10-2024,18-10-2024,1,549,15,82.35,466.65,Amazon,Marketplace,Cash on Delivery,Delivered,Indore,0,,66.64,70.48,24.38
734452,505952,376484,22-01-2025,27-01-2025,2,499,20,199.6,798.4,Nykaa,Marketplace,Cash on Delivery,Cancelled,Indore,0,,46.59,195.23,39.91
734454,505952,332325,06-08-2025,11-08-2025,3,399,15,179.55,1017.45,Amazon,Marketplace,Net Banking,Delivered,Indore,0,,56.89,164.39,36.25
701690,505952,384259,19-09-2025,24-09-2025,1,649,10,64.9,584.1,Amazon,Marketplace,Credit Card,Delivered,Indore,0,,47.64,139.79,45.07
701694,555108,351856,20-07-2025,23-07-2025,2,449,15,134.7,763.3,Quick Commerce,Instagram,Debit Card,Delivered,Pune,0,,55.96,0,33.02
734463,555108,397647,23-07-2025,27-07-2025,1,799,20,159.8,639.2,D2C Website,Instagram,Debit Card,Delivered,Pune,0,,55.33,0,29.27
799999,555108,351856,11-08-2025,14-08-2025,1,449,0,0,449,Nykaa,Instagram,Credit Card,Delivered,Pune,0,,59.28,72.2,43.74
701703,555108,332325,13-11-2025,15-11-2025,1,399,15,59.85,339.15,Myntra,Instagram,UPI,Delivered,Pune,0,,76.58,56.36,55.46
767245,514150,351856,12-10-2025,15-10-2025,1,449,5,22.45,426.55,Amazon,Influencer,UPI,Delivered,Ahmedabad,0,,65.55,79.5,45.23
734478,514150,318726,26-10-2025,31-10-2025,1,549,5,27.45,521.55,D2C Website,Influencer,UPI,Delivered,Ahmedabad,0,,41.59,0,56.15
734479,514150,332325,22-11-2025,23-11-2025,1,399,15,59.85,339.15,Quick Commerce,Influencer,Credit Card,Delivered,Ahmedabad,0,,77.57,0,23.76
734481,514150,385909,04-12-2025,07-12-2025,1,429,0,0,429,D2C Website,Influencer,UPI,Delivered,Ahmedabad,0,,86.58,0,53.08
767256,587878,397647,06-09-2024,10-09-2024,1,799,25,199.75,599.25,Quick Commerce,Marketplace,UPI,Delivered,Ahmedabad,0,,81.65,0,30.5
701720,587878,397912,10-09-2025,12-09-2025,2,399,25,199.5,598.5,Amazon,Marketplace,Unknown,Delivered,Ahmedabad,0,,53.98,106.77,46.38
734494,587881,384259,20-12-2025,24-12-2025,1,649,25,162.25,486.75,D2C Website,Referral,Net Banking,Delivered,Delhi,0,,50.72,0,59.44
767264,530539,373579,07-10-2025,09-10-2025,3,449,20,269.4,1077.6,D2C Website,Marketplace,Credit Card,Returned,Kolkata,1,Damaged in Transit,45.41,0,41.9
701731,530539,318301,16-10-2025,20-10-2025,3,249,5,37.35,709.65,Amazon,Marketplace,Cash on Delivery,Delivered,Kolkata,0,,52.89,134.28,26.59
734500,530539,332325,30-10-2025,03-11-2025,1,399,15,59.85,339.15,Amazon,Marketplace,Cash on Delivery,Delivered,Kolkata,0,,79.09,50.95,31.25
767275,530539,370644,03-11-2025,06-11-2025,1,449,15,67.35,381.65,Amazon,Marketplace,Net Banking,Delivered,Kolkata,0,,84.15,89.49,20.14
701742,530539,370644,25-11-2025,01-12-2025,2,449,15,134.7,763.3,Amazon,Marketplace,UPI,Delivered,Kolkata,0,,50.53,141.39,33.02
701743,530539,360142,30-11-2025,01-12-2025,1,349,10,34.9,314.1,Myntra,Marketplace,Debit Card,Returned,Kolkata,1,Product Not As Described,86.96,51.62,48.79
767284,530539,397647,03-12-2025,05-12-2025,1,799,5,39.95,759.05,D2C Website,Marketplace,Credit Card,Delivered,Kolkata,0,,86.64,0,54.52
734520,530539,360142,12-12-2025,18-12-2025,1,349,25,87.25,261.75,Quick Commerce,Marketplace,Debit Card,Cancelled,Kolkata,0,,42.77,0,39.25
734521,530539,385909,17-12-2025,21-12-2025,2,429,10,85.8,772.2,D2C Website,Marketplace,Cash on Delivery,Delivered,Kolkata,0,,62.68,0,22.47
734523,505965,328746,31-05-2025,02-06-2025,2,299,0,0,598,Quick Commerce,Google,UPI,Delivered,Guwahati,0,,73.07,0,27.37
767294,505965,384259,15-06-2025,19-06-2025,2,649,5,64.9,1233.1,D2C Website,Google,Wallet,Delivered,Guwahati,0,,40.79,0,51.32
767302,505965,332325,07-07-2025,13-07-2025,2,399,10,79.8,718.2,Amazon,Google,Credit Card,Delivered,Guwahati,0,,83.51,128.66,33.43
701769,505965,332325,15-07-2025,20-07-2025,1,399,20,79.8,319.2,Offline Store,Google,UPI,Delivered,Guwahati,0,,0,0,45.61
767305,505965,332325,05-09-2025,08-09-2025,2,399,25,199.5,598.5,Offline Store,Google,Cash on Delivery,Delivered,Guwahati,0,,0,0,26.04
734541,505965,384259,17-09-2025,20-09-2025,1,649,5,32.45,616.55,Offline Store,Google,UPI,Returned,Guwahati,1,Product Not As Described,0,0,27.76
701776,505965,347447,25-09-2025,27-09-2025,1,349,5,17.45,331.55,Myntra,Google,Credit Card,Delivered,Guwahati,0,,83.67,61.22,26.28
701777,505965,351856,22-11-2025,28-11-2025,1,449,25,112.25,336.75,Myntra,Google,Cash on Delivery,Delivered,Guwahati,0,,62.75,64.09,48.37
767314,571511,384259,13-11-2025,15-11-2025,1,649,35,227.15,421.85,D2C Website,Organic Search,Credit Card,Returned,Mumbai,1,Changed Mind,58.25,0,37.57
734544,571511,384259,28-12-2025,30-12-2025,2,649,35,454.3,843.7,Amazon,Organic Search,Credit Card,Delivered,Mumbai,0,,39.16,129.23,24.94
701785,514168,360142,15-02-2024,18-02-2024,1,349,0,0,349,Amazon,Instagram,Net Banking,Delivered,Pune,0,,72.43,59.59,28.86
701787,514168,397912,19-05-2024,25-05-2024,2,399,5,39.9,758.1,Quick Commerce,Instagram,Net Banking,Delivered,Pune,0,,88.5,0,57.66
701788,514168,373579,06-10-2024,11-10-2024,2,449,15,134.7,763.3,D2C Website,Instagram,UPI,Delivered,Pune,0,,56.89,0,31.18
701790,514168,373579,14-01-2025,16-01-2025,1,449,5,22.45,426.55,Quick Commerce,Instagram,Credit Card,Delivered,Pune,0,,42.43,0,22.33
767329,514168,370644,05-05-2025,10-05-2025,1,449,20,89.8,359.2,Myntra,Instagram,Wallet,Delivered,Pune,0,,73.12,72.86,56.58
734562,514168,373579,09-06-2025,12-06-2025,2,449,25,224.5,673.5,Nykaa,Instagram,UPI,Delivered,Pune,0,,54.45,105.87,51
734567,514168,397647,03-10-2025,05-10-2025,3,799,10,239.7,2157.3,D2C Website,Instagram,Cash on Delivery,Delivered,Pune,0,,64.93,0,23.77
734571,587900,384259,31-08-2024,05-09-2024,2,649,25,324.5,973.5,Amazon,Instagram,Debit Card,Delivered,Mumbai,0,,55.77,148.12,37.05
734578,587900,373579,25-04-2025,27-04-2025,1,449,0,0,449,Nykaa,Instagram,Cash on Delivery,Delivered,Mumbai,0,,38.28,84.41,35.89
734581,538752,397912,14-12-2025,16-12-2025,3,399,5,59.85,1137.15,D2C Website,Google,UPI,Delivered,Bengaluru,0,,52.1,0,58.08
767353,563335,373579,10-04-2025,13-04-2025,1,449,10,44.9,404.1,D2C Website,Offline Store,Credit Card,Delivered,Mumbai,0,,78,0,59.73
701818,514184,360142,23-10-2024,25-10-2024,2,349,0,0,698,D2C Website,Marketplace,UPI,Delivered,Jaipur,0,,87.55,0,25.01
701821,514184,318301,28-07-2025,31-07-2025,1,249,15,37.35,211.65,Amazon,Marketplace,Net Banking,Delivered,Jaipur,0,,61.4,38.59,44.54
767361,514184,397912,13-10-2025,19-10-2025,1,399,20,79.8,319.2,Amazon,Marketplace,Debit Card,Delivered,Jaipur,0,,68.83,52.22,40.94
701832,514184,318301,29-12-2025,03-01-2026,1,249,20,49.8,199.2,D2C Website,Marketplace,Net Banking,Delivered,Jaipur,0,,54.46,0,54.69
734608,546955,347447,19-09-2025,20-09-2025,1,349,10,34.9,314.1,Myntra,Google,UPI,Delivered,Mumbai,0,,65.38,53.85,50.51
767376,546955,328746,12-10-2025,18-10-2025,2,299,15,89.7,508.3,Myntra,Google,UPI,Delivered,Mumbai,0,,37.31,82.02,58.15
701850,579730,332325,30-12-2024,03-01-2025,1,399,10,39.9,359.1,D2C Website,Instagram,UPI,Cancelled,Jaipur,0,,50.43,0,27.91
701851,579730,318726,29-08-2025,03-09-2025,1,549,0,0,549,Amazon,Instagram,UPI,Delivered,Jaipur,0,,43.53,131.41,56.54
701857,579730,384259,19-11-2025,25-11-2025,1,649,20,129.8,519.2,Nykaa,Instagram,Cash on Delivery,Delivered,Jaipur,0,,78.79,87.07,39.3
701859,538770,376484,01-03-2025,07-03-2025,1,499,0,0,499,D2C Website,Google,UPI,Delivered,Lucknow,0,,63.79,0,41.37
767397,538770,384259,02-03-2025,04-03-2025,1,649,10,64.9,584.1,Nykaa,Google,Credit Card,Delivered,Lucknow,0,,47.56,97.44,24.69
734629,538770,376484,13-04-2025,15-04-2025,2,499,10,99.8,898.2,Nykaa,Google,Net Banking,Delivered,Lucknow,0,,46.4,205.21,25.41
701865,538770,384259,30-09-2025,06-10-2025,1,649,5,32.45,616.55,Nykaa,Google,Cash on Delivery,Delivered,Lucknow,0,,49.08,140.01,24.49
767403,538770,384259,21-10-2025,27-10-2025,1,649,20,129.8,519.2,D2C Website,Google,Credit Card,Returned,Lucknow,1,Wrong Item Delivered,72.62,0,53.83
734638,514201,347447,16-08-2024,21-08-2024,1,349,5,17.45,331.55,Nykaa,Influencer,Credit Card,Delivered,Mumbai,0,,68.01,60.05,38.18
767412,514201,397912,16-01-2025,20-01-2025,1,399,25,99.75,299.25,Amazon,Influencer,Wallet,Delivered,Mumbai,0,,66.57,69.76,49.46
701877,514201,376484,15-03-2025,19-03-2025,1,499,25,124.75,374.25,D2C Website,Influencer,Wallet,Delivered,Mumbai,0,,57.61,0,43.95
701883,514201,328746,01-06-2025,05-06-2025,1,299,25,74.75,224.25,Nykaa,Influencer,UPI,Cancelled,Mumbai,0,,70.12,41.7,34.62
767427,514201,318726,21-10-2025,24-10-2025,2,549,35,384.3,713.7,D2C Website,Influencer,Credit Card,Cancelled,Mumbai,0,,64.68,0,34.43
767435,538780,370644,02-12-2025,07-12-2025,1,449,10,44.9,404.1,D2C Website,Google,UPI,Delivered,Jaipur,0,,45.36,0,37.75
734668,538780,376484,15-12-2025,21-12-2025,3,499,35,523.95,973.05,Myntra,Google,Credit Card,Delivered,Jaipur,0,,77.12,223.18,59.66
734669,538780,397647,16-12-2025,17-12-2025,1,799,0,0,799,Amazon,Google,Cash on Delivery,Delivered,Jaipur,0,,41.05,136.59,50.29
734670,538780,370644,20-12-2025,25-12-2025,1,449,15,67.35,381.65,D2C Website,Google,UPI,Delivered,Jaipur,0,,36.01,0,21.95
734674,538780,397912,24-12-2025,25-12-2025,1,399,10,39.9,359.1,D2C Website,Google,UPI,Delivered,Jaipur,0,,68.99,0,28
701908,514208,370644,15-11-2024,19-11-2024,1,449,25,112.25,336.75,D2C Website,Google,Debit Card,Returned,Chandigarh,1,Product Not As Described,44.58,0,58.87
734692,514208,384259,15-02-2025,21-02-2025,1,649,15,97.35,551.65,Myntra,Google,UPI,Delivered,Chandigarh,0,,56.33,87.01,31.05
767467,514208,373579,28-04-2025,02-05-2025,1,449,15,67.35,381.65,D2C Website,Google,Debit Card,Delivered,Chandigarh,0,,47.47,0,24.68
701932,530595,351856,29-07-2025,31-07-2025,1,449,20,89.8,359.2,Myntra,Google,UPI,Delivered,Pune,0,,39.71,56.17,37.96
734701,530595,351856,07-11-2025,12-11-2025,1,449,15,67.35,381.65,Myntra,Google,Cash on Delivery,Delivered,Pune,0,,75.62,75,21.85
767470,546984,351856,02-06-2024,08-06-2024,2,449,10,89.8,808.2,D2C Website,Instagram,UPI,Delivered,Lucknow,0,,79.14,0,59.91
701952,546984,351856,08-06-2024,11-06-2024,1,449,40,179.6,269.4,Quick Commerce,Instagram,Credit Card,Delivered,Lucknow,0,,78.99,0,29.55
767488,546984,385909,26-06-2024,27-06-2024,1,429,10,42.9,386.1,Amazon,Instagram,UPI,Delivered,Lucknow,0,,43.25,94.41,27.43
767490,546984,347447,11-08-2024,16-08-2024,1,349,15,52.35,296.65,Quick Commerce,Instagram,Credit Card,Delivered,Lucknow,0,,55.7,0,59.77
701958,546984,385909,21-01-2025,25-01-2025,1,429,25,107.25,321.75,Quick Commerce,Instagram,UPI,Delivered,Lucknow,0,,58.29,0,26.74
701965,546984,385909,03-05-2025,05-05-2025,3,429,10,128.7,1158.3,D2C Website,Instagram,UPI,Delivered,Lucknow,0,,59.52,0,37.75
767503,546984,351856,02-06-2025,05-06-2025,2,449,15,134.7,763.3,D2C Website,Instagram,UPI,Delivered,Lucknow,0,,55.2,0,23.42
734743,546984,351856,24-07-2025,26-07-2025,2,449,10,89.8,808.2,Myntra,Instagram,UPI,Delivered,Lucknow,0,,72.52,161.32,57.2
734754,546984,328746,22-08-2025,26-08-2025,1,299,5,14.95,284.05,Myntra,Instagram,Net Banking,Delivered,Lucknow,0,,54.13,61.86,35.75
734757,546984,385909,16-12-2025,21-12-2025,1,429,0,0,429,Amazon,Instagram,Credit Card,Delivered,Lucknow,0,,69.34,103.5,56.4
701990,555176,318726,24-04-2025,30-04-2025,3,549,0,0,1647,Nykaa,Google,Credit Card,Returned,Mumbai,1,Product Not As Described,61.25,288.11,24.24
734771,563372,360142,08-07-2024,14-07-2024,1,349,10,34.9,314.1,Nykaa,Organic Search,Unknown,Delivered,Bhopal,0,,73.59,52.05,40.03
734774,563372,397912,14-10-2024,17-10-2024,2,399,15,119.7,678.3,D2C Website,Organic Search,Wallet,Delivered,Bhopal,0,,59.18,0,22.97
767550,563372,397912,20-01-2025,22-01-2025,1,399,5,19.95,379.05,Myntra,Organic Search,Debit Card,Delivered,Bhopal,0,,60.85,91.85,53.66
767552,506028,332325,29-05-2024,04-06-2024,1,399,5,19.95,379.05,Myntra,Instagram,Debit Card,Returned,Bengaluru,1,Better Price Found Elsewhere,52.06,79.49,57.76
734786,530613,370644,01-03-2025,02-03-2025,1,449,0,0,449,Myntra,Marketplace,UPI,Delivered,Chandigarh,0,,78.73,96.51,57.33
767559,530613,385909,05-06-2025,06-06-2025,2,429,20,171.6,686.4,Amazon,Marketplace,Cash on Delivery,Delivered,Chandigarh,0,,46.35,129.52,55.07
702033,530613,351856,07-07-2025,13-07-2025,2,449,10,89.8,808.2,Amazon,Marketplace,UPI,Delivered,Chandigarh,0,,47.19,138.46,23.62
767571,530613,332325,26-08-2025,01-09-2025,3,399,5,59.85,1137.15,D2C Website,Marketplace,Debit Card,Delivered,Chandigarh,0,,39.83,0,26.49
702035,530613,385909,28-10-2025,31-10-2025,2,429,20,171.6,686.4,Quick Commerce,Marketplace,UPI,Delivered,Chandigarh,0,,55.94,0,58.2
734809,530613,351856,01-12-2025,02-12-2025,1,449,5,22.45,426.55,Nykaa,Marketplace,Debit Card,Delivered,Chandigarh,0,,71.61,88.28,54.08
702043,571582,360142,01-05-2025,07-05-2025,1,349,5,17.45,331.55,Myntra,Organic Search,Wallet,Delivered,Kolkata,0,,59.07,79.38,52.8
734815,571582,397912,11-06-2025,14-06-2025,1,399,5,19.95,379.05,Nykaa,Organic Search,Credit Card,Delivered,Kolkata,0,,50.41,72.82,30.85
702049,571582,376484,09-07-2025,12-07-2025,1,499,5,24.95,474.05,Quick Commerce,Organic Search,UPI,Delivered,Kolkata,0,,73.91,0,53.7
734832,547012,318726,05-05-2025,09-05-2025,1,549,15,82.35,466.65,Nykaa,Instagram,Debit Card,Delivered,Ahmedabad,0,,64.05,112.44,25.08
734834,547012,332325,31-05-2025,01-06-2025,2,399,10,79.8,718.2,D2C Website,Instagram,UPI,Delivered,Ahmedabad,0,,84.2,0,55.29
734838,547012,332325,20-08-2025,21-08-2025,1,399,0,0,399,Quick Commerce,Instagram,UPI,Delivered,Ahmedabad,0,,58.25,0,40.45
767610,547012,318726,07-11-2025,09-11-2025,1,549,5,27.45,521.55,D2C Website,Instagram,UPI,Returned,Ahmedabad,1,Wrong Item Delivered,87.21,0,43.9
734843,506057,384259,19-06-2025,24-06-2025,1,649,20,129.8,519.2,D2C Website,Instagram,UPI,Delivered,Delhi,0,,50.35,0,47.58
702077,538829,351856,01-10-2025,05-10-2025,1,449,0,0,449,D2C Website,Instagram,UPI,Delivered,Chennai,0,,49.14,0,27.53
702080,596180,328746,21-11-2025,24-11-2025,1,299,5,14.95,284.05,D2C Website,Instagram,Credit Card,Delivered,Lucknow,0,,52.3,0,37.21
702082,530647,373579,16-10-2024,17-10-2024,1,449,20,89.8,359.2,Nykaa,Referral,Credit Card,Delivered,Kolkata,0,,88.92,61.54,57.14
702087,579806,332325,10-04-2024,16-04-2024,2,399,20,159.6,638.4,D2C Website,Organic Search,Debit Card,Delivered,Mumbai,0,,48.32,0,24.21
734867,579806,384259,14-05-2024,18-05-2024,2,649,10,129.8,1168.2,Nykaa,Organic Search,UPI,Delivered,Mumbai,0,,37.5,274.27,39.34
702102,579807,373579,19-12-2025,23-12-2025,1,449,10,44.9,404.1,Myntra,Instagram,UPI,Cancelled,Ahmedabad,0,,77.13,83.14,29.1
734875,579807,384259,28-12-2025,29-12-2025,1,649,10,64.9,584.1,Offline Store,Instagram,Cash on Delivery,Delivered,Ahmedabad,0,,0,0,32.91
702112,547049,384259,09-08-2025,13-08-2025,2,649,10,129.8,1168.2,Nykaa,Influencer,Debit Card,Delivered,Delhi,0,,47.26,206.48,59.43
702116,547049,384259,15-08-2025,20-08-2025,1,649,0,0,649,D2C Website,Influencer,Wallet,Delivered,Delhi,0,,58.76,0,44.12
767653,547049,328746,01-10-2025,07-10-2025,1,299,5,14.95,284.05,D2C Website,Influencer,Wallet,Delivered,Delhi,0,,77.45,0,26.25
734888,547049,318726,08-11-2025,10-11-2025,2,549,25,274.5,823.5,Nykaa,Influencer,UPI,Delivered,Delhi,0,,73.63,190.12,51.88
702122,579818,376484,27-10-2025,31-10-2025,2,499,10,99.8,898.2,D2C Website,Instagram,Cash on Delivery,Delivered,Delhi,0,,85.16,0,24.62
734891,579818,384259,23-11-2025,27-11-2025,2,649,0,0,1298,Nykaa,Instagram,Debit Card,Delivered,Delhi,0,,49.78,285.11,20.71
702123,579822,328746,10-02-2025,14-02-2025,3,299,15,134.55,762.45,Myntra,Influencer,UPI,Delivered,Bengaluru,0,,38.71,126.05,30.68
767662,579822,351856,16-02-2025,20-02-2025,1,449,15,67.35,381.65,Amazon,Influencer,UPI,Delivered,Bengaluru,0,,87.05,59.14,49.64
767667,579822,332325,17-07-2025,23-07-2025,3,399,25,299.25,897.75,Quick Commerce,Influencer,Debit Card,Delivered,Bengaluru,0,,50.84,0,37.04
702132,579822,351856,29-07-2025,30-07-2025,2,449,35,314.3,583.7,D2C Website,Influencer,Credit Card,Delivered,Bengaluru,0,,82.4,0,21.41
767672,579822,384259,31-07-2025,06-08-2025,1,649,20,129.8,519.2,Amazon,Influencer,UPI,Delivered,Bengaluru,0,,86.17,110.91,35.25
767673,579822,328746,16-11-2025,21-11-2025,1,299,10,29.9,269.1,Nykaa,Influencer,UPI,Delivered,Bengaluru,0,,36.43,64.38,59.08
767677,579822,384259,03-12-2025,09-12-2025,1,649,20,129.8,519.2,D2C Website,Influencer,Credit Card,Delivered,Bengaluru,0,,56.66,0,51.96
767681,530671,318301,20-10-2024,26-10-2024,1,249,0,0,249,Nykaa,Instagram,Debit Card,Delivered,Bengaluru,0,,67.04,48.81,44.11
767692,514293,347447,15-10-2025,18-10-2025,1,349,25,87.25,261.75,D2C Website,Organic Search,UPI,Delivered,Kolkata,0,,72.96,0,53.33
767694,514293,376484,12-11-2025,15-11-2025,2,499,15,149.7,848.3,D2C Website,Organic Search,UPI,Delivered,Kolkata,0,,84.06,0,24.93
767698,555255,328746,13-05-2024,16-05-2024,1,299,25,74.75,224.25,Myntra,Instagram,UPI,Delivered,Guwahati,0,,44.6,39.9,46.11
702174,571643,376484,26-11-2024,29-11-2024,3,499,0,0,1497,Myntra,Referral,UPI,Delivered,Bengaluru,0,,72.19,341.97,32.38
734946,571643,318726,12-12-2024,17-12-2024,1,549,40,219.6,329.4,Quick Commerce,Referral,Cash on Delivery,Delivered,Bengaluru,0,,36.91,0,43.76
702179,571643,376484,23-01-2025,26-01-2025,2,499,20,199.6,798.4,D2C Website,Referral,Debit Card,Delivered,Bengaluru,0,,70.72,0,38.21
734948,571643,347447,22-04-2025,27-04-2025,2,349,25,174.5,523.5,Quick Commerce,Referral,Net Banking,Delivered,Bengaluru,0,,53.83,0,59.1
702185,571643,318726,23-04-2025,28-04-2025,1,549,20,109.8,439.2,D2C Website,Referral,Debit Card,Delivered,Bengaluru,0,,87.76,0,51.74
702191,571643,328746,14-07-2025,20-07-2025,3,299,35,313.95,583.05,Amazon,Referral,Cash on Delivery,Delivered,Bengaluru,0,,77.13,87.58,34.57
734960,571643,328746,08-08-2025,14-08-2025,1,299,15,44.85,254.15,Myntra,Referral,Cash on Delivery,Delivered,Bengaluru,0,,68.43,50.62,58.71
734964,588039,373579,04-01-2025,10-01-2025,1,449,15,67.35,381.65,D2C Website,Marketplace,Cash on Delivery,Delivered,Coimbatore,0,,61.87,0,38.41
767740,563464,347447,05-10-2025,06-10-2025,1,349,25,87.25,261.75,D2C Website,Influencer,UPI,Delivered,Pune,0,,43.17,0,29.57
767751,563464,376484,21-10-2025,27-10-2025,1,499,25,124.75,374.25,D2C Website,Influencer,Cash on Delivery,Delivered,Pune,0,,39.05,0,46.22
734987,563464,318726,16-11-2025,17-11-2025,2,549,10,109.8,988.2,D2C Website,Influencer,UPI,Delivered,Pune,0,,45.32,0,57.82
767760,563464,376484,28-11-2025,30-11-2025,1,499,10,49.9,449.1,Nykaa,Influencer,Debit Card,Delivered,Pune,0,,66.72,85.55,58.19
767768,563464,373579,12-12-2025,15-12-2025,1,449,25,112.25,336.75,Offline Store,Influencer,UPI,Delivered,Pune,0,,0,0,55.07
735003,563464,376622,19-12-2025,21-12-2025,1,899,10,89.9,809.1,D2C Website,Influencer,UPI,Delivered,Pune,0,,41.94,0,29.13
702248,563464,351856,24-12-2025,25-12-2025,1,449,15,67.35,381.65,Quick Commerce,Influencer,Net Banking,Delivered,Pune,0,,78.19,0,40.95
767792,538890,332325,28-12-2024,03-01-2025,3,399,35,418.95,778.05,D2C Website,Organic Search,UPI,Delivered,Chennai,0,,46.4,0,53.24
702256,514322,376484,19-03-2025,24-03-2025,1,499,0,0,499,Nykaa,Offline Store,Cash on Delivery,Delivered,Mumbai,0,,59.18,102.89,40.77
735027,563483,351856,29-09-2025,30-09-2025,3,449,0,0,1347,D2C Website,Google,Net Banking,Delivered,Mumbai,0,,87.05,0,42.16
767796,563483,385909,12-10-2025,18-10-2025,1,429,5,21.45,407.55,D2C Website,Google,Credit Card,Delivered,Mumbai,0,,35.36,0,59.82
767797,522527,318726,20-12-2024,23-12-2024,1,549,15,82.35,466.65,Nykaa,Instagram,Debit Card,Delivered,Pune,0,,85.9,80.82,53.7
702263,555296,373579,24-12-2025,25-12-2025,1,449,20,89.8,359.2,Nykaa,Referral,UPI,Delivered,Hyderabad,0,,89.15,76.8,37.51
767800,530735,376622,29-10-2025,30-10-2025,1,899,25,224.75,674.25,Amazon,Google,UPI,Delivered,Delhi,0,,59.5,154.6,46.85
767809,579887,384259,04-08-2024,05-08-2024,1,649,35,227.15,421.85,D2C Website,Google,Net Banking,Cancelled,Hyderabad,0,,61.86,0,59.35
735044,579887,373579,22-12-2024,24-12-2024,1,449,40,179.6,269.4,D2C Website,Google,Cash on Delivery,Delivered,Hyderabad,0,,52.71,0,57.73
702277,579887,384259,24-12-2024,26-12-2024,1,649,15,97.35,551.65,D2C Website,Google,Wallet,Delivered,Hyderabad,0,,65.35,0,24.04
702279,579887,376622,29-12-2024,03-01-2025,1,899,5,44.95,854.05,Amazon,Google,Net Banking,Delivered,Hyderabad,0,,44.86,175.54,46.08
735056,579887,347447,22-02-2025,25-02-2025,2,349,20,139.6,558.4,D2C Website,Google,Debit Card,Delivered,Hyderabad,0,,86.18,0,49.17
735060,596276,347447,04-11-2025,09-11-2025,2,349,5,34.9,663.1,D2C Website,Google,Wallet,Delivered,Delhi,0,,77.01,0,58.46
702296,563517,328746,27-02-2024,01-03-2024,1,299,25,74.75,224.25,Amazon,Instagram,UPI,Delivered,Surat,0,,52.66,40.25,53.99
735066,563517,373579,06-04-2024,08-04-2024,1,449,15,67.35,381.65,Nykaa,Instagram,UPI,Delivered,Surat,0,,35.89,74.28,36.44
702299,563517,328746,10-05-2024,14-05-2024,1,299,10,29.9,269.1,D2C Website,Instagram,UPI,Returned,Surat,1,Damaged in Transit,83.96,0,47.92
735073,563517,384259,07-06-2024,09-06-2024,1,649,20,129.8,519.2,D2C Website,Instagram,Cash on Delivery,Delivered,Surat,0,,66.52,0,59.48
735076,506175,351856,10-10-2025,15-10-2025,2,449,0,0,898,Nykaa,Instagram,Credit Card,Delivered,Lucknow,0,,41.27,153.16,27.61
702313,506175,351856,20-10-2025,22-10-2025,1,449,0,0,449,D2C Website,Instagram,Cash on Delivery,Cancelled,Lucknow,0,,69.25,0,58.9
702314,506175,351856,04-11-2025,06-11-2025,1,449,10,44.9,404.1,D2C Website,Instagram,UPI,Delivered,Lucknow,0,,69.71,0,28.45
735082,506175,370644,18-11-2025,23-11-2025,2,449,0,0,898,Nykaa,Instagram,UPI,Delivered,Lucknow,0,,84.29,213.64,31.47
702316,506175,351856,19-11-2025,24-11-2025,1,449,10,44.9,404.1,D2C Website,Instagram,Cash on Delivery,Delivered,Lucknow,0,,61.22,0,52.26
767853,506175,385909,21-12-2025,24-12-2025,2,429,15,128.7,729.3,Nykaa,Instagram,UPI,Delivered,Lucknow,0,,41.98,159.92,37.26
767863,596289,318726,26-02-2025,28-02-2025,1,549,10,54.9,494.1,D2C Website,Marketplace,Credit Card,Delivered,Bengaluru,0,,78.41,0,32.85
702337,579905,385909,14-01-2025,19-01-2025,3,429,15,193.05,1093.95,Amazon,Instagram,Net Banking,Delivered,Jaipur,0,,74.41,166.73,28.75
767873,514371,351856,19-10-2024,20-10-2024,1,449,0,0,449,D2C Website,Google,UPI,Delivered,Pune,0,,89.26,0,56.26
735107,514371,376484,29-10-2024,30-10-2024,1,499,0,0,499,Quick Commerce,Google,UPI,Delivered,Pune,0,,61.22,0,52.51
702348,555333,385909,18-10-2025,21-10-2025,1,429,25,107.25,321.75,Amazon,Referral,UPI,Delivered,Kolkata,0,,35.61,70.84,59.14
735117,563532,397647,29-10-2025,01-11-2025,1,799,35,279.65,519.35,D2C Website,Instagram,Net Banking,Delivered,Bengaluru,0,,58.95,0,58.06
735118,563532,328746,21-12-2025,27-12-2025,1,299,15,44.85,254.15,D2C Website,Instagram,Net Banking,Returned,Bengaluru,1,Better Price Found Elsewhere,64.62,0,23.18
767894,530771,318726,25-11-2025,27-11-2025,1,549,15,82.35,466.65,D2C Website,Influencer,Credit Card,Delivered,Delhi,0,,52.3,0,22.22
767896,530771,318301,29-11-2025,02-12-2025,1,249,0,0,249,Myntra,Influencer,Credit Card,Delivered,Delhi,0,,85.67,61.6,56.93
702367,588117,397912,27-09-2025,30-09-2025,1,399,10,39.9,359.1,D2C Website,Google,UPI,Delivered,Mumbai,0,,78.29,0,21.94
702368,588117,318301,17-12-2025,23-12-2025,1,249,20,49.8,199.2,Amazon,Google,Credit Card,Delivered,Mumbai,0,,75.5,36.17,47.18
702371,530775,318726,09-09-2025,15-09-2025,1,549,5,27.45,521.55,Quick Commerce,Marketplace,Wallet,Delivered,Ahmedabad,0,,83.02,0,33.96
702376,530775,384259,18-10-2025,19-10-2025,1,649,20,129.8,519.2,Quick Commerce,Marketplace,Debit Card,Delivered,Ahmedabad,0,,61.33,0,42.84
735146,530775,384259,26-10-2025,29-10-2025,1,649,15,97.35,551.65,Amazon,Marketplace,UPI,Delivered,Ahmedabad,0,,63.55,102.57,20.22
767917,579928,384259,14-03-2025,15-03-2025,1,649,25,162.25,486.75,D2C Website,Instagram,Cash on Delivery,Delivered,Mumbai,0,,74.23,0,30.19
735162,588125,373579,20-01-2025,23-01-2025,1,449,15,67.35,381.65,Amazon,Influencer,Wallet,Delivered,Surat,0,,59.24,77.68,26.82
767933,588125,385909,05-03-2025,08-03-2025,1,429,0,0,429,Amazon,Influencer,Cash on Delivery,Delivered,Surat,0,,68.28,88.01,54.39
735168,588125,370644,25-03-2025,27-03-2025,1,449,15,67.35,381.65,D2C Website,Influencer,UPI,Delivered,Surat,0,,58.21,0,23.33
735171,588125,360142,11-04-2025,12-04-2025,1,349,0,0,349,D2C Website,Influencer,Debit Card,Delivered,Surat,0,,68.13,0,49.54
735190,538974,332325,23-12-2024,29-12-2024,2,399,15,119.7,678.3,Nykaa,Instagram,UPI,Delivered,Bengaluru,0,,56.12,155.51,27.08
767959,530784,318726,22-11-2024,27-11-2024,1,549,15,82.35,466.65,D2C Website,Instagram,UPI,Delivered,Mumbai,0,,48.21,0,33.53
735194,530784,318726,27-06-2025,28-06-2025,3,549,25,411.75,1235.25,D2C Website,Instagram,Credit Card,Delivered,Mumbai,0,,49.12,0,45.28
767964,530784,370644,05-08-2025,09-08-2025,1,449,0,0,449,Quick Commerce,Instagram,Credit Card,Delivered,Mumbai,0,,61.63,0,50.65
767965,514408,318301,18-12-2024,19-12-2024,1,249,0,0,249,D2C Website,Google,Cash on Delivery,Delivered,Vadodara,0,,72.99,0,55.71
767970,514408,385909,06-12-2025,08-12-2025,1,429,15,64.35,364.65,Myntra,Google,UPI,Delivered,Vadodara,0,,60.22,59.13,38.87
767973,596345,328746,07-11-2025,11-11-2025,2,299,20,119.6,478.4,D2C Website,Instagram,Cash on Delivery,Delivered,Ahmedabad,0,,50.56,0,50.44
702438,596345,384259,11-11-2025,16-11-2025,2,649,0,0,1298,Amazon,Instagram,UPI,Delivered,Ahmedabad,0,,72.58,218.07,23.36
702440,596345,385909,12-11-2025,14-11-2025,1,429,0,0,429,Amazon,Instagram,UPI,Delivered,Ahmedabad,0,,38.7,102.73,23.52
767976,596345,332325,13-11-2025,15-11-2025,2,399,5,39.9,758.1,D2C Website,Instagram,Cash on Delivery,Delivered,Ahmedabad,0,,69.8,0,30.87
767980,596345,385909,27-11-2025,03-12-2025,1,429,10,42.9,386.1,D2C Website,Instagram,UPI,Delivered,Ahmedabad,0,,62.12,0,48.5
702446,596345,384259,13-12-2025,15-12-2025,2,649,0,0,1298,D2C Website,Instagram,Wallet,Delivered,Ahmedabad,0,,60.17,0,48.68
702453,596345,318726,17-12-2025,18-12-2025,2,549,10,109.8,988.2,Amazon,Instagram,Cash on Delivery,Delivered,Ahmedabad,0,,80.89,174.53,58.86
735225,596345,370644,23-12-2025,28-12-2025,1,449,10,44.9,404.1,Amazon,Instagram,UPI,Delivered,Ahmedabad,0,,35.27,61.42,46.42
735231,522617,373579,01-01-2025,06-01-2025,1,449,0,0,449,D2C Website,Offline Store,Credit Card,Delivered,Mumbai,0,,76.18,0,42.41
702464,522617,397647,24-06-2025,29-06-2025,1,799,25,199.75,599.25,Amazon,Offline Store,Net Banking,Delivered,Mumbai,0,,87.67,90.98,50.08
768002,579964,373579,26-12-2025,31-12-2025,1,449,10,44.9,404.1,Amazon,Influencer,Cash on Delivery,Returned,Bengaluru,1,Wrong Item Delivered,64.21,68.93,32.87
702470,579964,373579,27-12-2025,29-12-2025,3,449,20,269.4,1077.6,Nykaa,Influencer,Credit Card,Delivered,Bengaluru,0,,82.03,222.3,38.18
702473,530828,376484,11-06-2025,15-06-2025,1,499,20,99.8,399.2,Amazon,Google,Cash on Delivery,Delivered,Delhi,0,,73.18,77.15,36.01
768012,530828,384259,20-08-2025,25-08-2025,1,649,10,64.9,584.1,Amazon,Google,Wallet,Delivered,Delhi,0,,45.43,94.65,34.59
768013,506258,376484,25-12-2025,29-12-2025,1,499,10,49.9,449.1,Myntra,Influencer,UPI,Delivered,Hyderabad,0,,81.5,93.38,53.87
768014,506258,384259,26-12-2025,29-12-2025,2,649,5,64.9,1233.1,Nykaa,Influencer,UPI,Delivered,Hyderabad,0,,52.52,290.69,24.67
768019,506258,332325,27-12-2025,02-01-2026,1,399,35,139.65,259.35,D2C Website,Influencer,Credit Card,Delivered,Hyderabad,0,,78.24,0,51.86
735251,506258,370644,30-12-2025,05-01-2026,1,449,10,44.9,404.1,D2C Website,Influencer,Unknown,Delivered,Hyderabad,0,,88.92,0,39.4
768021,588184,373579,29-09-2025,30-09-2025,1,449,25,112.25,336.75,Quick Commerce,Google,UPI,Delivered,Bengaluru,0,,54.55,0,38.01
702486,588184,360142,07-10-2025,08-10-2025,3,349,35,366.45,680.55,Amazon,Google,Cash on Delivery,Delivered,Bengaluru,0,,87.34,126.94,20.73
768022,588184,351856,08-10-2025,11-10-2025,1,449,25,112.25,336.75,Quick Commerce,Google,Wallet,Delivered,Bengaluru,0,,49.08,0,31.29
702492,588184,332325,24-12-2025,29-12-2025,1,399,25,99.75,299.25,Nykaa,Google,Credit Card,Delivered,Bengaluru,0,,52.64,71.16,52.49
735261,588188,360142,12-05-2025,16-05-2025,1,349,10,34.9,314.1,Myntra,Google,Credit Card,Delivered,Nagpur,0,,86.36,75.59,41.98
768035,588188,373579,10-12-2025,16-12-2025,2,449,0,0,898,Nykaa,Google,UPI,Delivered,Nagpur,0,,61.04,194.79,57.69
735275,579997,385909,16-09-2024,18-09-2024,1,429,10,42.9,386.1,Myntra,Organic Search,Cash on Delivery,Delivered,Indore,0,,53.37,92.84,59.99
768044,579997,370644,18-10-2024,20-10-2024,1,449,5,22.45,426.55,D2C Website,Organic Search,Wallet,Delivered,Indore,0,,72.72,0,26.42
735279,579997,351856,18-11-2024,22-11-2024,1,449,5,22.45,426.55,Nykaa,Organic Search,Cash on Delivery,Delivered,Indore,0,,73.25,90.64,25.72
735280,579997,351856,25-01-2025,28-01-2025,3,449,0,0,1347,Offline Store,Organic Search,UPI,Delivered,Indore,0,,0,0,55.23
735282,579997,328746,08-04-2025,14-04-2025,1,299,35,104.65,194.35,D2C Website,Organic Search,Credit Card,Delivered,Indore,0,,89.5,0,53.66
735290,571810,318301,13-11-2025,14-11-2025,3,249,5,37.35,709.65,D2C Website,Instagram,Cash on Delivery,Delivered,Ahmedabad,0,,85.88,0,52.44
735296,563624,385909,20-11-2024,22-11-2024,3,429,0,0,1287,Myntra,Influencer,Cash on Delivery,Returned,Mumbai,1,Allergic Reaction,87.83,198.99,44.13
768066,563624,370644,22-02-2025,23-02-2025,3,449,35,471.45,875.55,D2C Website,Influencer,Credit Card,Delivered,Mumbai,0,,47.32,0,39.83
735300,563624,318301,16-03-2025,22-03-2025,2,249,35,174.3,323.7,Nykaa,Influencer,UPI,Delivered,Mumbai,0,,62,53.07,36.8
735305,563624,318726,06-04-2025,07-04-2025,2,549,25,274.5,823.5,D2C Website,Influencer,Credit Card,Delivered,Mumbai,0,,56.43,0,57.79
768076,563624,360142,16-08-2025,19-08-2025,2,349,10,69.8,628.2,Quick Commerce,Influencer,UPI,Delivered,Mumbai,0,,81,0,38.83
735308,563624,397912,15-09-2025,20-09-2025,3,399,15,179.55,1017.45,D2C Website,Influencer,UPI,Delivered,Mumbai,0,,36.98,0,35.53
735310,563624,384259,02-12-2025,06-12-2025,3,649,0,0,1947,Amazon,Influencer,Cash on Delivery,Delivered,Mumbai,0,,61.42,395.27,40.38
768084,571819,384259,09-04-2024,10-04-2024,1,649,5,32.45,616.55,D2C Website,Referral,Debit Card,Delivered,Pune,0,,45.82,0,50.17
735321,555435,373579,16-11-2024,20-11-2024,1,449,0,0,449,Offline Store,Influencer,Net Banking,Delivered,Hyderabad,0,,0,0,27.11
702553,555435,318726,18-12-2024,23-12-2024,2,549,10,109.8,988.2,D2C Website,Influencer,Cash on Delivery,Delivered,Hyderabad,0,,44.66,0,51.2
768107,555435,385909,04-01-2025,05-01-2025,2,429,0,0,858,D2C Website,Influencer,UPI,Delivered,Hyderabad,0,,39.97,0,35.17
702572,555435,370644,09-04-2025,12-04-2025,1,449,25,112.25,336.75,Nykaa,Influencer,UPI,Delivered,Hyderabad,0,,41.49,71.16,47.77
768113,555444,318726,11-11-2024,12-11-2024,2,549,40,439.2,658.8,Amazon,Influencer,Debit Card,Delivered,Surat,0,,65.43,134.55,59.74
768114,555444,318301,25-02-2025,28-02-2025,1,249,10,24.9,224.1,Amazon,Influencer,UPI,Delivered,Surat,0,,54.19,41.62,59.09
702583,555444,376622,05-03-2025,06-03-2025,1,899,0,0,899,Myntra,Influencer,Net Banking,Delivered,Surat,0,,65.96,209.14,56.24
768121,555444,328746,25-05-2025,28-05-2025,1,299,10,29.9,269.1,D2C Website,Influencer,UPI,Delivered,Surat,0,,56.16,0,37.29
768124,580031,332325,04-10-2024,06-10-2024,1,399,0,0,399,Offline Store,Google,Credit Card,Delivered,Mumbai,0,,0,0,57.09
702588,555461,318726,14-06-2024,18-06-2024,3,549,25,411.75,1235.25,Quick Commerce,Instagram,UPI,Delivered,Mumbai,0,,74.57,0,29.65
768126,555461,384259,03-08-2024,09-08-2024,3,649,25,486.75,1460.25,Amazon,Instagram,Debit Card,Delivered,Mumbai,0,,48.4,226.88,52.65
768128,555461,328746,23-10-2024,27-10-2024,2,299,15,89.7,508.3,D2C Website,Instagram,Cash on Delivery,Delivered,Mumbai,0,,42.52,0,51.72
702592,555461,328746,06-11-2024,11-11-2024,1,299,0,0,299,Nykaa,Instagram,Debit Card,Delivered,Mumbai,0,,43.71,47.08,21.86
702596,555461,332325,03-01-2025,06-01-2025,2,399,20,159.6,638.4,D2C Website,Instagram,UPI,Delivered,Mumbai,0,,58.35,0,44.7
768134,555461,397912,11-05-2025,17-05-2025,2,399,5,39.9,758.1,D2C Website,Instagram,Debit Card,Delivered,Mumbai,0,,72.16,0,48.12
768136,555461,384259,30-05-2025,03-06-2025,2,649,15,194.7,1103.3,Nykaa,Instagram,UPI,Delivered,Mumbai,0,,74.53,270.77,50.49
735369,555461,351856,29-06-2025,01-07-2025,1,449,0,0,449,Amazon,Instagram,UPI,Delivered,Mumbai,0,,63.96,106.85,53.28
702609,555461,373579,25-11-2025,26-11-2025,1,449,25,112.25,336.75,Amazon,Instagram,Wallet,Delivered,Mumbai,0,,88.21,79.31,37.7
735378,555461,328746,26-11-2025,30-11-2025,1,299,10,29.9,269.1,Nykaa,Instagram,UPI,Delivered,Mumbai,0,,56.1,61.58,44.66
735377,563653,376484,26-11-2025,30-11-2025,2,499,5,49.9,948.1,D2C Website,Referral,Debit Card,Delivered,Mumbai,0,,82.13,0,26.62
702610,563654,370644,29-07-2025,03-08-2025,2,449,5,44.9,853.1,Quick Commerce,Marketplace,Credit Card,Delivered,Mumbai,0,,36,0,20.81
735381,563654,318301,04-08-2025,05-08-2025,3,249,15,112.05,634.95,Offline Store,Marketplace,UPI,Delivered,Mumbai,0,,0,0,24.09
768150,563654,376484,25-08-2025,30-08-2025,2,499,15,149.7,848.3,Amazon,Marketplace,Credit Card,Delivered,Mumbai,0,,78.27,150.98,29.94
768149,563654,360142,04-09-2025,06-09-2025,1,349,35,122.15,226.85,Myntra,Marketplace,Cash on Delivery,Delivered,Mumbai,0,,85.77,43.96,31.64
768146,563654,397912,20-09-2025,23-09-2025,3,399,5,59.85,1137.15,Amazon,Marketplace,Wallet,Delivered,Mumbai,0,,46.52,179.55,28.36
735389,563654,318301,28-09-2025,29-09-2025,2,249,10,49.8,448.2,Amazon,Marketplace,UPI,Delivered,Mumbai,0,,52.78,72.33,32.09
702625,563654,347447,29-09-2025,01-10-2025,1,349,40,139.6,209.4,Amazon,Marketplace,Cash on Delivery,Delivered,Mumbai,0,,47.04,33.33,22.3
768164,563654,376484,15-10-2025,21-10-2025,1,499,40,199.6,299.4,Myntra,Marketplace,UPI,Delivered,Mumbai,0,,73.12,74.46,31.01
768167,563654,397912,11-11-2025,15-11-2025,1,399,5,19.95,379.05,Myntra,Marketplace,Credit Card,Cancelled,Mumbai,0,,79.11,92.93,59.96
702635,563654,351856,27-12-2025,28-12-2025,2,449,25,224.5,673.5,D2C Website,Marketplace,UPI,Delivered,Mumbai,0,,73.51,0,59.91
735405,563656,318726,13-07-2025,18-07-2025,3,549,35,576.45,1070.55,Myntra,Referral,Cash on Delivery,Delivered,Hyderabad,0,,37.44,228.41,53.66
702641,563656,347447,19-07-2025,20-07-2025,1,349,10,34.9,314.1,Nykaa,Referral,UPI,Delivered,Hyderabad,0,,66.11,76.77,36.55
735412,563656,376484,13-09-2025,18-09-2025,1,499,0,0,499,Myntra,Referral,UPI,Delivered,Hyderabad,0,,82.58,82.74,57.97
735428,596434,397912,28-08-2025,29-08-2025,1,399,5,19.95,379.05,Quick Commerce,Influencer,Cash on Delivery,Delivered,Indore,0,,46.48,0,35.25
702673,555476,318726,22-05-2025,26-05-2025,1,549,25,137.25,411.75,Quick Commerce,Marketplace,Debit Card,Delivered,Hyderabad,0,,80.65,0,48.45
702674,555476,376484,05-07-2025,06-07-2025,1,499,35,174.65,324.35,D2C Website,Marketplace,Cash on Delivery,Delivered,Hyderabad,0,,53.64,0,23.32
735446,555476,370644,16-09-2025,18-09-2025,1,449,25,112.25,336.75,Offline Store,Marketplace,UPI,Delivered,Hyderabad,0,,0,0,48.31
768219,555476,373579,01-11-2025,04-11-2025,1,449,40,179.6,269.4,Quick Commerce,Marketplace,Cash on Delivery,Delivered,Hyderabad,0,,85.12,0,58.48
702688,530903,385909,20-05-2024,22-05-2024,1,429,10,42.9,386.1,Amazon,Marketplace,UPI,Delivered,Mumbai,0,,45.48,81.1,55.55
735456,571874,332325,17-05-2025,22-05-2025,1,399,0,0,399,D2C Website,Google,UPI,Delivered,Mumbai,0,,37.73,0,33.09
768235,588259,376484,26-12-2024,29-12-2024,1,499,0,0,499,Nykaa,Organic Search,UPI,Delivered,Mumbai,0,,50.04,75.26,27.18
768238,588259,328746,21-04-2025,24-04-2025,2,299,0,0,598,D2C Website,Organic Search,Cash on Delivery,Delivered,Mumbai,0,,56.27,0,55.07
735477,514530,397647,24-10-2024,30-10-2024,1,799,25,199.75,599.25,Quick Commerce,Organic Search,Credit Card,Delivered,Guwahati,0,,62.43,0,39.96
768247,514530,360142,28-10-2024,31-10-2024,1,349,35,122.15,226.85,Amazon,Organic Search,Net Banking,Delivered,Guwahati,0,,40.34,52.8,22.22
768248,514530,318726,29-03-2025,30-03-2025,1,549,25,137.25,411.75,Amazon,Organic Search,UPI,Delivered,Guwahati,0,,71.91,85.13,54.51
702715,514530,360142,18-06-2025,22-06-2025,1,349,25,87.25,261.75,D2C Website,Organic Search,Cash on Delivery,Delivered,Guwahati,0,,44.37,0,39.68
702716,514530,351856,23-11-2025,26-11-2025,1,449,15,67.35,381.65,Nykaa,Organic Search,Net Banking,Delivered,Guwahati,0,,75.38,67.27,23.66
702717,547301,318301,07-11-2025,10-11-2025,2,249,25,124.5,373.5,D2C Website,Offline Store,Cash on Delivery,Delivered,Chennai,0,,76.18,0,39.75
735486,547301,318301,08-12-2025,13-12-2025,2,249,20,99.6,398.4,Nykaa,Offline Store,Debit Card,Returned,Chennai,1,Product Not As Described,81.64,87.65,22.59
702722,547301,397647,16-12-2025,18-12-2025,3,799,35,838.95,1558.05,Myntra,Offline Store,Credit Card,Delivered,Chennai,0,,57.83,313.45,50.84
702727,547301,397912,28-12-2025,02-01-2026,1,399,10,39.9,359.1,Quick Commerce,Offline Store,UPI,Delivered,Chennai,0,,68.96,0,59.76
702729,514534,332325,12-02-2025,13-02-2025,2,399,20,159.6,638.4,Offline Store,Google,Credit Card,Delivered,Bengaluru,0,,0,0,42.54
768271,555496,347447,23-08-2025,24-08-2025,1,349,5,17.45,331.55,Amazon,Offline Store,Net Banking,Cancelled,Nagpur,0,,64.64,62.4,37.57
768274,555496,318726,08-10-2025,12-10-2025,1,549,25,137.25,411.75,D2C Website,Offline Store,Credit Card,Delivered,Nagpur,0,,84.59,0,28.8
768287,539117,397912,16-11-2024,17-11-2024,1,399,15,59.85,339.15,Nykaa,Influencer,UPI,Delivered,Indore,0,,62.19,51.87,20.56
735527,539117,360142,21-07-2025,22-07-2025,1,349,10,34.9,314.1,Amazon,Influencer,UPI,Delivered,Indore,0,,61.03,61.21,30.02
702762,539117,373579,30-11-2025,03-12-2025,1,449,15,67.35,381.65,D2C Website,Influencer,Credit Card,Delivered,Indore,0,,59.02,0,41.18
735530,596463,351856,03-11-2025,04-11-2025,2,449,10,89.8,808.2,D2C Website,Google,Wallet,Delivered,Ahmedabad,0,,61.85,0,47.52
735532,563699,385909,30-11-2025,03-12-2025,1,429,0,0,429,Amazon,Google,Credit Card,Delivered,Mumbai,0,,46.29,69.38,58.03
735534,563699,376484,03-12-2025,05-12-2025,1,499,0,0,499,Nykaa,Google,UPI,Delivered,Mumbai,0,,87.36,82.76,49.81
702767,563699,332325,24-12-2025,29-12-2025,1,399,5,19.95,379.05,Quick Commerce,Google,Debit Card,Delivered,Mumbai,0,,58.26,0,53.15
702772,522740,328746,21-12-2025,22-12-2025,1,299,10,29.9,269.1,Amazon,Marketplace,Debit Card,Delivered,Chennai,0,,40.62,58.61,47.48
702779,522740,384259,27-12-2025,01-01-2026,1,649,20,129.8,519.2,D2C Website,Marketplace,Wallet,Delivered,Chennai,0,,49.72,0,31.46
702780,539132,351856,08-11-2025,13-11-2025,1,449,10,44.9,404.1,Amazon,Instagram,Credit Card,Delivered,Bengaluru,0,,77.58,67.74,33.69
702787,539132,351856,15-11-2025,17-11-2025,1,449,15,67.35,381.65,D2C Website,Instagram,Cash on Delivery,Cancelled,Bengaluru,0,,46.89,0,23.84
702790,539132,351856,04-12-2025,09-12-2025,1,449,5,22.45,426.55,Nykaa,Instagram,UPI,Delivered,Bengaluru,0,,62,70.33,46.33
768327,539132,376484,18-12-2025,22-12-2025,1,499,0,0,499,Amazon,Instagram,UPI,Delivered,Bengaluru,0,,37.6,83.25,46.15
768332,555518,376622,30-08-2025,02-09-2025,1,899,5,44.95,854.05,D2C Website,Instagram,Credit Card,Delivered,Kochi,0,,69.05,0,55.4
702810,555518,384259,11-10-2025,14-10-2025,1,649,0,0,649,D2C Website,Instagram,UPI,Delivered,Kochi,0,,59.1,0,35.15
735580,555519,328746,14-04-2024,18-04-2024,1,299,10,29.9,269.1,Myntra,Marketplace,UPI,Delivered,Delhi,0,,64.79,66.42,35.86
768350,555519,384259,11-05-2024,13-05-2024,1,649,10,64.9,584.1,D2C Website,Marketplace,Net Banking,Delivered,Delhi,0,,89.28,0,25.31
702815,539139,384259,18-09-2025,20-09-2025,2,649,20,259.6,1038.4,Myntra,Instagram,UPI,Delivered,Ahmedabad,0,,69.04,239.81,27.11
735582,539139,373579,01-10-2025,04-10-2025,1,449,0,0,449,D2C Website,Instagram,UPI,Cancelled,Ahmedabad,0,,65.23,0,57.81
702817,530947,376484,22-03-2025,24-03-2025,1,499,5,24.95,474.05,Amazon,Instagram,Cash on Delivery,Delivered,Delhi,0,,82.42,114.06,39.92
735585,530947,376622,23-10-2025,28-10-2025,1,899,5,44.95,854.05,Quick Commerce,Instagram,Cash on Delivery,Delivered,Delhi,0,,69.98,0,31.5
768354,530947,351856,05-11-2025,06-11-2025,1,449,20,89.8,359.2,D2C Website,Instagram,Cash on Delivery,Delivered,Delhi,0,,70.18,0,37.48
702826,530947,384259,24-12-2025,27-12-2025,2,649,20,259.6,1038.4,Amazon,Instagram,UPI,Delivered,Delhi,0,,88.22,258.8,29.63
702838,514573,318726,27-12-2025,28-12-2025,1,549,5,27.45,521.55,Quick Commerce,Instagram,Credit Card,Delivered,Delhi,0,,50.22,0,22.48
735608,580120,384259,12-12-2025,14-12-2025,2,649,10,129.8,1168.2,Amazon,Google,Net Banking,Delivered,Bengaluru,0,,35.29,248.1,31.31
768376,580120,360142,13-12-2025,14-12-2025,3,349,10,104.7,942.3,Myntra,Google,UPI,Delivered,Bengaluru,0,,76.12,230.6,52.86
768386,580120,347447,16-12-2025,20-12-2025,1,349,5,17.45,331.55,D2C Website,Google,UPI,Delivered,Bengaluru,0,,61.87,0,41.19
768387,580120,332325,18-12-2025,22-12-2025,3,399,0,0,1197,Myntra,Google,UPI,Delivered,Bengaluru,0,,89.88,223.64,20.18
768388,580120,332325,21-12-2025,22-12-2025,3,399,0,0,1197,Amazon,Google,Net Banking,Delivered,Bengaluru,0,,37.75,255.03,54.17
702850,580120,376484,22-12-2025,27-12-2025,1,499,25,124.75,374.25,Amazon,Google,Net Banking,Delivered,Bengaluru,0,,62,68.4,31.95
768390,580120,376484,25-12-2025,30-12-2025,2,499,5,49.9,948.1,Offline Store,Google,Cash on Delivery,Delivered,Bengaluru,0,,0,0,20.01
702859,580120,318726,27-12-2025,31-12-2025,1,549,0,0,549,Amazon,Google,UPI,Delivered,Bengaluru,0,,63.08,103.37,40.05
735628,530968,318726,03-07-2025,06-07-2025,1,549,10,54.9,494.1,Amazon,Google,Credit Card,Delivered,Bengaluru,0,,73.14,74.76,58.48
702864,530968,370644,15-07-2025,18-07-2025,1,449,35,157.15,291.85,D2C Website,Google,Credit Card,Delivered,Bengaluru,0,,84.41,0,24.68
735633,563736,376484,24-11-2025,25-11-2025,1,499,5,24.95,474.05,D2C Website,Instagram,UPI,Delivered,Mumbai,0,,59.07,0,40.41
702867,571932,373579,13-03-2024,18-03-2024,1,449,15,67.35,381.65,D2C Website,Referral,UPI,Delivered,Hyderabad,0,,41.62,0,41.22
702877,571932,373579,03-07-2024,08-07-2024,1,449,0,0,449,D2C Website,Referral,Wallet,Delivered,Hyderabad,0,,76.18,0,52.87
768414,571932,385909,29-09-2024,30-09-2024,1,429,10,42.9,386.1,Amazon,Referral,Credit Card,Delivered,Hyderabad,0,,35.18,94.07,30.33
768417,571932,332325,05-03-2025,08-03-2025,1,399,25,99.75,299.25,Myntra,Referral,UPI,Delivered,Hyderabad,0,,53.22,56.07,43.22
702888,522782,376622,02-11-2025,04-11-2025,1,899,10,89.9,809.1,Quick Commerce,Influencer,Cash on Delivery,Delivered,Ahmedabad,0,,73.51,0,25.82
735665,530982,318726,01-09-2025,03-09-2025,1,549,15,82.35,466.65,Myntra,Instagram,UPI,Delivered,Mumbai,0,,46.17,109.07,42.69
702898,588338,328746,21-09-2025,25-09-2025,1,299,25,74.75,224.25,D2C Website,Instagram,Net Banking,Delivered,Vadodara,0,,55.18,0,27.95
702914,588338,360142,07-10-2025,11-10-2025,2,349,20,139.6,558.4,D2C Website,Instagram,Debit Card,Delivered,Vadodara,0,,51.59,0,52.52
768454,588338,360142,11-10-2025,15-10-2025,1,349,10,34.9,314.1,D2C Website,Instagram,UPI,Delivered,Vadodara,0,,81.49,0,44.63
768461,588338,373579,01-12-2025,04-12-2025,1,449,10,44.9,404.1,D2C Website,Instagram,UPI,Delivered,Vadodara,0,,79.78,0,42.7
768463,555576,351856,09-08-2025,11-08-2025,1,449,10,44.9,404.1,Myntra,Organic Search,Credit Card,Delivered,Ahmedabad,0,,73.13,74.76,23.36
735711,555576,397912,06-09-2025,09-09-2025,1,399,35,139.65,259.35,Amazon,Organic Search,Cash on Delivery,Delivered,Ahmedabad,0,,41.45,53.22,21.27
768482,555576,332325,10-10-2025,13-10-2025,1,399,10,39.9,359.1,Amazon,Organic Search,Cash on Delivery,Delivered,Ahmedabad,0,,55.98,86.76,29.31
702954,555576,397647,17-11-2025,18-11-2025,1,799,0,0,799,Myntra,Organic Search,Credit Card,Delivered,Ahmedabad,0,,66.84,169.18,55.1
702955,522810,328746,16-12-2025,17-12-2025,1,299,5,14.95,284.05,Nykaa,Referral,UPI,Delivered,Hyderabad,0,,43.56,42.83,52.99
768492,506428,376484,14-12-2025,19-12-2025,1,499,40,199.6,299.4,D2C Website,Instagram,Cash on Delivery,Delivered,Mumbai,0,,48.16,0,46.46
735728,514621,328746,31-05-2025,01-06-2025,1,299,10,29.9,269.1,Nykaa,Organic Search,UPI,Cancelled,Vadodara,0,,43.45,59.57,20.65
768506,596542,397912,26-02-2025,03-03-2025,1,399,5,19.95,379.05,D2C Website,Organic Search,Debit Card,Delivered,Pune,0,,86.09,0,37.15
735739,596542,370644,24-11-2025,25-11-2025,1,449,0,0,449,D2C Website,Organic Search,UPI,Delivered,Pune,0,,70.88,0,35.55
735740,563783,318726,19-03-2025,23-03-2025,2,549,15,164.7,933.3,Amazon,Referral,Debit Card,Delivered,Hyderabad,0,,87.38,196.55,28.1
702974,539210,384259,26-10-2025,31-10-2025,1,649,5,32.45,616.55,D2C Website,Referral,Wallet,Delivered,Hyderabad,0,,65.51,0,41.03
735744,539210,376484,28-10-2025,30-10-2025,2,499,0,0,998,D2C Website,Referral,Credit Card,Delivered,Hyderabad,0,,81.99,0,42.57
702977,539210,351856,03-12-2025,08-12-2025,1,449,25,112.25,336.75,Amazon,Referral,Debit Card,Delivered,Hyderabad,0,,44.33,70.07,38.57
768519,563788,397912,05-08-2025,06-08-2025,1,399,40,159.6,239.4,Nykaa,Instagram,UPI,Delivered,Pune,0,,42.62,57.99,20.13
768521,580173,332325,12-08-2024,17-08-2024,1,399,20,79.8,319.2,Myntra,Marketplace,Credit Card,Delivered,Patna,0,,58.3,50.05,57.9
735755,580173,351856,26-08-2024,27-08-2024,3,449,15,202.05,1144.95,D2C Website,Marketplace,Cash on Delivery,Delivered,Patna,0,,83.63,0,35.96
735756,580173,385909,04-04-2025,10-04-2025,3,429,35,450.45,836.55,Amazon,Marketplace,Debit Card,Delivered,Patna,0,,84.88,130.78,39.45
702992,580173,384259,01-06-2025,07-06-2025,1,649,0,0,649,D2C Website,Marketplace,Credit Card,Delivered,Patna,0,,55.32,0,41.77
768534,571987,384259,21-08-2025,22-08-2025,2,649,20,259.6,1038.4,D2C Website,Marketplace,Credit Card,Delivered,Bengaluru,0,,37.27,0,22.49
703007,571987,318726,30-08-2025,04-09-2025,2,549,10,109.8,988.2,D2C Website,Marketplace,Cash on Delivery,Delivered,Bengaluru,0,,68.98,0,56.56
768543,571987,376484,05-09-2025,11-09-2025,1,499,25,124.75,374.25,D2C Website,Marketplace,UPI,Delivered,Bengaluru,0,,84.96,0,59.44
703010,571987,351856,08-10-2025,09-10-2025,2,449,15,134.7,763.3,Offline Store,Marketplace,UPI,Delivered,Bengaluru,0,,0,0,51.93
735779,571987,328746,17-11-2025,22-11-2025,2,299,5,29.9,568.1,D2C Website,Marketplace,UPI,Delivered,Bengaluru,0,,49.02,0,56
735784,571987,318726,20-11-2025,24-11-2025,2,549,25,274.5,823.5,D2C Website,Marketplace,Debit Card,Delivered,Bengaluru,0,,60.18,0,49.45
735785,571987,332325,26-12-2025,27-12-2025,3,399,15,179.55,1017.45,Nykaa,Marketplace,UPI,Delivered,Bengaluru,0,,71.85,174.65,40.17
703018,571987,384259,28-12-2025,03-01-2026,2,649,5,64.9,1233.1,D2C Website,Marketplace,Debit Card,Delivered,Bengaluru,0,,74.99,0,31.91
703019,571987,318301,30-12-2025,05-01-2026,1,249,10,24.9,224.1,D2C Website,Marketplace,Credit Card,Delivered,Bengaluru,0,,66.79,0,45.42
735786,531029,351856,08-07-2025,12-07-2025,1,449,10,44.9,404.1,D2C Website,Marketplace,Cash on Delivery,Delivered,Lucknow,0,,35.47,0,48.11
768556,522838,351856,27-12-2025,30-12-2025,1,449,20,89.8,359.2,D2C Website,Instagram,Cash on Delivery,Returned,Lucknow,1,Damaged in Transit,81.25,0,37.55
768561,547419,384259,15-07-2024,16-07-2024,1,649,5,32.45,616.55,Amazon,Referral,Cash on Delivery,Delivered,Bengaluru,0,,53.35,147.68,58.19
768562,547419,376484,22-07-2024,28-07-2024,1,499,5,24.95,474.05,Amazon,Referral,Net Banking,Delivered,Bengaluru,0,,59.18,101.06,48.58
768566,547419,385909,23-07-2024,25-07-2024,1,429,40,171.6,257.4,D2C Website,Referral,Cash on Delivery,Returned,Bengaluru,1,Wrong Item Delivered,41.57,0,39.12
703030,588381,384259,07-07-2025,10-07-2025,1,649,25,162.25,486.75,Myntra,Influencer,Cash on Delivery,Delivered,Kolkata,0,,88.1,102.33,30.08
703032,555615,328746,29-05-2025,03-06-2025,2,299,10,59.8,538.2,Nykaa,Organic Search,Debit Card,Delivered,Pune,0,,79.4,92.9,34.07
703033,547425,360142,23-12-2024,26-12-2024,1,349,20,69.8,279.2,Offline Store,Instagram,UPI,Delivered,Bengaluru,0,,0,0,56.86
768572,547425,370644,14-02-2025,17-02-2025,1,449,20,89.8,359.2,D2C Website,Instagram,Wallet,Delivered,Bengaluru,0,,57.05,0,55.88
768575,547425,385909,04-07-2025,07-07-2025,1,429,40,171.6,257.4,D2C Website,Instagram,Credit Card,Delivered,Bengaluru,0,,51.19,0,58.82
703046,547425,385909,17-07-2025,22-07-2025,1,429,25,107.25,321.75,Amazon,Instagram,Net Banking,Delivered,Bengaluru,0,,71.42,63.89,53.7
735815,547425,351856,03-09-2025,05-09-2025,2,449,10,89.8,808.2,Myntra,Instagram,Credit Card,Delivered,Bengaluru,0,,81.97,149,25.99
768583,547428,332325,19-08-2025,25-08-2025,3,399,20,239.4,957.6,Amazon,Organic Search,Cash on Delivery,Delivered,Ahmedabad,0,,37.4,202.62,46.65
703049,547428,384259,08-09-2025,11-09-2025,2,649,40,519.2,778.8,Offline Store,Organic Search,UPI,Delivered,Ahmedabad,0,,0,0,40.67
768588,547428,385909,15-09-2025,17-09-2025,2,429,5,42.9,815.1,Nykaa,Organic Search,UPI,Delivered,Ahmedabad,0,,63.91,176.95,59.56
735822,547428,351856,18-09-2025,20-09-2025,3,449,0,0,1347,Quick Commerce,Organic Search,UPI,Delivered,Ahmedabad,0,,71.65,0,44.23
735825,547428,318726,19-09-2025,21-09-2025,1,549,5,27.45,521.55,Myntra,Organic Search,Wallet,Delivered,Ahmedabad,0,,58.28,124.19,40.04
768594,547428,347447,15-11-2025,20-11-2025,1,349,10,34.9,314.1,Amazon,Organic Search,UPI,Delivered,Ahmedabad,0,,39.78,60.64,29.07
735830,547428,384259,29-11-2025,03-12-2025,1,649,0,0,649,Quick Commerce,Organic Search,UPI,Delivered,Ahmedabad,0,,65.51,0,42.38
768603,547428,373579,01-12-2025,05-12-2025,1,449,0,0,449,Nykaa,Organic Search,UPI,Delivered,Ahmedabad,0,,51.8,70.91,50.88
703068,547428,376484,29-12-2025,31-12-2025,1,499,10,49.9,449.1,Myntra,Organic Search,Credit Card,Delivered,Ahmedabad,0,,35.22,95.52,35.95
703069,588389,397912,16-12-2024,19-12-2024,2,399,25,199.5,598.5,Amazon,Marketplace,Credit Card,Delivered,Hyderabad,0,,37,127.88,51.98
703071,588389,318301,12-09-2025,17-09-2025,2,249,5,24.9,473.1,D2C Website,Marketplace,UPI,Cancelled,Hyderabad,0,,66.16,0,54.29
735841,588389,347447,28-09-2025,03-10-2025,1,349,0,0,349,Quick Commerce,Marketplace,UPI,Delivered,Hyderabad,0,,56.57,0,53.38
768618,514662,376484,21-11-2025,22-11-2025,1,499,15,74.85,424.15,Amazon,Google,Debit Card,Delivered,Mumbai,0,,82.81,101.16,54.17
703084,514662,328746,04-12-2025,10-12-2025,2,299,15,89.7,508.3,Amazon,Google,UPI,Delivered,Mumbai,0,,82.42,113.21,46.03
768623,514662,318726,08-12-2025,09-12-2025,2,549,15,164.7,933.3,Nykaa,Google,Cash on Delivery,Delivered,Mumbai,0,,80.17,169.37,25.22
735867,514662,385909,10-12-2025,15-12-2025,1,429,20,85.8,343.2,Amazon,Google,UPI,Delivered,Mumbai,0,,60.18,83.53,57.23
735870,514663,332325,27-05-2024,31-05-2024,1,399,5,19.95,379.05,D2C Website,Organic Search,Cash on Delivery,Delivered,Chennai,0,,77.58,0,35.99
703103,514663,384259,16-07-2024,17-07-2024,1,649,5,32.45,616.55,D2C Website,Organic Search,Net Banking,Delivered,Chennai,0,,38.25,0,41.29
703104,514663,373579,27-08-2024,28-08-2024,2,449,15,134.7,763.3,Nykaa,Organic Search,Net Banking,Delivered,Chennai,0,,40.13,176.61,46.76
703105,514663,376484,02-04-2025,08-04-2025,1,499,10,49.9,449.1,D2C Website,Organic Search,UPI,Delivered,Chennai,0,,36.84,0,20.9
735877,539240,397647,20-09-2025,24-09-2025,1,799,5,39.95,759.05,Quick Commerce,Instagram,UPI,Delivered,Mumbai,0,,49.15,0,32.4
703109,588395,328746,17-11-2025,21-11-2025,1,299,10,29.9,269.1,Amazon,Google,UPI,Delivered,Guwahati,0,,72.05,65.06,56.58
768650,539251,318726,11-09-2024,17-09-2024,1,549,15,82.35,466.65,Offline Store,Referral,Net Banking,Delivered,Mumbai,0,,0,0,23.18
735882,539251,351856,14-12-2024,15-12-2024,1,449,10,44.9,404.1,D2C Website,Referral,Net Banking,Delivered,Mumbai,0,,55.57,0,42.92
735884,539251,384259,13-07-2025,19-07-2025,1,649,5,32.45,616.55,Amazon,Referral,Cash on Delivery,Delivered,Mumbai,0,,65.22,148.17,48.85
735885,539251,318726,22-07-2025,27-07-2025,1,549,20,109.8,439.2,Offline Store,Referral,Credit Card,Delivered,Mumbai,0,,0,0,42.44
703123,522871,376484,28-11-2025,04-12-2025,1,499,25,124.75,374.25,D2C Website,Offline Store,Credit Card,Delivered,Chennai,0,,52.77,0,58.49
735893,522871,373579,29-11-2025,05-12-2025,1,449,35,157.15,291.85,D2C Website,Offline Store,Cash on Delivery,Delivered,Chennai,0,,85.43,0,50.51
735895,522871,376484,11-12-2025,12-12-2025,1,499,40,199.6,299.4,D2C Website,Offline Store,UPI,Delivered,Chennai,0,,86.78,0,49.14
768664,596605,332325,05-08-2025,08-08-2025,1,399,0,0,399,D2C Website,Instagram,Wallet,Delivered,Indore,0,,50.8,0,29.12
735901,596605,370644,11-09-2025,13-09-2025,1,449,5,22.45,426.55,Nykaa,Instagram,Cash on Delivery,Delivered,Indore,0,,72.35,77.17,41.01
735903,596605,376622,27-10-2025,31-10-2025,2,899,10,179.8,1618.2,Nykaa,Instagram,UPI,Delivered,Indore,0,,83.3,361.1,22.15
703136,596605,384259,05-11-2025,09-11-2025,2,649,10,129.8,1168.2,Myntra,Instagram,Credit Card,Delivered,Indore,0,,70,190.36,50.58
735908,596605,384259,03-12-2025,08-12-2025,2,649,20,259.6,1038.4,Myntra,Instagram,Wallet,Delivered,Indore,0,,78.41,237.49,52.22
703145,596605,328746,09-12-2025,12-12-2025,1,299,0,0,299,Amazon,Instagram,Credit Card,Delivered,Indore,0,,57.55,68.62,45.11
703148,596605,384259,29-12-2025,30-12-2025,3,649,5,97.35,1849.65,Nykaa,Instagram,Cash on Delivery,Delivered,Indore,0,,59.33,387.77,31.66
735918,547453,328746,30-08-2025,05-09-2025,2,299,20,119.6,478.4,Amazon,Instagram,Cash on Delivery,Delivered,Hyderabad,0,,62.65,77.55,36.95
735920,547453,318726,16-10-2025,21-10-2025,1,549,15,82.35,466.65,Amazon,Instagram,Cash on Delivery,Returned,Hyderabad,1,Damaged in Transit,88.21,106.15,54.67
703153,547453,384259,19-11-2025,22-11-2025,1,649,10,64.9,584.1,Nykaa,Instagram,UPI,Delivered,Hyderabad,0,,53.83,91.79,34.55
768692,547472,351856,13-03-2025,18-03-2025,2,449,20,179.6,718.4,Nykaa,Influencer,Cash on Delivery,Delivered,Delhi,0,,72.32,124.18,34.03
768697,531091,347447,09-03-2024,12-03-2024,1,349,0,0,349,D2C Website,Referral,Debit Card,Delivered,Bengaluru,0,,49.59,0,22.23
703164,531091,376484,29-03-2024,04-04-2024,1,499,20,99.8,399.2,Quick Commerce,Referral,Cash on Delivery,Delivered,Bengaluru,0,,77.47,0,36.58
735933,506522,351856,02-11-2025,04-11-2025,1,449,25,112.25,336.75,Myntra,Instagram,UPI,Delivered,Kolkata,0,,76.22,65.66,46.23
735936,506522,384259,09-11-2025,12-11-2025,1,649,10,64.9,584.1,Amazon,Instagram,Debit Card,Delivered,Kolkata,0,,46.51,130.98,47.64
735940,506522,351856,14-11-2025,16-11-2025,1,449,20,89.8,359.2,Amazon,Instagram,Debit Card,Delivered,Kolkata,0,,40.54,56.51,22.85
703177,506522,351856,17-12-2025,23-12-2025,1,449,5,22.45,426.55,Amazon,Instagram,Debit Card,Delivered,Kolkata,0,,63.1,105.45,32.77
768713,506522,385909,20-12-2025,24-12-2025,3,429,10,128.7,1158.3,Amazon,Instagram,UPI,Delivered,Kolkata,0,,46.96,232.26,38.58
735949,506522,385909,25-12-2025,26-12-2025,2,429,25,214.5,643.5,Offline Store,Instagram,UPI,Delivered,Kolkata,0,,0,0,34.8
735956,572063,373579,21-10-2025,24-10-2025,1,449,20,89.8,359.2,D2C Website,Google,Net Banking,Delivered,Hyderabad,0,,74.68,0,45.54
768731,588452,385909,24-09-2025,26-09-2025,1,429,25,107.25,321.75,D2C Website,Instagram,UPI,Delivered,Delhi,0,,74.26,0,54.94
768733,588452,347447,28-09-2025,30-09-2025,1,349,15,52.35,296.65,D2C Website,Instagram,Debit Card,Delivered,Delhi,0,,53.41,0,26.12
735965,588452,351856,22-10-2025,26-10-2025,2,449,25,224.5,673.5,Myntra,Instagram,Cash on Delivery,Delivered,Delhi,0,,75.63,104.57,21.6
735968,588452,318726,27-10-2025,02-11-2025,2,549,15,164.7,933.3,Offline Store,Instagram,UPI,Delivered,Delhi,0,,0,0,29.66
768740,588452,318726,25-11-2025,30-11-2025,1,549,5,27.45,521.55,Offline Store,Instagram,UPI,Delivered,Delhi,0,,0,0,46.54
735974,588470,373579,29-12-2025,31-12-2025,1,449,10,44.9,404.1,Amazon,Marketplace,UPI,Delivered,Hyderabad,0,,79.59,93.17,32.02
735985,539321,360142,28-12-2025,02-01-2026,2,349,10,69.8,628.2,D2C Website,Influencer,Credit Card,Delivered,Hyderabad,0,,47.35,0,40.28
735989,531133,376484,14-09-2024,16-09-2024,1,499,40,199.6,299.4,D2C Website,Instagram,UPI,Delivered,Indore,0,,35.98,0,36.78
768758,531133,376484,12-05-2025,13-05-2025,1,499,20,99.8,399.2,Quick Commerce,Instagram,UPI,Returned,Indore,1,Allergic Reaction,74.79,0,32.55
768770,563904,384259,10-12-2025,13-12-2025,1,649,15,97.35,551.65,D2C Website,Organic Search,UPI,Delivered,Chandigarh,0,,45.62,0,28.19
736002,522946,397912,29-05-2025,31-05-2025,1,399,0,0,399,Nykaa,Instagram,Wallet,Delivered,Surat,0,,70.26,86.39,52.69
703236,522946,332325,03-12-2025,07-12-2025,2,399,10,79.8,718.2,Quick Commerce,Instagram,UPI,Delivered,Surat,0,,68.89,0,36.92
736004,572102,318301,14-06-2024,15-06-2024,2,249,5,24.9,473.1,Nykaa,Instagram,UPI,Delivered,Surat,0,,78.22,108.9,26.86
703239,572102,384259,16-09-2024,19-09-2024,1,649,10,64.9,584.1,D2C Website,Instagram,Wallet,Delivered,Surat,0,,77.41,0,34.27
736007,572102,318726,28-04-2025,03-05-2025,1,549,25,137.25,411.75,D2C Website,Instagram,Debit Card,Delivered,Surat,0,,76.54,0,55.12
736014,572102,397647,17-05-2025,18-05-2025,1,799,10,79.9,719.1,Offline Store,Instagram,Cash on Delivery,Returned,Surat,1,Wrong Item Delivered,0,0,45.46
768783,547526,376484,17-09-2024,23-09-2024,1,499,0,0,499,Amazon,Marketplace,UPI,Delivered,Pune,0,,68.77,84.49,20.11
736016,555723,360142,15-07-2025,20-07-2025,1,349,5,17.45,331.55,Myntra,Google,Cash on Delivery,Delivered,Delhi,0,,80.54,68.81,26.71
703250,555723,370644,25-07-2025,29-07-2025,1,449,15,67.35,381.65,Nykaa,Google,Wallet,Delivered,Delhi,0,,56.16,89.4,27.49
703251,555723,385909,08-09-2025,13-09-2025,2,429,15,128.7,729.3,Amazon,Google,Cash on Delivery,Delivered,Delhi,0,,45.69,144.09,23.07
703262,555723,360142,02-11-2025,04-11-2025,1,349,25,87.25,261.75,Nykaa,Google,Net Banking,Delivered,Delhi,0,,46.35,59.15,39.68
703266,555723,360142,05-12-2025,06-12-2025,1,349,20,69.8,279.2,Nykaa,Google,Credit Card,Returned,Delhi,1,Better Price Found Elsewhere,45.6,54.33,23.88
736038,506572,347447,30-07-2025,31-07-2025,1,349,20,69.8,279.2,D2C Website,Influencer,Credit Card,Delivered,Mumbai,0,,66.05,0,46.39
736039,506572,360142,03-08-2025,09-08-2025,1,349,0,0,349,Myntra,Influencer,Wallet,Returned,Mumbai,1,Better Price Found Elsewhere,76.96,86.28,35.37
768807,506572,318726,29-10-2025,01-11-2025,2,549,10,109.8,988.2,Nykaa,Influencer,UPI,Delivered,Mumbai,0,,35.35,202.86,42.99
768809,506572,318726,10-11-2025,12-11-2025,1,549,10,54.9,494.1,Nykaa,Influencer,Credit Card,Delivered,Mumbai,0,,71.57,96.19,53.75
736040,555724,360142,19-11-2025,25-11-2025,1,349,20,69.8,279.2,D2C Website,Instagram,UPI,Delivered,Kolkata,0,,53.23,0,45.88
768818,580301,318726,29-07-2025,01-08-2025,1,549,20,109.8,439.2,Amazon,Instagram,UPI,Delivered,Kolkata,0,,78.47,105.75,57.51
768820,580301,318726,05-11-2025,10-11-2025,1,549,20,109.8,439.2,D2C Website,Instagram,Debit Card,Delivered,Kolkata,0,,42.18,0,20.76
768822,531147,384259,02-03-2025,08-03-2025,1,649,20,129.8,519.2,D2C Website,Google,Debit Card,Delivered,Patna,0,,58.63,0,56.47
736068,531147,351856,06-03-2025,10-03-2025,1,449,15,67.35,381.65,D2C Website,Google,Cash on Delivery,Delivered,Patna,0,,72.75,0,51.85
768838,547537,318726,23-11-2025,27-11-2025,1,549,15,82.35,466.65,Myntra,Instagram,Debit Card,Delivered,Hyderabad,0,,55.82,85.96,32.16
768839,547537,376484,26-11-2025,02-12-2025,1,499,5,24.95,474.05,Amazon,Instagram,Credit Card,Delivered,Hyderabad,0,,56.71,110.82,49.84
736073,547537,318726,28-11-2025,04-12-2025,3,549,0,0,1647,Myntra,Instagram,UPI,Delivered,Hyderabad,0,,61.38,352.93,32.03
768843,547537,384259,08-12-2025,11-12-2025,3,649,10,194.7,1752.3,D2C Website,Instagram,UPI,Delivered,Hyderabad,0,,63.58,0,44.57
768846,547537,318726,10-12-2025,16-12-2025,2,549,15,164.7,933.3,Amazon,Instagram,Credit Card,Delivered,Hyderabad,0,,68.66,162.74,31.88
768848,547537,332325,25-12-2025,31-12-2025,3,399,10,119.7,1077.3,Nykaa,Instagram,Net Banking,Returned,Hyderabad,1,Allergic Reaction,61.69,195.06,20.94
703314,547537,332325,26-12-2025,27-12-2025,2,399,25,199.5,598.5,Myntra,Instagram,Cash on Delivery,Delivered,Hyderabad,0,,53.39,146.68,53.99
703315,547537,351856,29-12-2025,31-12-2025,2,449,15,134.7,763.3,Nykaa,Instagram,Credit Card,Delivered,Hyderabad,0,,52.71,174.84,51.04
768852,522962,318726,07-02-2024,11-02-2024,1,549,15,82.35,466.65,D2C Website,Referral,Credit Card,Returned,Chennai,1,Better Price Found Elsewhere,46.13,0,57.38
736083,522962,318726,18-04-2024,22-04-2024,1,549,25,137.25,411.75,Nykaa,Referral,UPI,Delivered,Chennai,0,,61.35,97.49,54.34
736082,522962,332325,23-06-2025,27-06-2025,2,399,10,79.8,718.2,D2C Website,Referral,UPI,Returned,Chennai,1,Allergic Reaction,68.21,0,28.81
703325,522962,376484,31-07-2025,01-08-2025,2,499,20,199.6,798.4,Amazon,Referral,Wallet,Delivered,Chennai,0,,41.51,124.44,38.4
703331,522962,397647,16-08-2025,22-08-2025,2,799,25,399.5,1198.5,D2C Website,Referral,Wallet,Returned,Chennai,1,Better Price Found Elsewhere,60.81,0,44.35
703332,522962,376484,09-10-2025,11-10-2025,2,499,20,199.6,798.4,Amazon,Referral,Credit Card,Delivered,Chennai,0,,50.68,165.69,37.73
768869,522962,318726,18-11-2025,23-11-2025,1,549,10,54.9,494.1,D2C Website,Referral,UPI,Delivered,Chennai,0,,37.68,0,38.45
736102,588501,332325,26-07-2025,28-07-2025,2,399,10,79.8,718.2,Amazon,Google,UPI,Delivered,Pune,0,,61.95,155.82,40.68
736105,588501,376484,26-10-2025,30-10-2025,1,499,5,24.95,474.05,D2C Website,Google,UPI,Delivered,Pune,0,,64.65,0,56.25
736106,506582,376622,05-07-2025,08-07-2025,1,899,15,134.85,764.15,Amazon,Instagram,Cash on Delivery,Delivered,Bengaluru,0,,75.74,189.98,41.52
768875,506590,328746,28-09-2025,01-10-2025,1,299,0,0,299,Myntra,Influencer,Credit Card,Delivered,Mumbai,0,,73.28,50.45,20.49
736113,539363,318726,15-09-2025,21-09-2025,1,549,15,82.35,466.65,Quick Commerce,Instagram,UPI,Delivered,Mumbai,0,,84.47,0,30.29
703346,572132,384259,21-06-2025,22-06-2025,1,649,15,97.35,551.65,D2C Website,Influencer,Debit Card,Delivered,Mumbai,0,,45.69,0,50.44
768888,572140,360142,31-01-2025,01-02-2025,1,349,10,34.9,314.1,Amazon,Google,Debit Card,Delivered,Pune,0,,59.53,57.4,49.27
703360,572140,360142,04-07-2025,07-07-2025,2,349,15,104.7,593.3,Myntra,Google,UPI,Delivered,Pune,0,,64.41,98.45,57.9
768898,572140,360142,17-10-2025,21-10-2025,1,349,0,0,349,Myntra,Google,Debit Card,Delivered,Pune,0,,80.64,73.61,51.83
703365,572140,397647,22-11-2025,28-11-2025,1,799,15,119.85,679.15,Nykaa,Google,UPI,Delivered,Pune,0,,78.57,107.29,22.24
703378,531186,397912,05-03-2025,11-03-2025,2,399,10,79.8,718.2,D2C Website,Google,Net Banking,Delivered,Pune,0,,84.85,0,36.33
736152,531186,373579,20-10-2025,25-10-2025,1,449,10,44.9,404.1,Myntra,Google,Credit Card,Delivered,Pune,0,,83.51,69.61,53.19
703385,531186,373579,20-12-2025,21-12-2025,1,449,10,44.9,404.1,D2C Website,Google,Net Banking,Delivered,Pune,0,,39.1,0,29.65
768922,563956,385909,07-12-2024,11-12-2024,1,429,15,64.35,364.65,Myntra,Instagram,UPI,Delivered,Chennai,0,,75.35,65.78,31.26
768925,563956,376484,14-04-2025,17-04-2025,3,499,25,374.25,1122.75,D2C Website,Instagram,Cash on Delivery,Delivered,Chennai,0,,65.05,0,33.14
736158,547576,397912,07-01-2025,11-01-2025,1,399,0,0,399,Amazon,Organic Search,Net Banking,Delivered,Mumbai,0,,89.98,95.23,48.13
703396,547576,318726,27-02-2025,04-03-2025,1,549,0,0,549,Amazon,Organic Search,Cash on Delivery,Delivered,Mumbai,0,,78.43,91.16,41.4
736166,547576,318726,31-08-2025,05-09-2025,1,549,10,54.9,494.1,Quick Commerce,Organic Search,UPI,Delivered,Mumbai,0,,89.64,0,58.29
736168,531195,384259,29-12-2024,01-01-2025,1,649,10,64.9,584.1,D2C Website,Google,UPI,Delivered,Bhopal,0,,39.44,0,55.86
703400,531195,347447,16-08-2025,22-08-2025,1,349,0,0,349,D2C Website,Google,UPI,Delivered,Bhopal,0,,40.66,0,50.37
703402,555771,397647,02-05-2024,03-05-2024,1,799,0,0,799,Quick Commerce,Google,Debit Card,Delivered,Bengaluru,0,,36.64,0,49.62
703404,555771,397912,14-10-2024,17-10-2024,1,399,15,59.85,339.15,D2C Website,Google,Credit Card,Delivered,Bengaluru,0,,50.41,0,47.13
703406,555771,384259,23-06-2025,29-06-2025,1,649,0,0,649,D2C Website,Google,UPI,Delivered,Bengaluru,0,,74.14,0,43.58
768944,555771,384259,23-08-2025,29-08-2025,1,649,20,129.8,519.2,Nykaa,Google,Cash on Delivery,Delivered,Bengaluru,0,,35.37,92.67,29.22
768945,506629,318726,15-08-2024,21-08-2024,1,549,20,109.8,439.2,D2C Website,Google,Wallet,Delivered,Nagpur,0,,82.57,0,23.69
736181,506630,376484,19-06-2024,25-06-2024,1,499,25,124.75,374.25,D2C Website,Organic Search,UPI,Delivered,Vadodara,0,,51.71,0,57.2
736187,506630,328746,16-07-2024,22-07-2024,1,299,10,29.9,269.1,Myntra,Organic Search,UPI,Delivered,Vadodara,0,,67.44,56.78,53.71
736190,588555,328746,24-08-2025,27-08-2025,1,299,0,0,299,Offline Store,Instagram,UPI,Delivered,Mumbai,0,,0,0,42.9
736194,523021,376484,16-06-2025,18-06-2025,1,499,10,49.9,449.1,Nykaa,Influencer,UPI,Delivered,Bengaluru,0,,80.93,109.23,59.33
736204,523028,318726,22-12-2025,25-12-2025,1,549,5,27.45,521.55,Offline Store,Referral,Cash on Delivery,Delivered,Chennai,0,,0,0,26.62
703437,523028,360142,24-12-2025,26-12-2025,2,349,5,34.9,663.1,D2C Website,Referral,Cash on Delivery,Delivered,Chennai,0,,75.89,0,49.66
703440,523028,351856,26-12-2025,01-01-2026,1,449,10,44.9,404.1,Nykaa,Referral,UPI,Delivered,Chennai,0,,45,82.36,29.64
736208,523028,384259,29-12-2025,30-12-2025,2,649,35,454.3,843.7,Amazon,Referral,Debit Card,Delivered,Chennai,0,,88.57,157.83,28.43
703453,563993,397647,17-10-2024,19-10-2024,1,799,0,0,799,Quick Commerce,Marketplace,Cash on Delivery,Delivered,Mumbai,0,,35.77,0,50.32
703454,563993,397647,09-11-2024,11-11-2024,2,799,10,159.8,1438.2,Amazon,Marketplace,Wallet,Delivered,Mumbai,0,,44.18,261.7,32.79
736231,563993,318301,10-12-2024,16-12-2024,2,249,15,74.7,423.3,Nykaa,Marketplace,Credit Card,Delivered,Mumbai,0,,48.81,75.29,25.79
769000,506658,318726,11-05-2025,16-05-2025,2,549,25,274.5,823.5,Amazon,Google,UPI,Delivered,Lucknow,0,,59.04,150.36,42.07
703463,506658,318301,19-07-2025,21-07-2025,1,249,10,24.9,224.1,Myntra,Google,Net Banking,Delivered,Lucknow,0,,74.02,33.89,54.27
736234,506658,351856,28-11-2025,01-12-2025,1,449,0,0,449,Myntra,Google,UPI,Delivered,Lucknow,0,,84.13,69.34,51.28
769006,506658,373579,24-12-2025,27-12-2025,1,449,5,22.45,426.55,Myntra,Google,UPI,Returned,Lucknow,1,Damaged in Transit,64.76,100.58,40.78
769016,506658,351856,27-12-2025,30-12-2025,1,449,20,89.8,359.2,Amazon,Google,UPI,Delivered,Lucknow,0,,76.17,72.61,43.06
769018,572199,376484,12-07-2025,16-07-2025,1,499,20,99.8,399.2,Nykaa,Organic Search,Cash on Delivery,Returned,Patna,1,Allergic Reaction,70.19,66.16,54.76
736258,523053,373579,06-06-2025,07-06-2025,2,449,0,0,898,Amazon,Marketplace,Debit Card,Delivered,Kolkata,0,,64.62,167.67,53.06
703501,531252,351856,27-11-2025,01-12-2025,1,449,0,0,449,Quick Commerce,Organic Search,Debit Card,Delivered,Bengaluru,0,,36.1,0,23.37
703506,531252,373579,04-12-2025,06-12-2025,1,449,0,0,449,Quick Commerce,Organic Search,Debit Card,Delivered,Bengaluru,0,,59.71,0,20.98
736275,531252,373579,18-12-2025,21-12-2025,1,449,25,112.25,336.75,D2C Website,Organic Search,Debit Card,Delivered,Bengaluru,0,,80.62,0,54.98
769045,539446,384259,13-03-2025,15-03-2025,1,649,20,129.8,519.2,D2C Website,Google,Unknown,Delivered,Delhi,0,,89.32,0,43.51
703514,539446,332325,15-05-2025,20-05-2025,3,399,0,0,1197,Amazon,Google,UPI,Delivered,Delhi,0,,88.41,276.36,33.31
703517,539446,351856,18-07-2025,23-07-2025,1,449,0,0,449,Myntra,Google,Cash on Delivery,Delivered,Delhi,0,,89.79,92.08,51.92
769054,539446,397912,09-08-2025,15-08-2025,1,399,0,0,399,D2C Website,Google,UPI,Delivered,Delhi,0,,47.27,0,46.36
736287,539446,376622,30-08-2025,02-09-2025,2,899,0,0,1798,Quick Commerce,Google,Debit Card,Delivered,Delhi,0,,76.13,0,53.8
736289,539446,318726,28-09-2025,02-10-2025,1,549,20,109.8,439.2,Amazon,Google,Credit Card,Delivered,Delhi,0,,79.35,82.96,33.29
703525,539446,384259,03-10-2025,06-10-2025,2,649,20,259.6,1038.4,D2C Website,Google,Credit Card,Cancelled,Delhi,0,,43.51,0,26.76
769062,539446,332325,14-10-2025,20-10-2025,2,399,15,119.7,678.3,Offline Store,Google,Credit Card,Delivered,Delhi,0,,0,0,31.23
736294,539446,360142,01-11-2025,04-11-2025,2,349,5,34.9,663.1,Nykaa,Google,Debit Card,Delivered,Delhi,0,,42.23,152.51,42.63
769065,514871,351856,27-06-2025,02-07-2025,1,449,25,112.25,336.75,Quick Commerce,Google,Debit Card,Delivered,Mumbai,0,,39.13,0,47.11
769067,564032,318726,28-12-2025,02-01-2026,1,549,0,0,549,Myntra,Instagram,Cash on Delivery,Delivered,Chennai,0,,68.29,118.16,30.52
703561,531266,397912,01-12-2025,06-12-2025,2,399,20,159.6,638.4,Nykaa,Marketplace,UPI,Delivered,Bengaluru,0,,68.9,141.75,22.82
736335,564038,384259,05-08-2024,11-08-2024,1,649,0,0,649,Quick Commerce,Google,Cash on Delivery,Delivered,Kolkata,0,,62.88,0,48.04
736338,564038,318726,30-05-2025,31-05-2025,3,549,5,82.35,1564.65,Amazon,Google,Cash on Delivery,Delivered,Kolkata,0,,70.8,273.1,45.36
769109,580422,318726,10-08-2025,14-08-2025,2,549,15,164.7,933.3,D2C Website,Instagram,Cash on Delivery,Delivered,Hyderabad,0,,52.38,0,21.38
769111,580422,373579,17-08-2025,22-08-2025,2,449,0,0,898,Nykaa,Instagram,Debit Card,Delivered,Hyderabad,0,,52.55,147.29,41.88
703577,564042,376484,22-12-2025,27-12-2025,2,499,20,199.6,798.4,Amazon,Referral,Debit Card,Delivered,Delhi,0,,56.1,161.2,21.24
769119,596810,351856,17-12-2025,20-12-2025,2,449,5,44.9,853.1,D2C Website,Marketplace,UPI,Delivered,Kolkata,0,,44.59,0,58.35
703584,596810,318301,23-12-2025,24-12-2025,1,249,0,0,249,D2C Website,Marketplace,Cash on Delivery,Delivered,Kolkata,0,,88.53,0,40.45
736352,523086,332325,04-09-2025,07-09-2025,1,399,25,99.75,299.25,D2C Website,Organic Search,Credit Card,Delivered,Lucknow,0,,49.96,0,52.09
736356,523086,384259,25-12-2025,26-12-2025,1,649,5,32.45,616.55,D2C Website,Organic Search,Debit Card,Delivered,Lucknow,0,,44.56,0,54.36
736358,596815,360142,30-10-2025,05-11-2025,1,349,15,52.35,296.65,D2C Website,Instagram,Unknown,Delivered,Chennai,0,,72.62,0,40.17
769133,596815,347447,17-11-2025,19-11-2025,1,349,15,52.35,296.65,Myntra,Instagram,Wallet,Delivered,Chennai,0,,48.24,53.31,50.85
769142,596815,332325,13-12-2025,16-12-2025,1,399,5,19.95,379.05,Quick Commerce,Instagram,Net Banking,Delivered,Chennai,0,,65.54,0,42.25
769147,596815,397647,23-12-2025,24-12-2025,3,799,25,599.25,1797.75,Amazon,Instagram,Credit Card,Delivered,Chennai,0,,60.99,422.15,38.51
703614,514896,318726,17-10-2024,21-10-2024,1,549,5,27.45,521.55,D2C Website,Referral,Credit Card,Delivered,Pune,0,,35.41,0,22.29
769152,514896,347447,26-10-2024,27-10-2024,2,349,10,69.8,628.2,D2C Website,Referral,Debit Card,Delivered,Pune,0,,61.91,0,24.53
769159,514896,328746,14-11-2024,15-11-2024,1,299,10,29.9,269.1,Nykaa,Referral,UPI,Delivered,Pune,0,,82.78,59.29,39.76
703624,514896,397647,23-02-2025,28-02-2025,2,799,0,0,1598,D2C Website,Referral,UPI,Delivered,Pune,0,,83.01,0,41.32
703627,514896,328746,10-03-2025,12-03-2025,1,299,0,0,299,D2C Website,Referral,Cash on Delivery,Delivered,Pune,0,,47.03,0,54.28
703631,514896,376622,07-07-2025,10-07-2025,1,899,20,179.8,719.2,Quick Commerce,Referral,Wallet,Delivered,Pune,0,,59.94,0,55.07
769168,514896,328746,14-08-2025,19-08-2025,3,299,20,179.4,717.6,Myntra,Referral,Credit Card,Cancelled,Pune,0,,47.39,148.89,57.37
736403,539472,370644,20-11-2025,25-11-2025,1,449,15,67.35,381.65,Myntra,Organic Search,Cash on Delivery,Delivered,Lucknow,0,,52.81,64.15,29.02
736406,531285,376484,25-04-2025,27-04-2025,1,499,0,0,499,D2C Website,Instagram,Debit Card,Delivered,Bengaluru,0,,35.99,0,28.61
769174,572255,373579,13-11-2025,18-11-2025,1,449,5,22.45,426.55,Nykaa,Instagram,UPI,Delivered,Kochi,0,,85.37,67.17,31.09
736408,572255,370644,17-11-2025,18-11-2025,1,449,15,67.35,381.65,D2C Website,Instagram,UPI,Delivered,Kochi,0,,47.99,0,36.12
769178,572255,397912,23-11-2025,27-11-2025,2,399,0,0,798,D2C Website,Instagram,Cash on Delivery,Delivered,Kochi,0,,62,0,21.45
703646,572255,373579,17-12-2025,20-12-2025,2,449,15,134.7,763.3,D2C Website,Instagram,Net Banking,Cancelled,Kochi,0,,74.22,0,58.24
736416,572255,376484,18-12-2025,24-12-2025,1,499,15,74.85,424.15,D2C Website,Instagram,UPI,Delivered,Kochi,0,,46.26,0,47.41
769185,572255,318301,23-12-2025,25-12-2025,1,249,40,99.6,149.4,Amazon,Instagram,Net Banking,Delivered,Kochi,0,,36.5,25.5,58.19
703653,555872,332325,15-06-2025,18-06-2025,1,399,0,0,399,Offline Store,Google,Cash on Delivery,Delivered,Chennai,0,,0,0,21.43
703655,596832,376484,06-04-2024,08-04-2024,1,499,0,0,499,Quick Commerce,Organic Search,Debit Card,Delivered,Coimbatore,0,,84.19,0,46.62
769193,596832,376484,15-05-2024,18-05-2024,1,499,15,74.85,424.15,Nykaa,Organic Search,UPI,Delivered,Coimbatore,0,,41.91,73.01,43.67
736428,596832,385909,11-06-2024,12-06-2024,1,429,0,0,429,Quick Commerce,Organic Search,UPI,Delivered,Coimbatore,0,,86.38,0,53.4
736429,596832,328746,09-07-2024,11-07-2024,1,299,0,0,299,Nykaa,Organic Search,UPI,Delivered,Coimbatore,0,,52.02,44.85,45.51
703662,596835,373579,25-07-2025,28-07-2025,1,449,0,0,449,Quick Commerce,Influencer,UPI,Delivered,Pune,0,,65.99,0,28.89
736433,531300,385909,28-10-2025,31-10-2025,2,429,15,128.7,729.3,D2C Website,Offline Store,Cash on Delivery,Delivered,Hyderabad,0,,68.28,0,43.52
703666,514918,318726,11-09-2025,16-09-2025,1,549,15,82.35,466.65,D2C Website,Instagram,Net Banking,Delivered,Delhi,0,,56.55,0,47.27
703667,514918,332325,13-09-2025,14-09-2025,2,399,10,79.8,718.2,Myntra,Instagram,UPI,Delivered,Delhi,0,,63.57,130,45.94
703665,514918,347447,08-12-2025,11-12-2025,2,349,35,244.3,453.7,Myntra,Instagram,UPI,Delivered,Delhi,0,,35.98,105.73,43.1
703670,588647,318726,19-04-2025,25-04-2025,1,549,5,27.45,521.55,Amazon,Instagram,UPI,Delivered,Patna,0,,50.97,115.71,54.41
703676,588647,397647,20-09-2025,22-09-2025,1,799,15,119.85,679.15,Offline Store,Instagram,UPI,Delivered,Patna,0,,0,0,40.08
736444,572264,397647,09-09-2024,11-09-2024,2,799,10,159.8,1438.2,Offline Store,Offline Store,UPI,Returned,Bengaluru,1,Wrong Item Delivered,0,0,23.8
769220,588652,318726,27-10-2025,31-10-2025,2,549,10,109.8,988.2,D2C Website,Influencer,Credit Card,Delivered,Delhi,0,,81.37,0,24.48
736454,506734,385909,07-07-2025,11-07-2025,1,429,0,0,429,Amazon,Instagram,Debit Card,Delivered,Kochi,0,,89.07,69.5,43.13
703689,547696,376484,29-08-2025,01-09-2025,1,499,35,174.65,324.35,D2C Website,Marketplace,Wallet,Delivered,Ahmedabad,0,,83.7,0,45.9
769226,547696,332325,11-10-2025,17-10-2025,1,399,25,99.75,299.25,Nykaa,Marketplace,Credit Card,Delivered,Ahmedabad,0,,87.03,60.3,59.66
703703,547696,332325,26-10-2025,01-11-2025,1,399,25,99.75,299.25,Nykaa,Marketplace,Debit Card,Delivered,Ahmedabad,0,,83.39,57.6,54.82
736471,547696,332325,16-11-2025,22-11-2025,1,399,15,59.85,339.15,Myntra,Marketplace,Cash on Delivery,Delivered,Ahmedabad,0,,35.56,83.32,55.53
769246,547696,370644,07-12-2025,12-12-2025,1,449,10,44.9,404.1,Quick Commerce,Marketplace,Wallet,Delivered,Ahmedabad,0,,39.42,0,21.2
736479,539507,328746,08-10-2025,14-10-2025,1,299,25,74.75,224.25,Myntra,Instagram,UPI,Delivered,Hyderabad,0,,60.8,52.93,47.45
736482,539507,318301,15-10-2025,19-10-2025,2,249,10,49.8,448.2,Quick Commerce,Instagram,UPI,Delivered,Hyderabad,0,,53.54,0,22.58
736487,539507,397647,26-10-2025,31-10-2025,2,799,25,399.5,1198.5,D2C Website,Instagram,Cash on Delivery,Delivered,Hyderabad,0,,35.84,0,42.4
703719,539507,318726,29-10-2025,31-10-2025,1,549,10,54.9,494.1,Myntra,Instagram,Cash on Delivery,Delivered,Hyderabad,0,,88.9,118.47,48.76
769258,539507,370644,02-11-2025,06-11-2025,2,449,0,0,898,D2C Website,Instagram,Cash on Delivery,Delivered,Hyderabad,0,,52.33,0,56.45
736493,539507,347447,03-11-2025,07-11-2025,2,349,15,104.7,593.3,D2C Website,Instagram,Credit Card,Delivered,Hyderabad,0,,67.64,0,28.13
703728,539507,373579,14-11-2025,15-11-2025,2,449,20,179.6,718.4,D2C Website,Instagram,Credit Card,Delivered,Hyderabad,0,,68.56,0,42.62
736497,539507,397912,28-11-2025,01-12-2025,1,399,0,0,399,Offline Store,Instagram,UPI,Delivered,Hyderabad,0,,0,0,45.8
736500,596851,370644,11-04-2025,15-04-2025,1,449,10,44.9,404.1,Nykaa,Instagram,UPI,Delivered,Bengaluru,0,,58.01,94.4,37.59
703732,506743,384259,20-05-2025,21-05-2025,1,649,10,64.9,584.1,Amazon,Organic Search,Credit Card,Delivered,Bengaluru,0,,53.46,108.82,56.32
736505,514945,328746,19-12-2025,24-12-2025,1,299,15,44.85,254.15,Nykaa,Referral,UPI,Delivered,Bengaluru,0,,62.05,61.66,30.64
769275,539529,351856,05-10-2025,09-10-2025,1,449,10,44.9,404.1,Amazon,Referral,Net Banking,Delivered,Delhi,0,,65.22,74.8,42.18
703742,514953,351856,17-12-2025,22-12-2025,1,449,15,67.35,381.65,D2C Website,Organic Search,Net Banking,Delivered,Mumbai,0,,40.68,0,50.43
736511,514953,376484,23-12-2025,28-12-2025,1,499,0,0,499,Amazon,Organic Search,Credit Card,Delivered,Mumbai,0,,70.84,104.04,59.02
703746,514953,318726,29-12-2025,30-12-2025,1,549,0,0,549,Quick Commerce,Organic Search,Debit Card,Delivered,Mumbai,0,,38.35,0,53.63
736520,514953,332325,30-12-2025,03-01-2026,1,399,20,79.8,319.2,Quick Commerce,Organic Search,UPI,Returned,Mumbai,1,Allergic Reaction,57.48,0,57.7
703769,506764,360142,25-11-2025,30-11-2025,1,349,25,87.25,261.75,Nykaa,Google,Credit Card,Delivered,Delhi,0,,53.2,49.27,21.91
703771,506764,385909,08-12-2025,11-12-2025,1,429,25,107.25,321.75,D2C Website,Google,UPI,Delivered,Delhi,0,,72.43,0,45.95
769315,539535,397647,25-08-2025,30-08-2025,1,799,10,79.9,719.1,Nykaa,Google,Credit Card,Delivered,Delhi,0,,60.77,119.03,20.62
703779,539535,318726,29-09-2025,01-10-2025,1,549,10,54.9,494.1,Myntra,Google,UPI,Delivered,Delhi,0,,42.93,80.03,33.77
769319,531348,328746,28-09-2025,04-10-2025,2,299,20,119.6,478.4,Amazon,Google,Cash on Delivery,Delivered,Chennai,0,,53.35,87.18,20.45
703784,531348,376484,30-09-2025,06-10-2025,1,499,5,24.95,474.05,D2C Website,Google,Debit Card,Delivered,Chennai,0,,64.78,0,36.38
736553,531348,370644,04-11-2025,05-11-2025,1,449,20,89.8,359.2,Amazon,Google,Wallet,Delivered,Chennai,0,,82.36,88.53,42.51
736554,572309,376484,04-03-2025,06-03-2025,1,499,15,74.85,424.15,Quick Commerce,Instagram,Cash on Delivery,Delivered,Kolkata,0,,77.43,0,55.27
703788,572309,318301,26-05-2025,29-05-2025,1,249,5,12.45,236.55,Nykaa,Instagram,Credit Card,Delivered,Kolkata,0,,61.89,58.45,55.58
769331,572309,318301,27-08-2025,01-09-2025,1,249,0,0,249,D2C Website,Instagram,Credit Card,Delivered,Kolkata,0,,37.92,0,42.48
703796,547739,360142,14-10-2024,18-10-2024,2,349,10,69.8,628.2,Offline Store,Instagram,UPI,Delivered,Mumbai,0,,0,0,43.7
736564,547739,376484,13-09-2025,14-09-2025,1,499,0,0,499,D2C Website,Instagram,UPI,Delivered,Mumbai,0,,70.57,0,49.38
703806,547739,318726,28-10-2025,01-11-2025,1,549,0,0,549,Amazon,Instagram,Net Banking,Delivered,Mumbai,0,,36.93,114.12,34.16
769349,555933,384259,21-12-2024,22-12-2024,2,649,0,0,1298,Nykaa,Instagram,Cash on Delivery,Delivered,Delhi,0,,89.36,271.42,24.65
736581,555933,373579,03-03-2025,08-03-2025,3,449,0,0,1347,D2C Website,Instagram,Cash on Delivery,Delivered,Delhi,0,,58.87,0,28.29
769352,531358,351856,16-09-2025,22-09-2025,1,449,20,89.8,359.2,Myntra,Influencer,Debit Card,Delivered,Kolkata,0,,79.05,65.28,36.53
703819,555936,384259,01-07-2025,06-07-2025,1,649,20,129.8,519.2,Amazon,Organic Search,Cash on Delivery,Delivered,Kolkata,0,,47.46,116.14,48.64
769355,555936,318301,16-09-2025,19-09-2025,1,249,5,12.45,236.55,D2C Website,Organic Search,UPI,Delivered,Kolkata,0,,61.9,0,21.72
703830,555936,385909,27-10-2025,31-10-2025,1,429,15,64.35,364.65,Amazon,Organic Search,Net Banking,Delivered,Kolkata,0,,88.66,79.61,56.96
703835,531365,385909,20-08-2024,26-08-2024,1,429,25,107.25,321.75,D2C Website,Google,UPI,Delivered,Ahmedabad,0,,43.27,0,43.09
703838,531365,360142,15-11-2024,19-11-2024,2,349,0,0,698,Myntra,Google,UPI,Delivered,Ahmedabad,0,,70.25,142.9,49.94
736608,531365,328746,14-01-2025,17-01-2025,2,299,0,0,598,D2C Website,Google,Net Banking,Delivered,Ahmedabad,0,,69.5,0,43.32
769377,531365,384259,01-03-2025,02-03-2025,2,649,5,64.9,1233.1,Amazon,Google,UPI,Delivered,Ahmedabad,0,,82.61,218.02,37.11
736609,531365,376484,27-03-2025,30-03-2025,1,499,10,49.9,449.1,Quick Commerce,Google,Wallet,Delivered,Ahmedabad,0,,46.83,0,29.98
736629,531365,385909,02-05-2025,04-05-2025,1,429,15,64.35,364.65,D2C Website,Google,Cash on Delivery,Delivered,Ahmedabad,0,,63.9,0,30.51
736630,531365,376484,10-11-2025,12-11-2025,1,499,5,24.95,474.05,D2C Website,Google,Net Banking,Delivered,Ahmedabad,0,,72.07,0,48.63
703861,547749,318726,21-10-2025,22-10-2025,1,549,5,27.45,521.55,Offline Store,Offline Store,Credit Card,Delivered,Pune,0,,0,0,31.48
703864,547749,370644,28-10-2025,30-10-2025,1,449,10,44.9,404.1,Quick Commerce,Offline Store,UPI,Delivered,Pune,0,,46.27,0,38.45
703866,547749,332325,04-12-2025,06-12-2025,1,399,15,59.85,339.15,Nykaa,Offline Store,Cash on Delivery,Delivered,Pune,0,,50.43,61.46,58.57
703869,564139,360142,19-11-2025,20-11-2025,1,349,5,17.45,331.55,Amazon,Referral,Net Banking,Delivered,Hyderabad,0,,63.15,75.54,33.07
703873,564139,318301,26-11-2025,30-11-2025,1,249,20,49.8,199.2,Nykaa,Referral,Credit Card,Delivered,Hyderabad,0,,36.04,42.57,41.82
769410,564139,397912,05-12-2025,10-12-2025,1,399,0,0,399,D2C Website,Referral,UPI,Delivered,Hyderabad,0,,65.19,0,21.81
703875,514993,376484,30-06-2025,05-07-2025,2,499,15,149.7,848.3,Offline Store,Instagram,Net Banking,Delivered,Delhi,0,,0,0,55.6
769414,514993,373579,24-07-2025,27-07-2025,1,449,15,67.35,381.65,Nykaa,Instagram,Cash on Delivery,Delivered,Delhi,0,,69.15,76.65,50.04
769417,514993,397912,01-10-2025,04-10-2025,3,399,25,299.25,897.75,Nykaa,Instagram,Wallet,Delivered,Delhi,0,,74.36,170.77,42.23
769422,514993,318301,09-10-2025,13-10-2025,2,249,20,99.6,398.4,D2C Website,Instagram,UPI,Delivered,Delhi,0,,46.29,0,47.7
703888,514993,397647,16-10-2025,21-10-2025,1,799,5,39.95,759.05,D2C Website,Instagram,Cash on Delivery,Delivered,Delhi,0,,77.03,0,37.36
703890,514993,347447,27-10-2025,30-10-2025,2,349,40,279.2,418.8,Amazon,Instagram,Credit Card,Delivered,Delhi,0,,63.4,91.7,27.6
736659,514993,351856,04-11-2025,06-11-2025,1,449,40,179.6,269.4,D2C Website,Instagram,UPI,Cancelled,Delhi,0,,46.08,0,49.78
703895,514993,360142,07-11-2025,10-11-2025,2,349,10,69.8,628.2,Amazon,Instagram,Cash on Delivery,Delivered,Delhi,0,,77.69,108.63,45.69
703901,572340,328746,27-10-2025,01-11-2025,1,299,35,104.65,194.35,Nykaa,Instagram,UPI,Returned,Hyderabad,1,Changed Mind,50.74,30.72,36.5
769438,514996,332325,29-11-2025,01-12-2025,1,399,25,99.75,299.25,Myntra,Instagram,Credit Card,Delivered,Pune,0,,65.52,74.03,23.83
736671,531385,332325,01-09-2025,06-09-2025,3,399,0,0,1197,Amazon,Marketplace,Wallet,Delivered,Pune,0,,46.41,220.89,43.19
703924,531385,318726,08-09-2025,13-09-2025,1,549,20,109.8,439.2,Quick Commerce,Marketplace,Net Banking,Delivered,Pune,0,,36.88,0,27
703929,531385,318726,16-09-2025,20-09-2025,1,549,25,137.25,411.75,Amazon,Marketplace,Credit Card,Delivered,Pune,0,,48.12,63.88,40.15
736698,531385,328746,08-12-2025,14-12-2025,1,299,20,59.8,239.2,Nykaa,Marketplace,Net Banking,Delivered,Pune,0,,57.2,48.34,26.18
703934,531385,373579,26-12-2025,31-12-2025,1,449,20,89.8,359.2,Myntra,Marketplace,Net Banking,Delivered,Pune,0,,57.75,70.84,47.64
769479,572350,376484,05-04-2025,10-04-2025,2,499,20,199.6,798.4,D2C Website,Marketplace,Unknown,Delivered,Delhi,0,,59.43,0,45.35
703945,572350,351856,26-04-2025,01-05-2025,3,449,5,67.35,1279.65,Myntra,Marketplace,UPI,Delivered,Delhi,0,,47.28,273.1,50.27
736715,572350,376484,26-07-2025,31-07-2025,1,499,5,24.95,474.05,Nykaa,Marketplace,Credit Card,Delivered,Delhi,0,,78.6,116.88,51.49
736718,572350,351856,10-09-2025,15-09-2025,1,449,0,0,449,Amazon,Marketplace,Wallet,Delivered,Delhi,0,,54.16,86.46,43.74
769489,515012,370644,26-11-2025,01-12-2025,1,449,5,22.45,426.55,D2C Website,Google,UPI,Delivered,Bhopal,0,,48.36,0,58.66
736721,515014,384259,09-10-2025,15-10-2025,1,649,5,32.45,616.55,D2C Website,Influencer,UPI,Delivered,Pune,0,,63.14,0,23.97
703956,523206,360142,09-06-2024,10-06-2024,1,349,0,0,349,D2C Website,Google,Cash on Delivery,Delivered,Jaipur,0,,50.37,0,39.65
736726,523206,384259,02-07-2024,05-07-2024,2,649,15,194.7,1103.3,Nykaa,Google,Net Banking,Cancelled,Jaipur,0,,43.27,174.04,55.5
703976,523206,373579,20-10-2024,23-10-2024,1,449,15,67.35,381.65,Offline Store,Google,UPI,Delivered,Jaipur,0,,0,0,59.68
736747,523206,360142,01-01-2025,03-01-2025,2,349,10,69.8,628.2,Amazon,Google,UPI,Delivered,Jaipur,0,,76.65,129.52,25.13
769520,523206,318301,12-06-2025,15-06-2025,3,249,10,74.7,672.3,Nykaa,Google,UPI,Delivered,Jaipur,0,,46.77,127.92,37.95
769523,523206,373579,26-07-2025,31-07-2025,1,449,25,112.25,336.75,Amazon,Google,Credit Card,Delivered,Jaipur,0,,85.97,52.88,52.12
703988,523206,373579,02-10-2025,06-10-2025,1,449,10,44.9,404.1,Amazon,Google,Debit Card,Delivered,Jaipur,0,,73.69,77.07,58.97
769528,523206,360142,26-11-2025,02-12-2025,1,349,15,52.35,296.65,D2C Website,Google,Credit Card,Delivered,Jaipur,0,,70.23,0,48.24
769531,506826,332325,19-08-2025,22-08-2025,1,399,0,0,399,Amazon,Google,UPI,Delivered,Lucknow,0,,73.39,71.49,43.75
769533,539599,385909,01-03-2025,05-03-2025,1,429,25,107.25,321.75,Nykaa,Google,Wallet,Delivered,Hyderabad,0,,48.56,56.1,49.65
736771,564178,318301,14-02-2025,17-02-2025,1,249,10,24.9,224.1,D2C Website,Influencer,UPI,Delivered,Jaipur,0,,61.49,0,39.84
736773,564178,370644,25-04-2025,30-04-2025,1,449,10,44.9,404.1,Nykaa,Influencer,UPI,Delivered,Jaipur,0,,88.05,85.24,40.2
769541,564178,328746,21-05-2025,26-05-2025,2,299,20,119.6,478.4,Nykaa,Influencer,UPI,Delivered,Jaipur,0,,63.22,116.19,47.91
769550,564178,318301,02-07-2025,05-07-2025,1,249,15,37.35,211.65,Nykaa,Influencer,UPI,Delivered,Jaipur,0,,44.14,43.72,50.34
769558,564178,318301,18-09-2025,22-09-2025,1,249,20,49.8,199.2,Amazon,Influencer,Cash on Delivery,Delivered,Jaipur,0,,49.68,32.48,20.17
736791,547795,360142,04-04-2024,07-04-2024,2,349,10,69.8,628.2,Offline Store,Referral,Credit Card,Delivered,Hyderabad,0,,0,0,43.51
736799,547795,351856,03-06-2024,04-06-2024,1,449,0,0,449,Offline Store,Referral,Cash on Delivery,Delivered,Hyderabad,0,,0,0,50.36
769582,547795,376484,09-07-2024,11-07-2024,2,499,5,49.9,948.1,Amazon,Referral,UPI,Cancelled,Hyderabad,0,,77.02,181.19,43.56
769584,547795,328746,27-07-2024,01-08-2024,1,299,15,44.85,254.15,Amazon,Referral,UPI,Delivered,Hyderabad,0,,36.7,56.58,28.55
704048,547795,376484,05-06-2025,11-06-2025,2,499,0,0,998,Amazon,Referral,Credit Card,Delivered,Hyderabad,0,,80.21,210.67,57.51
704050,547795,376622,23-06-2025,27-06-2025,2,899,0,0,1798,Amazon,Referral,Debit Card,Delivered,Hyderabad,0,,35.83,424.07,36.53
704056,547795,318301,14-07-2025,19-07-2025,2,249,0,0,498,D2C Website,Referral,UPI,Delivered,Hyderabad,0,,60.44,0,59.23
736831,547795,373579,25-10-2025,31-10-2025,2,449,10,89.8,808.2,Amazon,Referral,UPI,Delivered,Hyderabad,0,,78.49,137.96,47.14
769602,547795,328746,17-11-2025,22-11-2025,2,299,10,59.8,538.2,D2C Website,Referral,Credit Card,Delivered,Hyderabad,0,,44.16,0,38.84
769607,523218,384259,22-12-2025,25-12-2025,2,649,20,259.6,1038.4,Nykaa,Influencer,Wallet,Delivered,Mumbai,0,,86.73,162.61,34.94
736842,506839,370644,21-10-2025,22-10-2025,2,449,15,134.7,763.3,D2C Website,Organic Search,UPI,Delivered,Jaipur,0,,72.7,0,46.65
736848,506839,376484,29-10-2025,30-10-2025,2,499,0,0,998,Myntra,Organic Search,Credit Card,Delivered,Jaipur,0,,82.93,189.05,33.5
736849,506839,318726,09-11-2025,11-11-2025,2,549,5,54.9,1043.1,Amazon,Organic Search,Debit Card,Delivered,Jaipur,0,,87.61,221.72,31.35
704083,506839,328746,19-11-2025,23-11-2025,2,299,20,119.6,478.4,D2C Website,Organic Search,Credit Card,Delivered,Jaipur,0,,36.58,0,37.26
769634,506839,328746,01-12-2025,02-12-2025,2,299,10,59.8,538.2,Offline Store,Organic Search,Credit Card,Delivered,Jaipur,0,,0,0,58.95
704103,506839,318726,07-12-2025,08-12-2025,1,549,15,82.35,466.65,D2C Website,Organic Search,Debit Card,Delivered,Jaipur,0,,45.65,0,23.17
736872,506839,328746,12-12-2025,13-12-2025,1,299,0,0,299,Quick Commerce,Organic Search,UPI,Delivered,Jaipur,0,,44.05,0,31.67
704105,506839,384259,22-12-2025,27-12-2025,1,649,0,0,649,Myntra,Organic Search,Credit Card,Delivered,Jaipur,0,,63.06,135.63,31.73
736885,539608,318301,09-12-2025,13-12-2025,1,249,10,24.9,224.1,Nykaa,Organic Search,UPI,Delivered,Chennai,0,,78.56,41.06,30.51
704121,572384,397647,21-06-2025,25-06-2025,1,799,10,79.9,719.1,Nykaa,Organic Search,UPI,Delivered,Chennai,0,,82.91,121.84,41.86
704122,572384,318726,26-06-2025,29-06-2025,1,549,0,0,549,Quick Commerce,Organic Search,UPI,Delivered,Chennai,0,,67.39,0,37.41
769660,572384,397912,05-08-2025,11-08-2025,1,399,0,0,399,Nykaa,Organic Search,UPI,Delivered,Chennai,0,,82.02,87.95,49.04
704141,572384,360142,30-12-2025,04-01-2026,1,349,5,17.45,331.55,D2C Website,Organic Search,UPI,Delivered,Chennai,0,,52.61,0,42.24
704142,539618,351856,16-07-2024,18-07-2024,1,449,20,89.8,359.2,Amazon,Influencer,Credit Card,Delivered,Guwahati,0,,51.82,61.89,37.8
769688,515043,397647,14-08-2025,15-08-2025,1,799,0,0,799,D2C Website,Google,Credit Card,Delivered,Delhi,0,,83.39,0,54.66
769692,588777,384259,24-03-2025,30-03-2025,1,649,15,97.35,551.65,Amazon,Instagram,Credit Card,Delivered,Kolkata,0,,83.35,116.25,44.03
736924,588781,385909,08-11-2024,09-11-2024,3,429,20,257.4,1029.6,Offline Store,Marketplace,Cash on Delivery,Delivered,Pune,0,,0,0,30.99
704160,588781,351856,02-12-2024,05-12-2024,1,449,5,22.45,426.55,D2C Website,Marketplace,UPI,Delivered,Pune,0,,59.17,0,44.43
769699,588781,385909,16-12-2024,17-12-2024,1,429,5,21.45,407.55,Amazon,Marketplace,Net Banking,Delivered,Pune,0,,56.3,75.1,54.08
736935,531439,347447,28-09-2024,29-09-2024,1,349,20,69.8,279.2,D2C Website,Influencer,UPI,Delivered,Surat,0,,46.54,0,36.76
736937,531439,373579,27-01-2025,01-02-2025,1,449,10,44.9,404.1,Nykaa,Influencer,UPI,Delivered,Surat,0,,39.05,78.48,47.24
736941,547823,373579,06-11-2025,10-11-2025,2,449,5,44.9,853.1,D2C Website,Instagram,UPI,Delivered,Delhi,0,,61.58,0,35.19
736942,547823,328746,24-11-2025,27-11-2025,1,299,10,29.9,269.1,Amazon,Instagram,UPI,Delivered,Delhi,0,,70.41,58.03,49.74
736943,547823,370644,30-11-2025,02-12-2025,1,449,20,89.8,359.2,Amazon,Instagram,UPI,Delivered,Delhi,0,,61.37,75.49,38.72
769711,506863,318301,01-08-2025,04-08-2025,1,249,10,24.9,224.1,Nykaa,Influencer,Credit Card,Delivered,Kolkata,0,,41.5,46.67,25.29
769720,515058,332325,26-04-2025,29-04-2025,1,399,5,19.95,379.05,D2C Website,Instagram,UPI,Returned,Delhi,1,Changed Mind,85.74,0,41.52
704190,506868,360142,14-11-2025,16-11-2025,2,349,20,139.6,558.4,Offline Store,Google,Credit Card,Delivered,Kolkata,0,,0,0,43.52
736961,506868,397647,26-11-2025,29-11-2025,1,799,20,159.8,639.2,Nykaa,Google,Cash on Delivery,Delivered,Kolkata,0,,56.38,110.94,39.48
736968,506868,370644,25-12-2025,30-12-2025,3,449,35,471.45,875.55,Amazon,Google,UPI,Returned,Kolkata,1,Product Not As Described,89.46,175.65,35.63
704202,506868,318726,29-12-2025,03-01-2026,1,549,15,82.35,466.65,D2C Website,Google,UPI,Delivered,Kolkata,0,,63.5,0,29.28
704205,580610,376622,16-12-2025,17-12-2025,1,899,20,179.8,719.2,Myntra,Organic Search,Net Banking,Delivered,Hyderabad,0,,50.69,172.55,22.12
769742,580610,351856,20-12-2025,23-12-2025,2,449,10,89.8,808.2,D2C Website,Organic Search,UPI,Delivered,Hyderabad,0,,50.34,0,38.32
704209,580610,385909,22-12-2025,25-12-2025,1,429,5,21.45,407.55,Amazon,Organic Search,UPI,Delivered,Hyderabad,0,,43.28,75.14,42.43
769747,580610,385909,23-12-2025,28-12-2025,1,429,5,21.45,407.55,Offline Store,Organic Search,UPI,Delivered,Hyderabad,0,,0,0,38.4
704212,539651,376484,28-08-2024,29-08-2024,1,499,10,49.9,449.1,D2C Website,Organic Search,Cash on Delivery,Delivered,Bengaluru,0,,48.51,0,24.96
769755,539651,332325,12-04-2025,13-04-2025,2,399,5,39.9,758.1,D2C Website,Organic Search,UPI,Delivered,Bengaluru,0,,65.04,0,59.26
704221,539651,384259,24-05-2025,25-05-2025,1,649,20,129.8,519.2,D2C Website,Organic Search,UPI,Delivered,Bengaluru,0,,57.76,0,57.99
736989,539651,370644,13-10-2025,14-10-2025,1,449,0,0,449,Myntra,Organic Search,Credit Card,Delivered,Bengaluru,0,,70.87,68.19,34.88
736991,539651,318726,01-11-2025,05-11-2025,1,549,25,137.25,411.75,D2C Website,Organic Search,UPI,Delivered,Bengaluru,0,,74.58,0,34.33
769761,572420,385909,06-06-2025,09-06-2025,1,429,0,0,429,D2C Website,Organic Search,Cash on Delivery,Delivered,Delhi,0,,87.17,0,53.5
704229,597004,351856,03-05-2025,04-05-2025,2,449,15,134.7,763.3,D2C Website,Influencer,UPI,Delivered,Mumbai,0,,61.36,0,39.3
704230,597004,376484,02-06-2025,04-06-2025,1,499,35,174.65,324.35,D2C Website,Influencer,Debit Card,Delivered,Mumbai,0,,75.21,0,49.39
769769,597004,376622,18-07-2025,22-07-2025,2,899,20,359.6,1438.4,D2C Website,Influencer,Net Banking,Delivered,Mumbai,0,,84.61,0,51.82
737001,597004,376484,10-12-2025,14-12-2025,1,499,15,74.85,424.15,D2C Website,Influencer,Cash on Delivery,Delivered,Mumbai,0,,64.38,0,29.67
704236,597004,385909,18-12-2025,20-12-2025,2,429,20,171.6,686.4,Nykaa,Influencer,UPI,Delivered,Mumbai,0,,51.67,131.11,52.77
737010,588815,347447,16-03-2025,20-03-2025,1,349,35,122.15,226.85,Myntra,Google,UPI,Delivered,Lucknow,0,,66.19,52.74,38.1
704242,588815,318726,13-05-2025,15-05-2025,1,549,10,54.9,494.1,Nykaa,Google,UPI,Delivered,Lucknow,0,,87.55,87.41,29.94
769778,588815,385909,21-06-2025,26-06-2025,1,429,20,85.8,343.2,D2C Website,Google,UPI,Delivered,Lucknow,0,,50.8,0,25.28
769783,580623,360142,26-09-2025,27-09-2025,1,349,25,87.25,261.75,D2C Website,Influencer,Net Banking,Delivered,Ahmedabad,0,,70.87,0,53.91
769784,506895,360142,04-01-2025,09-01-2025,1,349,10,34.9,314.1,D2C Website,Influencer,Credit Card,Delivered,Delhi,0,,35.5,0,20.94
737015,506895,376484,07-01-2025,09-01-2025,1,499,5,24.95,474.05,Myntra,Influencer,UPI,Delivered,Delhi,0,,82.22,87.95,32.85
737022,506895,397912,11-07-2025,14-07-2025,2,399,15,119.7,678.3,Offline Store,Influencer,Cash on Delivery,Delivered,Delhi,0,,0,0,37.05
769791,506895,370644,02-12-2025,03-12-2025,1,449,15,67.35,381.65,Amazon,Influencer,UPI,Delivered,Delhi,0,,44.32,60.29,28.74
769792,506895,397912,12-12-2025,15-12-2025,1,399,10,39.9,359.1,Amazon,Influencer,Credit Card,Delivered,Delhi,0,,87.23,64.65,55.69
769794,515095,318301,24-08-2025,28-08-2025,2,249,15,74.7,423.3,Offline Store,Instagram,UPI,Delivered,Bengaluru,0,,0,0,47.58
769796,515096,318726,09-12-2025,13-12-2025,1,549,10,54.9,494.1,Myntra,Marketplace,Net Banking,Delivered,Delhi,0,,40.13,122.34,52.43
769803,556057,397647,12-10-2024,14-10-2024,1,799,0,0,799,D2C Website,Google,Cash on Delivery,Delivered,Hyderabad,0,,53.08,0,57.55
737035,564251,318301,22-12-2025,23-12-2025,1,249,0,0,249,D2C Website,Instagram,UPI,Delivered,Kochi,0,,49.11,0,32.82
737040,588835,360142,07-09-2025,11-09-2025,1,349,10,34.9,314.1,Amazon,Google,Net Banking,Delivered,Chennai,0,,86.96,69.65,55.37
704273,564260,318301,15-05-2024,21-05-2024,1,249,0,0,249,Offline Store,Google,Credit Card,Delivered,Indore,0,,0,0,22.61
704272,531499,360142,09-07-2025,15-07-2025,1,349,5,17.45,331.55,Quick Commerce,Google,Credit Card,Delivered,Chennai,0,,57.44,0,53.06
704277,531499,384259,24-08-2025,30-08-2025,1,649,5,32.45,616.55,Offline Store,Google,UPI,Delivered,Chennai,0,,0,0,34.78
737047,531499,397912,09-09-2025,12-09-2025,2,399,10,79.8,718.2,D2C Website,Google,UPI,Delivered,Chennai,0,,76.13,0,25.1
769817,531499,373579,25-10-2025,26-10-2025,2,449,0,0,898,Amazon,Google,UPI,Delivered,Chennai,0,,50.42,202.89,59.15
704282,539691,385909,18-08-2025,24-08-2025,1,429,0,0,429,Quick Commerce,Influencer,Debit Card,Delivered,Bengaluru,0,,83,0,57.74
769824,539691,385909,29-08-2025,03-09-2025,2,429,10,85.8,772.2,D2C Website,Influencer,Cash on Delivery,Delivered,Bengaluru,0,,89.21,0,55.93
704298,539691,351856,02-10-2025,05-10-2025,1,449,0,0,449,Myntra,Influencer,UPI,Delivered,Bengaluru,0,,89.01,104.5,33.59
769838,515118,318726,09-10-2025,12-10-2025,1,549,35,192.15,356.85,Offline Store,Offline Store,Wallet,Delivered,Bengaluru,0,,0,0,58.56
704304,515118,376484,30-12-2025,04-01-2026,2,499,0,0,998,Myntra,Offline Store,UPI,Delivered,Bengaluru,0,,76.14,191.9,20.09
704306,580654,351856,27-11-2025,29-11-2025,1,449,40,179.6,269.4,D2C Website,Influencer,Net Banking,Returned,Jaipur,1,Better Price Found Elsewhere,89.95,0,31.35
737083,515129,373579,14-11-2025,17-11-2025,1,449,5,22.45,426.55,Nykaa,Offline Store,Credit Card,Delivered,Bengaluru,0,,50.03,83.74,23.53
769853,515129,385909,25-11-2025,28-11-2025,1,429,40,171.6,257.4,Nykaa,Offline Store,UPI,Delivered,Bengaluru,0,,64.46,56.6,58.75
737087,515129,328746,01-12-2025,02-12-2025,1,299,15,44.85,254.15,Quick Commerce,Offline Store,Debit Card,Delivered,Bengaluru,0,,71.94,0,32.61
737089,515129,351856,27-12-2025,02-01-2026,1,449,20,89.8,359.2,Myntra,Offline Store,UPI,Delivered,Bengaluru,0,,57.08,58.59,20.92
737095,515129,385909,30-12-2025,03-01-2026,1,429,5,21.45,407.55,D2C Website,Offline Store,Credit Card,Delivered,Bengaluru,0,,69.33,0,51.29
737098,580676,397912,29-10-2025,31-10-2025,1,399,0,0,399,D2C Website,Influencer,Credit Card,Delivered,Hyderabad,0,,47.76,0,32.62
737104,580676,328746,06-11-2025,09-11-2025,1,299,40,119.6,179.4,D2C Website,Influencer,UPI,Delivered,Hyderabad,0,,77.01,0,51.3
769881,580676,332325,05-12-2025,10-12-2025,2,399,25,199.5,598.5,D2C Website,Influencer,Debit Card,Delivered,Hyderabad,0,,77.88,0,49.25
737118,580676,376484,30-12-2025,04-01-2026,1,499,25,124.75,374.25,D2C Website,Influencer,UPI,Delivered,Hyderabad,0,,85.87,0,58.23
769887,515157,347447,22-11-2024,24-11-2024,1,349,35,122.15,226.85,Myntra,Instagram,Cash on Delivery,Delivered,Nagpur,0,,48.19,53.29,30.86
769888,515157,360142,09-05-2025,15-05-2025,1,349,20,69.8,279.2,Nykaa,Instagram,Cash on Delivery,Delivered,Nagpur,0,,69.25,47.08,55.2
737122,515157,384259,31-10-2025,03-11-2025,1,649,10,64.9,584.1,D2C Website,Instagram,Debit Card,Delivered,Nagpur,0,,77.29,0,34.71
704356,580694,384259,10-07-2025,15-07-2025,1,649,10,64.9,584.1,D2C Website,Influencer,UPI,Delivered,Lucknow,0,,62.38,0,35.38
737125,580694,328746,22-08-2025,26-08-2025,1,299,10,29.9,269.1,Quick Commerce,Influencer,Cash on Delivery,Delivered,Lucknow,0,,47.08,0,59.37
737128,588895,318726,15-05-2025,16-05-2025,1,549,15,82.35,466.65,Amazon,Google,UPI,Delivered,Chandigarh,0,,88.41,86.38,40.18
769899,588895,376484,24-07-2025,28-07-2025,1,499,20,99.8,399.2,D2C Website,Google,Credit Card,Delivered,Chandigarh,0,,64.19,0,27.47
704370,588895,397912,04-09-2025,05-09-2025,1,399,20,79.8,319.2,D2C Website,Google,Credit Card,Delivered,Chandigarh,0,,66.12,0,39.29
737144,572512,397647,02-12-2025,07-12-2025,1,799,15,119.85,679.15,D2C Website,Google,UPI,Delivered,Hyderabad,0,,72.52,0,22.85
737148,506980,384259,16-03-2025,20-03-2025,1,649,15,97.35,551.65,D2C Website,Google,Credit Card,Delivered,Kolkata,0,,53.78,0,36.78
769916,506980,376622,03-08-2025,09-08-2025,1,899,20,179.8,719.2,Amazon,Google,UPI,Delivered,Kolkata,0,,35.19,153.93,28.37
769922,506980,318301,08-09-2025,09-09-2025,1,249,25,62.25,186.75,Amazon,Google,Debit Card,Delivered,Kolkata,0,,62.92,43.09,34.27
737156,506980,397912,29-09-2025,02-10-2025,1,399,20,79.8,319.2,D2C Website,Google,Cash on Delivery,Delivered,Kolkata,0,,66.89,0,54.83
704394,506980,360142,29-11-2025,30-11-2025,2,349,15,104.7,593.3,Myntra,Google,Credit Card,Delivered,Kolkata,0,,71.47,141.57,25.07
769932,547942,373579,16-06-2025,19-06-2025,3,449,20,269.4,1077.6,Myntra,Instagram,UPI,Delivered,Pune,0,,56.94,163.89,30.39
769934,588907,332325,18-12-2025,23-12-2025,2,399,25,199.5,598.5,D2C Website,Instagram,Cash on Delivery,Delivered,Mumbai,0,,43.2,0,45.16
769935,588907,318726,27-12-2025,30-12-2025,1,549,0,0,549,Nykaa,Instagram,Net Banking,Delivered,Mumbai,0,,69.95,108.57,42.97
737172,564332,370644,30-08-2025,31-08-2025,1,449,15,67.35,381.65,Quick Commerce,Influencer,Credit Card,Delivered,Hyderabad,0,,76.65,0,50.29
737173,531566,351856,14-11-2025,20-11-2025,2,449,25,224.5,673.5,Quick Commerce,Google,Cash on Delivery,Delivered,Patna,0,,38.96,0,35.79
769945,572529,351856,28-10-2024,01-11-2024,1,449,15,67.35,381.65,Amazon,Influencer,Wallet,Delivered,Hyderabad,0,,89.01,81.62,36.6
704424,547953,373579,04-11-2025,07-11-2025,3,449,0,0,1347,Amazon,Offline Store,Cash on Delivery,Delivered,Surat,0,,73.56,220.26,21
737192,547953,318726,07-11-2025,13-11-2025,3,549,15,247.05,1399.95,Myntra,Offline Store,Credit Card,Delivered,Surat,0,,45.6,316.65,46.06
769962,547953,318301,14-11-2025,18-11-2025,1,249,0,0,249,Amazon,Offline Store,Credit Card,Delivered,Surat,0,,47.17,58.91,23.62
704427,547953,328746,17-11-2025,22-11-2025,2,299,25,149.5,448.5,D2C Website,Offline Store,UPI,Delivered,Surat,0,,38.27,0,58.19
737200,547953,373579,25-11-2025,01-12-2025,1,449,5,22.45,426.55,Amazon,Offline Store,Credit Card,Delivered,Surat,0,,73.27,80.09,28.43
704436,547953,318301,01-12-2025,05-12-2025,1,249,5,12.45,236.55,D2C Website,Offline Store,Cash on Delivery,Delivered,Surat,0,,51.32,0,42.25
704440,547953,397912,04-12-2025,05-12-2025,2,399,20,159.6,638.4,Myntra,Offline Store,UPI,Delivered,Surat,0,,42.19,104.72,59.65
737209,547953,370644,09-12-2025,15-12-2025,3,449,5,67.35,1279.65,D2C Website,Offline Store,UPI,Delivered,Surat,0,,50.44,0,24.63
737214,547953,397912,17-12-2025,21-12-2025,1,399,0,0,399,Amazon,Offline Store,UPI,Delivered,Surat,0,,70.41,77.97,39.66
704455,531571,328746,10-10-2025,11-10-2025,1,299,10,29.9,269.1,D2C Website,Google,Cash on Delivery,Delivered,Mumbai,0,,37.16,0,38.37
704466,531571,384259,22-10-2025,23-10-2025,1,649,25,162.25,486.75,Amazon,Google,UPI,Delivered,Mumbai,0,,69.14,85.53,57.76
704467,531571,385909,02-11-2025,03-11-2025,2,429,0,0,858,Amazon,Google,Credit Card,Delivered,Mumbai,0,,60.09,184.92,49.39
770004,531571,376484,19-12-2025,22-12-2025,1,499,0,0,499,Myntra,Google,Credit Card,Delivered,Mumbai,0,,58.57,118.26,33.24
737237,556148,376484,12-08-2025,13-08-2025,2,499,20,199.6,798.4,Amazon,Marketplace,UPI,Delivered,Chennai,0,,47.37,184.08,45.14
770005,556148,370644,03-09-2025,06-09-2025,1,449,5,22.45,426.55,D2C Website,Marketplace,Cash on Delivery,Delivered,Chennai,0,,76.27,0,56.85
737239,556148,370644,09-10-2025,14-10-2025,1,449,0,0,449,Offline Store,Marketplace,Debit Card,Delivered,Chennai,0,,0,0,53.34
770007,556148,397912,20-11-2025,25-11-2025,1,399,15,59.85,339.15,D2C Website,Marketplace,Cash on Delivery,Delivered,Chennai,0,,74.39,0,43.36
704471,564340,384259,14-10-2025,17-10-2025,1,649,5,32.45,616.55,Amazon,Offline Store,Cash on Delivery,Delivered,Bengaluru,0,,52.3,145.08,28.69
770014,588916,384259,03-10-2024,06-10-2024,2,649,15,194.7,1103.3,Amazon,Offline Store,UPI,Delivered,Mumbai,0,,83.23,186.85,20.99
770016,580728,360142,27-10-2024,28-10-2024,1,349,5,17.45,331.55,Offline Store,Offline Store,Cash on Delivery,Delivered,Jaipur,0,,0,0,26.16
737249,580728,370644,11-01-2025,15-01-2025,1,449,25,112.25,336.75,Offline Store,Offline Store,Credit Card,Delivered,Jaipur,0,,0,0,30.48
704485,580728,318726,08-06-2025,14-06-2025,1,549,15,82.35,466.65,Amazon,Offline Store,Cash on Delivery,Delivered,Jaipur,0,,50.98,90.26,48.46
737255,580728,373579,21-11-2025,23-11-2025,1,449,35,157.15,291.85,D2C Website,Offline Store,UPI,Delivered,Jaipur,0,,53.78,0,24.16
737261,580728,332325,22-12-2025,24-12-2025,1,399,0,0,399,D2C Website,Offline Store,UPI,Delivered,Jaipur,0,,69.91,0,22.11
770030,515194,384259,15-04-2024,17-04-2024,2,649,20,259.6,1038.4,D2C Website,Influencer,UPI,Delivered,Hyderabad,0,,87.62,0,47.41
770035,515194,376484,30-06-2024,05-07-2024,2,499,10,99.8,898.2,Quick Commerce,Influencer,UPI,Delivered,Hyderabad,0,,37.91,0,57.84
704501,515194,384259,15-05-2025,20-05-2025,1,649,5,32.45,616.55,Quick Commerce,Influencer,UPI,Delivered,Hyderabad,0,,81.36,0,45.49
737272,515194,347447,17-06-2025,22-06-2025,1,349,10,34.9,314.1,D2C Website,Influencer,UPI,Delivered,Hyderabad,0,,63.35,0,37.17
770041,572544,376484,01-10-2025,04-10-2025,1,499,10,49.9,449.1,Amazon,Instagram,Credit Card,Returned,Mumbai,1,Allergic Reaction,73.61,80.95,29.27
737274,597120,397647,05-09-2024,06-09-2024,1,799,20,159.8,639.2,Amazon,Instagram,Debit Card,Delivered,Hyderabad,0,,57.26,102.72,24.23
770047,597120,318301,10-10-2024,11-10-2024,1,249,0,0,249,Myntra,Instagram,Wallet,Delivered,Hyderabad,0,,82.96,58.54,59.97
737279,597120,384259,21-09-2025,23-09-2025,1,649,10,64.9,584.1,Nykaa,Instagram,Credit Card,Delivered,Hyderabad,0,,53.36,95.13,57.28
737281,597120,370644,11-10-2025,17-10-2025,1,449,5,22.45,426.55,D2C Website,Instagram,UPI,Returned,Hyderabad,1,Product Not As Described,39,0,38.08
704514,588930,318726,04-04-2025,08-04-2025,1,549,20,109.8,439.2,Myntra,Offline Store,Credit Card,Delivered,Hyderabad,0,,40.55,102.4,38.91
770056,588930,376484,22-08-2025,27-08-2025,2,499,5,49.9,948.1,Offline Store,Offline Store,UPI,Delivered,Hyderabad,0,,0,0,37.11
704522,588930,332325,14-09-2025,16-09-2025,1,399,10,39.9,359.1,D2C Website,Offline Store,UPI,Delivered,Hyderabad,0,,51.05,0,27.43
737294,588930,370644,18-12-2025,22-12-2025,2,449,20,179.6,718.4,D2C Website,Offline Store,UPI,Delivered,Hyderabad,0,,55.89,0,43.32
770063,588930,397912,26-12-2025,01-01-2026,1,399,20,79.8,319.2,D2C Website,Offline Store,Cash on Delivery,Delivered,Hyderabad,0,,61.53,0,50.14
770070,523405,397647,13-10-2024,17-10-2024,3,799,40,958.8,1438.2,Myntra,Offline Store,UPI,Delivered,Delhi,0,,88.58,320.02,46.03
737309,523405,376484,08-03-2025,14-03-2025,3,499,5,74.85,1422.15,Nykaa,Offline Store,Cash on Delivery,Delivered,Delhi,0,,72.2,227.52,20.68
770078,523405,373579,15-03-2025,21-03-2025,1,449,0,0,449,Amazon,Offline Store,Net Banking,Delivered,Delhi,0,,59.19,70.12,45.84
704546,523405,318726,15-07-2025,21-07-2025,1,549,10,54.9,494.1,Amazon,Offline Store,UPI,Delivered,Delhi,0,,68.55,78.94,35.2
770091,523405,318301,03-12-2025,09-12-2025,3,249,10,74.7,672.3,Nykaa,Offline Store,Cash on Delivery,Delivered,Delhi,0,,70.78,115.88,39.51
770092,507026,384259,24-12-2025,29-12-2025,1,649,0,0,649,Amazon,Instagram,Wallet,Delivered,Mumbai,0,,54.88,142.91,58.58
737328,556179,370644,06-05-2024,08-05-2024,1,449,5,22.45,426.55,Amazon,Instagram,Credit Card,Delivered,Lucknow,0,,77.55,97.16,23.67
704562,556179,384259,09-05-2024,15-05-2024,1,649,0,0,649,D2C Website,Instagram,UPI,Delivered,Lucknow,0,,72.59,0,56.35
704564,515220,373579,03-09-2024,09-09-2024,1,449,15,67.35,381.65,Offline Store,Google,UPI,Delivered,Kochi,0,,0,0,36.35
737342,515220,397912,12-12-2024,14-12-2024,1,399,25,99.75,299.25,Myntra,Google,Debit Card,Delivered,Kochi,0,,64.43,72.72,34.05
770111,515220,318301,30-04-2025,05-05-2025,1,249,5,12.45,236.55,D2C Website,Google,UPI,Delivered,Kochi,0,,86.21,0,30.96
737344,515220,360142,09-11-2025,13-11-2025,1,349,5,17.45,331.55,Nykaa,Google,Net Banking,Delivered,Kochi,0,,38.37,64.16,59.85
737347,515220,376484,18-12-2025,22-12-2025,2,499,35,349.3,648.7,Quick Commerce,Google,Cash on Delivery,Delivered,Kochi,0,,85.55,0,58.64
737350,523416,360142,16-03-2025,22-03-2025,1,349,10,34.9,314.1,D2C Website,Referral,UPI,Delivered,Bhopal,0,,56.32,0,23.77
770121,523416,318301,11-04-2025,17-04-2025,2,249,10,49.8,448.2,D2C Website,Referral,Debit Card,Delivered,Bhopal,0,,36.13,0,36.28
704588,523416,397912,09-06-2025,11-06-2025,3,399,0,0,1197,D2C Website,Referral,UPI,Returned,Bhopal,1,Damaged in Transit,46.06,0,35.63
770126,523416,397912,26-06-2025,02-07-2025,1,399,10,39.9,359.1,Amazon,Referral,Debit Card,Delivered,Bhopal,0,,68.22,71.21,57.99
737360,597154,328746,21-04-2025,24-04-2025,1,299,15,44.85,254.15,Myntra,Google,Cash on Delivery,Delivered,Delhi,0,,42.69,42.05,39.07
770138,556207,376484,28-12-2024,31-12-2024,2,499,5,49.9,948.1,Quick Commerce,Instagram,UPI,Delivered,Delhi,0,,42.18,0,50.74
770151,539824,351856,12-04-2025,13-04-2025,1,449,0,0,449,D2C Website,Organic Search,Credit Card,Delivered,Delhi,0,,40.74,0,37.69
737387,539824,351856,04-05-2025,07-05-2025,1,449,10,44.9,404.1,D2C Website,Organic Search,UPI,Delivered,Delhi,0,,89.3,0,37.01
737389,539824,351856,08-07-2025,10-07-2025,1,449,5,22.45,426.55,Amazon,Organic Search,Credit Card,Delivered,Delhi,0,,57.06,100.02,51.93
770165,539824,351856,13-07-2025,14-07-2025,2,449,20,179.6,718.4,Offline Store,Organic Search,Debit Card,Delivered,Delhi,0,,0,0,27.12
737397,531635,351856,19-11-2024,22-11-2024,1,449,10,44.9,404.1,Amazon,Instagram,UPI,Delivered,Coimbatore,0,,65.44,66.42,33.11
737401,531635,370644,31-01-2025,01-02-2025,3,449,0,0,1347,Myntra,Instagram,UPI,Delivered,Coimbatore,0,,35.39,314.39,20.92
704634,531635,370644,21-05-2025,25-05-2025,1,449,10,44.9,404.1,D2C Website,Instagram,Credit Card,Delivered,Coimbatore,0,,53.29,0,41.06
770170,539829,376622,23-08-2025,26-08-2025,1,899,0,0,899,Amazon,Offline Store,Cash on Delivery,Delivered,Bengaluru,0,,41.33,181.39,41.82
770178,588984,332325,26-08-2025,30-08-2025,1,399,5,19.95,379.05,Nykaa,Instagram,UPI,Delivered,Mumbai,0,,47.92,77.17,34.01
704643,572603,385909,09-12-2025,11-12-2025,1,429,10,42.9,386.1,D2C Website,Influencer,Credit Card,Delivered,Ahmedabad,0,,54.93,0,31.48
770184,539857,376484,12-12-2025,13-12-2025,3,499,10,149.7,1347.3,Amazon,Marketplace,UPI,Delivered,Guwahati,0,,79.38,320.65,32.37
770185,556244,332325,25-05-2025,30-05-2025,1,399,10,39.9,359.1,Quick Commerce,Organic Search,Debit Card,Delivered,Bhopal,0,,36.79,0,23.99
770189,556244,384259,26-05-2025,30-05-2025,1,649,10,64.9,584.1,D2C Website,Organic Search,UPI,Delivered,Bhopal,0,,66.25,0,46.42
770202,556244,347447,27-05-2025,02-06-2025,2,349,5,34.9,663.1,D2C Website,Organic Search,UPI,Returned,Bhopal,1,Damaged in Transit,66.73,0,52.77
704666,556244,332325,06-07-2025,09-07-2025,3,399,0,0,1197,Amazon,Organic Search,Debit Card,Delivered,Bhopal,0,,89.08,213.27,48.4
704668,556244,384259,18-07-2025,20-07-2025,3,649,15,292.05,1654.95,Offline Store,Organic Search,Debit Card,Delivered,Bhopal,0,,0,0,22.94
770205,556244,397647,12-08-2025,16-08-2025,2,799,0,0,1598,Offline Store,Organic Search,UPI,Delivered,Bhopal,0,,0,0,56.58
704670,556244,347447,12-10-2025,17-10-2025,1,349,25,87.25,261.75,Nykaa,Organic Search,UPI,Delivered,Bhopal,0,,80.86,44.36,20.18
704677,556244,318726,22-11-2025,28-11-2025,1,549,0,0,549,Nykaa,Organic Search,Unknown,Cancelled,Bhopal,0,,66.35,97.25,57.75
770215,589016,332325,12-12-2025,14-12-2025,1,399,5,19.95,379.05,Nykaa,Instagram,UPI,Delivered,Mumbai,0,,83.29,87.26,41.51
704685,507100,384259,07-08-2025,13-08-2025,1,649,20,129.8,519.2,Amazon,Influencer,Cash on Delivery,Delivered,Pune,0,,80.55,98.77,44.2
770232,515292,373579,27-11-2025,30-11-2025,1,449,5,22.45,426.55,Quick Commerce,Influencer,Debit Card,Delivered,Hyderabad,0,,57.88,0,32.76
737467,515292,370644,03-12-2025,05-12-2025,2,449,0,0,898,Nykaa,Influencer,Debit Card,Delivered,Hyderabad,0,,48.09,218.11,55.14
704700,515292,384259,04-12-2025,06-12-2025,1,649,10,64.9,584.1,Amazon,Influencer,UPI,Delivered,Hyderabad,0,,35.74,90.17,20.33
704701,515292,373579,08-12-2025,09-12-2025,1,449,10,44.9,404.1,Amazon,Influencer,Cash on Delivery,Cancelled,Hyderabad,0,,63.91,65.47,42.07
770242,515292,373579,09-12-2025,15-12-2025,3,449,15,202.05,1144.95,Amazon,Influencer,Cash on Delivery,Delivered,Hyderabad,0,,86.03,171.8,38.24
770248,515292,351856,10-12-2025,14-12-2025,1,449,10,44.9,404.1,Amazon,Influencer,Net Banking,Delivered,Hyderabad,0,,69.63,90.36,51.44
704716,515292,370644,13-12-2025,19-12-2025,2,449,25,224.5,673.5,Offline Store,Influencer,Cash on Delivery,Delivered,Hyderabad,0,,0,0,56.33
704728,507104,360142,18-12-2025,20-12-2025,1,349,5,17.45,331.55,Amazon,Organic Search,Credit Card,Delivered,Delhi,0,,73.92,56.53,38.7
737498,507104,328746,23-12-2025,27-12-2025,1,299,20,59.8,239.2,D2C Website,Organic Search,Debit Card,Delivered,Delhi,0,,55.15,0,22.76
770278,572641,385909,23-11-2025,28-11-2025,2,429,10,85.8,772.2,D2C Website,Instagram,Credit Card,Delivered,Mumbai,0,,35.14,0,51.14
770282,597218,332325,04-10-2025,09-10-2025,1,399,0,0,399,D2C Website,Referral,Credit Card,Delivered,Coimbatore,0,,80.75,0,47.78
770283,597218,373579,19-12-2025,21-12-2025,1,449,25,112.25,336.75,Amazon,Referral,UPI,Delivered,Coimbatore,0,,53.27,64.28,50.76
737523,564451,373579,27-12-2024,01-01-2025,1,449,10,44.9,404.1,Quick Commerce,Offline Store,Net Banking,Delivered,Pune,0,,84.26,0,52.8
770309,564451,373579,13-01-2025,19-01-2025,1,449,5,22.45,426.55,Nykaa,Offline Store,Cash on Delivery,Delivered,Pune,0,,68.5,77.79,22.12
770310,564451,360142,20-04-2025,26-04-2025,1,349,5,17.45,331.55,D2C Website,Offline Store,UPI,Delivered,Pune,0,,48.19,0,34.53
770313,564451,373579,28-09-2025,01-10-2025,1,449,5,22.45,426.55,D2C Website,Offline Store,Net Banking,Delivered,Pune,0,,88.15,0,55.69
704782,564451,397647,28-12-2025,31-12-2025,3,799,10,239.7,2157.3,Offline Store,Offline Store,UPI,Delivered,Pune,0,,0,0,28.62
704785,564454,397912,24-09-2024,27-09-2024,3,399,20,239.4,957.6,Amazon,Influencer,UPI,Delivered,Pune,0,,61.85,230.81,28.32
704797,564454,384259,08-10-2024,10-10-2024,1,649,5,32.45,616.55,Amazon,Influencer,UPI,Delivered,Pune,0,,74.58,97.8,44.06
704798,564454,376484,12-10-2024,18-10-2024,1,499,5,24.95,474.05,Amazon,Influencer,Wallet,Delivered,Pune,0,,51.37,115.43,37.14
737568,564454,328746,07-01-2025,13-01-2025,1,299,10,29.9,269.1,D2C Website,Influencer,UPI,Delivered,Pune,0,,70.86,0,27.48
770349,556267,318726,24-06-2025,27-06-2025,1,549,20,109.8,439.2,Amazon,Organic Search,Credit Card,Delivered,Delhi,0,,39.45,106.38,22.84
704814,572655,351856,04-10-2024,10-10-2024,1,449,10,44.9,404.1,D2C Website,Google,Cash on Delivery,Delivered,Chandigarh,0,,50.38,0,51.33
737585,523509,328746,04-09-2025,10-09-2025,1,299,0,0,299,D2C Website,Google,Cash on Delivery,Delivered,Hyderabad,0,,36.22,0,55.41
737587,523509,397912,05-09-2025,06-09-2025,2,399,10,79.8,718.2,D2C Website,Google,Cash on Delivery,Delivered,Hyderabad,0,,65.66,0,46.48
704822,523509,318726,08-10-2025,09-10-2025,1,549,15,82.35,466.65,D2C Website,Google,Credit Card,Delivered,Hyderabad,0,,84.69,0,31.41
737594,523509,328746,11-10-2025,17-10-2025,2,299,15,89.7,508.3,D2C Website,Google,Wallet,Delivered,Hyderabad,0,,52.7,0,32.86
737597,523509,376484,29-10-2025,03-11-2025,2,499,10,99.8,898.2,Amazon,Google,UPI,Delivered,Hyderabad,0,,80.06,165.61,47.9
737602,523509,384259,02-11-2025,08-11-2025,3,649,0,0,1947,Myntra,Google,Wallet,Delivered,Hyderabad,0,,72.82,296.82,30.74
770376,523509,328746,21-11-2025,27-11-2025,3,299,35,313.95,583.05,D2C Website,Google,Debit Card,Delivered,Hyderabad,0,,40.72,0,47.78
704845,523509,397912,04-12-2025,06-12-2025,1,399,25,99.75,299.25,D2C Website,Google,Credit Card,Delivered,Hyderabad,0,,55.91,0,26.09
737618,523509,376622,10-12-2025,13-12-2025,1,899,0,0,899,Amazon,Google,Credit Card,Delivered,Hyderabad,0,,50.7,223.06,39.34
704850,539893,397647,09-01-2025,14-01-2025,1,799,10,79.9,719.1,Quick Commerce,Organic Search,UPI,Delivered,Surat,0,,56.62,0,46.04
704851,539893,397912,09-03-2025,12-03-2025,3,399,25,299.25,897.75,Myntra,Organic Search,UPI,Delivered,Surat,0,,37.78,204.79,57.55
737623,572667,360142,15-11-2025,17-11-2025,1,349,5,17.45,331.55,D2C Website,Instagram,Debit Card,Delivered,Patna,0,,64.3,0,39.38
737627,523519,318726,04-03-2024,10-03-2024,1,549,25,137.25,411.75,D2C Website,Influencer,Credit Card,Delivered,Bengaluru,0,,53.33,0,25.28
704861,597248,384259,14-04-2025,20-04-2025,1,649,5,32.45,616.55,D2C Website,Instagram,Cash on Delivery,Delivered,Bengaluru,0,,74.39,0,53.18
770402,589065,385909,30-04-2024,02-05-2024,2,429,10,85.8,772.2,D2C Website,Organic Search,Debit Card,Delivered,Jaipur,0,,77.95,0,42.55
770411,589065,351856,01-06-2024,05-06-2024,3,449,15,202.05,1144.95,Myntra,Organic Search,UPI,Delivered,Jaipur,0,,80.44,284.42,59.71
737643,589065,397647,07-07-2024,09-07-2024,1,799,10,79.9,719.1,Amazon,Organic Search,Credit Card,Delivered,Jaipur,0,,55.8,168.91,58.3
737653,589065,351856,31-08-2024,03-09-2024,1,449,20,89.8,359.2,Amazon,Organic Search,Credit Card,Delivered,Jaipur,0,,57.75,65.8,32.95
704885,589065,385909,20-09-2024,25-09-2024,1,429,10,42.9,386.1,Amazon,Organic Search,Credit Card,Delivered,Jaipur,0,,58.44,85.9,35.38
770430,589065,351856,23-09-2024,28-09-2024,1,449,15,67.35,381.65,D2C Website,Organic Search,UPI,Delivered,Jaipur,0,,44.23,0,36.03
737664,589065,351856,11-01-2025,16-01-2025,1,449,15,67.35,381.65,Amazon,Organic Search,Cash on Delivery,Delivered,Jaipur,0,,37.82,65.8,27.03
704899,589065,318726,24-02-2025,28-02-2025,1,549,0,0,549,Quick Commerce,Organic Search,Cash on Delivery,Delivered,Jaipur,0,,53.73,0,29.97
770436,589065,351856,15-09-2025,20-09-2025,2,449,10,89.8,808.2,Amazon,Organic Search,Cash on Delivery,Delivered,Jaipur,0,,49.6,132.24,45.07
704903,507146,384259,15-08-2024,16-08-2024,1,649,15,97.35,551.65,Nykaa,Offline Store,UPI,Delivered,Mumbai,0,,36.94,99.92,46.65
704904,507146,370644,05-01-2025,07-01-2025,3,449,40,538.8,808.2,D2C Website,Offline Store,Debit Card,Delivered,Mumbai,0,,58.51,0,56.38
737672,507146,360142,02-04-2025,03-04-2025,2,349,20,139.6,558.4,Amazon,Offline Store,UPI,Delivered,Mumbai,0,,70.66,116.74,27.91
770442,507146,360142,04-10-2025,07-10-2025,1,349,25,87.25,261.75,D2C Website,Offline Store,Wallet,Delivered,Mumbai,0,,54.15,0,42.55
770452,597260,351856,02-10-2024,07-10-2024,3,449,15,202.05,1144.95,Quick Commerce,Influencer,UPI,Delivered,Ahmedabad,0,,40.94,0,47.74
770455,597260,385909,06-10-2024,10-10-2024,2,429,15,128.7,729.3,Nykaa,Influencer,UPI,Delivered,Ahmedabad,0,,55.85,169.05,53.19
770458,597260,373579,13-10-2024,14-10-2024,1,449,0,0,449,Amazon,Influencer,Cash on Delivery,Delivered,Ahmedabad,0,,68.2,90.69,37.54
770462,597260,385909,29-10-2024,31-10-2024,1,429,5,21.45,407.55,D2C Website,Influencer,UPI,Returned,Ahmedabad,1,Wrong Item Delivered,66.54,0,30.85
770463,597260,351856,18-12-2024,23-12-2024,1,449,0,0,449,Amazon,Influencer,Cash on Delivery,Delivered,Ahmedabad,0,,77.66,95.9,35.62
770464,597260,397912,27-01-2025,01-02-2025,2,399,5,39.9,758.1,Nykaa,Influencer,UPI,Delivered,Ahmedabad,0,,57.99,167.94,35.64
770466,597260,318301,25-03-2025,31-03-2025,1,249,0,0,249,Nykaa,Influencer,Credit Card,Delivered,Ahmedabad,0,,79.28,53.92,35.32
737707,597260,351856,07-05-2025,10-05-2025,1,449,10,44.9,404.1,Offline Store,Influencer,Cash on Delivery,Delivered,Ahmedabad,0,,0,0,22.23
770481,597260,318726,30-10-2025,31-10-2025,1,549,5,27.45,521.55,Amazon,Influencer,Debit Card,Returned,Ahmedabad,1,Better Price Found Elsewhere,52.49,99.84,49.03
770482,597260,332325,01-11-2025,05-11-2025,2,399,0,0,798,D2C Website,Influencer,Credit Card,Delivered,Ahmedabad,0,,75.48,0,45.61
704951,572684,328746,20-10-2025,26-10-2025,1,299,20,59.8,239.2,D2C Website,Influencer,Credit Card,Delivered,Lucknow,0,,89.61,0,20.79
737726,572692,347447,08-10-2025,09-10-2025,1,349,10,34.9,314.1,D2C Website,Influencer,Credit Card,Delivered,Bengaluru,0,,69.55,0,51.99
737728,597290,328746,18-10-2025,21-10-2025,1,299,5,14.95,284.05,D2C Website,Offline Store,Credit Card,Returned,Bengaluru,1,Damaged in Transit,82.9,0,23.76
770503,597290,318726,22-10-2025,26-10-2025,2,549,15,164.7,933.3,D2C Website,Offline Store,Net Banking,Delivered,Bengaluru,0,,47.49,0,39.84
704968,597290,376484,29-10-2025,31-10-2025,2,499,10,99.8,898.2,Amazon,Offline Store,UPI,Delivered,Bengaluru,0,,72.94,181.46,33.94
737737,597290,384259,31-10-2025,01-11-2025,2,649,5,64.9,1233.1,Offline Store,Offline Store,Debit Card,Delivered,Bengaluru,0,,0,0,29.44
770505,597290,328746,12-11-2025,15-11-2025,1,299,10,29.9,269.1,Offline Store,Offline Store,UPI,Returned,Bengaluru,1,Damaged in Transit,0,0,48.67
770510,597290,384259,17-11-2025,19-11-2025,2,649,0,0,1298,Amazon,Offline Store,UPI,Delivered,Bengaluru,0,,38.07,284.66,49.97
737743,597290,370644,23-11-2025,26-11-2025,1,449,0,0,449,D2C Website,Offline Store,Cash on Delivery,Delivered,Bengaluru,0,,39.27,0,24.06
737745,597290,318726,11-12-2025,13-12-2025,1,549,20,109.8,439.2,Nykaa,Offline Store,Credit Card,Delivered,Bengaluru,0,,77.43,86.31,33.32
737747,507180,385909,07-09-2024,09-09-2024,1,429,0,0,429,D2C Website,Influencer,UPI,Delivered,Pune,0,,38.01,0,28.22
737750,507180,397912,23-11-2024,29-11-2024,2,399,10,79.8,718.2,D2C Website,Influencer,Credit Card,Delivered,Pune,0,,36.83,0,40.99
737757,507180,351856,27-06-2025,01-07-2025,3,449,20,269.4,1077.6,Amazon,Influencer,UPI,Delivered,Pune,0,,61.65,229.67,29.3
770533,507180,385909,10-10-2025,12-10-2025,2,429,5,42.9,815.1,Myntra,Influencer,UPI,Delivered,Pune,0,,35.11,177.67,45.98
737767,556333,332325,12-12-2024,18-12-2024,1,399,20,79.8,319.2,D2C Website,Google,UPI,Delivered,Guwahati,0,,50.28,0,48.41
705006,556333,384259,19-01-2025,24-01-2025,1,649,15,97.35,551.65,D2C Website,Google,Credit Card,Delivered,Guwahati,0,,71.52,0,39.81
770544,548147,360142,05-11-2025,08-11-2025,1,349,5,17.45,331.55,D2C Website,Marketplace,Debit Card,Delivered,Delhi,0,,87.61,0,29.11
770547,548147,328746,06-11-2025,07-11-2025,1,299,15,44.85,254.15,D2C Website,Marketplace,Credit Card,Delivered,Delhi,0,,70.73,0,46.74
737782,548147,318726,13-11-2025,16-11-2025,1,549,35,192.15,356.85,D2C Website,Marketplace,Net Banking,Delivered,Delhi,0,,75.16,0,51.77
770550,548147,384259,10-12-2025,13-12-2025,1,649,0,0,649,Nykaa,Marketplace,Debit Card,Delivered,Delhi,0,,83.6,100.68,25.67
737784,556346,347447,30-03-2025,02-04-2025,1,349,0,0,349,Offline Store,Organic Search,UPI,Delivered,Pune,0,,0,0,26.15
705017,556349,351856,09-04-2025,12-04-2025,2,449,25,224.5,673.5,D2C Website,Influencer,Debit Card,Delivered,Delhi,0,,84.31,0,21.82
705018,556349,397647,02-11-2025,03-11-2025,3,799,10,239.7,2157.3,Amazon,Influencer,Credit Card,Delivered,Delhi,0,,68.7,537.9,20.17
770555,597310,384259,15-07-2025,18-07-2025,1,649,15,97.35,551.65,D2C Website,Google,UPI,Delivered,Indore,0,,44.08,0,30.72
770552,580931,318726,19-04-2025,24-04-2025,1,549,0,0,549,Quick Commerce,Google,Cash on Delivery,Returned,Pune,1,Damaged in Transit,88.91,0,46.59
737793,580931,328746,12-05-2025,15-05-2025,1,299,0,0,299,Quick Commerce,Google,UPI,Delivered,Pune,0,,54.67,0,29.59
705027,580931,376484,30-10-2025,04-11-2025,1,499,5,24.95,474.05,Amazon,Google,Debit Card,Delivered,Pune,0,,65.61,107.62,55.32
705028,515396,351856,16-11-2025,20-11-2025,1,449,5,22.45,426.55,Myntra,Instagram,Credit Card,Delivered,Indore,0,,82.49,72.88,28.1
737797,515396,397912,03-12-2025,07-12-2025,3,399,10,119.7,1077.3,D2C Website,Instagram,Credit Card,Delivered,Indore,0,,75.39,0,25.03
770568,515396,328746,06-12-2025,07-12-2025,1,299,10,29.9,269.1,Amazon,Instagram,Net Banking,Delivered,Indore,0,,51.72,48.14,38.24
770570,515396,376622,07-12-2025,08-12-2025,2,899,10,179.8,1618.2,Amazon,Instagram,Debit Card,Delivered,Indore,0,,35.85,373.37,36.49
770571,515396,373579,08-12-2025,11-12-2025,1,449,15,67.35,381.65,Quick Commerce,Instagram,UPI,Delivered,Indore,0,,63.37,0,50.61
737802,515396,376484,17-12-2025,23-12-2025,2,499,0,0,998,Quick Commerce,Instagram,Cash on Delivery,Returned,Indore,1,Allergic Reaction,56.87,0,41.4
737805,515396,384259,19-12-2025,24-12-2025,1,649,20,129.8,519.2,Quick Commerce,Instagram,UPI,Delivered,Indore,0,,78.4,0,48.47
737808,515396,376484,21-12-2025,23-12-2025,1,499,0,0,499,D2C Website,Instagram,Net Banking,Cancelled,Indore,0,,44.99,0,30.08
737811,515396,384259,25-12-2025,29-12-2025,2,649,15,194.7,1103.3,D2C Website,Instagram,UPI,Delivered,Indore,0,,38.52,0,24.2
705046,523600,318301,25-09-2024,27-09-2024,2,249,25,124.5,373.5,Myntra,Google,UPI,Delivered,Bengaluru,0,,71.94,58.96,52.12
770593,523600,397647,21-02-2025,27-02-2025,1,799,20,159.8,639.2,Myntra,Google,UPI,Delivered,Bengaluru,0,,81,99.04,41.9
770594,523600,360142,09-07-2025,11-07-2025,1,349,0,0,349,Nykaa,Google,UPI,Delivered,Bengaluru,0,,72.36,71.68,56.65
705060,523600,370644,07-10-2025,10-10-2025,1,449,10,44.9,404.1,Offline Store,Google,Credit Card,Delivered,Bengaluru,0,,0,0,50.86
737831,548176,318301,03-01-2025,05-01-2025,1,249,10,24.9,224.1,Nykaa,Marketplace,UPI,Delivered,Surat,0,,43.59,50.16,31.49
770601,556370,376484,13-12-2024,15-12-2024,1,499,15,74.85,424.15,Amazon,Organic Search,Debit Card,Delivered,Nagpur,0,,68.2,85.95,41.78
737839,556370,376484,19-12-2024,22-12-2024,1,499,5,24.95,474.05,D2C Website,Organic Search,Debit Card,Delivered,Nagpur,0,,53.31,0,45.63
770614,556370,318726,03-01-2025,08-01-2025,3,549,10,164.7,1482.3,D2C Website,Organic Search,Credit Card,Delivered,Nagpur,0,,86.26,0,33.43
705082,556370,318726,24-01-2025,29-01-2025,3,549,10,164.7,1482.3,Quick Commerce,Organic Search,Debit Card,Delivered,Nagpur,0,,55.93,0,45.45
770622,556370,376622,11-02-2025,15-02-2025,1,899,0,0,899,Amazon,Organic Search,Debit Card,Delivered,Nagpur,0,,75.51,160.08,40.78
705089,556370,397912,30-11-2025,05-12-2025,2,399,40,319.2,478.8,D2C Website,Organic Search,Cash on Delivery,Delivered,Nagpur,0,,60.21,0,57.36
770643,564569,318726,15-02-2025,16-02-2025,1,549,10,54.9,494.1,Amazon,Google,Credit Card,Delivered,Jaipur,0,,60.57,74.13,43.9
770645,572768,318301,07-05-2024,11-05-2024,2,249,10,49.8,448.2,Nykaa,Instagram,UPI,Delivered,Mumbai,0,,74.67,108.01,33.37
705110,572768,376622,21-07-2024,27-07-2024,1,899,15,134.85,764.15,D2C Website,Instagram,Credit Card,Delivered,Mumbai,0,,38.79,0,49.84
705119,572768,376484,01-04-2025,03-04-2025,1,499,35,174.65,324.35,D2C Website,Instagram,UPI,Returned,Mumbai,1,Changed Mind,67.32,0,31.66
705122,540001,397647,15-12-2025,19-12-2025,1,799,35,279.65,519.35,Nykaa,Instagram,UPI,Delivered,Pune,0,,74.95,88.05,27.29
705123,556387,347447,30-10-2025,01-11-2025,1,349,10,34.9,314.1,Nykaa,Instagram,Cash on Delivery,Delivered,Kolkata,0,,89.54,52.32,57.85
770663,556387,332325,26-11-2025,28-11-2025,2,399,5,39.9,758.1,D2C Website,Instagram,UPI,Returned,Kolkata,1,Wrong Item Delivered,78.25,0,27.87
705127,556387,351856,16-12-2025,18-12-2025,1,449,20,89.8,359.2,Nykaa,Instagram,Credit Card,Delivered,Kolkata,0,,68.08,61.69,21.12
705130,523627,328746,21-03-2025,22-03-2025,1,299,25,74.75,224.25,D2C Website,Marketplace,Credit Card,Returned,Mumbai,1,Wrong Item Delivered,72.81,0,59.95
770668,589166,332325,06-11-2024,09-11-2024,1,399,40,159.6,239.4,Myntra,Marketplace,UPI,Delivered,Chandigarh,0,,89.3,40.35,30.07
737912,589166,376484,17-01-2025,21-01-2025,2,499,25,249.5,748.5,Amazon,Marketplace,Wallet,Delivered,Chandigarh,0,,80.33,151.38,42.69
737917,580981,351856,26-04-2024,29-04-2024,1,449,10,44.9,404.1,Offline Store,Instagram,Debit Card,Delivered,Delhi,0,,0,0,26.25
770688,580981,385909,16-07-2024,22-07-2024,1,429,10,42.9,386.1,D2C Website,Instagram,Cash on Delivery,Delivered,Delhi,0,,70.35,0,38.36
737925,531830,397912,05-12-2025,08-12-2025,1,399,0,0,399,Quick Commerce,Marketplace,UPI,Delivered,Bengaluru,0,,79.69,0,55.39
770699,548213,384259,15-06-2025,21-06-2025,1,649,10,64.9,584.1,Nykaa,Instagram,Credit Card,Delivered,Kochi,0,,69.33,108.95,49.25
737938,548213,376622,17-08-2025,22-08-2025,1,899,20,179.8,719.2,D2C Website,Instagram,Net Banking,Delivered,Kochi,0,,48.33,0,21.29
705171,548213,318726,31-08-2025,03-09-2025,1,549,15,82.35,466.65,Quick Commerce,Instagram,Net Banking,Delivered,Kochi,0,,61.52,0,42.82
737940,597370,373579,08-03-2025,12-03-2025,1,449,15,67.35,381.65,Quick Commerce,Marketplace,UPI,Delivered,Lucknow,0,,45,0,47.93
770707,540026,351856,24-09-2025,25-09-2025,1,449,10,44.9,404.1,Amazon,Offline Store,Credit Card,Delivered,Mumbai,0,,38.85,95.93,37.43
770710,523647,397912,06-12-2025,09-12-2025,1,399,5,19.95,379.05,Myntra,Instagram,Cash on Delivery,Delivered,Chennai,0,,54.25,80.74,49.73
737957,523647,397912,14-12-2025,19-12-2025,2,399,20,159.6,638.4,Offline Store,Instagram,Debit Card,Delivered,Chennai,0,,0,0,34.67
705189,589192,360142,13-11-2025,18-11-2025,2,349,15,104.7,593.3,Myntra,Google,Net Banking,Delivered,Delhi,0,,42.5,111.6,53.54
705191,531850,328746,27-11-2024,30-11-2024,1,299,20,59.8,239.2,Amazon,Influencer,UPI,Delivered,Ahmedabad,0,,55.29,52.09,52.07
770728,581006,384259,28-03-2025,29-03-2025,1,649,10,64.9,584.1,Quick Commerce,Instagram,Debit Card,Delivered,Chennai,0,,38.42,0,50.02
705209,581018,318301,28-12-2025,03-01-2026,1,249,10,24.9,224.1,D2C Website,Marketplace,Credit Card,Delivered,Ahmedabad,0,,78.23,0,57.34
770748,597404,360142,29-08-2025,03-09-2025,1,349,0,0,349,Myntra,Instagram,Cash on Delivery,Delivered,Delhi,0,,48.66,69.24,36.97
737982,556446,328746,05-04-2024,07-04-2024,1,299,0,0,299,Quick Commerce,Organic Search,UPI,Delivered,Chennai,0,,69.87,0,31.8
770756,556446,360142,01-10-2024,02-10-2024,2,349,10,69.8,628.2,Amazon,Organic Search,Credit Card,Delivered,Chennai,0,,74.12,150.12,27.6
705222,556446,360142,28-10-2024,02-11-2024,2,349,0,0,698,Myntra,Organic Search,Debit Card,Delivered,Chennai,0,,86.47,151.87,41.34
737992,556446,328746,14-12-2024,15-12-2024,2,299,20,119.6,478.4,D2C Website,Organic Search,UPI,Delivered,Chennai,0,,84.13,0,34.61
770761,556446,318726,02-02-2025,03-02-2025,3,549,0,0,1647,D2C Website,Organic Search,Credit Card,Delivered,Chennai,0,,45.25,0,59.66
705225,556446,318301,07-02-2025,11-02-2025,1,249,10,24.9,224.1,Amazon,Organic Search,Debit Card,Delivered,Chennai,0,,59.09,43.57,38.54
737997,556446,347447,26-05-2025,01-06-2025,1,349,20,69.8,279.2,D2C Website,Organic Search,Wallet,Delivered,Chennai,0,,55.97,0,31.27
737998,556450,397647,15-02-2025,19-02-2025,2,799,15,239.7,1358.3,Amazon,Instagram,UPI,Delivered,Chennai,0,,60.31,303.86,23.17
705230,572845,328746,12-08-2025,13-08-2025,1,299,35,104.65,194.35,Nykaa,Referral,Credit Card,Cancelled,Pune,0,,88.35,48.58,40.95
770770,572848,373579,07-12-2025,08-12-2025,1,449,10,44.9,404.1,Amazon,Google,Wallet,Cancelled,Kochi,0,,51.91,81.19,43.46
770772,572848,318301,18-12-2025,21-12-2025,1,249,15,37.35,211.65,Offline Store,Google,UPI,Delivered,Kochi,0,,0,0,22.78
770777,531890,385909,17-08-2024,23-08-2024,2,429,25,214.5,643.5,D2C Website,Google,Debit Card,Delivered,Chandigarh,0,,38.93,0,53.6
705244,531890,351856,20-05-2025,25-05-2025,1,449,5,22.45,426.55,D2C Website,Google,UPI,Delivered,Chandigarh,0,,36.69,0,42.74
738015,531891,332325,29-05-2024,31-05-2024,1,399,15,59.85,339.15,Myntra,Influencer,Net Banking,Delivered,Delhi,0,,71.92,66.42,30.98
738019,531891,328746,28-06-2024,29-06-2024,1,299,25,74.75,224.25,D2C Website,Influencer,UPI,Delivered,Delhi,0,,54.14,0,51.43
770788,531891,328746,29-12-2024,01-01-2025,1,299,15,44.85,254.15,D2C Website,Influencer,Credit Card,Returned,Delhi,1,Product Not As Described,63.25,0,41.99
705253,531891,384259,23-01-2025,27-01-2025,2,649,15,194.7,1103.3,D2C Website,Influencer,UPI,Returned,Delhi,1,Wrong Item Delivered,77.39,0,37.79
705259,523703,351856,24-12-2024,25-12-2024,1,449,35,157.15,291.85,Amazon,Instagram,Wallet,Delivered,Surat,0,,77.81,45.68,41.6
738035,523703,360142,13-02-2025,16-02-2025,3,349,0,0,1047,Nykaa,Instagram,Wallet,Delivered,Surat,0,,74.01,165.35,26.97
738036,523703,373579,19-02-2025,20-02-2025,1,449,15,67.35,381.65,Offline Store,Instagram,Credit Card,Delivered,Surat,0,,0,0,50.06
705273,523703,397647,29-04-2025,02-05-2025,1,799,20,159.8,639.2,D2C Website,Instagram,Credit Card,Delivered,Surat,0,,56.61,0,45.89
705276,523703,360142,11-06-2025,14-06-2025,1,349,20,69.8,279.2,Amazon,Instagram,UPI,Delivered,Surat,0,,73.36,48.99,39.96
705279,523703,397912,05-08-2025,08-08-2025,1,399,25,99.75,299.25,Nykaa,Instagram,Debit Card,Delivered,Surat,0,,36.98,70.3,28
770827,523703,397647,13-08-2025,15-08-2025,3,799,10,239.7,2157.3,D2C Website,Instagram,Debit Card,Delivered,Surat,0,,59.13,0,32.88
705300,523703,370644,30-09-2025,06-10-2025,3,449,10,134.7,1212.3,Amazon,Instagram,Net Banking,Delivered,Surat,0,,74.85,220.75,27.07
770836,523703,318301,17-12-2025,22-12-2025,3,249,5,37.35,709.65,Amazon,Instagram,UPI,Delivered,Surat,0,,36.9,157.49,44.39
770848,589241,384259,17-02-2025,19-02-2025,1,649,5,32.45,616.55,Amazon,Influencer,UPI,Delivered,Mumbai,0,,35.82,98.59,57.23
770849,589241,397647,03-04-2025,08-04-2025,1,799,15,119.85,679.15,Amazon,Influencer,UPI,Delivered,Mumbai,0,,80.82,154.99,43.63
738088,581057,384259,14-12-2024,20-12-2024,1,649,25,162.25,486.75,Myntra,Instagram,Wallet,Delivered,Bhopal,0,,73.9,95,59.76
705322,515525,376484,10-12-2025,15-12-2025,1,499,15,74.85,424.15,Amazon,Google,Wallet,Delivered,Pune,0,,75.31,101.74,33.42
705326,564686,384259,17-12-2025,20-12-2025,1,649,10,64.9,584.1,D2C Website,Google,Debit Card,Delivered,Delhi,0,,45.54,0,48.31
738097,556498,328746,27-11-2025,01-12-2025,2,299,10,59.8,538.2,D2C Website,Instagram,UPI,Delivered,Mumbai,0,,44.55,0,29.71
770866,531925,376484,27-12-2025,01-01-2026,1,499,15,74.85,424.15,Nykaa,Instagram,UPI,Delivered,Mumbai,0,,84.18,99.24,41.95
738103,548311,351856,22-09-2024,25-09-2024,2,449,15,134.7,763.3,D2C Website,Google,UPI,Delivered,Mumbai,0,,75.48,0,39.71
738112,548311,385909,28-11-2024,03-12-2024,3,429,5,64.35,1222.65,D2C Website,Google,UPI,Delivered,Mumbai,0,,56.2,0,38.35
705344,548311,351856,11-12-2024,15-12-2024,1,449,10,44.9,404.1,D2C Website,Google,UPI,Delivered,Mumbai,0,,73.01,0,25.39
705346,548311,397912,04-01-2025,09-01-2025,3,399,10,119.7,1077.3,D2C Website,Google,UPI,Delivered,Mumbai,0,,47.27,0,34.34
770882,548311,351856,20-06-2025,22-06-2025,2,449,10,89.8,808.2,D2C Website,Google,UPI,Delivered,Mumbai,0,,76.91,0,59.73
738116,548311,351856,04-11-2025,06-11-2025,2,449,0,0,898,Nykaa,Google,Cash on Delivery,Delivered,Mumbai,0,,48.69,150.89,37.29
738121,507355,351856,08-10-2024,13-10-2024,1,449,5,22.45,426.55,Amazon,Influencer,Cash on Delivery,Delivered,Bengaluru,0,,67.25,81.83,51.04
738125,507355,332325,12-11-2024,13-11-2024,2,399,40,319.2,478.8,Quick Commerce,Influencer,Cash on Delivery,Delivered,Bengaluru,0,,35.09,0,29.57
705359,507355,376484,06-12-2024,11-12-2024,2,499,0,0,998,Nykaa,Influencer,Cash on Delivery,Delivered,Bengaluru,0,,87.04,215.09,39.1
738132,507355,385909,17-12-2024,19-12-2024,1,429,5,21.45,407.55,Amazon,Influencer,UPI,Delivered,Bengaluru,0,,64.07,61.97,29.14
705367,507355,318726,30-12-2024,01-01-2025,2,549,25,274.5,823.5,D2C Website,Influencer,UPI,Delivered,Bengaluru,0,,67.75,0,58.81
738138,507355,376622,14-06-2025,18-06-2025,2,899,0,0,1798,Nykaa,Influencer,Wallet,Delivered,Bengaluru,0,,62.13,385.27,20.34
705370,507355,376622,10-08-2025,13-08-2025,3,899,0,0,2697,Amazon,Influencer,Debit Card,Delivered,Bengaluru,0,,70.67,578.67,33.59
770909,507355,376484,15-10-2025,21-10-2025,2,499,15,149.7,848.3,Nykaa,Influencer,Credit Card,Delivered,Bengaluru,0,,37.37,173.77,45.03
770912,589277,376484,26-11-2025,02-12-2025,1,499,35,174.65,324.35,Nykaa,Influencer,Net Banking,Delivered,Mumbai,0,,36.96,65.03,59.34
705379,597472,376622,20-02-2025,23-02-2025,3,899,0,0,2697,Amazon,Marketplace,Credit Card,Delivered,Chennai,0,,76.18,562.33,50.99
738150,597472,384259,02-04-2025,05-04-2025,1,649,0,0,649,D2C Website,Marketplace,Cash on Delivery,Cancelled,Chennai,0,,38.62,0,21.93
738152,507362,318726,25-10-2025,26-10-2025,1,549,0,0,549,D2C Website,Organic Search,Cash on Delivery,Delivered,Delhi,0,,76.93,0,40.19
738155,507362,397912,10-12-2025,13-12-2025,1,399,10,39.9,359.1,D2C Website,Organic Search,Cash on Delivery,Delivered,Delhi,0,,64.51,0,36.52
705387,507362,318301,15-12-2025,20-12-2025,1,249,15,37.35,211.65,D2C Website,Organic Search,UPI,Delivered,Delhi,0,,42.37,0,57.82
705390,540135,397647,23-07-2025,27-07-2025,2,799,20,319.6,1278.4,D2C Website,Organic Search,Cash on Delivery,Returned,Chennai,1,Better Price Found Elsewhere,53.31,0,20.93
770928,540135,347447,30-07-2025,05-08-2025,1,349,0,0,349,Quick Commerce,Organic Search,Net Banking,Delivered,Chennai,0,,50.35,0,53.03
705393,540135,332325,21-11-2025,23-11-2025,1,399,0,0,399,Quick Commerce,Organic Search,UPI,Delivered,Chennai,0,,40.79,0,52.74
705392,540135,318726,25-12-2025,31-12-2025,2,549,25,274.5,823.5,Myntra,Organic Search,Wallet,Delivered,Chennai,0,,69.14,197.07,22.1
738170,531946,373579,14-03-2024,18-03-2024,3,449,10,134.7,1212.3,Amazon,Influencer,UPI,Delivered,Jaipur,0,,56.76,225.5,58.06
738173,531946,376484,07-04-2024,10-04-2024,1,499,10,49.9,449.1,D2C Website,Influencer,Net Banking,Delivered,Jaipur,0,,83.87,0,29.93
770943,531946,318301,27-08-2024,31-08-2024,3,249,15,112.05,634.95,Myntra,Influencer,Debit Card,Delivered,Jaipur,0,,42.51,133.24,20.04
770964,531946,360142,12-09-2024,13-09-2024,1,349,5,17.45,331.55,Quick Commerce,Influencer,Credit Card,Delivered,Jaipur,0,,37.46,0,53.06
738196,531946,373579,01-12-2024,05-12-2024,1,449,15,67.35,381.65,Amazon,Influencer,UPI,Delivered,Jaipur,0,,41.36,89.93,29.96
770966,531946,370644,16-03-2025,17-03-2025,3,449,25,336.75,1010.25,D2C Website,Influencer,UPI,Delivered,Jaipur,0,,81.59,0,30.28
738198,531946,397647,16-04-2025,20-04-2025,2,799,0,0,1598,Myntra,Influencer,Wallet,Delivered,Jaipur,0,,36.35,349.22,38.56
770969,531946,373579,28-06-2025,03-07-2025,1,449,15,67.35,381.65,Nykaa,Influencer,Wallet,Delivered,Jaipur,0,,41.26,87.66,36.02
738206,531946,360142,28-08-2025,29-08-2025,1,349,25,87.25,261.75,Amazon,Influencer,Cash on Delivery,Delivered,Jaipur,0,,52.18,49.63,55.83
738209,531946,373579,26-09-2025,28-09-2025,1,449,5,22.45,426.55,Amazon,Influencer,Wallet,Delivered,Jaipur,0,,71.93,76.31,55.68
770981,548331,384259,21-07-2025,27-07-2025,1,649,15,97.35,551.65,Myntra,Google,UPI,Delivered,Pune,0,,89.19,120.78,47.59
770984,572910,376622,28-02-2025,06-03-2025,2,899,10,179.8,1618.2,Myntra,Influencer,Net Banking,Delivered,Lucknow,0,,44.9,363.39,45.99
705451,572910,376484,10-03-2025,14-03-2025,3,499,0,0,1497,Quick Commerce,Influencer,Debit Card,Delivered,Lucknow,0,,53.21,0,25.68
705456,572910,328746,13-04-2025,18-04-2025,3,299,10,89.7,807.3,Amazon,Influencer,UPI,Delivered,Lucknow,0,,62.89,152.02,36.03
738228,572910,376484,16-05-2025,21-05-2025,2,499,0,0,998,Myntra,Influencer,Credit Card,Delivered,Lucknow,0,,45.56,171.38,43.4
771001,572910,318726,06-07-2025,09-07-2025,2,549,20,219.6,878.4,Amazon,Influencer,UPI,Delivered,Lucknow,0,,38.49,185.03,21.71
771002,572910,370644,12-08-2025,15-08-2025,2,449,0,0,898,Myntra,Influencer,UPI,Delivered,Lucknow,0,,78.17,171.57,32.15
705471,572910,370644,27-09-2025,03-10-2025,3,449,40,538.8,808.2,D2C Website,Influencer,Wallet,Delivered,Lucknow,0,,47.35,0,47.03
771012,564722,384259,24-11-2025,30-11-2025,1,649,10,64.9,584.1,Nykaa,Instagram,Unknown,Delivered,Nagpur,0,,81.51,123.86,40.48
705477,556531,360142,19-09-2025,23-09-2025,1,349,20,69.8,279.2,D2C Website,Google,Wallet,Delivered,Patna,0,,46.88,0,41.15
738249,556531,397647,30-10-2025,02-11-2025,1,799,25,199.75,599.25,D2C Website,Google,UPI,Delivered,Patna,0,,66.48,0,20.52
771019,556531,397912,04-12-2025,09-12-2025,1,399,25,99.75,299.25,Nykaa,Google,UPI,Delivered,Patna,0,,86.53,59.47,33.68
738252,531963,318726,26-11-2025,02-12-2025,2,549,0,0,1098,Amazon,Referral,Wallet,Delivered,Chandigarh,0,,38.82,173.31,59.06
705486,572924,332325,18-04-2025,22-04-2025,1,399,15,59.85,339.15,Offline Store,Influencer,Credit Card,Delivered,Bengaluru,0,,0,0,20.18
738258,548351,360142,26-05-2025,27-05-2025,1,349,5,17.45,331.55,Amazon,Instagram,Net Banking,Delivered,Bhopal,0,,58.5,81.08,32.69
705496,523777,397912,28-11-2025,04-12-2025,1,399,20,79.8,319.2,Nykaa,Google,Debit Card,Delivered,Jaipur,0,,75.43,57.79,53.9
705499,531979,384259,28-12-2025,30-12-2025,1,649,10,64.9,584.1,D2C Website,Referral,UPI,Delivered,Hyderabad,0,,53.13,0,48.1
705501,523788,376622,22-04-2025,28-04-2025,2,899,35,629.3,1168.7,Quick Commerce,Google,Cash on Delivery,Delivered,Pune,0,,72.92,0,55.25
705518,548368,347447,19-02-2025,22-02-2025,1,349,25,87.25,261.75,D2C Website,Offline Store,Net Banking,Delivered,Bhopal,0,,87.17,0,35.6
738288,548368,376484,06-08-2025,11-08-2025,1,499,20,99.8,399.2,Nykaa,Offline Store,Credit Card,Delivered,Bhopal,0,,68.39,70.16,35.65
738289,548368,318726,27-11-2025,02-12-2025,2,549,25,274.5,823.5,D2C Website,Offline Store,UPI,Delivered,Bhopal,0,,78.65,0,59.53
705530,564764,360142,26-09-2025,28-09-2025,2,349,25,174.5,523.5,Amazon,Offline Store,UPI,Returned,Bengaluru,1,Product Not As Described,84.06,79.4,51.92
705535,564764,318301,31-10-2025,05-11-2025,2,249,20,99.6,398.4,D2C Website,Offline Store,Net Banking,Delivered,Bengaluru,0,,51.03,0,41.07
738309,564764,332325,10-12-2025,14-12-2025,1,399,25,99.75,299.25,D2C Website,Offline Store,UPI,Delivered,Bengaluru,0,,39.16,0,22.48
705542,540189,360142,05-11-2024,08-11-2024,2,349,10,69.8,628.2,D2C Website,Instagram,Unknown,Delivered,Delhi,0,,38.87,0,44.25
738316,532007,384259,27-07-2025,28-07-2025,1,649,35,227.15,421.85,Myntra,Offline Store,Cash on Delivery,Delivered,Mumbai,0,,62.29,71.69,40.84
705551,532007,351856,01-08-2025,05-08-2025,2,449,15,134.7,763.3,Amazon,Offline Store,Credit Card,Delivered,Mumbai,0,,42.96,168.57,34
771089,532007,347447,20-08-2025,23-08-2025,1,349,0,0,349,Nykaa,Offline Store,Net Banking,Delivered,Mumbai,0,,37.52,81.81,28
738327,532007,384259,30-11-2025,06-12-2025,1,649,15,97.35,551.65,Offline Store,Offline Store,Net Banking,Delivered,Mumbai,0,,0,0,48.44
771098,532007,384259,02-12-2025,07-12-2025,1,649,5,32.45,616.55,Nykaa,Offline Store,UPI,Delivered,Mumbai,0,,53.31,120.01,20.02
771102,589353,370644,17-06-2025,23-06-2025,1,449,10,44.9,404.1,D2C Website,Instagram,Debit Card,Delivered,Delhi,0,,47.1,0,54.35
705572,589353,360142,22-08-2025,26-08-2025,1,349,5,17.45,331.55,Amazon,Instagram,Net Banking,Delivered,Delhi,0,,48.93,55.73,31.23
705587,589353,385909,03-12-2025,04-12-2025,1,429,0,0,429,D2C Website,Instagram,UPI,Delivered,Delhi,0,,75.4,0,25.99
705593,548393,397912,29-11-2025,04-12-2025,1,399,15,59.85,339.15,Amazon,Instagram,UPI,Delivered,Delhi,0,,72.98,77.82,58.43
738362,548393,397912,12-12-2025,14-12-2025,1,399,15,59.85,339.15,Amazon,Instagram,Debit Card,Returned,Delhi,1,Better Price Found Elsewhere,39.14,69.38,41.1
771139,523819,397912,03-07-2024,07-07-2024,1,399,20,79.8,319.2,D2C Website,Influencer,Cash on Delivery,Delivered,Lucknow,0,,82.87,0,35.64
771141,523819,370644,26-11-2024,02-12-2024,1,449,10,44.9,404.1,Myntra,Influencer,UPI,Delivered,Lucknow,0,,55.78,64.09,21.03
771144,523819,373579,08-05-2025,09-05-2025,1,449,25,112.25,336.75,D2C Website,Influencer,UPI,Delivered,Lucknow,0,,67.35,0,33.1
771146,523819,360142,31-08-2025,02-09-2025,1,349,25,87.25,261.75,Amazon,Influencer,UPI,Returned,Lucknow,1,Allergic Reaction,86,56.98,46.19
738398,523819,318301,22-09-2025,24-09-2025,1,249,20,49.8,199.2,Quick Commerce,Influencer,Debit Card,Returned,Lucknow,1,Changed Mind,48.72,0,52.29
738401,572972,384259,04-10-2025,05-10-2025,1,649,25,162.25,486.75,Amazon,Google,Cash on Delivery,Delivered,Indore,0,,71.23,95,20.26
738412,572972,397912,17-10-2025,23-10-2025,1,399,5,19.95,379.05,Nykaa,Google,Credit Card,Delivered,Indore,0,,54.58,72.71,52.52
705646,572972,384259,11-11-2025,14-11-2025,3,649,0,0,1947,D2C Website,Google,UPI,Delivered,Indore,0,,47.25,0,46.71
738415,581167,384259,05-02-2025,09-02-2025,1,649,0,0,649,D2C Website,Instagram,Credit Card,Delivered,Bengaluru,0,,48.85,0,46.97
771188,532018,328746,04-05-2025,09-05-2025,1,299,15,44.85,254.15,D2C Website,Instagram,Net Banking,Delivered,Jaipur,0,,63.06,0,59.49
738420,589364,332325,31-12-2024,06-01-2025,1,399,40,159.6,239.4,Nykaa,Marketplace,Wallet,Delivered,Coimbatore,0,,44.97,58.39,21.96
738426,589364,318726,05-04-2025,09-04-2025,3,549,5,82.35,1564.65,D2C Website,Marketplace,UPI,Delivered,Coimbatore,0,,49.14,0,30.4
738435,589364,384259,04-05-2025,07-05-2025,2,649,10,129.8,1168.2,Quick Commerce,Marketplace,Net Banking,Delivered,Coimbatore,0,,73.98,0,28.04
771207,589364,328746,07-05-2025,13-05-2025,1,299,15,44.85,254.15,Nykaa,Marketplace,UPI,Delivered,Coimbatore,0,,86.97,38.41,49.14
771213,564789,376622,15-05-2025,20-05-2025,1,899,25,224.75,674.25,Quick Commerce,Referral,Wallet,Delivered,Coimbatore,0,,81.82,0,34.13
705681,523834,384259,31-05-2025,06-06-2025,2,649,10,129.8,1168.2,Amazon,Google,Net Banking,Delivered,Surat,0,,47.36,266.14,25.26
738449,556606,332325,25-07-2025,30-07-2025,1,399,0,0,399,Myntra,Organic Search,Cash on Delivery,Delivered,Delhi,0,,81.6,70.64,52.13
738455,507455,376484,12-08-2025,13-08-2025,1,499,15,74.85,424.15,Myntra,Influencer,UPI,Delivered,Pune,0,,63.88,81.62,48.1
738456,581183,318301,12-11-2025,18-11-2025,3,249,20,149.4,597.6,Quick Commerce,Organic Search,UPI,Delivered,Hyderabad,0,,45.96,0,55.89
771226,564799,332325,04-07-2024,08-07-2024,1,399,25,99.75,299.25,Nykaa,Instagram,Cash on Delivery,Delivered,Chennai,0,,65.24,55.39,27.74
705697,564799,318726,13-07-2024,18-07-2024,1,549,20,109.8,439.2,D2C Website,Instagram,Debit Card,Delivered,Chennai,0,,83.91,0,24.9
738466,564799,328746,26-11-2024,28-11-2024,1,299,25,74.75,224.25,D2C Website,Instagram,Debit Card,Delivered,Chennai,0,,61.88,0,35.12
771241,564799,328746,10-04-2025,11-04-2025,1,299,0,0,299,Nykaa,Instagram,UPI,Delivered,Chennai,0,,62.24,60.62,22.52
738475,564799,384259,30-05-2025,05-06-2025,1,649,0,0,649,Amazon,Instagram,UPI,Returned,Chennai,1,Allergic Reaction,66.3,156.14,53.74
738477,507456,360142,09-05-2024,13-05-2024,1,349,0,0,349,Myntra,Organic Search,Debit Card,Returned,Hyderabad,1,Changed Mind,71.36,78.41,44.69
771252,507456,397912,07-03-2025,12-03-2025,1,399,0,0,399,Nykaa,Organic Search,Credit Card,Delivered,Hyderabad,0,,58.74,85.51,55.2
771256,548434,385909,20-08-2024,22-08-2024,1,429,20,85.8,343.2,Offline Store,Google,UPI,Delivered,Vadodara,0,,0,0,42.78
705723,548434,351856,28-08-2025,30-08-2025,3,449,10,134.7,1212.3,D2C Website,Google,UPI,Delivered,Vadodara,0,,62.17,0,46.09
771260,556626,384259,25-10-2025,26-10-2025,1,649,10,64.9,584.1,Offline Store,Google,Cash on Delivery,Delivered,Chennai,0,,0,0,38.23
771265,581205,376484,13-12-2025,18-12-2025,1,499,15,74.85,424.15,Amazon,Influencer,UPI,Delivered,Lucknow,0,,68.53,78.86,33.36
705730,581205,376484,19-12-2025,25-12-2025,1,499,10,49.9,449.1,D2C Website,Influencer,UPI,Delivered,Lucknow,0,,87.61,0,59.86
705733,515670,385909,04-06-2024,09-06-2024,2,429,20,171.6,686.4,Offline Store,Google,Debit Card,Returned,Kolkata,1,Damaged in Transit,0,0,50.34
705742,589399,385909,16-11-2025,19-11-2025,1,429,10,42.9,386.1,Amazon,Organic Search,Net Banking,Delivered,Chennai,0,,50.73,62.88,53.29
705747,597594,318301,07-07-2025,12-07-2025,2,249,15,74.7,423.3,Nykaa,Instagram,UPI,Delivered,Ahmedabad,0,,36.43,82.58,38.25
738517,597594,376484,10-07-2025,16-07-2025,2,499,15,149.7,848.3,Nykaa,Instagram,Cash on Delivery,Delivered,Ahmedabad,0,,41.43,197.37,23.89
705754,597594,385909,14-09-2025,17-09-2025,1,429,5,21.45,407.55,D2C Website,Instagram,UPI,Delivered,Ahmedabad,0,,65.44,0,27.73
738523,597594,385909,30-09-2025,02-10-2025,1,429,5,21.45,407.55,Myntra,Instagram,Debit Card,Returned,Ahmedabad,1,Damaged in Transit,82.04,101.39,58.44
705756,597594,351856,27-12-2025,29-12-2025,2,449,15,134.7,763.3,Myntra,Instagram,Debit Card,Delivered,Ahmedabad,0,,74.84,170.81,26.99
705759,507492,318726,07-10-2024,09-10-2024,1,549,0,0,549,Nykaa,Influencer,Net Banking,Delivered,Pune,0,,57.19,98.82,33.1
738532,597605,328746,03-12-2024,08-12-2024,1,299,25,74.75,224.25,Myntra,Influencer,UPI,Delivered,Delhi,0,,66.4,41.67,54.1
738535,597605,376484,23-09-2025,24-09-2025,1,499,25,124.75,374.25,Amazon,Influencer,UPI,Delivered,Delhi,0,,61.4,82.44,34.42
705768,597609,385909,28-08-2025,02-09-2025,1,429,0,0,429,Myntra,Referral,Debit Card,Delivered,Indore,0,,84.44,66.11,52.06
738543,581226,376484,10-02-2025,15-02-2025,3,499,0,0,1497,Amazon,Referral,UPI,Delivered,Chennai,0,,88.5,344.84,37.48
705776,581226,328746,12-05-2025,16-05-2025,2,299,10,59.8,538.2,Quick Commerce,Referral,Cash on Delivery,Delivered,Chennai,0,,80.78,0,59.32
771314,581226,397912,21-05-2025,24-05-2025,2,399,15,119.7,678.3,Nykaa,Referral,Debit Card,Delivered,Chennai,0,,41.44,136.19,46.47
738554,581226,318726,25-05-2025,27-05-2025,2,549,5,54.9,1043.1,Amazon,Referral,Debit Card,Delivered,Chennai,0,,82.27,238.24,50.45
705788,581226,347447,03-07-2025,09-07-2025,2,349,15,104.7,593.3,Nykaa,Referral,UPI,Delivered,Chennai,0,,78.14,137.69,30.99
738559,581226,318726,15-09-2025,20-09-2025,1,549,25,137.25,411.75,Amazon,Referral,Net Banking,Delivered,Chennai,0,,82.51,87.13,50.25
738564,581226,376484,11-12-2025,13-12-2025,1,499,5,24.95,474.05,Amazon,Referral,UPI,Delivered,Chennai,0,,46.69,83.56,50.45
705799,581226,328746,20-12-2025,21-12-2025,3,299,5,44.85,852.15,D2C Website,Referral,UPI,Delivered,Chennai,0,,71.5,0,41.66
738577,573048,376484,02-06-2025,06-06-2025,1,499,10,49.9,449.1,Quick Commerce,Influencer,UPI,Cancelled,Delhi,0,,41.53,0,25.54
705821,532092,318301,25-08-2024,26-08-2024,1,249,5,12.45,236.55,Quick Commerce,Google,UPI,Delivered,Chandigarh,0,,35.14,0,46.66
771358,532092,347447,27-01-2025,30-01-2025,1,349,20,69.8,279.2,Amazon,Google,UPI,Delivered,Chandigarh,0,,61.95,68.13,37.03
771359,532092,351856,14-12-2025,15-12-2025,1,449,20,89.8,359.2,Offline Store,Google,UPI,Delivered,Chandigarh,0,,0,0,59.08
705833,515713,384259,16-05-2024,19-05-2024,3,649,20,389.4,1557.6,Quick Commerce,Instagram,UPI,Delivered,Hyderabad,0,,82.02,0,20.25
738603,573060,373579,18-09-2025,19-09-2025,2,449,10,89.8,808.2,Amazon,Instagram,UPI,Delivered,Delhi,0,,46.03,177.86,52.8
705836,573060,376484,14-10-2025,16-10-2025,1,499,0,0,499,D2C Website,Instagram,Debit Card,Delivered,Delhi,0,,57.9,0,56.63
705847,515726,318726,16-10-2025,21-10-2025,1,549,35,192.15,356.85,D2C Website,Offline Store,UPI,Returned,Patna,1,Changed Mind,71.06,0,44.93
705850,515726,318726,18-10-2025,19-10-2025,2,549,25,274.5,823.5,Amazon,Offline Store,Net Banking,Delivered,Patna,0,,75.45,162.56,24.31
771387,515726,318726,26-10-2025,31-10-2025,1,549,15,82.35,466.65,D2C Website,Offline Store,Cash on Delivery,Delivered,Patna,0,,37.6,0,54.57
738626,515726,332325,14-11-2025,17-11-2025,2,399,5,39.9,758.1,Myntra,Offline Store,Cash on Delivery,Delivered,Patna,0,,69.9,136.66,51.45
738630,515726,328746,16-11-2025,21-11-2025,1,299,5,14.95,284.05,Amazon,Offline Store,Debit Card,Delivered,Patna,0,,89.29,67.88,36.82
705863,515726,360142,15-12-2025,16-12-2025,2,349,10,69.8,628.2,Nykaa,Offline Store,UPI,Delivered,Patna,0,,89.02,115.61,46.47
771399,540306,397647,13-03-2024,15-03-2024,2,799,10,159.8,1438.2,Amazon,Instagram,Credit Card,Delivered,Kolkata,0,,81.45,268.07,27.82
738639,540306,351856,18-12-2024,23-12-2024,2,449,10,89.8,808.2,Amazon,Instagram,Debit Card,Returned,Kolkata,1,Product Not As Described,35.16,131.42,43.34
738644,540306,351856,24-03-2025,25-03-2025,1,449,10,44.9,404.1,Amazon,Instagram,Cash on Delivery,Delivered,Kolkata,0,,79.23,74.14,59.38
705881,540306,351856,24-11-2025,27-11-2025,1,449,15,67.35,381.65,Nykaa,Instagram,Cash on Delivery,Delivered,Kolkata,0,,53.91,87.57,37.28
738650,548503,397912,05-12-2025,06-12-2025,1,399,15,59.85,339.15,D2C Website,Instagram,Credit Card,Delivered,Lucknow,0,,51.52,0,43.84
738652,548503,385909,12-12-2025,16-12-2025,1,429,15,64.35,364.65,D2C Website,Instagram,Credit Card,Delivered,Lucknow,0,,83.59,0,33.22
738655,548503,370644,27-12-2025,28-12-2025,1,449,10,44.9,404.1,Quick Commerce,Instagram,Cash on Delivery,Delivered,Lucknow,0,,66.36,0,28.41
771423,548503,332325,28-12-2025,29-12-2025,2,399,20,159.6,638.4,Quick Commerce,Instagram,Net Banking,Delivered,Lucknow,0,,84.07,0,45.54
705888,540319,376484,19-09-2024,25-09-2024,1,499,15,74.85,424.15,Nykaa,Influencer,Debit Card,Delivered,Lucknow,0,,66.17,79.3,45.07
738658,540319,384259,09-10-2024,15-10-2024,1,649,5,32.45,616.55,D2C Website,Influencer,Wallet,Delivered,Lucknow,0,,39.05,0,35.86
738657,597671,370644,10-05-2025,16-05-2025,1,449,0,0,449,Amazon,Instagram,Debit Card,Delivered,Mumbai,0,,89.12,106.3,26.21
705896,564923,360142,22-09-2025,26-09-2025,2,349,35,244.3,453.7,D2C Website,Marketplace,UPI,Delivered,Delhi,0,,74.39,0,30.45
738672,564923,373579,19-12-2025,24-12-2025,2,449,25,224.5,673.5,Nykaa,Marketplace,Debit Card,Delivered,Delhi,0,,36.8,140.76,51.72
771444,507592,332325,04-09-2025,09-09-2025,1,399,20,79.8,319.2,Myntra,Organic Search,Credit Card,Delivered,Mumbai,0,,63.27,58.24,28
705910,573133,318726,05-10-2025,09-10-2025,2,549,10,109.8,988.2,Amazon,Influencer,Credit Card,Delivered,Hyderabad,0,,46.34,192.92,23.3
705913,564942,376484,17-11-2025,23-11-2025,2,499,0,0,998,D2C Website,Offline Store,UPI,Delivered,Bhopal,0,,63.56,0,28.21
705921,532177,376484,11-10-2025,16-10-2025,1,499,10,49.9,449.1,D2C Website,Influencer,Credit Card,Delivered,Bengaluru,0,,45.39,0,59
705929,532177,373579,13-12-2025,16-12-2025,1,449,5,22.45,426.55,D2C Website,Influencer,UPI,Returned,Bengaluru,1,Wrong Item Delivered,41.47,0,30.95
705932,548566,397647,17-11-2025,18-11-2025,1,799,0,0,799,Amazon,Google,Credit Card,Delivered,Pune,0,,81.45,139.25,35.45
738704,548571,384259,15-03-2024,16-03-2024,2,649,15,194.7,1103.3,Amazon,Influencer,UPI,Delivered,Mumbai,0,,54.68,222.28,49.13
705946,573147,397912,07-07-2025,13-07-2025,1,399,0,0,399,Amazon,Organic Search,Credit Card,Delivered,Kochi,0,,35.46,96.77,49.01
738720,589539,332325,07-01-2025,13-01-2025,1,399,10,39.9,359.1,Amazon,Influencer,Cash on Delivery,Delivered,Delhi,0,,81.3,59.11,37.25
705956,589539,360142,02-04-2025,03-04-2025,1,349,25,87.25,261.75,Quick Commerce,Influencer,UPI,Delivered,Delhi,0,,71.47,0,48.66
738729,589539,318301,12-06-2025,18-06-2025,1,249,5,12.45,236.55,D2C Website,Influencer,Cash on Delivery,Delivered,Delhi,0,,64.81,0,22.45
705961,589539,332325,21-06-2025,22-06-2025,1,399,20,79.8,319.2,Nykaa,Influencer,Credit Card,Delivered,Delhi,0,,41.66,68.99,25.83
705965,515814,384259,17-01-2025,19-01-2025,1,649,5,32.45,616.55,D2C Website,Organic Search,Credit Card,Delivered,Chennai,0,,76.26,0,21.51
738739,515814,347447,24-01-2025,27-01-2025,1,349,15,52.35,296.65,D2C Website,Organic Search,UPI,Delivered,Chennai,0,,42.45,0,47.07
771511,515814,347447,05-05-2025,07-05-2025,1,349,20,69.8,279.2,D2C Website,Organic Search,Cash on Delivery,Delivered,Chennai,0,,79.98,0,36.52
738745,515814,347447,07-07-2025,10-07-2025,1,349,35,122.15,226.85,Amazon,Organic Search,UPI,Delivered,Chennai,0,,81.49,54.83,22.41
705978,515814,370644,19-08-2025,21-08-2025,1,449,25,112.25,336.75,D2C Website,Organic Search,UPI,Delivered,Chennai,0,,47.06,0,47.84
705980,581351,373579,21-09-2025,25-09-2025,1,449,20,89.8,359.2,Nykaa,Influencer,Credit Card,Delivered,Lucknow,0,,89.28,67.12,46.02
705987,597735,370644,21-12-2024,27-12-2024,1,449,25,112.25,336.75,Quick Commerce,Google,Debit Card,Delivered,Pune,0,,89.15,0,35.53
771527,597735,370644,06-06-2025,09-06-2025,1,449,5,22.45,426.55,D2C Website,Google,Cash on Delivery,Delivered,Pune,0,,50.49,0,55.64
738759,597735,373579,06-09-2025,11-09-2025,1,449,5,22.45,426.55,Myntra,Google,Debit Card,Delivered,Pune,0,,71.44,84.74,45.73
738761,540404,318726,29-12-2025,04-01-2026,1,549,5,27.45,521.55,D2C Website,Instagram,Debit Card,Cancelled,Patna,0,,75.17,0,51.15
771531,597754,385909,16-03-2024,22-03-2024,1,429,10,42.9,386.1,Quick Commerce,Google,Credit Card,Delivered,Coimbatore,0,,43.9,0,45.64
705995,597754,397647,24-04-2024,26-04-2024,2,799,15,239.7,1358.3,Nykaa,Google,Cash on Delivery,Delivered,Coimbatore,0,,59.51,248.75,27.17
705997,581381,376484,23-05-2025,26-05-2025,1,499,25,124.75,374.25,Nykaa,Organic Search,Credit Card,Delivered,Pune,0,,85.23,90.43,49.65
706000,581381,384259,11-06-2025,16-06-2025,1,649,15,97.35,551.65,D2C Website,Organic Search,Cash on Delivery,Delivered,Pune,0,,81.05,0,55.01
706005,581381,384259,27-06-2025,30-06-2025,1,649,35,227.15,421.85,Myntra,Organic Search,UPI,Returned,Pune,1,Wrong Item Delivered,54.65,76.44,58.99
738774,581381,360142,23-07-2025,25-07-2025,1,349,25,87.25,261.75,Amazon,Organic Search,Debit Card,Delivered,Pune,0,,69.48,45.96,25.62
771543,581381,384259,07-09-2025,09-09-2025,1,649,20,129.8,519.2,D2C Website,Organic Search,UPI,Returned,Pune,1,Changed Mind,51.8,0,30.58
771549,540425,376484,19-11-2024,24-11-2024,1,499,0,0,499,Nykaa,Influencer,Net Banking,Delivered,Lucknow,0,,36.24,107.94,26.2
771557,597771,397912,03-06-2025,09-06-2025,2,399,35,279.3,518.7,Amazon,Instagram,UPI,Delivered,Chandigarh,0,,43.01,115.1,32.49
706029,597771,376484,07-07-2025,11-07-2025,1,499,15,74.85,424.15,D2C Website,Instagram,UPI,Delivered,Chandigarh,0,,41.12,0,59.54
771568,597771,351856,17-09-2025,20-09-2025,1,449,25,112.25,336.75,D2C Website,Instagram,UPI,Delivered,Chandigarh,0,,82.48,0,25.49
771576,597771,318726,23-10-2025,24-10-2025,3,549,5,82.35,1564.65,D2C Website,Instagram,Cash on Delivery,Delivered,Chandigarh,0,,83.6,0,31.23
771584,507665,347447,24-01-2025,25-01-2025,1,349,10,34.9,314.1,Amazon,Organic Search,Debit Card,Delivered,Vadodara,0,,58.34,49.19,53.31
738816,524050,318726,28-03-2025,01-04-2025,1,549,0,0,549,Amazon,Organic Search,UPI,Delivered,Ahmedabad,0,,83.12,109.92,21.11
706051,515860,373579,09-12-2024,13-12-2024,1,449,0,0,449,D2C Website,Organic Search,UPI,Delivered,Hyderabad,0,,36.29,0,46.42
706054,515860,328746,14-12-2024,20-12-2024,1,299,10,29.9,269.1,Nykaa,Organic Search,UPI,Delivered,Hyderabad,0,,69.26,52.92,46.02
738824,548629,318301,21-04-2024,22-04-2024,3,249,0,0,747,Nykaa,Google,UPI,Returned,Ahmedabad,1,Wrong Item Delivered,59.63,113.2,37.38
738828,548629,376484,08-08-2024,13-08-2024,2,499,15,149.7,848.3,Amazon,Google,Credit Card,Delivered,Ahmedabad,0,,73.53,165.56,48.26
738844,548629,360142,11-12-2024,16-12-2024,3,349,10,104.7,942.3,Amazon,Google,Net Banking,Delivered,Ahmedabad,0,,37.2,143.82,24.53
771615,548629,397912,26-01-2025,29-01-2025,1,399,10,39.9,359.1,D2C Website,Google,Credit Card,Delivered,Ahmedabad,0,,37.62,0,57.95
771628,548629,373579,20-03-2025,22-03-2025,1,449,5,22.45,426.55,Nykaa,Google,UPI,Delivered,Ahmedabad,0,,42.92,68.04,53.73
706094,548629,384259,23-04-2025,24-04-2025,1,649,5,32.45,616.55,Myntra,Google,UPI,Delivered,Ahmedabad,0,,87.59,101.26,34.77
738862,548629,397912,07-05-2025,09-05-2025,3,399,10,119.7,1077.3,D2C Website,Google,UPI,Delivered,Ahmedabad,0,,74.48,0,25.53
771641,548629,351856,29-09-2025,30-09-2025,3,449,10,134.7,1212.3,D2C Website,Google,Wallet,Returned,Ahmedabad,1,Product Not As Described,47.78,0,24.47
738877,548629,384259,20-12-2025,23-12-2025,1,649,0,0,649,Quick Commerce,Google,Cash on Delivery,Delivered,Ahmedabad,0,,57.73,0,39.46
771646,556822,384259,10-11-2025,15-11-2025,1,649,15,97.35,551.65,Quick Commerce,Instagram,Credit Card,Delivered,Kolkata,0,,66.9,0,55.9
771650,581399,373579,06-05-2025,11-05-2025,2,449,20,179.6,718.4,D2C Website,Organic Search,Net Banking,Delivered,Hyderabad,0,,42.06,0,43.32
706117,581399,376622,10-09-2025,14-09-2025,1,899,40,359.6,539.4,D2C Website,Organic Search,Cash on Delivery,Delivered,Hyderabad,0,,70.6,0,57.43
771654,515866,384259,05-06-2025,09-06-2025,3,649,5,97.35,1849.65,Amazon,Organic Search,UPI,Delivered,Mumbai,0,,82.85,316.33,48.96
771659,597794,373579,21-02-2025,27-02-2025,1,449,0,0,449,Myntra,Instagram,Cash on Delivery,Delivered,Bengaluru,0,,38.81,76.62,31.25
738894,597794,351856,12-08-2025,16-08-2025,1,449,5,22.45,426.55,Nykaa,Instagram,Wallet,Delivered,Bengaluru,0,,71.85,65.08,34.28
738895,507685,318726,17-08-2024,21-08-2024,1,549,10,54.9,494.1,Offline Store,Instagram,Credit Card,Delivered,Bengaluru,0,,0,0,45.29
771667,581416,397647,28-08-2025,03-09-2025,1,799,20,159.8,639.2,Quick Commerce,Influencer,Debit Card,Delivered,Indore,0,,49.32,0,40.36
706133,532271,332325,09-06-2025,13-06-2025,1,399,20,79.8,319.2,Amazon,Influencer,UPI,Delivered,Hyderabad,0,,50.76,78.42,41.55
738901,532271,384259,23-06-2025,29-06-2025,1,649,35,227.15,421.85,Nykaa,Influencer,Cash on Delivery,Delivered,Hyderabad,0,,63.82,68.32,36.28
738905,532271,318726,01-08-2025,07-08-2025,1,549,35,192.15,356.85,Quick Commerce,Influencer,UPI,Delivered,Hyderabad,0,,59.23,0,28.81
738915,532271,376622,09-10-2025,13-10-2025,1,899,0,0,899,D2C Website,Influencer,UPI,Delivered,Hyderabad,0,,57.97,0,58.9
738918,548655,376484,12-10-2024,14-10-2024,1,499,0,0,499,D2C Website,Organic Search,UPI,Delivered,Delhi,0,,48.33,0,45.36
706155,548655,397912,02-04-2025,07-04-2025,1,399,5,19.95,379.05,D2C Website,Organic Search,UPI,Returned,Delhi,1,Allergic Reaction,84.7,0,24.18
706159,548655,397912,02-08-2025,06-08-2025,1,399,10,39.9,359.1,Quick Commerce,Organic Search,UPI,Delivered,Delhi,0,,50.67,0,52.78
706166,548655,318301,10-11-2025,13-11-2025,2,249,25,124.5,373.5,Nykaa,Organic Search,Cash on Delivery,Delivered,Delhi,0,,54.35,88.69,46.48
706169,573233,328746,04-06-2025,09-06-2025,1,299,5,14.95,284.05,Amazon,Google,UPI,Delivered,Surat,0,,84.14,44.34,45.68
771707,573233,318726,17-10-2025,23-10-2025,1,549,20,109.8,439.2,Nykaa,Google,Cash on Delivery,Delivered,Surat,0,,46.58,80.7,59.64
771714,597818,376484,06-05-2025,10-05-2025,1,499,15,74.85,424.15,Myntra,Instagram,Net Banking,Delivered,Mumbai,0,,44.65,78.53,45.53
771716,597818,384259,30-05-2025,04-06-2025,1,649,5,32.45,616.55,D2C Website,Instagram,Net Banking,Delivered,Mumbai,0,,59.63,0,25.09
771732,597818,376484,26-07-2025,29-07-2025,1,499,25,124.75,374.25,D2C Website,Instagram,Debit Card,Delivered,Mumbai,0,,70.52,0,45.06
706202,581439,370644,01-01-2025,05-01-2025,1,449,0,0,449,D2C Website,Organic Search,Wallet,Delivered,Delhi,0,,64.25,0,37.24
738970,515906,376484,19-01-2025,21-01-2025,1,499,5,24.95,474.05,Amazon,Influencer,Credit Card,Delivered,Chennai,0,,46.88,106.61,32.31
738972,540483,328746,18-09-2025,19-09-2025,1,299,15,44.85,254.15,D2C Website,Marketplace,Wallet,Delivered,Guwahati,0,,37.82,0,22.91
738974,507716,397647,28-03-2024,30-03-2024,1,799,35,279.65,519.35,D2C Website,Marketplace,UPI,Delivered,Surat,0,,43.6,0,22.47
738983,507716,373579,28-05-2025,03-06-2025,1,449,10,44.9,404.1,Amazon,Marketplace,Debit Card,Delivered,Surat,0,,60.37,71.87,21.88
738987,573259,397647,13-07-2025,14-07-2025,2,799,35,559.3,1038.7,D2C Website,Instagram,Credit Card,Delivered,Hyderabad,0,,48.12,0,26.43
706230,573259,373579,03-09-2025,08-09-2025,2,449,10,89.8,808.2,Amazon,Instagram,Credit Card,Delivered,Hyderabad,0,,89.45,179.47,27.81
771766,573259,384259,20-09-2025,23-09-2025,2,649,35,454.3,843.7,D2C Website,Instagram,Credit Card,Delivered,Hyderabad,0,,58.24,0,33.89
706233,515915,370644,26-07-2025,31-07-2025,1,449,20,89.8,359.2,D2C Website,Google,Credit Card,Returned,Surat,1,Allergic Reaction,71.82,0,25.06
771770,515915,384259,20-09-2025,23-09-2025,1,649,0,0,649,Myntra,Google,Debit Card,Delivered,Surat,0,,40.69,114.51,49.71
739013,515915,373579,04-10-2025,10-10-2025,1,449,15,67.35,381.65,D2C Website,Google,Credit Card,Delivered,Surat,0,,64.58,0,35.01
739017,515915,360142,12-11-2025,13-11-2025,2,349,25,174.5,523.5,Amazon,Google,Net Banking,Delivered,Surat,0,,57.66,128.13,29.8
771791,540492,318726,17-12-2025,23-12-2025,1,549,10,54.9,494.1,Amazon,Marketplace,UPI,Delivered,Jaipur,0,,41.85,97.15,35.05
706255,556881,376484,16-10-2025,20-10-2025,1,499,0,0,499,Nykaa,Instagram,Cash on Delivery,Delivered,Chennai,0,,54.45,100.95,23.22
706256,548689,318726,02-08-2025,06-08-2025,1,549,10,54.9,494.1,Offline Store,Marketplace,Debit Card,Delivered,Lucknow,0,,0,0,56.08
706259,548689,373579,08-09-2025,14-09-2025,1,449,20,89.8,359.2,Quick Commerce,Marketplace,Credit Card,Delivered,Lucknow,0,,60.05,0,26.73
706265,548689,370644,02-10-2025,06-10-2025,2,449,15,134.7,763.3,D2C Website,Marketplace,Net Banking,Delivered,Lucknow,0,,86.21,0,43.9
706269,540499,376484,20-07-2025,22-07-2025,1,499,25,124.75,374.25,Nykaa,Instagram,Cash on Delivery,Delivered,Hyderabad,0,,39.51,71.01,50.95
771819,540499,328746,12-09-2025,18-09-2025,2,299,40,239.2,358.8,Amazon,Instagram,UPI,Delivered,Hyderabad,0,,64.14,77.78,58.22
739054,597853,318726,20-03-2025,22-03-2025,1,549,20,109.8,439.2,D2C Website,Referral,Cash on Delivery,Delivered,Delhi,0,,60.6,0,33.42
706286,597853,351856,31-03-2025,05-04-2025,1,449,20,89.8,359.2,Nykaa,Referral,Cash on Delivery,Delivered,Delhi,0,,48.32,68.16,27.48
739056,597853,397647,18-04-2025,24-04-2025,1,799,10,79.9,719.1,Myntra,Referral,Credit Card,Delivered,Delhi,0,,57.54,147.34,31.15
771825,597853,384259,25-04-2025,01-05-2025,1,649,0,0,649,Amazon,Referral,Credit Card,Delivered,Delhi,0,,74.82,104.15,34.66
771824,597853,318726,07-07-2025,09-07-2025,2,549,15,164.7,933.3,D2C Website,Referral,Cash on Delivery,Delivered,Delhi,0,,48.62,0,46.35
706291,597853,332325,30-09-2025,01-10-2025,1,399,0,0,399,Offline Store,Referral,Debit Card,Returned,Delhi,1,Wrong Item Delivered,0,0,55.52
771828,597853,376484,26-10-2025,01-11-2025,3,499,5,74.85,1422.15,Amazon,Referral,UPI,Delivered,Delhi,0,,68.7,318.74,49.77
706293,597853,384259,19-12-2025,23-12-2025,1,649,0,0,649,D2C Website,Referral,Cash on Delivery,Delivered,Delhi,0,,39.01,0,25.95
739062,581490,351856,04-11-2025,09-11-2025,1,449,5,22.45,426.55,Quick Commerce,Instagram,Debit Card,Delivered,Chennai,0,,76.67,0,30.61
706295,581490,318726,27-11-2025,28-11-2025,2,549,0,0,1098,D2C Website,Instagram,Debit Card,Delivered,Chennai,0,,71.31,0,38.34
706297,581490,318726,01-12-2025,04-12-2025,1,549,20,109.8,439.2,Quick Commerce,Instagram,UPI,Delivered,Chennai,0,,52.68,0,51.14
739089,581490,376622,10-12-2025,12-12-2025,2,899,0,0,1798,Amazon,Instagram,UPI,Delivered,Chennai,0,,88.92,416.69,30.97
771857,565107,376622,15-08-2025,16-08-2025,1,899,20,179.8,719.2,Amazon,Instagram,Wallet,Delivered,Delhi,0,,83.95,162.54,54.89
706329,565107,332325,28-11-2025,03-12-2025,1,399,20,79.8,319.2,Amazon,Instagram,UPI,Delivered,Delhi,0,,76.4,60.79,49.28
739103,589687,397912,27-12-2025,31-12-2025,1,399,5,19.95,379.05,Quick Commerce,Instagram,Credit Card,Delivered,Lucknow,0,,76.83,0,23.08
739105,597880,384259,18-09-2025,20-09-2025,2,649,35,454.3,843.7,Nykaa,Google,UPI,Delivered,Hyderabad,0,,72.49,186.58,27.14
739107,540538,318726,14-05-2025,19-05-2025,1,549,0,0,549,Quick Commerce,Google,Cash on Delivery,Delivered,Mumbai,0,,42.68,0,25.83
771875,515970,318726,27-03-2025,30-03-2025,1,549,10,54.9,494.1,Myntra,Instagram,UPI,Delivered,Bengaluru,0,,78.49,96.01,39.14
771883,515970,318726,23-04-2025,24-04-2025,2,549,15,164.7,933.3,Nykaa,Instagram,Cash on Delivery,Delivered,Bengaluru,0,,61.65,174.93,26.4
739117,515970,332325,19-05-2025,22-05-2025,1,399,5,19.95,379.05,D2C Website,Instagram,UPI,Delivered,Bengaluru,0,,84.4,0,40.82
771888,515970,376484,08-07-2025,10-07-2025,1,499,35,174.65,324.35,D2C Website,Instagram,Credit Card,Delivered,Bengaluru,0,,35.77,0,43.41
706362,524164,318726,09-10-2025,11-10-2025,1,549,10,54.9,494.1,Nykaa,Instagram,Wallet,Delivered,Delhi,0,,60.95,113.77,28.73
739131,524164,328746,07-12-2025,08-12-2025,1,299,15,44.85,254.15,Amazon,Instagram,Net Banking,Delivered,Delhi,0,,45.04,54.25,35.56
739135,589705,360142,13-10-2025,18-10-2025,1,349,0,0,349,Quick Commerce,Offline Store,UPI,Delivered,Mumbai,0,,61.47,0,34.77
706376,589705,360142,15-12-2025,16-12-2025,1,349,0,0,349,Nykaa,Offline Store,Net Banking,Cancelled,Mumbai,0,,42.87,58.86,59.95
706378,540562,397912,29-03-2024,02-04-2024,1,399,15,59.85,339.15,D2C Website,Organic Search,UPI,Delivered,Bhopal,0,,69.03,0,42.41
706380,540562,397647,25-12-2024,27-12-2024,2,799,35,559.3,1038.7,Myntra,Organic Search,Cash on Delivery,Delivered,Bhopal,0,,42.81,164.84,24.46
706385,540562,397647,05-05-2025,08-05-2025,1,799,25,199.75,599.25,Quick Commerce,Organic Search,UPI,Returned,Bhopal,1,Damaged in Transit,44.71,0,53.11
771925,597912,360142,17-02-2025,22-02-2025,1,349,5,17.45,331.55,Amazon,Marketplace,Net Banking,Delivered,Coimbatore,0,,80.28,54.96,49.66
739158,597912,351856,05-03-2025,07-03-2025,1,449,0,0,449,D2C Website,Marketplace,UPI,Delivered,Coimbatore,0,,76.85,0,57.6
739167,597912,397647,27-04-2025,02-05-2025,1,799,0,0,799,D2C Website,Marketplace,UPI,Delivered,Coimbatore,0,,76.36,0,21.19
706400,597912,360142,02-07-2025,07-07-2025,1,349,15,52.35,296.65,Amazon,Marketplace,Credit Card,Delivered,Coimbatore,0,,80.6,73.93,44.47
771938,597912,373579,20-08-2025,26-08-2025,2,449,10,89.8,808.2,Myntra,Marketplace,Cash on Delivery,Delivered,Coimbatore,0,,62.56,127.32,43.58
739171,597912,332325,20-10-2025,21-10-2025,1,399,25,99.75,299.25,Amazon,Marketplace,Wallet,Delivered,Coimbatore,0,,38.43,61.68,20.78
771945,597912,373579,25-10-2025,29-10-2025,1,449,15,67.35,381.65,D2C Website,Marketplace,UPI,Delivered,Coimbatore,0,,59.07,0,59.81
706411,597912,318726,21-11-2025,24-11-2025,2,549,10,109.8,988.2,Myntra,Marketplace,UPI,Delivered,Coimbatore,0,,54.77,166.58,30.36
739203,597912,370644,01-12-2025,03-12-2025,1,449,15,67.35,381.65,Quick Commerce,Marketplace,Debit Card,Delivered,Coimbatore,0,,72.92,0,48.43
706440,597912,328746,11-12-2025,13-12-2025,2,299,15,89.7,508.3,Myntra,Marketplace,Cash on Delivery,Delivered,Coimbatore,0,,52.35,81.43,33.93
739213,556959,373579,18-12-2024,23-12-2024,1,449,5,22.45,426.55,D2C Website,Referral,UPI,Returned,Guwahati,1,Changed Mind,45.32,0,54.95
739216,556959,384259,18-05-2025,22-05-2025,2,649,20,259.6,1038.4,Quick Commerce,Referral,UPI,Delivered,Guwahati,0,,40.31,0,48.18
771994,540577,376484,24-12-2025,27-12-2025,1,499,25,124.75,374.25,Nykaa,Referral,Credit Card,Delivered,Chandigarh,0,,66.96,64.55,37.04
739227,540577,397912,28-12-2025,03-01-2026,1,399,15,59.85,339.15,D2C Website,Referral,UPI,Delivered,Chandigarh,0,,80.54,0,32.95
772002,540577,328746,30-12-2025,04-01-2026,1,299,5,14.95,284.05,D2C Website,Referral,Cash on Delivery,Delivered,Chandigarh,0,,75.91,0,56.27
739252,507816,384259,18-06-2024,24-06-2024,1,649,20,129.8,519.2,Nykaa,Instagram,Debit Card,Delivered,Mumbai,0,,75.53,85.93,24.75
739257,507816,328746,26-06-2024,01-07-2024,1,299,10,29.9,269.1,Myntra,Instagram,Credit Card,Delivered,Mumbai,0,,85.95,51.12,54.41
739258,507816,328746,07-08-2024,09-08-2024,1,299,15,44.85,254.15,D2C Website,Instagram,UPI,Returned,Mumbai,1,Wrong Item Delivered,73.23,0,54.31
772029,507816,351856,26-10-2024,27-10-2024,2,449,0,0,898,D2C Website,Instagram,UPI,Returned,Mumbai,1,Allergic Reaction,60.2,0,49.5
706498,507816,332325,29-08-2025,04-09-2025,1,399,20,79.8,319.2,Myntra,Instagram,Debit Card,Delivered,Mumbai,0,,69.03,59.22,50.09
739273,516011,397647,23-04-2025,27-04-2025,1,799,15,119.85,679.15,D2C Website,Instagram,UPI,Delivered,Lucknow,0,,75.74,0,25.52
739274,516011,351856,17-10-2025,20-10-2025,1,449,10,44.9,404.1,Myntra,Instagram,Net Banking,Delivered,Lucknow,0,,78.93,83.78,47.45
706509,516021,360142,27-04-2024,29-04-2024,1,349,20,69.8,279.2,Nykaa,Instagram,Cash on Delivery,Delivered,Chennai,0,,43.53,48.91,44.28
739283,516021,373579,23-01-2025,25-01-2025,1,449,0,0,449,D2C Website,Instagram,UPI,Delivered,Chennai,0,,41.58,0,38.72
706525,516021,376484,28-07-2025,03-08-2025,2,499,20,199.6,798.4,D2C Website,Instagram,UPI,Returned,Chennai,1,Damaged in Transit,43.14,0,25.81
772067,532406,318301,18-05-2025,24-05-2025,1,249,40,99.6,149.4,Quick Commerce,Influencer,UPI,Delivered,Kolkata,0,,81.28,0,27.67
772069,532406,328746,24-05-2025,30-05-2025,3,299,0,0,897,Nykaa,Influencer,Credit Card,Delivered,Kolkata,0,,66.7,206.51,56.67
706536,532406,318301,07-07-2025,09-07-2025,1,249,20,49.8,199.2,Nykaa,Influencer,Cash on Delivery,Delivered,Kolkata,0,,36.72,36.39,27.07
706540,532406,318301,03-10-2025,08-10-2025,3,249,20,149.4,597.6,Amazon,Influencer,UPI,Delivered,Kolkata,0,,35.81,123.08,49.42
739309,532406,360142,24-12-2025,28-12-2025,1,349,0,0,349,D2C Website,Influencer,Credit Card,Delivered,Kolkata,0,,51.41,0,28.29
739311,581560,318726,30-04-2025,04-05-2025,1,549,5,27.45,521.55,Nykaa,Offline Store,UPI,Delivered,Coimbatore,0,,73.99,129.59,59.85
739316,581560,385909,20-06-2025,24-06-2025,1,429,0,0,429,D2C Website,Offline Store,Debit Card,Delivered,Coimbatore,0,,68.3,0,58.55
739320,581560,360142,07-12-2025,11-12-2025,2,349,20,139.6,558.4,Myntra,Offline Store,Cash on Delivery,Delivered,Coimbatore,0,,76.78,128.79,30.45
739329,556985,351856,27-11-2025,29-11-2025,1,449,20,89.8,359.2,D2C Website,Influencer,UPI,Delivered,Ahmedabad,0,,70.14,0,40.24
772098,532411,318726,27-06-2024,01-07-2024,1,549,20,109.8,439.2,Myntra,Marketplace,Cash on Delivery,Delivered,Mumbai,0,,88.02,89.79,47.57
706563,532411,373579,12-01-2025,16-01-2025,1,449,5,22.45,426.55,D2C Website,Marketplace,UPI,Delivered,Mumbai,0,,42.31,0,57.86
739334,573385,318726,08-09-2024,11-09-2024,1,549,35,192.15,356.85,Myntra,Instagram,Wallet,Delivered,Bengaluru,0,,57.97,77.59,58.17
772105,573385,376484,21-01-2025,26-01-2025,1,499,15,74.85,424.15,D2C Website,Instagram,Cash on Delivery,Delivered,Bengaluru,0,,63.28,0,23.41
739343,573385,376484,03-06-2025,06-06-2025,1,499,15,74.85,424.15,Myntra,Instagram,Debit Card,Delivered,Bengaluru,0,,45.75,88.94,56.81
739344,573385,376622,12-07-2025,18-07-2025,1,899,25,224.75,674.25,D2C Website,Instagram,Cash on Delivery,Delivered,Bengaluru,0,,40.49,0,28.68
739351,565193,328746,29-09-2024,03-10-2024,1,299,25,74.75,224.25,D2C Website,Influencer,UPI,Delivered,Nagpur,0,,81.68,0,23.27
739357,565193,376484,28-10-2024,29-10-2024,1,499,10,49.9,449.1,D2C Website,Influencer,UPI,Cancelled,Nagpur,0,,48.26,0,38.11
772129,565193,384259,16-12-2024,22-12-2024,1,649,10,64.9,584.1,D2C Website,Influencer,Credit Card,Delivered,Nagpur,0,,80.72,0,35.3
739373,597973,332325,26-10-2025,28-10-2025,2,399,35,279.3,518.7,Amazon,Organic Search,UPI,Delivered,Delhi,0,,59.94,86.83,41.15
739375,597973,370644,18-11-2025,21-11-2025,2,449,15,134.7,763.3,Quick Commerce,Organic Search,UPI,Delivered,Delhi,0,,71.47,0,35.51
706608,597973,384259,21-11-2025,23-11-2025,2,649,20,259.6,1038.4,Amazon,Organic Search,Debit Card,Delivered,Delhi,0,,89.23,200.01,54.16
772150,597973,373579,28-11-2025,03-12-2025,1,449,5,22.45,426.55,Amazon,Organic Search,UPI,Delivered,Delhi,0,,38.59,90.12,50.24
772154,597973,347447,03-12-2025,07-12-2025,3,349,0,0,1047,Nykaa,Organic Search,Net Banking,Delivered,Delhi,0,,83.69,214.84,38.09
772161,597973,370644,13-12-2025,18-12-2025,2,449,20,179.6,718.4,D2C Website,Organic Search,Credit Card,Cancelled,Delhi,0,,49.18,0,58.58
739397,597973,328746,19-12-2025,20-12-2025,1,299,5,14.95,284.05,D2C Website,Organic Search,Net Banking,Delivered,Delhi,0,,42.91,0,34.54
739400,597973,360142,23-12-2025,24-12-2025,1,349,40,139.6,209.4,Nykaa,Organic Search,UPI,Delivered,Delhi,0,,78.96,38.42,30.42
739405,597973,397912,26-12-2025,30-12-2025,2,399,0,0,798,D2C Website,Organic Search,UPI,Delivered,Delhi,0,,73.83,0,41.66
739412,507861,385909,29-08-2025,03-09-2025,1,429,20,85.8,343.2,Myntra,Offline Store,Debit Card,Delivered,Delhi,0,,55.83,55.79,33.45
772182,507861,384259,14-10-2025,18-10-2025,1,649,35,227.15,421.85,D2C Website,Offline Store,Cash on Delivery,Delivered,Delhi,0,,69.77,0,43.27
772204,597978,360142,16-02-2025,17-02-2025,1,349,25,87.25,261.75,D2C Website,Instagram,Net Banking,Delivered,Nagpur,0,,56.58,0,36.35
739438,597978,373579,21-07-2025,23-07-2025,1,449,15,67.35,381.65,D2C Website,Instagram,Debit Card,Delivered,Nagpur,0,,70.55,0,26.42
706672,597978,318301,09-12-2025,11-12-2025,1,249,25,62.25,186.75,D2C Website,Instagram,Wallet,Delivered,Nagpur,0,,86.73,0,25.94
739441,581609,376622,05-06-2025,10-06-2025,1,899,15,134.85,764.15,Amazon,Instagram,Net Banking,Delivered,Kochi,0,,51.98,177.51,57.34
706674,524267,397647,14-06-2024,18-06-2024,1,799,15,119.85,679.15,D2C Website,Instagram,Credit Card,Delivered,Mumbai,0,,60.64,0,29.89
706678,524267,351856,09-10-2025,13-10-2025,2,449,10,89.8,808.2,Myntra,Instagram,UPI,Delivered,Mumbai,0,,43.14,174.37,33.36
772215,524267,318726,07-11-2025,10-11-2025,3,549,20,329.4,1317.6,Nykaa,Instagram,UPI,Delivered,Mumbai,0,,45.79,288.86,36.21
772219,524267,328746,18-11-2025,19-11-2025,2,299,5,29.9,568.1,D2C Website,Instagram,UPI,Delivered,Mumbai,0,,79.68,0,58.6
739452,548843,370644,10-11-2025,13-11-2025,1,449,20,89.8,359.2,Nykaa,Instagram,UPI,Delivered,Indore,0,,88.75,65.84,44.22
739460,565230,318726,13-09-2025,18-09-2025,1,549,15,82.35,466.65,Amazon,Organic Search,Credit Card,Delivered,Bengaluru,0,,71.15,93.45,44.28
739462,565230,318726,20-10-2025,22-10-2025,1,549,20,109.8,439.2,D2C Website,Organic Search,UPI,Delivered,Bengaluru,0,,38.36,0,42.95
706695,507894,373579,08-11-2025,11-11-2025,1,449,5,22.45,426.55,Myntra,Marketplace,UPI,Delivered,Mumbai,0,,41.68,90.76,43.22
739466,540662,332325,15-02-2025,16-02-2025,1,399,5,19.95,379.05,Myntra,Google,Net Banking,Delivered,Mumbai,0,,41.53,78.31,26.36
772235,532472,318726,19-01-2025,23-01-2025,1,549,25,137.25,411.75,Myntra,Referral,Debit Card,Delivered,Coimbatore,0,,52.12,77.8,25.7
772250,532472,384259,08-06-2025,14-06-2025,1,649,10,64.9,584.1,Nykaa,Referral,UPI,Cancelled,Coimbatore,0,,60.59,124.8,57.14
739489,540668,385909,19-08-2025,23-08-2025,1,429,5,21.45,407.55,Offline Store,Referral,UPI,Delivered,Hyderabad,0,,0,0,52.54
739498,540668,360142,05-12-2025,06-12-2025,1,349,0,0,349,D2C Website,Referral,UPI,Delivered,Hyderabad,0,,78.41,0,46.36
768589,523600,360142,09-07-2025,11-07-2025,1,349,0,0,349,Nykaa,Google,UPI,Delivered,Bengaluru,0,,72.36,71.68,56.65
766495,546112,318726,29-03-2025,04-04-2025,1,549,25,137.25,411.75,Offline Store,Organic Search,Net Banking,Delivered,Vadodara,0,,0,0,37.47
766624,557963,376484,28-04-2024,30-04-2024,1,499,25,124.75,374.25,D2C Website,Google,Cash on Delivery,Delivered,Hyderabad,0,,51.14,0,45.66
763911,532850,318301,13-04-2025,18-04-2025,1,249,0,0,249,Amazon,Organic Search,UPI,Delivered,Chennai,0,,42.47,40.25,39.77
761654,561894,360142,19-10-2025,25-10-2025,2,349,0,0,698,Nykaa,Instagram,UPI,Delivered,Mumbai,0,,61.31,158.07,28.67
768655,514530,351856,23-11-2025,26-11-2025,1,449,15,67.35,381.65,Nykaa,Organic Search,Net Banking,Delivered,Guwahati,0,,75.38,67.27,23.66
763345,515157,347447,22-11-2024,24-11-2024,1,349,35,122.15,226.85,Myntra,Instagram,Cash on Delivery,Delivered,Nagpur,0,,48.19,53.29,30.86
767787,566244,376622,19-12-2025,23-12-2025,1,899,10,89.9,809.1,Amazon,Influencer,Credit Card,Delivered,Mumbai,0,,84.99,197.66,41.9
764787,538175,328746,06-12-2025,07-12-2025,1,299,0,0,299,Myntra,Organic Search,UPI,Delivered,Ahmedabad,0,,60.52,45.31,26.86
766720,591272,370644,19-10-2025,20-10-2025,1,449,0,0,449,Quick Commerce,Google,Wallet,Delivered,Surat,0,,41.17,0,41.29
763303,569621,318301,15-09-2024,18-09-2024,1,249,25,62.25,186.75,D2C Website,Google,Debit Card,Delivered,Kolkata,0,,63.66,0,28.86
763972,503248,318726,16-12-2025,19-12-2025,1,549,10,54.9,494.1,Nykaa,Google,UPI,Cancelled,Bengaluru,0,,60.66,80.62,46.01
760848,540001,397647,15-12-2025,19-12-2025,1,799,35,279.65,519.35,Nykaa,Instagram,UPI,Delivered,Pune,0,,74.95,88.05,27.29
764038,560513,397647,31-01-2025,06-02-2025,1,799,5,39.95,759.05,Amazon,Google,Net Banking,Delivered,Ahmedabad,0,,53.5,136.51,46.48
764799,507456,360142,09-05-2024,13-05-2024,1,349,0,0,349,Myntra,Organic Search,Debit Card,Returned,Hyderabad,1,Changed Mind,71.36,78.41,44.69
