event_id,customer_id,event_date,session_id,channel,device,funnel_stage,product_category,campaign_id
819200,548870,16-09-2024,SESS900001,Instagram,Mobile,Website Visit,Skincare,473870
851973,515860,01-01-2025,SESS900002,Organic Search,Mobile,Website Visit,Skincare,463442
851976,557080,27-11-2024,SESS900003,Instagram,Mobile,Website Visit,Colour Cosmetics,415402
851977,570236,07-09-2025,SESS900004,Referral,Mobile,Website Visit,Haircare,488400
819209,573147,14-02-2024,SESS900005,Organic Search,Tablet,Website Visit,Colour Cosmetics,433648
819208,573147,14-02-2024,SESS900005,Organic Search,Tablet,Product View,Colour Cosmetics,433648
819213,560852,24-06-2025,SESS900006,Instagram,Mobile,Website Visit,Skincare,463122
884752,560852,24-06-2025,SESS900006,Instagram,Mobile,Product View,Skincare,463122
851989,583507,07-11-2024,SESS900007,Offline Store,Mobile,Website Visit,Colour Cosmetics,
884762,583507,07-11-2024,SESS900007,Offline Store,Mobile,Product View,Skincare,
819226,512903,05-02-2024,SESS900008,Google,Mobile,Website Visit,Colour Cosmetics,
819229,512903,05-02-2024,SESS900008,Google,Mobile,Product View,Colour Cosmetics,
851998,552098,17-04-2024,SESS900009,Marketplace,Mobile,Website Visit,Haircare,
884765,552098,17-04-2024,SESS900009,Marketplace,Mobile,Product View,Haircare,
884768,552098,17-04-2024,SESS900009,Marketplace,Mobile,Add to Cart,Haircare,
852001,552098,17-04-2024,SESS900009,Marketplace,Mobile,Checkout Started,Haircare,
884769,552098,17-04-2024,SESS900009,Marketplace,Mobile,Purchase,Skincare,
852005,572350,03-12-2024,SESS900010,Marketplace,Tablet,Website Visit,Haircare,434464
852006,572350,03-12-2024,SESS900010,Marketplace,Tablet,Product View,Haircare,434464
884775,588815,21-04-2025,SESS900011,Google,Desktop,Website Visit,Skincare,415565
852008,588815,21-04-2025,SESS900011,Google,Desktop,Product View,Skincare,415565
884778,588815,21-04-2025,SESS900011,Google,Desktop,Add to Cart,Skincare,415565
884780,588815,21-04-2025,SESS900011,Google,Desktop,Checkout Started,Skincare,415565
852012,585649,13-12-2025,SESS900012,Influencer,Mobile,Website Visit,Skincare,431540
884786,534760,26-05-2024,SESS900013,Influencer,Mobile,Website Visit,Skincare,453495
852018,576955,16-06-2025,SESS900014,Google,Mobile,Website Visit,Skincare,
884787,576955,16-06-2025,SESS900014,Google,Mobile,Product View,Skincare,
819253,519342,18-01-2024,SESS900015,Influencer,Mobile,Website Visit,Skincare,447990
884796,519342,18-01-2024,SESS900015,Influencer,Mobile,Product View,Skincare,447990
852032,519342,18-01-2024,SESS900015,Influencer,Mobile,Add to Cart,Skincare,447990
852035,519555,31-03-2024,SESS900016,Instagram,Mobile,Website Visit,Skincare,
852037,516750,04-11-2024,SESS900017,Instagram,Mobile,Website Visit,Colour Cosmetics,
852041,508609,24-12-2024,SESS900018,Marketplace,Mobile,Website Visit,Colour Cosmetics,474182
819273,558838,15-12-2025,SESS900019,Influencer,Mobile,Website Visit,Colour Cosmetics,415565
884809,558838,15-12-2025,SESS900019,Influencer,Mobile,Product View,Skincare,415565
852044,513577,21-05-2025,SESS900020,Instagram,Desktop,Website Visit,Colour Cosmetics,427155
852045,543540,16-05-2025,SESS900021,Google,Mobile,Website Visit,Haircare,432195
884818,548843,07-04-2024,SESS900022,Instagram,Desktop,Website Visit,Skincare,
884825,511104,11-01-2024,SESS900023,Google,Desktop,Website Visit,Skincare,486701
819289,511104,11-01-2024,SESS900023,Google,Desktop,Product View,Colour Cosmetics,486701
852058,565338,22-11-2025,SESS900024,Offline Store,Mobile,Website Visit,Colour Cosmetics,
819292,565338,22-11-2025,SESS900024,Offline Store,Mobile,Product View,Colour Cosmetics,
852063,565338,22-11-2025,SESS900024,Offline Store,Mobile,Add to Cart,Colour Cosmetics,
819301,565338,22-11-2025,SESS900024,Offline Store,Mobile,Checkout Started,Colour Cosmetics,
819302,552386,17-10-2025,SESS900025,Marketplace,Desktop,Website Visit,Colour Cosmetics,
884840,526071,13-11-2024,SESS900026,Referral,Mobile,Website Visit,Colour Cosmetics,447520
819306,526071,13-11-2024,SESS900026,Referral,Mobile,Product View,Skincare,447520
884843,526071,13-11-2024,SESS900026,Referral,Mobile,Add to Cart,Colour Cosmetics,447520
819309,526071,13-11-2024,SESS900026,Referral,Mobile,Checkout Started,Haircare,447520
884845,564686,03-07-2025,SESS900027,Google,Mobile,Website Visit,Skincare,
852079,564686,03-07-2025,SESS900027,Google,Mobile,Product View,Skincare,
852085,521579,16-09-2025,SESS900028,Instagram,Mobile,Website Visit,Haircare,
884856,521579,16-09-2025,SESS900028,Instagram,Mobile,Product View,Colour Cosmetics,
819320,539599,03-06-2024,SESS900029,Google,Mobile,Website Visit,Skincare,423506
819323,542081,20-02-2025,SESS900030,Instagram,Desktop,Website Visit,Skincare,453161
819325,542081,20-02-2025,SESS900030,Instagram,Desktop,Product View,Skincare,453161
884862,599598,02-09-2025,SESS900031,Instagram,Mobile,Website Visit,Skincare,481026
884871,530947,04-02-2024,SESS900032,Instagram,Mobile,Website Visit,Skincare,449380
884872,530947,04-02-2024,SESS900032,Instagram,Mobile,Product View,Skincare,449380
819335,504117,28-02-2024,SESS900033,Marketplace,Mobile,Website Visit,Skincare,
852109,504117,28-02-2024,SESS900033,Marketplace,Mobile,Product View,Haircare,
852112,504117,28-02-2024,SESS900033,Marketplace,Mobile,Add to Cart,Skincare,
852116,504117,28-02-2024,SESS900033,Marketplace,Mobile,Checkout Started,Skincare,
884887,504117,28-02-2024,SESS900033,Marketplace,Mobile,Purchase,Colour Cosmetics,
852128,500800,13-10-2024,SESS900034,Instagram,Mobile,Website Visit,Colour Cosmetics,415565
819361,500800,13-10-2024,SESS900034,Instagram,Mobile,Product View,Colour Cosmetics,415565
884896,500800,13-10-2024,SESS900034,Instagram,Mobile,Add to Cart,Colour Cosmetics,415565
884902,500800,13-10-2024,SESS900034,Instagram,Mobile,Checkout Started,Colour Cosmetics,415565
819367,500800,13-10-2024,SESS900034,Instagram,Mobile,Purchase,Colour Cosmetics,415565
819368,598885,03-10-2025,SESS900035,Offline Store,Mobile,Website Visit,Haircare,
884905,598885,03-10-2025,SESS900035,Offline Store,Mobile,Product View,Skincare,
819369,562341,12-09-2024,SESS900036,Instagram,Mobile,Website Visit,Skincare,425635
884909,587580,31-12-2025,SESS900037,Google,Mobile,Website Visit,Haircare,
819374,548393,09-09-2024,SESS900038,Instagram,Mobile,Website Visit,Colour Cosmetics,463442
819375,548393,09-09-2024,SESS900038,Instagram,Unknown,Product View,Colour Cosmetics,463442
852145,523416,02-12-2025,SESS900039,Referral,Mobile,Website Visit,Colour Cosmetics,
884914,523416,02-12-2025,SESS900039,Referral,Mobile,Product View,Colour Cosmetics,
819381,566307,02-06-2024,SESS900040,Google,Mobile,Website Visit,Haircare,
884918,566307,02-06-2024,SESS900040,Google,Mobile,Product View,Haircare,
819388,546009,24-09-2025,SESS900041,Instagram,Desktop,Website Visit,Colour Cosmetics,458427
884927,546009,24-09-2025,SESS900041,Instagram,Desktop,Product View,Colour Cosmetics,458427
819391,564332,07-04-2024,SESS900042,Influencer,Desktop,Website Visit,Haircare,427155
884928,580676,22-11-2025,SESS900043,Influencer,Desktop,Website Visit,Skincare,
852162,580676,22-11-2025,SESS900043,Influencer,Desktop,Product View,Skincare,
884931,580676,22-11-2025,SESS900043,Influencer,Desktop,Add to Cart,Skincare,
884932,580676,22-11-2025,SESS900043,Influencer,Desktop,Checkout Started,Skincare,
819396,580676,22-11-2025,SESS900043,Influencer,Desktop,Purchase,Skincare,
852165,529045,31-10-2024,SESS900044,Influencer,Mobile,Website Visit,Colour Cosmetics,440309
884937,529045,31-10-2024,SESS900044,Influencer,Mobile,Product View,Colour Cosmetics,440309
884939,506839,18-11-2024,SESS900045,Organic Search,Mobile,Website Visit,Skincare,442205
852172,558115,26-02-2024,SESS900046,Instagram,Mobile,Website Visit,Skincare,438097
819405,558115,26-02-2024,SESS900046,Instagram,Mobile,Product View,Skincare,438097
884941,542516,08-11-2024,SESS900047,Instagram,Mobile,Website Visit,Colour Cosmetics,465408
884949,542516,08-11-2024,SESS900047,Instagram,Mobile,Product View,Colour Cosmetics,465408
884951,506522,31-12-2024,SESS900048,Instagram,Mobile,Website Visit,Haircare,
852184,565193,23-09-2025,SESS900049,Influencer,Desktop,Website Visit,Skincare,
884953,565193,23-09-2025,SESS900049,Influencer,Desktop,Product View,Skincare,
852186,565193,23-09-2025,SESS900049,Influencer,Desktop,Add to Cart,Skincare,
852187,584109,17-08-2024,SESS900050,Organic Search,Mobile,Website Visit,Colour Cosmetics,490081
884957,500150,08-07-2024,SESS900051,Instagram,Mobile,Website Visit,Haircare,429945
884959,543309,21-06-2024,SESS900052,Google,Mobile,Website Visit,Colour Cosmetics,437316
852196,570697,29-06-2024,SESS900053,Google,Desktop,Website Visit,Skincare,
884967,595448,18-04-2024,SESS900054,Influencer,Mobile,Website Visit,Skincare,498427
884973,595448,18-04-2024,SESS900054,Influencer,Mobile,Product View,Skincare,498427
884974,595448,18-04-2024,SESS900054,Influencer,Mobile,Add to Cart,Skincare,498427
819440,554921,20-07-2025,SESS900055,Organic Search,Mobile,Website Visit,Colour Cosmetics,473590
852209,554921,20-07-2025,SESS900055,Organic Search,Mobile,Product View,Colour Cosmetics,473590
884978,509880,01-06-2025,SESS900056,Instagram,Mobile,Website Visit,Colour Cosmetics,405376
852212,557433,20-02-2025,SESS900057,Marketplace,Tablet,Website Visit,Skincare,
884980,561694,21-12-2024,SESS900058,Instagram,Mobile,Website Visit,Colour Cosmetics,476695
884987,561694,21-12-2024,SESS900058,Instagram,Mobile,Product View,Haircare,476695
852219,536241,11-07-2024,SESS900059,Influencer,Tablet,Website Visit,Haircare,411539
819453,582691,30-05-2025,SESS900060,Offline Store,Mobile,Website Visit,Skincare,
852223,582691,30-05-2025,SESS900060,Offline Store,Mobile,Product View,Colour Cosmetics,
884995,554460,31-01-2025,SESS900061,Instagram,Mobile,Website Visit,Skincare,458427
852230,554460,31-01-2025,SESS900061,Instagram,Mobile,Product View,Haircare,458427
884999,576099,02-07-2025,SESS900062,Google,Desktop,Website Visit,Skincare,
885001,540577,27-01-2024,SESS900063,Referral,Mobile,Website Visit,Skincare,458427
852233,540888,29-05-2025,SESS900064,Google,Mobile,Website Visit,Skincare,418813
819466,540888,29-05-2025,SESS900064,Google,Mobile,Product View,Skincare,418813
819465,554459,10-05-2025,SESS900065,Offline Store,Mobile,Website Visit,Skincare,484510
885005,554459,10-05-2025,SESS900065,Offline Store,Mobile,Product View,Skincare,484510
819470,581885,03-06-2024,SESS900066,Influencer,Desktop,Website Visit,Colour Cosmetics,
852239,581885,03-06-2024,SESS900066,Influencer,Desktop,Product View,Colour Cosmetics,
852240,581885,03-06-2024,SESS900066,Influencer,Desktop,Add to Cart,Colour Cosmetics,
819479,525856,01-08-2024,SESS900067,Instagram,Desktop,Website Visit,Skincare,
819480,525856,01-08-2024,SESS900067,Instagram,Desktop,Product View,Skincare,
885020,525856,01-08-2024,SESS900067,Instagram,Desktop,Add to Cart,Skincare,
852255,525856,01-08-2024,SESS900067,Instagram,Desktop,Checkout Started,Skincare,
885029,525856,01-08-2024,SESS900067,Instagram,Desktop,Purchase,Skincare,
852261,561797,25-08-2025,SESS900068,Google,Desktop,Website Visit,Haircare,
819498,561797,25-08-2025,SESS900068,Google,Desktop,Product View,Haircare,
852269,511221,25-12-2025,SESS900069,Influencer,Desktop,Website Visit,Colour Cosmetics,
819502,511221,25-12-2025,SESS900069,Influencer,Desktop,Product View,Skincare,
885039,511221,25-12-2025,SESS900069,Influencer,Desktop,Add to Cart,Skincare,
885044,511221,25-12-2025,SESS900069,Influencer,Desktop,Checkout Started,Skincare,
885047,511221,25-12-2025,SESS900069,Influencer,Desktop,Purchase,Skincare,
885050,557963,23-01-2024,SESS900070,Google,Mobile,Website Visit,Skincare,
885053,592908,13-01-2024,SESS900071,Referral,Mobile,Website Visit,Colour Cosmetics,433089
852285,592908,13-01-2024,SESS900071,Referral,Mobile,Product View,Colour Cosmetics,433089
852294,562991,04-08-2024,SESS900072,Marketplace,Desktop,Website Visit,Haircare,
885064,562991,04-08-2024,SESS900072,Marketplace,Desktop,Product View,Haircare,
885070,570592,15-06-2024,SESS900073,Influencer,Desktop,Website Visit,Skincare,490081
852303,570592,15-06-2024,SESS900073,Influencer,Desktop,Product View,Skincare,490081
885073,570592,15-06-2024,SESS900073,Influencer,Desktop,Add to Cart,Skincare,490081
852305,570592,15-06-2024,SESS900073,Influencer,Desktop,Checkout Started,Skincare,490081
885076,570592,15-06-2024,SESS900073,Influencer,Desktop,Purchase,Skincare,490081
819543,599613,14-11-2025,SESS900074,Instagram,Mobile,Website Visit,Colour Cosmetics,
852312,530340,05-04-2024,SESS900075,Instagram,Desktop,Website Visit,Colour Cosmetics,418239
819546,530340,05-04-2024,SESS900075,Instagram,Desktop,Product View,Colour Cosmetics,418239
885087,540768,03-11-2025,SESS900076,Instagram,Mobile,Website Visit,Haircare,
852322,540768,03-11-2025,SESS900076,Instagram,Mobile,Product View,Skincare,
819554,520253,09-01-2025,SESS900077,Google,Mobile,Website Visit,Haircare,
819556,520253,09-01-2025,SESS900077,Google,Mobile,Product View,Haircare,
885095,539535,29-03-2024,SESS900078,Google,Desktop,Website Visit,Skincare,
852328,539535,29-03-2024,SESS900078,Google,Desktop,Product View,Skincare,
819560,598453,01-02-2025,SESS900079,Instagram,Mobile,Website Visit,Colour Cosmetics,
885096,598453,01-02-2025,SESS900079,Instagram,Mobile,Product View,Haircare,
819563,521174,15-10-2024,SESS900080,Google,Mobile,Website Visit,Skincare,497049
885104,503794,16-03-2025,SESS900081,Referral,Mobile,Website Visit,Skincare,
819573,502456,01-10-2024,SESS900082,Google,Desktop,Website Visit,Colour Cosmetics,
885117,576099,07-03-2024,SESS900083,Google,Mobile,Website Visit,Skincare,471307
852357,576099,07-03-2024,SESS900083,Google,Mobile,Product View,Skincare,471307
885126,576099,07-03-2024,SESS900083,Google,Mobile,Add to Cart,Skincare,471307
819591,576099,07-03-2024,SESS900083,Google,Mobile,Checkout Started,Colour Cosmetics,471307
819592,576099,07-03-2024,SESS900083,Google,Mobile,Purchase,Skincare,471307
819595,591214,07-06-2025,SESS900084,Organic Search,Mobile,Website Visit,Skincare,490081
885136,591214,07-06-2025,SESS900084,Organic Search,Mobile,Product View,Skincare,490081
819602,556446,27-04-2025,SESS900085,Organic Search,Mobile,Website Visit,Colour Cosmetics,
852378,561605,25-01-2025,SESS900086,Google,Mobile,Website Visit,Colour Cosmetics,
819613,554239,27-04-2025,SESS900087,Influencer,Mobile,Website Visit,Colour Cosmetics,431861
819615,532406,30-01-2024,SESS900088,Influencer,Mobile,Website Visit,Colour Cosmetics,405392
819617,544725,17-12-2025,SESS900089,Influencer,Desktop,Website Visit,Colour Cosmetics,474806
819618,544725,17-12-2025,SESS900089,Influencer,Desktop,Product View,Colour Cosmetics,474806
819621,501792,20-09-2025,SESS900090,Organic Search,Mobile,Website Visit,Colour Cosmetics,486701
819622,501792,20-09-2025,SESS900090,Organic Search,Mobile,Product View,Colour Cosmetics,486701
852391,501792,20-09-2025,SESS900090,Organic Search,Mobile,Add to Cart,Colour Cosmetics,486701
852392,501792,20-09-2025,SESS900090,Organic Search,Mobile,Checkout Started,Colour Cosmetics,486701
885161,559130,30-10-2025,SESS900091,Organic Search,Mobile,Website Visit,Skincare,407184
819625,570236,13-07-2025,SESS900092,Referral,Desktop,Website Visit,Colour Cosmetics,439826
885163,570236,13-07-2025,SESS900092,Referral,Desktop,Product View,Colour Cosmetics,439826
885165,528683,19-08-2024,SESS900093,Instagram,Mobile,Website Visit,Haircare,
819630,528683,19-08-2024,SESS900093,Instagram,Mobile,Product View,Haircare,
819632,528683,19-08-2024,SESS900093,Instagram,Mobile,Add to Cart,Haircare,
819637,528683,19-08-2024,SESS900093,Instagram,Mobile,Checkout Started,Haircare,
885174,542081,10-04-2025,SESS900094,Instagram,Mobile,Website Visit,Colour Cosmetics,413440
819641,525112,07-04-2025,SESS900095,Instagram,Desktop,Website Visit,Colour Cosmetics,
885178,525112,07-04-2025,SESS900095,Instagram,Desktop,Product View,Colour Cosmetics,
852413,525112,07-04-2025,SESS900095,Instagram,Desktop,Add to Cart,Skincare,
852417,525112,07-04-2025,SESS900095,Instagram,Desktop,Checkout Started,Colour Cosmetics,
852424,582991,04-10-2025,SESS900096,Instagram,Mobile,Website Visit,Colour Cosmetics,437086
885193,582991,04-10-2025,SESS900096,Instagram,Mobile,Product View,Skincare,437086
852426,545820,02-04-2024,SESS900097,Instagram,Mobile,Website Visit,Skincare,435644
885192,545820,02-04-2024,SESS900097,Instagram,Mobile,Product View,Skincare,435644
819660,585215,14-08-2025,SESS900098,Influencer,Desktop,Website Visit,Colour Cosmetics,450092
885194,509632,27-01-2025,SESS900099,Influencer,Mobile,Website Visit,Colour Cosmetics,410081
852431,588125,26-05-2025,SESS900100,Influencer,Mobile,Website Visit,Colour Cosmetics,413440
819666,588125,26-05-2025,SESS900100,Influencer,Mobile,Product View,Colour Cosmetics,413440
852435,535954,29-09-2024,SESS900101,Organic Search,Mobile,Website Visit,Haircare,403719
885204,548176,11-08-2025,SESS900102,Marketplace,Mobile,Website Visit,Colour Cosmetics,
885207,548176,18-12-2024,SESS900103,Marketplace,Mobile,Website Visit,Colour Cosmetics,418813
885208,548176,18-12-2024,SESS900103,Marketplace,Mobile,Product View,Colour Cosmetics,418813
819673,515915,13-10-2024,SESS900104,Google,Desktop,Website Visit,Colour Cosmetics,493447
819672,515915,13-10-2024,SESS900104,Google,Desktop,Product View,Colour Cosmetics,493447
819675,555255,05-07-2024,SESS900105,Instagram,Desktop,Website Visit,Skincare,490993
885210,560260,06-05-2025,SESS900106,Influencer,Mobile,Website Visit,Colour Cosmetics,486701
885213,599536,31-05-2025,SESS900107,Google,Mobile,Website Visit,Skincare,
852449,599536,31-05-2025,SESS900107,Google,Mobile,Product View,Skincare,
852450,599536,31-05-2025,SESS900107,Google,Mobile,Add to Cart,Skincare,
819681,599536,31-05-2025,SESS900107,Google,Mobile,Checkout Started,Skincare,
852452,599536,31-05-2025,SESS900107,Google,Mobile,Purchase,Skincare,
885220,577924,07-11-2024,SESS900108,Instagram,Mobile,Website Visit,Haircare,492044
885222,517146,09-05-2024,SESS900109,Instagram,Mobile,Website Visit,Skincare,
852457,517146,09-05-2024,SESS900109,Instagram,Mobile,Product View,Skincare,
819691,524267,08-03-2025,SESS900110,Instagram,Desktop,Website Visit,Colour Cosmetics,476385
885233,524267,08-03-2025,SESS900110,Instagram,Desktop,Product View,Skincare,476385
819700,587782,24-04-2025,SESS900111,Referral,Mobile,Website Visit,Skincare,
852469,587782,24-04-2025,SESS900111,Referral,Mobile,Product View,Haircare,
852472,587782,24-04-2025,SESS900111,Referral,Mobile,Add to Cart,Skincare,
819704,534362,18-09-2024,SESS900112,Google,Desktop,Website Visit,Colour Cosmetics,
852474,589277,26-01-2025,SESS900113,Influencer,Desktop,Website Visit,Skincare,496905
819709,574928,25-12-2024,SESS900114,Instagram,Mobile,Website Visit,Colour Cosmetics,440309
885253,567000,06-02-2025,SESS900115,Google,Mobile,Website Visit,Colour Cosmetics,437316
852494,567000,06-02-2025,SESS900115,Google,Mobile,Product View,Colour Cosmetics,437316
885265,567000,06-02-2025,SESS900115,Google,Mobile,Add to Cart,Colour Cosmetics,437316
819731,567000,06-02-2025,SESS900115,Google,Mobile,Checkout Started,Colour Cosmetics,437316
852500,560637,30-06-2025,SESS900116,Instagram,Desktop,Website Visit,Skincare,
852505,560637,30-06-2025,SESS900116,Instagram,Desktop,Product View,Skincare,
852510,560637,30-06-2025,SESS900116,Instagram,Desktop,Add to Cart,Skincare,
852515,560637,30-06-2025,SESS900116,Instagram,Desktop,Checkout Started,Skincare,
819748,539363,20-12-2024,SESS900117,Instagram,Desktop,Website Visit,Skincare,
819751,539363,20-12-2024,SESS900117,Instagram,Desktop,Product View,Skincare,
885288,593926,31-10-2024,SESS900118,Instagram,Mobile,Website Visit,Colour Cosmetics,488400
852521,593926,31-10-2024,SESS900118,Instagram,Mobile,Product View,Colour Cosmetics,488400
819752,593926,31-10-2024,SESS900118,Instagram,Mobile,Add to Cart,Skincare,488400
819754,593926,31-10-2024,SESS900118,Instagram,Mobile,Checkout Started,Colour Cosmetics,488400
852524,592908,16-07-2025,SESS900119,Referral,Desktop,Website Visit,Skincare,464819
885293,533408,29-01-2024,SESS900120,Instagram,Mobile,Website Visit,Colour Cosmetics,481953
885294,533408,29-01-2024,SESS900120,Instagram,Mobile,Product View,Haircare,481953
885300,590794,08-11-2025,SESS900121,Organic Search,Desktop,Website Visit,Haircare,
852533,590794,08-11-2025,SESS900121,Organic Search,Desktop,Product View,Colour Cosmetics,
852535,572063,07-05-2024,SESS900122,Google,Mobile,Website Visit,Colour Cosmetics,481953
885307,572063,07-05-2024,SESS900122,Google,Mobile,Product View,Colour Cosmetics,481953
885309,572063,07-05-2024,SESS900122,Google,Mobile,Add to Cart,Colour Cosmetics,481953
852547,572063,07-05-2024,SESS900122,Google,Mobile,Checkout Started,Colour Cosmetics,481953
852551,533862,10-09-2025,SESS900123,Organic Search,Mobile,Website Visit,Colour Cosmetics,
852553,517342,09-10-2025,SESS900124,Google,Mobile,Website Visit,Haircare,
885322,517342,09-10-2025,SESS900124,Google,Mobile,Product View,Haircare,
885323,566543,18-08-2024,SESS900125,Organic Search,Mobile,Website Visit,Colour Cosmetics,454313
819792,566543,18-08-2024,SESS900125,Organic Search,Mobile,Product View,Colour Cosmetics,454313
885333,566543,18-08-2024,SESS900125,Organic Search,Mobile,Add to Cart,Skincare,454313
852574,566543,18-08-2024,SESS900125,Organic Search,Mobile,Checkout Started,Haircare,454313
885344,566543,18-08-2024,SESS900125,Organic Search,Mobile,Purchase,Colour Cosmetics,454313
819808,526772,22-01-2024,SESS900126,Instagram,Mobile,Website Visit,Colour Cosmetics,
885345,586846,25-01-2025,SESS900127,Organic Search,Mobile,Website Visit,Skincare,
885357,586846,25-01-2025,SESS900127,Organic Search,Mobile,Product View,Skincare,
819821,576955,26-06-2025,SESS900128,Google,Mobile,Website Visit,Skincare,429945
819822,576955,26-06-2025,SESS900128,Google,Mobile,Product View,Skincare,429945
885365,591303,25-07-2025,SESS900129,Influencer,Mobile,Website Visit,Colour Cosmetics,450092
885372,591303,25-07-2025,SESS900129,Influencer,Mobile,Product View,Colour Cosmetics,450092
819841,576064,05-11-2024,SESS900130,Instagram,Mobile,Website Visit,Skincare,
852609,576064,05-11-2024,SESS900130,Instagram,Mobile,Product View,Skincare,
819844,593343,12-01-2025,SESS900131,Google,Mobile,Website Visit,Skincare,438398
885382,580654,06-09-2025,SESS900132,Influencer,Mobile,Website Visit,Skincare,473870
819847,580654,06-09-2025,SESS900132,Influencer,Mobile,Product View,Haircare,473870
852614,585813,27-09-2025,SESS900133,Instagram,Desktop,Website Visit,Haircare,471307
885387,521178,24-08-2025,SESS900134,Referral,Mobile,Website Visit,Haircare,426192
885389,521178,24-08-2025,SESS900134,Referral,Mobile,Product View,Haircare,426192
819853,594381,05-02-2025,SESS900135,Google,Mobile,Website Visit,Haircare,490081
819855,594381,05-02-2025,SESS900135,Google,Mobile,Product View,Skincare,490081
885392,594381,05-02-2025,SESS900135,Google,Mobile,Add to Cart,Skincare,490081
885394,522241,12-12-2025,SESS900136,Influencer,Mobile,Website Visit,Skincare,406427
852630,522241,12-12-2025,SESS900136,Influencer,Mobile,Product View,Skincare,406427
819862,516299,07-08-2024,SESS900137,Organic Search,Mobile,Website Visit,Colour Cosmetics,
852631,516299,07-08-2024,SESS900137,Organic Search,Mobile,Product View,Colour Cosmetics,
852640,509171,08-02-2025,SESS900138,Offline Store,Mobile,Website Visit,Haircare,
852642,509171,08-02-2025,SESS900138,Offline Store,Mobile,Product View,Haircare,
819875,542219,11-01-2024,SESS900139,Instagram,Desktop,Website Visit,Skincare,473870
819877,542219,11-01-2024,SESS900139,Instagram,Desktop,Product View,Colour Cosmetics,473870
819878,552383,24-12-2024,SESS900140,Instagram,Mobile,Website Visit,Haircare,474998
885418,552383,24-12-2024,SESS900140,Instagram,Mobile,Product View,Haircare,474998
852654,565771,25-12-2024,SESS900141,Instagram,Desktop,Website Visit,Colour Cosmetics,
819889,565771,25-12-2024,SESS900141,Instagram,Desktop,Product View,Colour Cosmetics,
819897,565771,25-12-2024,SESS900141,Instagram,Desktop,Add to Cart,Colour Cosmetics,
885434,565771,25-12-2024,SESS900141,Instagram,Desktop,Checkout Started,Colour Cosmetics,
852668,565771,25-12-2024,SESS900141,Instagram,Desktop,Purchase,Colour Cosmetics,
852669,572667,07-05-2024,SESS900142,Instagram,Desktop,Website Visit,Haircare,445539
852682,572667,07-05-2024,SESS900142,Instagram,Desktop,Product View,Haircare,445539
885451,526794,10-07-2024,SESS900143,Google,Mobile,Website Visit,Skincare,441065
885452,526794,10-07-2024,SESS900143,Google,Mobile,Product View,Colour Cosmetics,441065
819918,574364,26-09-2024,SESS900144,Offline Store,Mobile,Website Visit,Colour Cosmetics,408197
819921,574364,26-09-2024,SESS900144,Offline Store,Mobile,Product View,Skincare,408197
819922,518537,10-08-2025,SESS900145,Instagram,Mobile,Website Visit,Colour Cosmetics,
885459,518537,10-08-2025,SESS900145,Instagram,Mobile,Product View,Colour Cosmetics,
819924,542753,18-12-2025,SESS900146,Influencer,Mobile,Website Visit,Colour Cosmetics,
852693,542753,18-12-2025,SESS900146,Influencer,Mobile,Product View,Skincare,
852694,550196,21-06-2024,SESS900147,Influencer,Mobile,Website Visit,Haircare,437316
885462,550196,21-06-2024,SESS900147,Influencer,Mobile,Product View,Colour Cosmetics,437316
852689,550196,21-06-2024,SESS900147,Influencer,Mobile,Add to Cart,Colour Cosmetics,437316
885466,550196,21-06-2024,SESS900147,Influencer,Mobile,Checkout Started,Colour Cosmetics,437316
885471,550196,21-06-2024,SESS900147,Influencer,Mobile,Purchase,Colour Cosmetics,437316
885472,527938,03-03-2024,SESS900148,Instagram,Mobile,Website Visit,Skincare,
885473,527938,03-03-2024,SESS900148,Instagram,Mobile,Product View,Skincare,
885477,527938,03-03-2024,SESS900148,Instagram,Mobile,Add to Cart,Skincare,
819945,539651,07-04-2025,SESS900149,Organic Search,Mobile,Website Visit,Skincare,
819951,539651,07-04-2025,SESS900149,Organic Search,Mobile,Product View,Skincare,
852723,539651,07-04-2025,SESS900149,Organic Search,Mobile,Add to Cart,Haircare,
885500,539651,07-04-2025,SESS900149,Organic Search,Mobile,Checkout Started,Skincare,
852732,505683,07-06-2024,SESS900150,Google,Tablet,Website Visit,Haircare,
819967,582345,20-04-2025,SESS900151,Instagram,Mobile,Website Visit,Skincare,413440
885503,582345,20-04-2025,SESS900151,Instagram,Mobile,Product View,Skincare,413440
819976,571121,19-11-2024,SESS900152,Organic Search,Tablet,Website Visit,Skincare,463919
819977,571121,19-11-2024,SESS900152,Organic Search,Tablet,Product View,Haircare,463919
852745,572641,09-06-2024,SESS900153,Instagram,Mobile,Website Visit,Haircare,
819981,526896,12-08-2025,SESS900154,Influencer,Mobile,Website Visit,Haircare,
885525,584659,14-03-2024,SESS900155,Instagram,Mobile,Website Visit,Skincare,
885526,501330,26-05-2024,SESS900156,Influencer,Mobile,Website Visit,Skincare,
819992,501330,26-05-2024,SESS900156,Influencer,Mobile,Product View,Skincare,
852762,546025,14-03-2024,SESS900157,Google,Mobile,Website Visit,Colour Cosmetics,496905
852766,542622,01-05-2025,SESS900158,Instagram,Desktop,Website Visit,Skincare,481455
885538,542622,01-05-2025,SESS900158,Instagram,Desktop,Product View,Skincare,481455
885539,542622,01-05-2025,SESS900158,Instagram,Desktop,Add to Cart,Skincare,481455
820002,542622,01-05-2025,SESS900158,Instagram,Desktop,Checkout Started,Skincare,481455
852774,542622,01-05-2025,SESS900158,Instagram,Desktop,Purchase,Skincare,481455
852777,510527,30-07-2024,SESS900159,Instagram,Mobile,Website Visit,Skincare,
820009,549674,15-08-2025,SESS900160,Organic Search,Mobile,Website Visit,Skincare,498427
820016,509710,14-08-2025,SESS900161,Organic Search,Mobile,Website Visit,Colour Cosmetics,406427
852785,596276,03-12-2024,SESS900162,Google,Mobile,Website Visit,Colour Cosmetics,
820026,596276,03-12-2024,SESS900162,Google,Mobile,Product View,Colour Cosmetics,
820038,546112,31-08-2025,SESS900163,Organic Search,Desktop,Website Visit,Skincare,433089
852807,588984,22-03-2024,SESS900164,Instagram,Desktop,Website Visit,Skincare,425635
852811,588984,22-03-2024,SESS900164,Instagram,Desktop,Product View,Skincare,425635
852812,599613,25-06-2025,SESS900165,Instagram,Desktop,Website Visit,Colour Cosmetics,405472
852813,599613,25-06-2025,SESS900165,Instagram,Desktop,Product View,Haircare,405472
885582,599613,25-06-2025,SESS900165,Instagram,Desktop,Add to Cart,Colour Cosmetics,405472
852815,599613,25-06-2025,SESS900165,Instagram,Desktop,Checkout Started,Colour Cosmetics,405472
852816,599613,25-06-2025,SESS900165,Instagram,Desktop,Purchase,Haircare,405472
885583,548393,24-08-2025,SESS900166,Instagram,Mobile,Website Visit,Colour Cosmetics,403719
852819,548393,24-08-2025,SESS900166,Instagram,Mobile,Product View,Colour Cosmetics,403719
820051,512704,13-03-2025,SESS900167,Google,Mobile,Website Visit,Skincare,426192
885590,545820,05-02-2024,SESS900168,Instagram,Mobile,Website Visit,Skincare,
852825,540492,01-06-2024,SESS900169,Marketplace,Desktop,Website Visit,Haircare,405472
885597,540492,01-06-2024,SESS900169,Marketplace,Desktop,Product View,Skincare,405472
885606,573608,26-11-2024,SESS900170,Influencer,Mobile,Website Visit,Skincare,
885608,573608,26-11-2024,SESS900170,Influencer,Mobile,Product View,Colour Cosmetics,
852840,569135,24-09-2024,SESS900171,Google,Desktop,Website Visit,Haircare,433089
852843,569135,24-09-2024,SESS900171,Google,Desktop,Product View,Haircare,433089
820076,529466,02-01-2025,SESS900172,Influencer,Desktop,Website Visit,Haircare,405472
820077,529466,02-01-2025,SESS900172,Influencer,Desktop,Product View,Colour Cosmetics,405472
852850,529466,02-01-2025,SESS900172,Influencer,Desktop,Add to Cart,Colour Cosmetics,405472
852854,511915,02-06-2025,SESS900173,Marketplace,Mobile,Website Visit,Skincare,
885626,563956,10-01-2024,SESS900174,Instagram,Desktop,Website Visit,Skincare,441065
820092,584040,15-04-2024,SESS900175,Instagram,Mobile,Website Visit,Haircare,457829
820101,517927,07-10-2024,SESS900176,Google,Tablet,Website Visit,Haircare,473590
820105,517927,07-10-2024,SESS900176,Google,Tablet,Product View,Haircare,473590
820107,584717,21-10-2024,SESS900177,Instagram,Mobile,Website Visit,Colour Cosmetics,
852875,584717,21-10-2024,SESS900177,Instagram,Mobile,Product View,Colour Cosmetics,
820108,537093,12-12-2024,SESS900178,Referral,Mobile,Website Visit,Colour Cosmetics,496899
852877,537093,12-12-2024,SESS900178,Referral,Mobile,Product View,Haircare,496899
852879,537093,12-12-2024,SESS900178,Referral,Mobile,Add to Cart,Colour Cosmetics,496899
820117,537093,12-12-2024,SESS900178,Referral,Mobile,Checkout Started,Colour Cosmetics,496899
885654,537093,12-12-2024,SESS900178,Referral,Mobile,Purchase,Colour Cosmetics,496899
820123,582213,20-06-2025,SESS900179,Marketplace,Mobile,Website Visit,Skincare,423506
852898,582213,20-06-2025,SESS900179,Marketplace,Mobile,Product View,Skincare,423506
852899,538290,03-06-2024,SESS900180,Instagram,Mobile,Website Visit,Haircare,462926
852901,538290,03-06-2024,SESS900180,Instagram,Mobile,Product View,Haircare,462926
820137,538290,03-06-2024,SESS900180,Instagram,Mobile,Add to Cart,Colour Cosmetics,462926
820144,585649,25-07-2024,SESS900181,Influencer,Mobile,Website Visit,Skincare,433648
852913,585649,25-07-2024,SESS900181,Influencer,Mobile,Product View,Haircare,433648
852914,585649,25-07-2024,SESS900181,Influencer,Mobile,Add to Cart,Skincare,433648
885684,585649,25-07-2024,SESS900181,Influencer,Mobile,Checkout Started,Skincare,433648
820149,569806,20-01-2024,SESS900182,Offline Store,Mobile,Website Visit,Haircare,483171
852919,545242,15-12-2024,SESS900183,Marketplace,Mobile,Website Visit,Colour Cosmetics,480372
820154,545242,15-12-2024,SESS900183,Marketplace,Mobile,Product View,Colour Cosmetics,480372
852924,545242,15-12-2024,SESS900183,Marketplace,Mobile,Add to Cart,Colour Cosmetics,480372
852925,545242,15-12-2024,SESS900183,Marketplace,Mobile,Checkout Started,Skincare,480372
820164,594466,23-09-2025,SESS900184,Referral,Mobile,Website Visit,Colour Cosmetics,427155
852934,594466,23-09-2025,SESS900184,Referral,Mobile,Product View,Colour Cosmetics,427155
852935,506582,27-10-2024,SESS900185,Instagram,Mobile,Website Visit,Colour Cosmetics,476238
852936,506582,27-10-2024,SESS900185,Instagram,Mobile,Product View,Colour Cosmetics,476238
852939,548503,20-04-2025,SESS900186,Instagram,Mobile,Website Visit,Haircare,483731
885708,548503,20-04-2025,SESS900186,Instagram,Mobile,Product View,Haircare,483731
885711,555519,14-05-2025,SESS900187,Marketplace,Mobile,Website Visit,Skincare,
852943,555519,14-05-2025,SESS900187,Marketplace,Mobile,Product View,Skincare,
820180,555519,14-05-2025,SESS900187,Marketplace,Mobile,Add to Cart,Skincare,
852949,523218,27-07-2025,SESS900188,Influencer,Mobile,Website Visit,Colour Cosmetics,481953
852948,546129,03-12-2024,SESS900189,Referral,Mobile,Website Visit,Haircare,
852956,524957,04-01-2025,SESS900190,Instagram,Desktop,Website Visit,Skincare,
885726,524957,04-01-2025,SESS900190,Instagram,Desktop,Product View,Colour Cosmetics,
852960,586662,22-02-2025,SESS900191,Instagram,Mobile,Website Visit,Colour Cosmetics,
820192,586662,22-02-2025,SESS900191,Instagram,Mobile,Product View,Colour Cosmetics,
885732,586662,22-02-2025,SESS900191,Instagram,Mobile,Add to Cart,Colour Cosmetics,
820199,586662,22-02-2025,SESS900191,Instagram,Mobile,Checkout Started,Colour Cosmetics,
820202,586662,22-02-2025,SESS900191,Instagram,Mobile,Purchase,Colour Cosmetics,
852973,514662,12-06-2025,SESS900192,Google,Mobile,Website Visit,Skincare,
885741,514662,12-06-2025,SESS900192,Google,Mobile,Product View,Colour Cosmetics,
820208,569329,24-02-2024,SESS900193,Organic Search,Mobile,Website Visit,Colour Cosmetics,484510
885745,566162,29-05-2025,SESS900194,Organic Search,Mobile,Website Visit,Colour Cosmetics,425635
852976,566162,29-05-2025,SESS900194,Organic Search,Mobile,Product View,Haircare,425635
820212,566162,29-05-2025,SESS900194,Organic Search,Mobile,Add to Cart,Colour Cosmetics,425635
820215,566162,29-05-2025,SESS900194,Organic Search,Mobile,Checkout Started,Colour Cosmetics,425635
820219,566162,29-05-2025,SESS900194,Organic Search,Mobile,Purchase,Colour Cosmetics,425635
852990,563956,05-09-2025,SESS900195,Instagram,Mobile,Website Visit,Skincare,
820224,563956,05-09-2025,SESS900195,Instagram,Mobile,Product View,Colour Cosmetics,
820228,513566,04-09-2025,SESS900196,Influencer,Mobile,Website Visit,Skincare,400573
852997,551049,09-11-2024,SESS900197,Organic Search,Mobile,Website Visit,Skincare,433381
885767,571121,28-08-2025,SESS900198,Organic Search,Mobile,Website Visit,Skincare,
820231,571121,28-08-2025,SESS900198,Organic Search,Mobile,Product View,Skincare,
853003,533386,25-08-2024,SESS900199,Instagram,Mobile,Website Visit,Skincare,430394
820240,533386,25-08-2024,SESS900199,Instagram,Mobile,Product View,Skincare,430394
853012,520257,07-07-2025,SESS900200,Google,Mobile,Website Visit,Colour Cosmetics,441642
885782,520257,07-07-2025,SESS900200,Google,Mobile,Product View,Colour Cosmetics,441642
820248,520257,07-07-2025,SESS900200,Google,Mobile,Add to Cart,Colour Cosmetics,441642
820259,520257,07-07-2025,SESS900200,Google,Mobile,Checkout Started,Colour Cosmetics,441642
853029,597973,14-03-2025,SESS900201,Organic Search,Mobile,Website Visit,Colour Cosmetics,
820265,591917,17-06-2024,SESS900202,Influencer,Mobile,Website Visit,Skincare,
885802,519342,21-02-2025,SESS900203,Influencer,Mobile,Website Visit,Skincare,
853039,523021,12-03-2024,SESS900204,Influencer,Mobile,Website Visit,Skincare,
820272,590027,17-03-2025,SESS900205,Marketplace,Mobile,Website Visit,Haircare,
885808,590027,17-03-2025,SESS900205,Marketplace,Mobile,Product View,Haircare,
853043,537243,04-01-2025,SESS900206,Google,Mobile,Website Visit,Skincare,
885815,569176,17-02-2024,SESS900207,Instagram,Mobile,Website Visit,Colour Cosmetics,490993
885816,569176,17-02-2024,SESS900207,Instagram,Mobile,Product View,Colour Cosmetics,490993
820282,569176,17-02-2024,SESS900207,Instagram,Mobile,Add to Cart,Colour Cosmetics,490993
820284,524164,05-11-2024,SESS900208,Instagram,Mobile,Website Visit,Skincare,
820285,524164,05-11-2024,SESS900208,Instagram,Mobile,Product View,Skincare,
885822,516547,16-11-2024,SESS900209,Instagram,Desktop,Website Visit,Skincare,403690
885823,521299,23-08-2024,SESS900210,Google,Mobile,Website Visit,Haircare,490211
853060,521299,23-08-2024,SESS900210,Google,Mobile,Product View,Skincare,490211
853066,521299,23-08-2024,SESS900210,Google,Mobile,Add to Cart,Colour Cosmetics,490211
820298,598548,04-04-2024,SESS900211,Organic Search,Mobile,Website Visit,Colour Cosmetics,400060
820304,598548,04-04-2024,SESS900211,Organic Search,Mobile,Product View,Skincare,400060
853074,592778,27-06-2024,SESS900212,Instagram,Mobile,Website Visit,Skincare,
820308,592778,27-06-2024,SESS900212,Instagram,Mobile,Product View,Colour Cosmetics,
885852,592778,27-06-2024,SESS900212,Instagram,Mobile,Add to Cart,Skincare,
853085,592778,27-06-2024,SESS900212,Instagram,Mobile,Checkout Started,Skincare,
885855,555461,17-06-2025,SESS900213,Instagram,Desktop,Website Visit,Skincare,473289
853097,526685,11-08-2025,SESS900214,Instagram,Mobile,Website Visit,Skincare,486746
885880,526685,11-08-2025,SESS900214,Instagram,Mobile,Product View,Skincare,486746
820345,544541,10-08-2024,SESS900215,Marketplace,Mobile,Website Visit,Skincare,486746
853113,544541,10-08-2024,SESS900215,Marketplace,Mobile,Product View,Colour Cosmetics,486746
885883,542363,11-06-2025,SESS900216,Instagram,Mobile,Website Visit,Colour Cosmetics,405392
853116,542363,11-06-2025,SESS900216,Instagram,Mobile,Product View,Colour Cosmetics,405392
820354,537627,07-10-2024,SESS900217,Influencer,Mobile,Website Visit,Colour Cosmetics,406536
885891,537627,07-10-2024,SESS900217,Influencer,Mobile,Product View,Colour Cosmetics,406536
820358,537627,07-10-2024,SESS900217,Influencer,Mobile,Add to Cart,Colour Cosmetics,406536
885895,537627,07-10-2024,SESS900217,Influencer,Mobile,Checkout Started,Colour Cosmetics,406536
853128,537627,07-10-2024,SESS900217,Influencer,Mobile,Purchase,Colour Cosmetics,406536
820366,531186,08-01-2024,SESS900218,Google,Tablet,Website Visit,Colour Cosmetics,453495
820369,556370,04-06-2024,SESS900219,Organic Search,Desktop,Website Visit,Skincare,496480
820370,556370,04-06-2024,SESS900219,Organic Search,Desktop,Product View,Skincare,496480
885909,511915,03-05-2024,SESS900220,Marketplace,Mobile,Website Visit,Skincare,
853144,584109,01-04-2024,SESS900221,Organic Search,Mobile,Website Visit,Colour Cosmetics,
853147,584109,01-04-2024,SESS900221,Organic Search,Mobile,Product View,Colour Cosmetics,
885916,570539,17-05-2024,SESS900222,Instagram,Mobile,Website Visit,Colour Cosmetics,423132
885915,570539,17-05-2024,SESS900222,Instagram,Mobile,Product View,Colour Cosmetics,423132
820380,529816,26-10-2024,SESS900223,Organic Search,Desktop,Website Visit,Haircare,434464
885920,529816,26-10-2024,SESS900223,Organic Search,Desktop,Product View,Haircare,434464
885922,529816,26-10-2024,SESS900223,Organic Search,Desktop,Add to Cart,Haircare,434464
820390,529816,26-10-2024,SESS900223,Organic Search,Desktop,Checkout Started,Haircare,434464
853160,553964,17-10-2025,SESS900224,Influencer,Mobile,Website Visit,Skincare,
820396,519342,21-12-2025,SESS900225,Influencer,Desktop,Website Visit,Skincare,457829
885936,519342,21-12-2025,SESS900225,Influencer,Desktop,Product View,Skincare,457829
885938,519342,21-12-2025,SESS900225,Influencer,Desktop,Add to Cart,Skincare,457829
885941,519342,21-12-2025,SESS900225,Influencer,Desktop,Checkout Started,Skincare,457829
853174,519342,21-12-2025,SESS900225,Influencer,Desktop,Purchase,Skincare,457829
853177,571987,27-12-2025,SESS900226,Marketplace,Mobile,Website Visit,Skincare,403719
885948,571987,27-12-2025,SESS900226,Marketplace,Unknown,Product View,Skincare,403719
853183,581885,10-11-2024,SESS900227,Influencer,Mobile,Website Visit,Haircare,
820420,581885,10-11-2024,SESS900227,Influencer,Mobile,Product View,Skincare,
885960,559510,24-01-2025,SESS900228,Influencer,Desktop,Website Visit,Skincare,451803
853194,559510,24-01-2025,SESS900228,Influencer,Desktop,Product View,Skincare,451803
885967,559510,24-01-2025,SESS900228,Influencer,Desktop,Add to Cart,Skincare,451803
885971,569352,29-09-2025,SESS900229,Instagram,Mobile,Website Visit,Haircare,
820438,569352,29-09-2025,SESS900229,Instagram,Mobile,Product View,Haircare,
820439,587026,09-12-2024,SESS900230,Google,Mobile,Website Visit,Colour Cosmetics,438097
885977,587026,09-12-2024,SESS900230,Google,Mobile,Product View,Colour Cosmetics,438097
853209,568327,03-09-2025,SESS900231,Instagram,Tablet,Website Visit,Haircare,
820445,579964,02-08-2025,SESS900232,Influencer,Mobile,Website Visit,Colour Cosmetics,
885984,579964,02-08-2025,SESS900232,Influencer,Mobile,Product View,Skincare,
853220,579964,02-08-2025,SESS900232,Influencer,Mobile,Add to Cart,Colour Cosmetics,
820453,579964,02-08-2025,SESS900232,Influencer,Mobile,Checkout Started,Colour Cosmetics,
853232,549441,16-05-2024,SESS900233,Instagram,Desktop,Website Visit,Colour Cosmetics,486746
820468,549441,16-05-2024,SESS900233,Instagram,Desktop,Product View,Colour Cosmetics,486746
853237,549441,16-05-2024,SESS900233,Instagram,Desktop,Add to Cart,Colour Cosmetics,486746
886007,549441,16-05-2024,SESS900233,Instagram,Desktop,Checkout Started,Colour Cosmetics,486746
820474,549441,16-05-2024,SESS900233,Instagram,Desktop,Purchase,Colour Cosmetics,486746
853242,594339,31-05-2024,SESS900234,Organic Search,Mobile,Website Visit,Skincare,
853244,578554,13-02-2024,SESS900235,Referral,Mobile,Website Visit,Colour Cosmetics,
820482,578554,13-02-2024,SESS900235,Referral,Mobile,Product View,Colour Cosmetics,
886022,578554,31-10-2024,SESS900236,Referral,Mobile,Website Visit,Haircare,
853256,578554,31-10-2024,SESS900236,Referral,Mobile,Product View,Colour Cosmetics,
886025,526111,08-06-2025,SESS900237,Influencer,Tablet,Website Visit,Colour Cosmetics,474998
853258,505075,02-09-2024,SESS900238,Organic Search,Mobile,Website Visit,Skincare,
886026,505075,02-09-2024,SESS900238,Organic Search,Mobile,Product View,Skincare,
853260,505075,02-09-2024,SESS900238,Organic Search,Mobile,Add to Cart,Skincare,
820491,566540,03-02-2025,SESS900239,Google,Mobile,Website Visit,Skincare,
886027,566540,03-02-2025,SESS900239,Google,Mobile,Product View,Skincare,
820490,592778,29-08-2025,SESS900240,Instagram,Desktop,Website Visit,Skincare,405376
820496,568522,07-01-2025,SESS900241,Organic Search,Desktop,Website Visit,Skincare,
820497,568522,07-01-2025,SESS900241,Organic Search,Desktop,Product View,Colour Cosmetics,
820498,568522,07-01-2025,SESS900241,Organic Search,Desktop,Add to Cart,Skincare,
820503,537388,02-05-2024,SESS900242,Influencer,Mobile,Website Visit,Colour Cosmetics,492044
853272,537388,02-05-2024,SESS900242,Influencer,Mobile,Product View,Colour Cosmetics,492044
820509,537388,02-05-2024,SESS900242,Influencer,Mobile,Add to Cart,Colour Cosmetics,492044
886049,537388,02-05-2024,SESS900242,Influencer,Mobile,Checkout Started,Skincare,492044
820513,537388,02-05-2024,SESS900242,Influencer,Mobile,Purchase,Colour Cosmetics,492044
886055,587410,28-10-2024,SESS900243,Instagram,Mobile,Website Visit,Skincare,
886066,587410,28-10-2024,SESS900243,Instagram,Mobile,Product View,Haircare,
886067,587410,28-10-2024,SESS900243,Instagram,Mobile,Add to Cart,Colour Cosmetics,
820531,509016,06-01-2025,SESS900244,Referral,Mobile,Website Visit,Skincare,
820533,509016,06-01-2025,SESS900244,Referral,Mobile,Product View,Colour Cosmetics,
853303,552772,11-09-2024,SESS900245,Organic Search,Mobile,Website Visit,Colour Cosmetics,
820536,552772,11-09-2024,SESS900245,Organic Search,Mobile,Product View,Colour Cosmetics,
886072,552772,11-09-2024,SESS900245,Organic Search,Mobile,Add to Cart,Skincare,
820548,552772,11-09-2024,SESS900245,Organic Search,Mobile,Checkout Started,Colour Cosmetics,
853316,552772,11-09-2024,SESS900245,Organic Search,Mobile,Purchase,Colour Cosmetics,
820554,514896,17-06-2025,SESS900246,Referral,Mobile,Website Visit,Skincare,492044
886096,514896,17-06-2025,SESS900246,Referral,Mobile,Product View,Skincare,492044
886101,528361,22-10-2025,SESS900247,Google,Mobile,Website Visit,Colour Cosmetics,490993
853340,528361,22-10-2025,SESS900247,Google,Mobile,Product View,Skincare,490993
853341,501607,17-09-2024,SESS900248,Instagram,Mobile,Website Visit,Skincare,484510
853343,537700,14-09-2025,SESS900249,Instagram,Mobile,Website Visit,Colour Cosmetics,
886112,537700,14-09-2025,SESS900249,Instagram,Mobile,Product View,Skincare,
820578,537700,14-09-2025,SESS900249,Instagram,Mobile,Add to Cart,Skincare,
853346,537700,14-09-2025,SESS900249,Instagram,Mobile,Checkout Started,Skincare,
886117,537700,14-09-2025,SESS900249,Instagram,Mobile,Purchase,Skincare,
853350,565836,11-10-2025,SESS900250,Organic Search,Tablet,Website Visit,Colour Cosmetics,437316
853352,510543,30-06-2024,SESS900251,Influencer,Mobile,Website Visit,Skincare,
820584,510543,30-06-2024,SESS900251,Influencer,Mobile,Product View,Skincare,
853359,557963,07-09-2024,SESS900252,Google,Mobile,Website Visit,Skincare,424613
853361,557963,07-09-2024,SESS900252,Google,Mobile,Product View,Skincare,424613
886132,557963,07-09-2024,SESS900252,Google,Mobile,Add to Cart,Skincare,424613
886135,566648,16-06-2025,SESS900253,Instagram,Mobile,Website Visit,Skincare,494148
853378,515118,08-10-2025,SESS900254,Offline Store,Mobile,Website Visit,Skincare,406536
886154,515118,08-10-2025,SESS900254,Offline Store,Mobile,Product View,Haircare,406536
853387,509880,22-01-2024,SESS900255,Instagram,Mobile,Website Visit,Colour Cosmetics,
820619,509880,22-01-2024,SESS900255,Instagram,Mobile,Product View,Colour Cosmetics,
853389,521643,01-03-2025,SESS900256,Instagram,Desktop,Website Visit,Skincare,493447
820622,569514,19-05-2025,SESS900257,Instagram,Desktop,Website Visit,Skincare,406955
886159,521174,10-02-2024,SESS900258,Google,Mobile,Website Visit,Skincare,464819
853392,521174,10-02-2024,SESS900258,Google,Mobile,Product View,Skincare,464819
853397,521174,10-02-2024,SESS900258,Google,Mobile,Add to Cart,Skincare,464819
853416,521174,10-02-2024,SESS900258,Google,Mobile,Checkout Started,Skincare,464819
820653,521174,10-02-2024,SESS900258,Google,Mobile,Purchase,Skincare,464819
853423,512463,17-03-2024,SESS900259,Influencer,Mobile,Website Visit,Skincare,
886192,512463,17-03-2024,SESS900259,Influencer,Mobile,Product View,Skincare,
853426,512463,17-03-2024,SESS900259,Influencer,Mobile,Add to Cart,Skincare,
820659,512463,17-03-2024,SESS900259,Influencer,Mobile,Checkout Started,Skincare,
886196,594526,15-07-2025,SESS900260,Instagram,Desktop,Website Visit,Skincare,448515
886200,594526,15-07-2025,SESS900260,Instagram,Desktop,Product View,Skincare,448515
820665,504947,07-09-2025,SESS900261,Influencer,Mobile,Website Visit,Colour Cosmetics,
886203,553088,08-12-2025,SESS900262,Google,Mobile,Website Visit,Colour Cosmetics,454313
886204,553088,08-12-2025,SESS900262,Google,Mobile,Product View,Colour Cosmetics,454313
820668,554165,29-01-2025,SESS900263,Google,Desktop,Website Visit,Haircare,
853438,554165,29-01-2025,SESS900263,Google,Desktop,Product View,Skincare,
820671,565570,19-03-2025,SESS900264,Influencer,Mobile,Website Visit,Haircare,411539
886207,565570,19-03-2025,SESS900264,Influencer,Mobile,Product View,Skincare,411539
886215,549968,17-05-2025,SESS900265,Organic Search,Mobile,Website Visit,Skincare,481026
886221,527152,20-04-2024,SESS900266,Influencer,Mobile,Website Visit,Skincare,
820686,527152,20-04-2024,SESS900266,Influencer,Mobile,Product View,Skincare,
820687,574668,13-10-2024,SESS900267,Google,Desktop,Website Visit,Skincare,430394
853456,574668,13-10-2024,SESS900267,Google,Desktop,Product View,Skincare,430394
853453,545508,11-06-2025,SESS900268,Marketplace,Mobile,Website Visit,Skincare,
886223,545508,11-06-2025,SESS900268,Marketplace,Mobile,Product View,Skincare,
820694,562070,11-01-2025,SESS900269,Instagram,Mobile,Website Visit,Skincare,
820700,565323,10-12-2024,SESS900270,Instagram,Mobile,Website Visit,Skincare,
820708,565323,10-12-2024,SESS900270,Instagram,Mobile,Product View,Skincare,
886248,516828,19-01-2024,SESS900271,Referral,Desktop,Website Visit,Skincare,441065
820712,516828,19-01-2024,SESS900271,Referral,Desktop,Product View,Skincare,441065
886250,516828,19-01-2024,SESS900271,Referral,Desktop,Add to Cart,Skincare,441065
853482,516828,19-01-2024,SESS900271,Referral,Desktop,Checkout Started,Skincare,441065
853485,595932,12-02-2025,SESS900272,Instagram,Mobile,Website Visit,Skincare,403658
886257,595932,12-02-2025,SESS900272,Instagram,Mobile,Product View,Skincare,403658
853490,587207,07-01-2025,SESS900273,Google,Mobile,Website Visit,Colour Cosmetics,405376
820724,581830,04-04-2024,SESS900274,Google,Mobile,Website Visit,Colour Cosmetics,
853493,524890,20-01-2025,SESS900275,Google,Mobile,Website Visit,Skincare,
820726,524890,20-01-2025,SESS900275,Google,Mobile,Product View,Skincare,
853499,524890,20-01-2025,SESS900275,Google,Mobile,Add to Cart,Skincare,
886268,524890,20-01-2025,SESS900275,Google,Mobile,Checkout Started,Skincare,
820735,507100,20-09-2024,SESS900276,Influencer,Desktop,Website Visit,Skincare,
820739,507100,20-09-2024,SESS900276,Influencer,Desktop,Product View,Skincare,
853508,507100,20-09-2024,SESS900276,Influencer,Desktop,Add to Cart,Haircare,
853507,585841,09-10-2024,SESS900277,Instagram,Desktop,Website Visit,Skincare,
886279,585841,09-10-2024,SESS900277,Instagram,Desktop,Product View,Skincare,
820745,585841,09-10-2024,SESS900277,Instagram,Desktop,Add to Cart,Haircare,
853514,509862,18-02-2025,SESS900278,Referral,Mobile,Website Visit,Skincare,424613
820747,509862,18-02-2025,SESS900278,Referral,Mobile,Product View,Skincare,424613
820749,509862,18-02-2025,SESS900278,Referral,Mobile,Add to Cart,Skincare,424613
853520,574364,12-03-2024,SESS900279,Offline Store,Mobile,Website Visit,Colour Cosmetics,433089
853521,574364,12-03-2024,SESS900279,Offline Store,Mobile,Product View,Colour Cosmetics,433089
820755,574364,12-03-2024,SESS900279,Offline Store,Mobile,Add to Cart,Colour Cosmetics,433089
853523,574364,12-03-2024,SESS900279,Offline Store,Mobile,Checkout Started,Colour Cosmetics,433089
853529,574364,12-03-2024,SESS900279,Offline Store,Mobile,Purchase,Haircare,433089
886297,515726,20-07-2025,SESS900280,Offline Store,Mobile,Website Visit,Skincare,
820764,515726,20-07-2025,SESS900280,Offline Store,Mobile,Product View,Skincare,
886304,542622,21-06-2024,SESS900281,Instagram,Mobile,Website Visit,Skincare,415511
853539,503248,15-05-2024,SESS900282,Google,Desktop,Website Visit,Skincare,429945
886312,503248,15-05-2024,SESS900282,Google,Desktop,Product View,Skincare,429945
886313,503248,15-05-2024,SESS900282,Google,Desktop,Add to Cart,Skincare,429945
820782,517172,27-04-2025,SESS900283,Referral,Mobile,Website Visit,Skincare,440309
853551,517172,27-04-2025,SESS900283,Referral,Mobile,Product View,Skincare,440309
886320,532493,28-05-2025,SESS900284,Google,Mobile,Website Visit,Skincare,493341
820783,528864,28-06-2024,SESS900285,Organic Search,Desktop,Website Visit,Skincare,
886322,582210,08-10-2025,SESS900286,Organic Search,Mobile,Website Visit,Haircare,491749
886324,582210,08-10-2025,SESS900286,Organic Search,Mobile,Product View,Colour Cosmetics,491749
853558,573584,29-04-2025,SESS900287,Instagram,Mobile,Website Visit,Skincare,
886335,557595,29-03-2024,SESS900288,Google,Mobile,Website Visit,Skincare,442004
820800,557595,29-03-2024,SESS900288,Google,Mobile,Product View,Skincare,442004
820799,574085,28-10-2024,SESS900289,Instagram,Mobile,Website Visit,Skincare,
820803,574085,28-10-2024,SESS900289,Instagram,Mobile,Product View,Skincare,
820805,552487,20-10-2025,SESS900290,Instagram,Desktop,Website Visit,Colour Cosmetics,446648
886342,547795,07-12-2025,SESS900291,Referral,Desktop,Website Visit,Colour Cosmetics,487438
820807,534973,11-11-2024,SESS900292,Referral,Mobile,Website Visit,Colour Cosmetics,406427
886345,501007,18-12-2024,SESS900293,Instagram,Mobile,Website Visit,Skincare,497049
853577,578697,04-08-2024,SESS900294,Marketplace,Mobile,Website Visit,Skincare,471327
886349,517361,03-05-2025,SESS900295,Organic Search,Mobile,Website Visit,Haircare,486746
886352,517361,03-05-2025,SESS900295,Organic Search,Mobile,Product View,Skincare,486746
853585,517361,03-05-2025,SESS900295,Organic Search,Mobile,Add to Cart,Skincare,486746
853589,517361,03-05-2025,SESS900295,Organic Search,Mobile,Checkout Started,Skincare,486746
853592,517361,03-05-2025,SESS900295,Organic Search,Mobile,Purchase,Skincare,486746
886361,566698,04-10-2025,SESS900296,Google,Mobile,Website Visit,Skincare,
820827,578301,03-02-2025,SESS900297,Marketplace,Desktop,Website Visit,Colour Cosmetics,
820828,578301,03-02-2025,SESS900297,Marketplace,Desktop,Product View,Skincare,
820831,537056,12-12-2024,SESS900298,Google,Unknown,Website Visit,Haircare,
820832,537056,12-12-2024,SESS900298,Google,Mobile,Product View,Haircare,
886368,541359,10-05-2024,SESS900299,Instagram,Desktop,Website Visit,Haircare,
886369,579507,02-10-2025,SESS900300,Influencer,Mobile,Website Visit,Skincare,483731
820837,528477,29-12-2024,SESS900301,Marketplace,Mobile,Website Visit,Skincare,
886379,528477,29-12-2024,SESS900301,Marketplace,Mobile,Product View,Skincare,
853613,513979,28-07-2025,SESS900302,Google,Mobile,Website Visit,Haircare,413440
886382,513979,28-07-2025,SESS900302,Google,Mobile,Product View,Haircare,413440
820846,513979,28-07-2025,SESS900302,Google,Mobile,Add to Cart,Haircare,413440
853616,548944,13-04-2024,SESS900303,Instagram,Mobile,Website Visit,Skincare,433089
820854,548944,13-04-2024,SESS900303,Instagram,Mobile,Product View,Skincare,433089
886391,548944,13-04-2024,SESS900303,Instagram,Mobile,Add to Cart,Skincare,433089
853622,576869,20-10-2024,SESS900304,Influencer,Desktop,Website Visit,Colour Cosmetics,445210
886399,576869,20-10-2024,SESS900304,Influencer,Desktop,Product View,Colour Cosmetics,445210
820867,578139,27-02-2024,SESS900305,Google,Mobile,Website Visit,Haircare,
886403,578139,27-02-2024,SESS900305,Google,Mobile,Product View,Skincare,
853636,566616,07-05-2025,SESS900306,Google,Mobile,Website Visit,Skincare,444911
886407,566616,07-05-2025,SESS900306,Google,Mobile,Product View,Skincare,444911
853639,564764,25-03-2025,SESS900307,Offline Store,Mobile,Website Visit,Haircare,490081
886409,564764,25-03-2025,SESS900307,Offline Store,Mobile,Product View,Colour Cosmetics,490081
886410,535018,18-01-2025,SESS900308,Marketplace,Mobile,Website Visit,Skincare,
886411,505778,25-08-2024,SESS900309,Google,Mobile,Website Visit,Skincare,
820876,505778,25-08-2024,SESS900309,Google,Mobile,Product View,Skincare,
853645,513069,03-06-2025,SESS900310,Marketplace,Mobile,Website Visit,Skincare,430394
886415,513069,03-06-2025,SESS900310,Marketplace,Mobile,Product View,Colour Cosmetics,430394
886416,542372,16-03-2024,SESS900311,Instagram,Desktop,Website Visit,Colour Cosmetics,457829
886418,542372,16-03-2024,SESS900311,Instagram,Desktop,Product View,Skincare,457829
853653,542372,16-03-2024,SESS900311,Instagram,Desktop,Add to Cart,Skincare,457829
853654,500464,31-01-2025,SESS900312,Referral,Mobile,Website Visit,Haircare,438398
853655,500464,31-01-2025,SESS900312,Referral,Mobile,Product View,Haircare,438398
820887,500464,31-01-2025,SESS900312,Referral,Mobile,Add to Cart,Colour Cosmetics,438398
886426,596434,12-06-2024,SESS900313,Influencer,Mobile,Website Visit,Colour Cosmetics,
853659,553516,13-09-2025,SESS900314,Marketplace,Mobile,Website Visit,Skincare,
886428,556450,04-12-2024,SESS900315,Instagram,Mobile,Website Visit,Haircare,496899
886433,556450,04-12-2024,SESS900315,Instagram,Mobile,Product View,Skincare,496899
886437,526365,24-10-2024,SESS900316,Marketplace,Mobile,Website Visit,Colour Cosmetics,
886441,566462,07-12-2024,SESS900317,Google,Mobile,Website Visit,Colour Cosmetics,486746
853674,566462,07-12-2024,SESS900317,Google,Mobile,Product View,Colour Cosmetics,486746
853673,555108,14-01-2024,SESS900318,Instagram,Desktop,Website Visit,Haircare,
886445,503365,20-01-2024,SESS900319,Organic Search,Desktop,Website Visit,Haircare,
853678,503365,20-01-2024,SESS900319,Organic Search,Desktop,Product View,Skincare,
820913,550667,08-02-2024,SESS900320,Instagram,Desktop,Website Visit,Colour Cosmetics,
820914,550667,08-02-2024,SESS900320,Instagram,Desktop,Product View,Colour Cosmetics,
886452,586706,12-08-2025,SESS900321,Instagram,Desktop,Website Visit,Skincare,
853694,586706,12-08-2025,SESS900321,Instagram,Desktop,Product View,Skincare,
886464,511221,10-11-2025,SESS900322,Influencer,Tablet,Website Visit,Skincare,
853701,526174,07-12-2024,SESS900323,Offline Store,Mobile,Website Visit,Skincare,481953
886470,526174,07-12-2024,SESS900323,Offline Store,Mobile,Product View,Skincare,481953
820935,552044,12-05-2025,SESS900324,Marketplace,Mobile,Website Visit,Colour Cosmetics,490211
853703,552044,12-05-2025,SESS900324,Marketplace,Mobile,Product View,Skincare,490211
886473,512903,16-03-2025,SESS900325,Google,Mobile,Website Visit,Haircare,487438
853707,512903,16-03-2025,SESS900325,Google,Mobile,Product View,Colour Cosmetics,487438
853711,578269,01-07-2024,SESS900326,Organic Search,Mobile,Website Visit,Colour Cosmetics,433089
853713,578269,01-07-2024,SESS900326,Organic Search,Mobile,Product View,Colour Cosmetics,433089
853714,566540,02-11-2024,SESS900327,Google,Mobile,Website Visit,Skincare,
886482,539529,22-10-2024,SESS900328,Referral,Mobile,Website Visit,Skincare,
820951,539529,22-10-2024,SESS900328,Referral,Mobile,Product View,Skincare,
853721,579482,22-08-2025,SESS900329,Google,Desktop,Website Visit,Skincare,
820957,579482,22-08-2025,SESS900329,Google,Desktop,Product View,Skincare,
853729,579482,22-08-2025,SESS900329,Google,Desktop,Add to Cart,Skincare,
886500,587835,16-05-2025,SESS900330,Instagram,Mobile,Website Visit,Haircare,
820968,587835,16-05-2025,SESS900330,Instagram,Mobile,Product View,Haircare,
820980,587835,16-05-2025,SESS900330,Instagram,Mobile,Add to Cart,Haircare,
886518,587835,16-05-2025,SESS900330,Instagram,Mobile,Checkout Started,Haircare,
820983,569615,25-02-2025,SESS900331,Organic Search,Mobile,Website Visit,Skincare,486746
886525,569615,25-02-2025,SESS900331,Organic Search,Mobile,Product View,Haircare,486746
820991,569615,25-02-2025,SESS900331,Organic Search,Mobile,Add to Cart,Skincare,486746
820992,569615,25-02-2025,SESS900331,Organic Search,Mobile,Checkout Started,Skincare,486746
820993,541359,21-10-2024,SESS900332,Instagram,Mobile,Website Visit,Haircare,
853760,541359,21-10-2024,SESS900332,Instagram,Mobile,Product View,Haircare,
853767,552044,26-01-2025,SESS900333,Marketplace,Mobile,Website Visit,Skincare,
886539,552044,26-01-2025,SESS900333,Marketplace,Mobile,Product View,Skincare,
853771,533029,11-10-2025,SESS900334,Instagram,Desktop,Website Visit,Skincare,
886544,533029,11-10-2025,SESS900334,Instagram,Desktop,Product View,Skincare,
821011,599693,26-10-2024,SESS900335,Organic Search,Mobile,Website Visit,Skincare,438612
853781,599693,26-10-2024,SESS900335,Organic Search,Mobile,Product View,Skincare,438612
886555,540662,04-03-2024,SESS900336,Google,Mobile,Website Visit,Skincare,405510
821031,540662,04-03-2024,SESS900336,Google,Mobile,Product View,Haircare,405510
821034,598858,12-07-2024,SESS900337,Google,Desktop,Website Visit,Skincare,433089
886573,571810,21-04-2025,SESS900338,Instagram,Mobile,Website Visit,Colour Cosmetics,450092
821037,571810,21-04-2025,SESS900338,Instagram,Mobile,Product View,Colour Cosmetics,450092
886575,500942,07-07-2024,SESS900339,Google,Mobile,Website Visit,Skincare,
853810,539240,13-06-2024,SESS900340,Instagram,Mobile,Website Visit,Haircare,403690
853811,539240,13-06-2024,SESS900340,Instagram,Mobile,Product View,Colour Cosmetics,403690
821049,539240,13-06-2024,SESS900340,Instagram,Mobile,Add to Cart,Haircare,403690
821057,539240,13-06-2024,SESS900340,Instagram,Mobile,Checkout Started,Haircare,403690
853826,539240,13-06-2024,SESS900340,Instagram,Mobile,Purchase,Skincare,403690
821063,535665,04-07-2024,SESS900341,Referral,Desktop,Website Visit,Skincare,
821071,534973,11-02-2024,SESS900342,Referral,Desktop,Website Visit,Colour Cosmetics,448515
821079,510682,18-08-2025,SESS900343,Marketplace,Mobile,Website Visit,Skincare,
821081,510682,18-08-2025,SESS900343,Marketplace,Mobile,Product View,Skincare,
886618,510682,18-08-2025,SESS900343,Marketplace,Mobile,Add to Cart,Skincare,
853849,592231,28-04-2025,SESS900344,Instagram,Mobile,Website Visit,Skincare,
886620,564139,06-12-2025,SESS900345,Referral,Mobile,Website Visit,Haircare,
821089,564139,06-12-2025,SESS900345,Referral,Mobile,Product View,Colour Cosmetics,
853860,523086,22-05-2024,SESS900346,Organic Search,Desktop,Website Visit,Colour Cosmetics,
886629,595561,22-02-2024,SESS900347,Offline Store,Mobile,Website Visit,Skincare,427322
886630,595561,22-02-2024,SESS900347,Offline Store,Mobile,Product View,Skincare,427322
853867,595561,22-02-2024,SESS900347,Offline Store,Mobile,Add to Cart,Skincare,427322
821100,568517,27-03-2024,SESS900348,Referral,Desktop,Website Visit,Colour Cosmetics,
886636,554948,05-08-2024,SESS900349,Google,Mobile,Website Visit,Skincare,434464
853870,593343,30-01-2024,SESS900350,Google,Mobile,Website Visit,Colour Cosmetics,471327
886640,593343,30-01-2024,SESS900350,Google,Mobile,Product View,Colour Cosmetics,471327
886643,563653,27-06-2025,SESS900351,Referral,Mobile,Website Visit,Colour Cosmetics,
821108,563653,27-06-2025,SESS900351,Referral,Mobile,Product View,Colour Cosmetics,
821109,512735,14-05-2025,SESS900352,Influencer,Tablet,Website Visit,Haircare,411691
853876,549689,02-05-2025,SESS900353,Google,Desktop,Website Visit,Skincare,426724
821107,541104,03-11-2024,SESS900354,Google,Mobile,Website Visit,Colour Cosmetics,
821110,541104,03-11-2024,SESS900354,Google,Mobile,Product View,Skincare,
801465,579482,27-09-2025,SESS900355,Google,Desktop,Website Visit,Skincare,
821116,579482,27-09-2025,SESS900355,Google,Desktop,Product View,Skincare,
886652,520631,30-10-2025,SESS900356,Instagram,Mobile,Website Visit,Skincare,
886653,520631,30-10-2025,SESS900356,Instagram,Mobile,Product View,Colour Cosmetics,
886659,500336,13-11-2025,SESS900357,Google,Mobile,Website Visit,Haircare,
853893,500336,13-11-2025,SESS900357,Google,Mobile,Product View,Haircare,
853897,500336,13-11-2025,SESS900357,Google,Mobile,Add to Cart,Haircare,
886666,500336,13-11-2025,SESS900357,Google,Mobile,Checkout Started,Haircare,
853904,500336,13-11-2025,SESS900357,Google,Mobile,Purchase,Haircare,
821140,548689,12-10-2024,SESS900358,Marketplace,Desktop,Website Visit,Skincare,417878
853909,548689,12-10-2024,SESS900358,Marketplace,Desktop,Product View,Colour Cosmetics,417878
821143,525443,10-08-2024,SESS900359,Organic Search,Mobile,Website Visit,Haircare,
821149,565715,19-12-2024,SESS900360,Marketplace,Mobile,Website Visit,Haircare,405472
853918,565715,19-12-2024,SESS900360,Marketplace,Mobile,Product View,Skincare,405472
821150,565715,19-12-2024,SESS900360,Marketplace,Mobile,Add to Cart,Haircare,405472
853919,506572,10-02-2025,SESS900361,Influencer,Desktop,Website Visit,Skincare,483731
886689,506572,10-02-2025,SESS900361,Influencer,Desktop,Product View,Colour Cosmetics,483731
821154,510641,27-11-2025,SESS900362,Google,Mobile,Website Visit,Colour Cosmetics,
886691,512387,21-09-2024,SESS900363,Organic Search,Desktop,Website Visit,Skincare,434464
853926,512387,21-09-2024,SESS900363,Organic Search,Desktop,Product View,Skincare,434464
886699,520969,17-09-2024,SESS900364,Instagram,Tablet,Website Visit,Skincare,442205
853933,520969,17-09-2024,SESS900364,Instagram,Tablet,Product View,Skincare,442205
853934,563092,14-12-2025,SESS900365,Influencer,Desktop,Website Visit,Skincare,
853935,585394,26-10-2024,SESS900366,Instagram,Mobile,Website Visit,Skincare,473289
886707,574531,11-07-2025,SESS900367,Instagram,Mobile,Website Visit,Colour Cosmetics,
821174,574531,11-07-2025,SESS900367,Instagram,Mobile,Product View,Colour Cosmetics,
821176,553955,02-06-2024,SESS900368,Influencer,Desktop,Website Visit,Skincare,481006
853946,553955,02-06-2024,SESS900368,Influencer,Desktop,Product View,Skincare,481006
821182,543933,09-06-2024,SESS900369,Offline Store,Desktop,Website Visit,Colour Cosmetics,
886719,530217,27-04-2024,SESS900370,Organic Search,Mobile,Website Visit,Skincare,
821183,537667,24-02-2024,SESS900371,Google,Mobile,Website Visit,Colour Cosmetics,451803
821186,537667,24-02-2024,SESS900371,Google,Mobile,Product View,Colour Cosmetics,451803
821187,597671,17-09-2025,SESS900372,Instagram,Mobile,Website Visit,Colour Cosmetics,
821189,597671,17-09-2025,SESS900372,Instagram,Mobile,Product View,Colour Cosmetics,
886729,597671,17-09-2025,SESS900372,Instagram,Mobile,Add to Cart,Colour Cosmetics,
821193,597671,17-09-2025,SESS900372,Instagram,Mobile,Checkout Started,Colour Cosmetics,
821194,597671,17-09-2025,SESS900372,Instagram,Mobile,Purchase,Colour Cosmetics,
853966,576955,15-11-2024,SESS900373,Google,Desktop,Website Visit,Skincare,463919
853967,576955,15-11-2024,SESS900373,Google,Desktop,Product View,Skincare,463919
886734,576955,15-11-2024,SESS900373,Google,Desktop,Add to Cart,Skincare,463919
853971,562518,31-10-2024,SESS900374,Marketplace,Mobile,Website Visit,Colour Cosmetics,454313
886741,562518,31-10-2024,SESS900374,Marketplace,Mobile,Product View,Colour Cosmetics,454313
821206,585813,31-05-2024,SESS900375,Instagram,Desktop,Website Visit,Haircare,
821208,585813,31-05-2024,SESS900375,Instagram,Desktop,Product View,Skincare,
821214,553578,13-04-2025,SESS900376,Organic Search,Mobile,Website Visit,Haircare,
853983,553578,13-04-2025,SESS900376,Organic Search,Mobile,Product View,Haircare,
821216,556346,22-07-2025,SESS900377,Organic Search,Mobile,Website Visit,Haircare,
821222,534782,12-11-2024,SESS900378,Influencer,Tablet,Website Visit,Skincare,438612
853991,534782,12-11-2024,SESS900378,Influencer,Tablet,Product View,Skincare,438612
853992,534782,12-11-2024,SESS900378,Influencer,Tablet,Add to Cart,Skincare,438612
821225,534782,12-11-2024,SESS900378,Influencer,Tablet,Checkout Started,Skincare,438612
886771,534782,12-11-2024,SESS900378,Influencer,Tablet,Purchase,Skincare,438612
821236,507146,23-07-2024,SESS900379,Offline Store,Mobile,Website Visit,Colour Cosmetics,438097
821241,513474,17-09-2024,SESS900380,Organic Search,Desktop,Website Visit,Skincare,429945
854010,513474,17-09-2024,SESS900380,Organic Search,Desktop,Product View,Skincare,429945
886778,587878,20-03-2024,SESS900381,Marketplace,Desktop,Website Visit,Haircare,
886777,587878,20-03-2024,SESS900381,Marketplace,Desktop,Product View,Colour Cosmetics,
886781,587878,20-03-2024,SESS900381,Marketplace,Desktop,Add to Cart,Colour Cosmetics,
854015,587878,20-03-2024,SESS900381,Marketplace,Desktop,Checkout Started,Colour Cosmetics,
886788,535954,31-07-2025,SESS900382,Organic Search,Desktop,Website Visit,Haircare,437316
886789,515012,13-08-2024,SESS900383,Google,Mobile,Website Visit,Haircare,
821262,515012,13-08-2024,SESS900383,Google,Mobile,Product View,Haircare,
886800,570010,12-11-2025,SESS900384,Organic Search,Mobile,Website Visit,Colour Cosmetics,
854034,521178,18-11-2024,SESS900385,Referral,Desktop,Website Visit,Haircare,
821277,528361,07-03-2025,SESS900386,Google,Mobile,Website Visit,Skincare,
821282,509305,13-10-2024,SESS900387,Instagram,Mobile,Website Visit,Haircare,
821283,509305,13-10-2024,SESS900387,Instagram,Mobile,Product View,Colour Cosmetics,
854051,509305,13-10-2024,SESS900387,Instagram,Mobile,Add to Cart,Colour Cosmetics,
821285,509305,13-10-2024,SESS900387,Instagram,Mobile,Checkout Started,Haircare,
886827,564451,07-01-2025,SESS900388,Offline Store,Mobile,Website Visit,Colour Cosmetics,406427
821292,564451,07-01-2025,SESS900388,Offline Store,Mobile,Product View,Colour Cosmetics,406427
854061,564451,07-01-2025,SESS900388,Offline Store,Mobile,Add to Cart,Colour Cosmetics,406427
821296,531963,22-05-2024,SESS900389,Referral,Desktop,Website Visit,Haircare,
886838,531963,22-05-2024,SESS900389,Referral,Desktop,Product View,Haircare,
886839,529571,31-12-2024,SESS900390,Influencer,Mobile,Website Visit,Haircare,
821306,529571,31-12-2024,SESS900390,Influencer,Mobile,Product View,Haircare,
854075,588930,18-02-2025,SESS900391,Offline Store,Mobile,Website Visit,Colour Cosmetics,417878
886853,588930,18-02-2025,SESS900391,Offline Store,Mobile,Product View,Colour Cosmetics,417878
821319,588930,18-02-2025,SESS900391,Offline Store,Mobile,Add to Cart,Colour Cosmetics,417878
886856,532530,05-04-2024,SESS900392,Marketplace,Mobile,Website Visit,Colour Cosmetics,449380
821322,532530,05-04-2024,SESS900392,Marketplace,Mobile,Product View,Haircare,449380
854093,525042,13-01-2024,SESS900393,Google,Mobile,Website Visit,Skincare,484510
886862,525042,13-01-2024,SESS900393,Google,Mobile,Product View,Skincare,484510
821328,574593,18-09-2024,SESS900394,Offline Store,Desktop,Website Visit,Skincare,
854097,574593,18-09-2024,SESS900394,Offline Store,Desktop,Product View,Skincare,
854098,556985,20-10-2024,SESS900395,Influencer,Mobile,Website Visit,Haircare,
886868,556985,20-10-2024,SESS900395,Influencer,Mobile,Product View,Haircare,
821333,556985,20-10-2024,SESS900395,Influencer,Mobile,Add to Cart,Haircare,
886876,556985,20-10-2024,SESS900395,Influencer,Mobile,Checkout Started,Skincare,
886878,572924,08-12-2024,SESS900396,Influencer,Mobile,Website Visit,Skincare,
821343,572924,08-12-2024,SESS900396,Influencer,Mobile,Product View,Skincare,
854113,592260,18-03-2024,SESS900397,Instagram,Mobile,Website Visit,Skincare,
821352,592260,18-03-2024,SESS900397,Instagram,Mobile,Product View,Skincare,
886898,592260,18-03-2024,SESS900397,Instagram,Mobile,Add to Cart,Colour Cosmetics,
821363,592260,18-03-2024,SESS900397,Instagram,Mobile,Checkout Started,Skincare,
886900,592260,18-03-2024,SESS900397,Instagram,Mobile,Purchase,Skincare,
821365,523218,07-02-2024,SESS900398,Influencer,Mobile,Website Visit,Skincare,474806
886902,547526,03-04-2024,SESS900399,Marketplace,Mobile,Website Visit,Skincare,405392
854134,547526,03-04-2024,SESS900399,Marketplace,Mobile,Product View,Haircare,405392
854136,547526,03-04-2024,SESS900399,Marketplace,Mobile,Add to Cart,Skincare,405392
821369,583606,27-11-2024,SESS900400,Organic Search,Mobile,Website Visit,Skincare,438398
886904,583606,27-11-2024,SESS900400,Organic Search,Mobile,Product View,Skincare,438398
886903,583606,27-11-2024,SESS900400,Organic Search,Mobile,Add to Cart,Skincare,438398
854141,505383,01-11-2024,SESS900401,Google,Mobile,Website Visit,Skincare,415511
886917,573048,14-02-2024,SESS900402,Influencer,Mobile,Website Visit,Skincare,
854149,573048,14-02-2024,SESS900402,Influencer,Mobile,Product View,Skincare,
886922,573048,14-02-2024,SESS900402,Influencer,Mobile,Add to Cart,Skincare,
886923,573048,14-02-2024,SESS900402,Influencer,Mobile,Checkout Started,Skincare,
886926,585461,03-01-2025,SESS900403,Offline Store,Mobile,Website Visit,Skincare,400060
854161,585461,03-01-2025,SESS900403,Offline Store,Mobile,Product View,Haircare,400060
886929,585461,03-01-2025,SESS900403,Offline Store,Mobile,Add to Cart,Skincare,400060
854162,555518,12-03-2024,SESS900404,Instagram,Mobile,Website Visit,Skincare,
854163,555518,12-03-2024,SESS900404,Instagram,Mobile,Product View,Skincare,
854166,528080,09-08-2024,SESS900405,Google,Mobile,Website Visit,Colour Cosmetics,437316
854173,528080,09-08-2024,SESS900405,Google,Mobile,Product View,Colour Cosmetics,437316
854174,505014,01-01-2024,SESS900406,Organic Search,Desktop,Website Visit,Colour Cosmetics,473151
886941,516683,03-06-2024,SESS900407,Organic Search,Mobile,Website Visit,Haircare,
821411,516683,03-06-2024,SESS900407,Organic Search,Mobile,Product View,Haircare,
886949,516683,03-06-2024,SESS900407,Organic Search,Mobile,Add to Cart,Haircare,
854186,542600,04-05-2024,SESS900408,Google,Desktop,Website Visit,Skincare,496899
854207,542600,04-05-2024,SESS900408,Google,Desktop,Product View,Skincare,496899
886975,542600,04-05-2024,SESS900408,Google,Desktop,Add to Cart,Haircare,496899
821441,542600,04-05-2024,SESS900408,Google,Desktop,Checkout Started,Skincare,496899
886978,589166,28-10-2024,SESS900409,Marketplace,Mobile,Website Visit,Colour Cosmetics,
886980,589166,28-10-2024,SESS900409,Marketplace,Mobile,Product View,Colour Cosmetics,
821446,589166,28-10-2024,SESS900409,Marketplace,Mobile,Add to Cart,Colour Cosmetics,
854219,589166,28-10-2024,SESS900409,Marketplace,Mobile,Checkout Started,Colour Cosmetics,
854221,589166,28-10-2024,SESS900409,Marketplace,Mobile,Purchase,Colour Cosmetics,
821455,526318,20-09-2024,SESS900410,Instagram,Mobile,Website Visit,Colour Cosmetics,490081
886999,526318,20-09-2024,SESS900410,Instagram,Mobile,Product View,Skincare,490081
854232,517342,17-04-2025,SESS900411,Google,Desktop,Website Visit,Haircare,473151
887001,517342,17-04-2025,SESS900411,Google,Desktop,Product View,Haircare,473151
854234,575574,17-03-2024,SESS900412,Influencer,Mobile,Website Visit,Skincare,
821464,575574,17-03-2024,SESS900412,Influencer,Mobile,Product View,Skincare,
854235,555027,23-01-2025,SESS900413,Marketplace,Mobile,Website Visit,Colour Cosmetics,
821473,555027,23-01-2025,SESS900413,Marketplace,Mobile,Product View,Haircare,
821476,511104,01-07-2024,SESS900414,Google,Mobile,Website Visit,Colour Cosmetics,454313
887014,511104,01-07-2024,SESS900414,Google,Mobile,Product View,Skincare,454313
887021,520033,03-01-2024,SESS900415,Instagram,Tablet,Website Visit,Colour Cosmetics,492273
854254,501231,13-12-2025,SESS900416,Google,Desktop,Website Visit,Colour Cosmetics,473590
821487,529392,08-10-2024,SESS900417,Marketplace,Desktop,Website Visit,Haircare,
821489,510696,16-01-2025,SESS900418,Influencer,Mobile,Website Visit,Colour Cosmetics,438136
854262,538254,29-01-2024,SESS900419,Marketplace,Desktop,Website Visit,Skincare,451803
887033,507816,02-12-2025,SESS900420,Instagram,Mobile,Website Visit,Skincare,430634
854270,592124,07-09-2024,SESS900421,Instagram,Mobile,Website Visit,Colour Cosmetics,
821506,592124,07-09-2024,SESS900421,Instagram,Mobile,Product View,Colour Cosmetics,
854274,592124,07-09-2024,SESS900421,Instagram,Mobile,Add to Cart,Colour Cosmetics,
854277,592124,07-09-2024,SESS900421,Instagram,Mobile,Checkout Started,Colour Cosmetics,
821513,592124,07-09-2024,SESS900421,Instagram,Mobile,Purchase,Colour Cosmetics,
887051,532271,10-12-2024,SESS900422,Influencer,Mobile,Website Visit,Skincare,
854287,544020,02-06-2025,SESS900423,Google,Desktop,Website Visit,Skincare,491749
854288,513104,19-01-2025,SESS900424,Marketplace,Mobile,Website Visit,Colour Cosmetics,403029
821521,582306,14-12-2024,SESS900425,Google,Mobile,Website Visit,Skincare,
887057,582306,14-12-2024,SESS900425,Google,Mobile,Product View,Skincare,
854291,560482,29-07-2024,SESS900426,Marketplace,Unknown,Website Visit,Skincare,484510
854296,560482,29-07-2024,SESS900426,Marketplace,Mobile,Product View,Haircare,484510
821530,560482,29-07-2024,SESS900426,Marketplace,Mobile,Add to Cart,Skincare,484510
821531,560482,29-07-2024,SESS900426,Marketplace,Mobile,Checkout Started,Skincare,484510
887069,570539,31-01-2025,SESS900427,Instagram,Mobile,Website Visit,Colour Cosmetics,471327
821535,570539,31-01-2025,SESS900427,Instagram,Mobile,Product View,Haircare,471327
887072,517322,01-07-2024,SESS900428,Organic Search,Mobile,Website Visit,Haircare,
887073,517322,01-07-2024,SESS900428,Organic Search,Mobile,Product View,Haircare,
854309,517322,01-07-2024,SESS900428,Organic Search,Mobile,Add to Cart,Haircare,
887079,517322,01-07-2024,SESS900428,Organic Search,Mobile,Checkout Started,Haircare,
821543,517322,01-07-2024,SESS900428,Organic Search,Mobile,Purchase,Haircare,
821546,514208,28-12-2025,SESS900429,Google,Mobile,Website Visit,Haircare,415565
854315,514208,28-12-2025,SESS900429,Google,Mobile,Product View,Colour Cosmetics,415565
821552,510745,14-06-2024,SESS900430,Offline Store,Mobile,Website Visit,Haircare,
854321,540963,01-06-2024,SESS900431,Instagram,Mobile,Website Visit,Colour Cosmetics,
887092,540963,01-06-2024,SESS900431,Instagram,Mobile,Product View,Colour Cosmetics,
854330,533544,11-01-2025,SESS900432,Instagram,Mobile,Website Visit,Colour Cosmetics,
854332,533544,11-01-2025,SESS900432,Instagram,Mobile,Product View,Colour Cosmetics,
887102,533544,11-01-2025,SESS900432,Instagram,Mobile,Add to Cart,Colour Cosmetics,
887103,533544,11-01-2025,SESS900432,Instagram,Mobile,Checkout Started,Colour Cosmetics,
854334,531358,28-01-2025,SESS900433,Influencer,Mobile,Website Visit,Colour Cosmetics,490211
854337,531358,28-01-2025,SESS900433,Influencer,Mobile,Product View,Colour Cosmetics,490211
821572,532472,11-06-2024,SESS900434,Referral,Desktop,Website Visit,Skincare,
887108,532472,11-06-2024,SESS900434,Referral,Desktop,Product View,Colour Cosmetics,
821573,503552,25-08-2024,SESS900435,Marketplace,Desktop,Website Visit,Skincare,
854343,503552,25-08-2024,SESS900435,Marketplace,Desktop,Product View,Skincare,
821575,503552,25-08-2024,SESS900435,Marketplace,Desktop,Add to Cart,Skincare,
821577,591422,16-08-2024,SESS900436,Google,Mobile,Website Visit,Haircare,
821578,591422,16-08-2024,SESS900436,Google,Mobile,Product View,Skincare,
854347,591422,16-08-2024,SESS900436,Google,Mobile,Add to Cart,Skincare,
854348,591422,16-08-2024,SESS900436,Google,Mobile,Checkout Started,Skincare,
854350,591422,16-08-2024,SESS900436,Google,Mobile,Purchase,Skincare,
887120,508326,22-08-2025,SESS900437,Google,Mobile,Website Visit,Haircare,467288
887125,508326,22-08-2025,SESS900437,Google,Mobile,Product View,Skincare,467288
854357,508326,22-08-2025,SESS900437,Google,Mobile,Add to Cart,Skincare,467288
887127,582978,05-03-2025,SESS900438,Instagram,Desktop,Website Visit,Skincare,
854361,582978,05-03-2025,SESS900438,Instagram,Desktop,Product View,Skincare,
854366,582978,05-03-2025,SESS900438,Instagram,Desktop,Add to Cart,Skincare,
887143,598992,25-02-2025,SESS900439,Organic Search,Mobile,Website Visit,Colour Cosmetics,400060
821616,598992,25-02-2025,SESS900439,Organic Search,Mobile,Product View,Skincare,400060
887155,566263,14-11-2024,SESS900440,Instagram,Mobile,Website Visit,Skincare,
821621,593447,12-09-2025,SESS900441,Instagram,Mobile,Website Visit,Colour Cosmetics,
854389,578561,18-10-2024,SESS900442,Marketplace,Mobile,Website Visit,Skincare,473289
821625,578561,18-10-2024,SESS900442,Marketplace,Unknown,Product View,Skincare,473289
821627,542372,21-12-2024,SESS900443,Instagram,Mobile,Website Visit,Skincare,
821628,572350,24-08-2025,SESS900444,Marketplace,Desktop,Website Visit,Skincare,480372
854397,572350,24-08-2025,SESS900444,Marketplace,Desktop,Product View,Haircare,480372
854398,524050,13-06-2024,SESS900445,Organic Search,Mobile,Website Visit,Skincare,
821630,524050,13-06-2024,SESS900445,Organic Search,Mobile,Product View,Skincare,
887168,524050,13-06-2024,SESS900445,Organic Search,Mobile,Add to Cart,Skincare,
887171,524050,13-06-2024,SESS900445,Organic Search,Mobile,Checkout Started,Skincare,
887179,570748,02-01-2024,SESS900446,Instagram,Mobile,Website Visit,Skincare,
854411,505683,21-01-2025,SESS900447,Google,Mobile,Website Visit,Haircare,415511
887181,505683,21-01-2025,SESS900447,Google,Mobile,Product View,Skincare,415511
821649,566317,12-06-2025,SESS900448,Referral,Mobile,Website Visit,Colour Cosmetics,453161
821652,588039,28-03-2025,SESS900449,Marketplace,Mobile,Website Visit,Colour Cosmetics,
854423,588039,28-03-2025,SESS900449,Marketplace,Mobile,Product View,Colour Cosmetics,
887193,588039,28-03-2025,SESS900449,Marketplace,Mobile,Add to Cart,Colour Cosmetics,
887201,588039,28-03-2025,SESS900449,Marketplace,Mobile,Checkout Started,Colour Cosmetics,
887202,588039,28-03-2025,SESS900449,Marketplace,Mobile,Purchase,Haircare,
821666,592141,16-01-2025,SESS900450,Influencer,Mobile,Website Visit,Colour Cosmetics,490211
854436,583748,03-05-2025,SESS900451,Influencer,Mobile,Website Visit,Colour Cosmetics,
887207,531499,11-11-2024,SESS900452,Google,Tablet,Website Visit,Colour Cosmetics,
821671,560236,22-08-2024,SESS900453,Organic Search,Mobile,Website Visit,Colour Cosmetics,408197
887211,560236,22-08-2024,SESS900453,Organic Search,Mobile,Product View,Colour Cosmetics,408197
887212,569541,06-11-2024,SESS900454,Instagram,Mobile,Website Visit,Haircare,490081
854446,569541,06-11-2024,SESS900454,Instagram,Mobile,Product View,Haircare,490081
821678,569541,06-11-2024,SESS900454,Instagram,Mobile,Add to Cart,Haircare,490081
821679,569541,06-11-2024,SESS900454,Instagram,Mobile,Checkout Started,Haircare,490081
821681,569541,06-11-2024,SESS900454,Instagram,Mobile,Purchase,Haircare,490081
887220,589016,20-05-2024,SESS900455,Instagram,Mobile,Website Visit,Colour Cosmetics,490993
821685,589016,20-05-2024,SESS900455,Instagram,Mobile,Product View,Skincare,490993
821687,528074,23-09-2025,SESS900456,Influencer,Desktop,Website Visit,Colour Cosmetics,
887224,515906,07-11-2025,SESS900457,Influencer,Mobile,Website Visit,Haircare,419863
854457,556626,29-11-2025,SESS900458,Google,Mobile,Website Visit,Colour Cosmetics,
854460,582502,18-01-2025,SESS900459,Influencer,Mobile,Website Visit,Skincare,436764
821692,582502,18-01-2025,SESS900459,Influencer,Unknown,Product View,Skincare,436764
854463,582502,18-01-2025,SESS900459,Influencer,Mobile,Add to Cart,Colour Cosmetics,436764
821696,576503,04-08-2025,SESS900460,Instagram,Mobile,Website Visit,Skincare,
854484,531979,17-11-2024,SESS900461,Referral,Mobile,Website Visit,Skincare,
821718,597880,06-09-2025,SESS900462,Google,Mobile,Website Visit,Skincare,492273
854488,509880,05-07-2024,SESS900463,Instagram,Desktop,Website Visit,Colour Cosmetics,433089
854489,509880,05-07-2024,SESS900463,Instagram,Desktop,Product View,Colour Cosmetics,433089
887258,581351,17-11-2024,SESS900464,Influencer,Tablet,Website Visit,Colour Cosmetics,
887264,533082,25-11-2024,SESS900465,Instagram,Tablet,Website Visit,Haircare,476238
854498,531566,01-07-2024,SESS900466,Google,Tablet,Website Visit,Haircare,
821730,531566,01-07-2024,SESS900466,Google,Tablet,Product View,Skincare,
854500,599125,30-11-2025,SESS900467,Organic Search,Desktop,Website Visit,Skincare,
854502,599125,30-11-2025,SESS900467,Organic Search,Desktop,Product View,Skincare,
821734,552098,29-08-2024,SESS900468,Marketplace,Desktop,Website Visit,Colour Cosmetics,486701
887275,583746,29-05-2024,SESS900469,Influencer,Unknown,Website Visit,Colour Cosmetics,486746
854508,583746,29-05-2024,SESS900469,Influencer,Mobile,Product View,Colour Cosmetics,486746
821740,579593,28-12-2024,SESS900470,Instagram,Mobile,Website Visit,Colour Cosmetics,
854510,583819,16-03-2025,SESS900471,Organic Search,Mobile,Website Visit,Skincare,481953
854511,583819,16-03-2025,SESS900471,Organic Search,Mobile,Product View,Colour Cosmetics,481953
887297,584689,09-05-2024,SESS900472,Instagram,Desktop,Website Visit,Skincare,492837
854532,584689,09-05-2024,SESS900472,Instagram,Desktop,Product View,Colour Cosmetics,492837
821767,584689,09-05-2024,SESS900472,Instagram,Desktop,Add to Cart,Skincare,492837
854535,584689,09-05-2024,SESS900472,Instagram,Desktop,Checkout Started,Skincare,492837
821769,539857,22-02-2024,SESS900473,Marketplace,Mobile,Website Visit,Colour Cosmetics,438612
821774,539857,22-02-2024,SESS900473,Marketplace,Mobile,Product View,Colour Cosmetics,438612
887311,515096,13-03-2025,SESS900474,Marketplace,Mobile,Website Visit,Skincare,
854545,515096,13-03-2025,SESS900474,Marketplace,Mobile,Product View,Skincare,
821782,528305,28-11-2025,SESS900475,Referral,Desktop,Website Visit,Colour Cosmetics,497553
887319,579471,21-01-2024,SESS900476,Google,Mobile,Website Visit,Skincare,427604
887323,579471,21-01-2024,SESS900476,Google,Mobile,Product View,Skincare,427604
887324,579471,21-01-2024,SESS900476,Google,Mobile,Add to Cart,Skincare,427604
887330,579471,21-01-2024,SESS900476,Google,Mobile,Checkout Started,Skincare,427604
887331,579471,21-01-2024,SESS900476,Google,Mobile,Purchase,Skincare,427604
854567,565323,01-04-2025,SESS900477,Instagram,Mobile,Website Visit,Skincare,497049
821800,565323,01-04-2025,SESS900477,Instagram,Mobile,Product View,Skincare,497049
887343,544057,02-04-2024,SESS900478,Referral,Mobile,Website Visit,Haircare,496480
854578,544057,02-04-2024,SESS900478,Referral,Mobile,Product View,Haircare,496480
887346,544057,02-04-2024,SESS900478,Referral,Mobile,Add to Cart,Haircare,496480
821812,544057,02-04-2024,SESS900478,Referral,Mobile,Checkout Started,Haircare,496480
887351,544057,02-04-2024,SESS900478,Referral,Mobile,Purchase,Haircare,496480
821815,507456,25-08-2025,SESS900479,Organic Search,Mobile,Website Visit,Colour Cosmetics,496905
821820,507456,25-08-2025,SESS900479,Organic Search,Mobile,Product View,Colour Cosmetics,496905
854594,507456,25-08-2025,SESS900479,Organic Search,Mobile,Add to Cart,Skincare,496905
854595,587878,20-02-2024,SESS900480,Marketplace,Desktop,Website Visit,Colour Cosmetics,431540
821826,587878,20-02-2024,SESS900480,Marketplace,Desktop,Product View,Colour Cosmetics,431540
854597,507362,14-03-2024,SESS900481,Organic Search,Mobile,Website Visit,Colour Cosmetics,
887375,507362,14-03-2024,SESS900481,Organic Search,Unknown,Product View,Colour Cosmetics,
821840,502799,09-04-2024,SESS900482,Google,Mobile,Website Visit,Haircare,445539
887378,502799,09-04-2024,SESS900482,Google,Mobile,Product View,Colour Cosmetics,445539
854610,549674,20-05-2024,SESS900483,Organic Search,Mobile,Website Visit,Skincare,
854612,501824,07-07-2024,SESS900484,Instagram,Mobile,Website Visit,Skincare,439826
887380,501824,07-07-2024,SESS900484,Instagram,Mobile,Product View,Skincare,439826
854614,501824,07-07-2024,SESS900484,Instagram,Mobile,Add to Cart,Skincare,439826
887386,573584,21-08-2024,SESS900485,Instagram,Tablet,Website Visit,Skincare,
887387,573584,21-08-2024,SESS900485,Instagram,Tablet,Product View,Skincare,
854622,542568,12-10-2025,SESS900486,Google,Desktop,Website Visit,Colour Cosmetics,
821854,569541,30-05-2024,SESS900487,Instagram,Mobile,Website Visit,Skincare,
821856,569541,30-05-2024,SESS900487,Instagram,Mobile,Product View,Haircare,
854624,569541,30-05-2024,SESS900487,Instagram,Mobile,Add to Cart,Haircare,
887396,569541,30-05-2024,SESS900487,Instagram,Mobile,Checkout Started,Haircare,
821864,500053,17-03-2024,SESS900488,Google,Mobile,Website Visit,Colour Cosmetics,
821866,591983,27-01-2025,SESS900489,Instagram,Mobile,Website Visit,Skincare,473870
854636,586951,28-07-2025,SESS900490,Influencer,Mobile,Website Visit,Skincare,
821871,586951,28-07-2025,SESS900490,Influencer,Mobile,Product View,Skincare,
887407,586951,28-07-2025,SESS900490,Influencer,Mobile,Add to Cart,Haircare,
887411,586951,28-07-2025,SESS900490,Influencer,Mobile,Checkout Started,Skincare,
887414,586951,28-07-2025,SESS900490,Influencer,Unknown,Purchase,Skincare,
887418,501947,01-07-2024,SESS900491,Influencer,Mobile,Website Visit,Skincare,
887420,517361,09-04-2024,SESS900492,Organic Search,Tablet,Website Visit,Skincare,
821887,517361,09-04-2024,SESS900492,Organic Search,Tablet,Product View,Skincare,
821891,517361,09-04-2024,SESS900492,Organic Search,Tablet,Add to Cart,Haircare,
887428,578282,15-07-2024,SESS900493,Google,Desktop,Website Visit,Colour Cosmetics,490211
887429,578282,15-07-2024,SESS900493,Google,Desktop,Product View,Colour Cosmetics,490211
854661,578282,15-07-2024,SESS900493,Google,Desktop,Add to Cart,Colour Cosmetics,490211
854663,552098,01-01-2025,SESS900494,Marketplace,Mobile,Website Visit,Haircare,432195
887431,542753,09-03-2024,SESS900495,Influencer,Desktop,Website Visit,Skincare,426390
821897,542753,09-03-2024,SESS900495,Influencer,Desktop,Product View,Skincare,426390
854662,569993,21-05-2024,SESS900496,Instagram,Desktop,Website Visit,Skincare,400573
821899,569993,21-05-2024,SESS900496,Instagram,Desktop,Product View,Colour Cosmetics,400573
821906,570468,12-08-2024,SESS900497,Instagram,Desktop,Website Visit,Skincare,449380
854680,570468,12-08-2024,SESS900497,Instagram,Desktop,Product View,Skincare,449380
887452,590794,27-10-2025,SESS900498,Organic Search,Unknown,Website Visit,Colour Cosmetics,
821917,590794,27-10-2025,SESS900498,Organic Search,Mobile,Product View,Colour Cosmetics,
821918,590794,27-10-2025,SESS900498,Organic Search,Mobile,Add to Cart,Haircare,
854687,590794,27-10-2025,SESS900498,Organic Search,Mobile,Checkout Started,Colour Cosmetics,
821920,590794,27-10-2025,SESS900498,Organic Search,Mobile,Purchase,Colour Cosmetics,
821922,500464,22-02-2024,SESS900499,Referral,Mobile,Website Visit,Skincare,
821929,500464,22-02-2024,SESS900499,Referral,Mobile,Product View,Haircare,
887465,574395,15-03-2025,SESS900500,Instagram,Mobile,Website Visit,Colour Cosmetics,410081
821935,586363,06-09-2024,SESS900501,Organic Search,Mobile,Website Visit,Skincare,
821936,586363,06-09-2024,SESS900501,Organic Search,Mobile,Product View,Haircare,
887472,583136,14-09-2025,SESS900502,Influencer,Mobile,Website Visit,Skincare,474182
854711,583136,14-09-2025,SESS900502,Influencer,Mobile,Product View,Skincare,474182
854713,583136,14-09-2025,SESS900502,Influencer,Mobile,Add to Cart,Skincare,474182
821948,569066,25-09-2024,SESS900503,Google,Desktop,Website Visit,Skincare,411691
887485,569066,25-09-2024,SESS900503,Google,Desktop,Product View,Skincare,411691
854717,569066,25-09-2024,SESS900503,Google,Desktop,Add to Cart,Colour Cosmetics,411691
821952,569066,25-09-2024,SESS900503,Google,Desktop,Checkout Started,Colour Cosmetics,411691
887489,569066,25-09-2024,SESS900503,Google,Desktop,Purchase,Haircare,411691
887490,502456,02-02-2024,SESS900504,Google,Mobile,Website Visit,Colour Cosmetics,
887491,502456,02-02-2024,SESS900504,Google,Mobile,Product View,Colour Cosmetics,
854725,594156,19-03-2024,SESS900505,Marketplace,Desktop,Website Visit,Colour Cosmetics,496480
821957,556349,09-03-2024,SESS900506,Influencer,Desktop,Website Visit,Colour Cosmetics,483731
887493,517154,13-07-2025,SESS900507,Influencer,Desktop,Website Visit,Colour Cosmetics,
854729,561213,12-08-2024,SESS900508,Instagram,Mobile,Website Visit,Colour Cosmetics,412905
821963,561213,12-08-2024,SESS900508,Instagram,Mobile,Product View,Colour Cosmetics,412905
821964,561213,12-08-2024,SESS900508,Instagram,Mobile,Add to Cart,Colour Cosmetics,412905
854733,561213,12-08-2024,SESS900508,Instagram,Mobile,Checkout Started,Colour Cosmetics,412905
854735,561213,12-08-2024,SESS900508,Instagram,Mobile,Purchase,Colour Cosmetics,412905
887505,550196,23-08-2024,SESS900509,Influencer,Mobile,Website Visit,Skincare,
887506,550196,23-08-2024,SESS900509,Influencer,Mobile,Product View,Colour Cosmetics,
821974,550196,23-08-2024,SESS900509,Influencer,Mobile,Add to Cart,Haircare,
887510,550196,23-08-2024,SESS900509,Influencer,Mobile,Checkout Started,Colour Cosmetics,
887516,550196,23-08-2024,SESS900509,Influencer,Mobile,Purchase,Skincare,
887520,531300,08-01-2024,SESS900510,Offline Store,Desktop,Website Visit,Haircare,
887525,538452,15-05-2024,SESS900511,Instagram,Mobile,Website Visit,Haircare,430634
821990,510993,15-05-2024,SESS900512,Influencer,Mobile,Website Visit,Skincare,490993
821991,510993,15-05-2024,SESS900512,Influencer,Mobile,Product View,Skincare,490993
854760,545293,12-01-2024,SESS900513,Instagram,Mobile,Website Visit,Skincare,
821994,549925,09-07-2025,SESS900514,Organic Search,Desktop,Website Visit,Haircare,
821997,556498,19-10-2025,SESS900515,Instagram,Mobile,Website Visit,Skincare,415402
887534,556498,19-10-2025,SESS900515,Instagram,Mobile,Product View,Skincare,415402
854767,544313,18-06-2024,SESS900516,Influencer,Mobile,Website Visit,Haircare,425635
887540,544313,18-06-2024,SESS900516,Influencer,Mobile,Product View,Haircare,425635
854781,580173,02-12-2025,SESS900517,Marketplace,Mobile,Website Visit,Colour Cosmetics,455343
887555,580173,02-12-2025,SESS900517,Marketplace,Mobile,Product View,Haircare,455343
822024,597218,14-03-2024,SESS900518,Referral,Mobile,Website Visit,Colour Cosmetics,
822027,597218,14-03-2024,SESS900518,Referral,Mobile,Product View,Colour Cosmetics,
854804,578104,29-12-2025,SESS900519,Instagram,Unknown,Website Visit,Skincare,
854805,553354,11-02-2024,SESS900520,Instagram,Tablet,Website Visit,Colour Cosmetics,431540
854811,553354,11-02-2024,SESS900520,Instagram,Tablet,Product View,Skincare,431540
887581,559510,22-11-2024,SESS900521,Influencer,Desktop,Website Visit,Skincare,
822048,559510,22-11-2024,SESS900521,Influencer,Desktop,Product View,Skincare,
822051,512656,17-08-2025,SESS900522,Google,Mobile,Website Visit,Skincare,411691
854830,512656,17-08-2025,SESS900522,Google,Mobile,Product View,Skincare,411691
887599,561644,14-11-2025,SESS900523,Instagram,Mobile,Website Visit,Haircare,448515
822064,561644,14-11-2025,SESS900523,Instagram,Mobile,Product View,Haircare,448515
822072,529831,17-03-2025,SESS900524,Instagram,Mobile,Website Visit,Colour Cosmetics,
854840,529831,17-03-2025,SESS900524,Instagram,Mobile,Product View,Colour Cosmetics,
887612,586980,18-06-2025,SESS900525,Google,Desktop,Website Visit,Haircare,490081
822078,586980,18-06-2025,SESS900525,Google,Unknown,Product View,Haircare,490081
854846,586980,18-06-2025,SESS900525,Google,Desktop,Add to Cart,Skincare,490081
822087,586980,18-06-2025,SESS900525,Google,Desktop,Checkout Started,Haircare,490081
854860,586980,18-06-2025,SESS900525,Google,Desktop,Purchase,Haircare,490081
887628,527152,14-08-2025,SESS900526,Influencer,Mobile,Website Visit,Haircare,
854862,547453,04-12-2025,SESS900527,Instagram,Desktop,Website Visit,Skincare,
822092,547453,04-12-2025,SESS900527,Instagram,Desktop,Product View,Skincare,
854865,524267,24-04-2025,SESS900528,Instagram,Mobile,Website Visit,Skincare,427604
854869,524267,24-04-2025,SESS900528,Instagram,Mobile,Product View,Skincare,427604
887639,524267,24-04-2025,SESS900528,Instagram,Mobile,Add to Cart,Skincare,427604
854871,524267,24-04-2025,SESS900528,Instagram,Mobile,Checkout Started,Skincare,427604
887641,524267,24-04-2025,SESS900528,Instagram,Mobile,Purchase,Colour Cosmetics,427604
822108,558008,08-01-2024,SESS900529,Marketplace,Mobile,Website Visit,Skincare,425487
822109,558008,08-01-2024,SESS900529,Marketplace,Mobile,Product View,Skincare,425487
854876,521012,10-05-2024,SESS900530,Marketplace,Desktop,Website Visit,Skincare,435644
854881,521012,10-05-2024,SESS900530,Marketplace,Desktop,Product View,Skincare,435644
854883,531285,22-03-2025,SESS900531,Instagram,Mobile,Website Visit,Skincare,433089
854884,570804,18-06-2025,SESS900532,Instagram,Mobile,Website Visit,Skincare,
822117,570804,18-06-2025,SESS900532,Instagram,Mobile,Product View,Skincare,
822120,517224,01-03-2024,SESS900533,Instagram,Mobile,Website Visit,Colour Cosmetics,
822121,517224,01-03-2024,SESS900533,Instagram,Mobile,Product View,Colour Cosmetics,
854890,579818,24-10-2024,SESS900534,Instagram,Unknown,Website Visit,Skincare,490993
887661,576435,07-11-2025,SESS900535,Instagram,Mobile,Website Visit,Haircare,408391
822127,576435,07-11-2025,SESS900535,Instagram,Mobile,Product View,Haircare,408391
822129,591289,01-09-2024,SESS900536,Google,Desktop,Website Visit,Colour Cosmetics,
887674,591289,01-09-2024,SESS900536,Google,Desktop,Product View,Haircare,
854907,591289,01-09-2024,SESS900536,Google,Desktop,Add to Cart,Colour Cosmetics,
854910,523509,31-10-2024,SESS900537,Google,Mobile,Website Visit,Skincare,403719
822147,523509,31-10-2024,SESS900537,Google,Mobile,Product View,Skincare,403719
887688,566507,28-06-2025,SESS900538,Google,Desktop,Website Visit,Skincare,
887690,527802,15-01-2024,SESS900539,Instagram,Tablet,Website Visit,Skincare,424613
887693,527802,15-01-2024,SESS900539,Instagram,Tablet,Product View,Colour Cosmetics,424613
854940,529693,26-10-2025,SESS900540,Referral,Mobile,Website Visit,Colour Cosmetics,454313
887710,513833,03-04-2024,SESS900541,Marketplace,Mobile,Website Visit,Skincare,441065
854945,510527,30-01-2025,SESS900542,Instagram,Mobile,Website Visit,Skincare,
887715,510527,30-01-2025,SESS900542,Instagram,Mobile,Product View,Skincare,
887717,510527,30-01-2025,SESS900542,Instagram,Mobile,Add to Cart,Skincare,
854952,523086,20-09-2024,SESS900543,Organic Search,Mobile,Website Visit,Colour Cosmetics,
887721,580931,29-04-2024,SESS900544,Google,Mobile,Website Visit,Colour Cosmetics,431861
822187,561925,20-11-2025,SESS900545,Google,Mobile,Website Visit,Colour Cosmetics,438398
854957,525166,27-05-2025,SESS900546,Google,Mobile,Website Visit,Colour Cosmetics,473590
887731,525166,27-05-2025,SESS900546,Google,Mobile,Product View,Skincare,473590
822197,556349,13-11-2025,SESS900547,Influencer,Desktop,Website Visit,Colour Cosmetics,
854967,556349,13-11-2025,SESS900547,Influencer,Desktop,Product View,Haircare,
822200,556349,13-11-2025,SESS900547,Influencer,Desktop,Add to Cart,Colour Cosmetics,
887735,556349,13-11-2025,SESS900547,Influencer,Desktop,Checkout Started,Colour Cosmetics,
822202,556349,13-11-2025,SESS900547,Influencer,Desktop,Purchase,Colour Cosmetics,
854971,529466,28-07-2025,SESS900548,Influencer,Mobile,Website Visit,Colour Cosmetics,
854981,529466,28-07-2025,SESS900548,Influencer,Unknown,Product View,Colour Cosmetics,
887751,512999,09-03-2025,SESS900549,Organic Search,Mobile,Website Visit,Colour Cosmetics,
822215,512999,09-03-2025,SESS900549,Organic Search,Mobile,Product View,Colour Cosmetics,
822217,515043,18-06-2025,SESS900550,Google,Unknown,Website Visit,Skincare,
887753,502799,01-04-2024,SESS900551,Google,Mobile,Website Visit,Haircare,
854987,502799,01-04-2024,SESS900551,Google,Mobile,Product View,Haircare,
854991,542143,04-10-2024,SESS900552,Marketplace,Mobile,Website Visit,Colour Cosmetics,
854993,553578,24-12-2024,SESS900553,Organic Search,Desktop,Website Visit,Haircare,454313
822227,553578,24-12-2024,SESS900553,Organic Search,Desktop,Product View,Haircare,454313
854996,537072,09-09-2025,SESS900554,Organic Search,Desktop,Website Visit,Skincare,
887768,537072,09-09-2025,SESS900554,Organic Search,Desktop,Product View,Skincare,
887779,570776,26-04-2025,SESS900555,Google,Desktop,Website Visit,Colour Cosmetics,403719
822245,570776,26-04-2025,SESS900555,Google,Desktop,Product View,Haircare,403719
855016,552565,30-04-2025,SESS900556,Google,Mobile,Website Visit,Skincare,434464
855018,552565,30-04-2025,SESS900556,Google,Mobile,Product View,Skincare,434464
822253,505720,18-11-2024,SESS900557,Google,Mobile,Website Visit,Colour Cosmetics,
855023,505720,18-11-2024,SESS900557,Google,Mobile,Product View,Colour Cosmetics,
822259,505720,18-11-2024,SESS900557,Google,Mobile,Add to Cart,Colour Cosmetics,
887797,553852,21-02-2025,SESS900558,Influencer,Desktop,Website Visit,Skincare,480372
855033,553852,21-02-2025,SESS900558,Influencer,Desktop,Product View,Skincare,480372
887802,553852,21-02-2025,SESS900558,Influencer,Desktop,Add to Cart,Skincare,480372
855035,559871,28-01-2025,SESS900559,Instagram,Mobile,Website Visit,Haircare,
855036,573133,03-08-2025,SESS900560,Influencer,Mobile,Website Visit,Skincare,490993
822269,597154,20-10-2025,SESS900561,Google,Mobile,Website Visit,Skincare,
822277,597154,20-10-2025,SESS900561,Google,Mobile,Product View,Skincare,
855047,586760,05-07-2025,SESS900562,Organic Search,Mobile,Website Visit,Colour Cosmetics,413440
887817,531091,04-01-2024,SESS900563,Referral,Desktop,Website Visit,Skincare,490211
822287,531091,04-01-2024,SESS900563,Referral,Desktop,Product View,Skincare,490211
855056,545309,03-12-2025,SESS900564,Google,Tablet,Website Visit,Colour Cosmetics,
822295,545309,03-12-2025,SESS900564,Google,Tablet,Product View,Colour Cosmetics,
855064,579415,19-01-2025,SESS900565,Google,Desktop,Website Visit,Colour Cosmetics,403719
822300,560260,10-08-2025,SESS900566,Influencer,Mobile,Website Visit,Colour Cosmetics,
822301,560260,10-08-2025,SESS900566,Influencer,Mobile,Product View,Colour Cosmetics,
887839,507816,25-04-2024,SESS900567,Instagram,Desktop,Website Visit,Skincare,403690
822303,507816,25-04-2024,SESS900567,Instagram,Desktop,Product View,Skincare,403690
887849,531566,06-01-2025,SESS900568,Google,Mobile,Website Visit,Colour Cosmetics,
887852,531566,06-01-2025,SESS900568,Google,Mobile,Product View,Skincare,
887863,591411,17-03-2024,SESS900569,Instagram,Mobile,Website Visit,Colour Cosmetics,432195
887864,591411,17-03-2024,SESS900569,Instagram,Mobile,Product View,Colour Cosmetics,432195
855098,590096,31-01-2025,SESS900570,Influencer,Mobile,Website Visit,Haircare,
855108,566132,23-11-2025,SESS900571,Google,Mobile,Website Visit,Skincare,403719
887878,566132,23-11-2025,SESS900571,Google,Mobile,Product View,Skincare,403719
855111,566132,23-11-2025,SESS900571,Google,Mobile,Add to Cart,Skincare,403719
822343,579299,02-10-2025,SESS900572,Instagram,Desktop,Website Visit,Colour Cosmetics,
855116,579299,02-10-2025,SESS900572,Instagram,Desktop,Product View,Colour Cosmetics,
887892,579299,02-10-2025,SESS900572,Instagram,Desktop,Add to Cart,Colour Cosmetics,
822361,579299,02-10-2025,SESS900572,Instagram,Desktop,Checkout Started,Colour Cosmetics,
887898,579299,02-10-2025,SESS900572,Instagram,Desktop,Purchase,Haircare,
855129,590096,26-08-2025,SESS900573,Influencer,Desktop,Website Visit,Haircare,492044
822364,560521,17-04-2025,SESS900574,Instagram,Mobile,Website Visit,Skincare,406427
822368,560521,17-04-2025,SESS900574,Instagram,Mobile,Product View,Skincare,406427
887905,591235,07-12-2025,SESS900575,Google,Mobile,Website Visit,Haircare,
887908,591235,07-12-2025,SESS900575,Google,Mobile,Product View,Skincare,
822373,514953,13-01-2025,SESS900576,Organic Search,Desktop,Website Visit,Skincare,449380
822374,595817,11-12-2024,SESS900577,Google,Mobile,Website Visit,Haircare,
855141,595817,11-12-2024,SESS900577,Google,Mobile,Product View,Haircare,
887911,595817,11-12-2024,SESS900577,Google,Mobile,Add to Cart,Haircare,
855144,595817,11-12-2024,SESS900577,Google,Mobile,Checkout Started,Skincare,
822378,537196,08-06-2025,SESS900578,Organic Search,Desktop,Website Visit,Haircare,
887915,537196,08-06-2025,SESS900578,Organic Search,Desktop,Product View,Skincare,
887916,584717,18-01-2025,SESS900579,Instagram,Mobile,Website Visit,Haircare,458427
887922,589364,08-05-2024,SESS900580,Marketplace,Mobile,Website Visit,Skincare,486701
822388,515129,13-03-2024,SESS900581,Offline Store,Desktop,Website Visit,Colour Cosmetics,413440
855156,596835,31-05-2024,SESS900582,Influencer,Mobile,Website Visit,Colour Cosmetics,466062
887928,529154,21-04-2024,SESS900583,Organic Search,Mobile,Website Visit,Skincare,481026
855163,573519,06-08-2024,SESS900584,Marketplace,Desktop,Website Visit,Haircare,407184
822396,552227,05-10-2025,SESS900585,Instagram,Mobile,Website Visit,Colour Cosmetics,
887946,552227,05-10-2025,SESS900585,Instagram,Mobile,Product View,Colour Cosmetics,
855179,552227,05-10-2025,SESS900585,Instagram,Mobile,Add to Cart,Colour Cosmetics,
855180,552227,05-10-2025,SESS900585,Instagram,Mobile,Checkout Started,Colour Cosmetics,
855181,552227,05-10-2025,SESS900585,Instagram,Mobile,Purchase,Colour Cosmetics,
822415,582719,25-02-2024,SESS900586,Instagram,Mobile,Website Visit,Colour Cosmetics,430634
855185,582719,25-02-2024,SESS900586,Instagram,Mobile,Product View,Colour Cosmetics,430634
855186,588452,09-10-2025,SESS900587,Instagram,Mobile,Website Visit,Skincare,415511
822419,550052,19-03-2024,SESS900588,Instagram,Mobile,Website Visit,Colour Cosmetics,479647
822423,586646,16-07-2025,SESS900589,Influencer,Desktop,Website Visit,Colour Cosmetics,477009
822425,586646,16-07-2025,SESS900589,Influencer,Desktop,Product View,Colour Cosmetics,477009
822430,586646,16-07-2025,SESS900589,Influencer,Desktop,Add to Cart,Colour Cosmetics,477009
855202,586646,16-07-2025,SESS900589,Influencer,Desktop,Checkout Started,Colour Cosmetics,477009
887981,586646,16-07-2025,SESS900589,Influencer,Desktop,Purchase,Colour Cosmetics,477009
855213,550488,26-10-2025,SESS900590,Marketplace,Desktop,Website Visit,Haircare,
822447,550488,26-10-2025,SESS900590,Marketplace,Desktop,Product View,Colour Cosmetics,
887984,516547,22-01-2024,SESS900591,Instagram,Mobile,Website Visit,Haircare,473289
887985,516547,22-01-2024,SESS900591,Instagram,Mobile,Product View,Skincare,473289
822455,597818,10-11-2025,SESS900592,Instagram,Mobile,Website Visit,Skincare,
822460,597818,10-11-2025,SESS900592,Instagram,Mobile,Product View,Skincare,
888003,597818,10-11-2025,SESS900592,Instagram,Mobile,Add to Cart,Skincare,
888014,572692,15-06-2025,SESS900593,Influencer,Mobile,Website Visit,Skincare,427322
855248,566497,13-01-2025,SESS900594,Instagram,Mobile,Website Visit,Haircare,491749
888016,566497,13-01-2025,SESS900594,Instagram,Mobile,Product View,Haircare,491749
855252,513069,07-04-2025,SESS900595,Marketplace,Mobile,Website Visit,Haircare,430394
855255,513069,07-04-2025,SESS900595,Marketplace,Mobile,Product View,Skincare,430394
888023,516932,21-05-2025,SESS900596,Instagram,Mobile,Website Visit,Haircare,
855257,516932,21-05-2025,SESS900596,Instagram,Mobile,Product View,Haircare,
888029,516932,21-05-2025,SESS900596,Instagram,Mobile,Add to Cart,Haircare,
888031,516932,21-05-2025,SESS900596,Instagram,Mobile,Checkout Started,Haircare,
888037,512978,10-10-2025,SESS900597,Offline Store,Mobile,Website Visit,Colour Cosmetics,
855269,512978,10-10-2025,SESS900597,Offline Store,Mobile,Product View,Colour Cosmetics,
822505,597973,20-08-2025,SESS900598,Organic Search,Tablet,Website Visit,Colour Cosmetics,430394
822506,597973,20-08-2025,SESS900598,Organic Search,Tablet,Product View,Colour Cosmetics,430394
822507,597973,20-08-2025,SESS900598,Organic Search,Tablet,Add to Cart,Colour Cosmetics,430394
888045,597973,20-08-2025,SESS900598,Organic Search,Tablet,Checkout Started,Skincare,430394
822512,526365,17-10-2025,SESS900599,Marketplace,Desktop,Website Visit,Colour Cosmetics,427322
888050,526365,17-10-2025,SESS900599,Marketplace,Desktop,Product View,Colour Cosmetics,427322
855287,542840,13-08-2025,SESS900600,Google,Mobile,Website Visit,Skincare,
855288,535818,13-07-2024,SESS900601,Instagram,Desktop,Website Visit,Colour Cosmetics,
855290,535818,13-07-2024,SESS900601,Instagram,Desktop,Product View,Colour Cosmetics,
855297,535818,13-07-2024,SESS900601,Instagram,Desktop,Add to Cart,Colour Cosmetics,
888066,535818,13-07-2024,SESS900601,Instagram,Desktop,Checkout Started,Colour Cosmetics,
822530,585990,06-10-2024,SESS900602,Marketplace,Mobile,Website Visit,Colour Cosmetics,403658
855303,585990,06-10-2024,SESS900602,Marketplace,Mobile,Product View,Colour Cosmetics,403658
855306,539446,28-11-2024,SESS900603,Google,Desktop,Website Visit,Skincare,480858
888079,548213,11-07-2024,SESS900604,Instagram,Mobile,Website Visit,Skincare,
855320,548213,11-07-2024,SESS900604,Instagram,Mobile,Product View,Skincare,
855324,548213,11-07-2024,SESS900604,Instagram,Mobile,Add to Cart,Skincare,
822564,548213,11-07-2024,SESS900604,Instagram,Mobile,Checkout Started,Skincare,
822565,574085,02-01-2025,SESS900605,Instagram,Desktop,Website Visit,Colour Cosmetics,
822570,574085,02-01-2025,SESS900605,Instagram,Desktop,Product View,Skincare,
888107,568146,09-11-2024,SESS900606,Google,Mobile,Website Visit,Skincare,
855340,568146,09-11-2024,SESS900606,Google,Mobile,Product View,Skincare,
855343,511836,21-06-2025,SESS900607,Influencer,Mobile,Website Visit,Haircare,
822575,511836,21-06-2025,SESS900607,Influencer,Mobile,Product View,Haircare,
888112,583748,28-01-2025,SESS900608,Influencer,Mobile,Website Visit,Colour Cosmetics,474806
822582,583748,28-01-2025,SESS900608,Influencer,Mobile,Product View,Colour Cosmetics,474806
888119,587806,17-10-2025,SESS900609,Influencer,Mobile,Website Visit,Haircare,438136
888120,587806,17-10-2025,SESS900609,Influencer,Mobile,Product View,Skincare,438136
888121,587806,17-10-2025,SESS900609,Influencer,Mobile,Add to Cart,Skincare,438136
855360,587806,17-10-2025,SESS900609,Influencer,Mobile,Checkout Started,Skincare,438136
822595,577356,05-01-2025,SESS900610,Google,Tablet,Website Visit,Skincare,422227
888133,577356,05-01-2025,SESS900610,Google,Tablet,Product View,Skincare,422227
888134,560931,04-10-2024,SESS900611,Marketplace,Mobile,Website Visit,Colour Cosmetics,492837
888139,560931,04-10-2024,SESS900611,Marketplace,Mobile,Product View,Skincare,492837
855373,586761,08-03-2024,SESS900612,Marketplace,Desktop,Website Visit,Skincare,491749
822606,586761,08-03-2024,SESS900612,Marketplace,Desktop,Product View,Skincare,491749
888144,570575,19-06-2025,SESS900613,Google,Mobile,Website Visit,Skincare,
855377,570575,19-06-2025,SESS900613,Google,Mobile,Product View,Skincare,
855382,540538,13-01-2024,SESS900614,Google,Mobile,Website Visit,Haircare,
822615,514621,27-08-2024,SESS900615,Organic Search,Desktop,Website Visit,Colour Cosmetics,
888154,514621,27-08-2024,SESS900615,Organic Search,Desktop,Product View,Haircare,
888155,578957,05-02-2024,SESS900616,Marketplace,Mobile,Website Visit,Colour Cosmetics,450092
855389,578957,05-02-2024,SESS900616,Marketplace,Mobile,Product View,Skincare,450092
888171,578957,05-02-2024,SESS900616,Marketplace,Mobile,Add to Cart,Haircare,450092
822636,534970,12-04-2025,SESS900617,Google,Mobile,Website Visit,Colour Cosmetics,425635
855406,557595,22-04-2024,SESS900618,Google,Mobile,Website Visit,Skincare,
822638,557595,22-04-2024,SESS900618,Google,Mobile,Product View,Skincare,
822643,524920,24-10-2024,SESS900619,Instagram,Desktop,Website Visit,Haircare,
855412,524920,24-10-2024,SESS900619,Instagram,Desktop,Product View,Skincare,
855414,544942,01-12-2025,SESS900620,Referral,Mobile,Website Visit,Skincare,497553
888183,518964,13-12-2025,SESS900621,Google,Desktop,Website Visit,Skincare,497553
822648,518964,13-12-2025,SESS900621,Google,Desktop,Product View,Skincare,497553
822649,518964,13-12-2025,SESS900621,Google,Desktop,Add to Cart,Skincare,497553
822650,518964,13-12-2025,SESS900621,Google,Desktop,Checkout Started,Skincare,497553
855420,518964,13-12-2025,SESS900621,Google,Desktop,Purchase,Skincare,497553
822659,529038,17-06-2025,SESS900622,Organic Search,Desktop,Website Visit,Skincare,
822663,529038,17-06-2025,SESS900622,Organic Search,Desktop,Product View,Skincare,
888206,590673,17-02-2024,SESS900623,Google,Mobile,Website Visit,Haircare,433648
822671,561925,04-10-2025,SESS900624,Google,Mobile,Website Visit,Colour Cosmetics,
888208,561925,04-10-2025,SESS900624,Google,Mobile,Product View,Colour Cosmetics,
822673,579570,02-02-2024,SESS900625,Instagram,Mobile,Website Visit,Skincare,463612
822674,579570,02-02-2024,SESS900625,Instagram,Mobile,Product View,Skincare,463612
888215,579570,02-02-2024,SESS900625,Instagram,Mobile,Add to Cart,Skincare,463612
855449,587410,26-06-2024,SESS900626,Instagram,Mobile,Website Visit,Skincare,417878
822684,576503,17-02-2024,SESS900627,Instagram,Mobile,Website Visit,Skincare,448515
855453,576503,17-02-2024,SESS900627,Instagram,Mobile,Product View,Skincare,448515
822686,571118,26-03-2025,SESS900628,Influencer,Desktop,Website Visit,Haircare,
822690,572102,30-05-2025,SESS900629,Instagram,Mobile,Website Visit,Colour Cosmetics,
822692,572102,30-05-2025,SESS900629,Instagram,Mobile,Product View,Colour Cosmetics,
888232,540687,15-04-2024,SESS900630,Influencer,Mobile,Website Visit,Skincare,
822698,540687,15-04-2024,SESS900630,Influencer,Mobile,Product View,Skincare,
888235,558153,27-07-2025,SESS900631,Organic Search,Mobile,Website Visit,Haircare,
888236,586787,03-10-2024,SESS900632,Google,Mobile,Website Visit,Colour Cosmetics,476385
822700,586787,03-10-2024,SESS900632,Google,Mobile,Product View,Colour Cosmetics,476385
822701,580120,28-06-2025,SESS900633,Google,Mobile,Website Visit,Colour Cosmetics,
888240,598032,20-07-2024,SESS900634,Instagram,Unknown,Website Visit,Colour Cosmetics,446351
888246,562493,22-04-2025,SESS900635,Instagram,Mobile,Website Visit,Skincare,437316
822713,562493,22-04-2025,SESS900635,Instagram,Mobile,Product View,Skincare,437316
888250,596832,08-07-2024,SESS900636,Organic Search,Desktop,Website Visit,Haircare,471327
822715,596832,08-07-2024,SESS900636,Organic Search,Desktop,Product View,Skincare,471327
888252,521079,28-10-2025,SESS900637,Google,Mobile,Website Visit,Colour Cosmetics,
822718,521079,28-10-2025,SESS900637,Google,Mobile,Product View,Colour Cosmetics,
822719,521079,28-10-2025,SESS900637,Google,Mobile,Add to Cart,Colour Cosmetics,
888256,521079,28-10-2025,SESS900637,Google,Mobile,Checkout Started,Colour Cosmetics,
888263,521079,28-10-2025,SESS900637,Google,Mobile,Purchase,Colour Cosmetics,
822727,548870,12-06-2024,SESS900638,Instagram,Desktop,Website Visit,Skincare,
855498,548870,12-06-2024,SESS900638,Instagram,Desktop,Product View,Skincare,
855506,568386,19-12-2025,SESS900639,Marketplace,Mobile,Website Visit,Colour Cosmetics,
855511,568386,19-12-2025,SESS900639,Marketplace,Mobile,Product View,Colour Cosmetics,
822744,540963,07-07-2025,SESS900640,Instagram,Tablet,Website Visit,Colour Cosmetics,474998
888283,540963,07-07-2025,SESS900640,Instagram,Tablet,Product View,Colour Cosmetics,474998
855516,540963,07-07-2025,SESS900640,Instagram,Tablet,Add to Cart,Colour Cosmetics,474998
888291,513006,03-02-2024,SESS900641,Instagram,Desktop,Website Visit,Colour Cosmetics,424613
855526,513006,03-02-2024,SESS900641,Instagram,Desktop,Product View,Colour Cosmetics,424613
855535,569176,23-09-2024,SESS900642,Instagram,Mobile,Website Visit,Colour Cosmetics,
888308,569176,23-09-2024,SESS900642,Instagram,Mobile,Product View,Colour Cosmetics,
888313,569176,23-09-2024,SESS900642,Instagram,Mobile,Add to Cart,Haircare,
855547,541441,12-05-2025,SESS900643,Influencer,Mobile,Website Visit,Colour Cosmetics,
888317,541441,12-05-2025,SESS900643,Influencer,Mobile,Product View,Colour Cosmetics,
855551,541441,12-05-2025,SESS900643,Influencer,Mobile,Add to Cart,Colour Cosmetics,
855554,541441,12-05-2025,SESS900643,Influencer,Mobile,Checkout Started,Colour Cosmetics,
822787,541441,12-05-2025,SESS900643,Influencer,Mobile,Purchase,Colour Cosmetics,
855556,558222,28-03-2025,SESS900644,Instagram,Desktop,Website Visit,Haircare,
855560,577993,20-05-2025,SESS900645,Organic Search,Desktop,Website Visit,Skincare,
855561,577993,20-05-2025,SESS900645,Organic Search,Desktop,Product View,Skincare,
822796,577993,20-05-2025,SESS900645,Organic Search,Desktop,Add to Cart,Skincare,
855565,599598,20-05-2025,SESS900646,Instagram,Mobile,Website Visit,Skincare,
888334,571932,03-08-2025,SESS900647,Referral,Mobile,Website Visit,Colour Cosmetics,483171
855567,571932,03-08-2025,SESS900647,Referral,Mobile,Product View,Colour Cosmetics,483171
888338,571932,03-08-2025,SESS900647,Referral,Mobile,Add to Cart,Colour Cosmetics,483171
822809,502389,13-08-2025,SESS900648,Google,Desktop,Website Visit,Skincare,457829
822811,557939,06-09-2024,SESS900649,Referral,Mobile,Website Visit,Skincare,423132
855579,532007,12-07-2024,SESS900650,Offline Store,Mobile,Website Visit,Skincare,441642
888349,532007,12-07-2024,SESS900650,Offline Store,Mobile,Product View,Skincare,441642
855583,532007,12-07-2024,SESS900650,Offline Store,Mobile,Add to Cart,Skincare,441642
888352,547576,24-12-2025,SESS900651,Organic Search,Desktop,Website Visit,Skincare,462926
822815,547576,24-12-2025,SESS900651,Organic Search,Desktop,Product View,Colour Cosmetics,462926
822820,559510,16-07-2024,SESS900652,Influencer,Tablet,Website Visit,Skincare,
855589,566698,02-12-2024,SESS900653,Google,Desktop,Website Visit,Skincare,437165
888356,566698,02-12-2024,SESS900653,Google,Desktop,Product View,Skincare,437165
855592,523509,07-11-2025,SESS900654,Google,Mobile,Website Visit,Skincare,425487
855595,526685,18-01-2025,SESS900655,Instagram,Mobile,Website Visit,Skincare,
888365,526685,18-01-2025,SESS900655,Instagram,Mobile,Product View,Skincare,
888366,526685,18-01-2025,SESS900655,Instagram,Mobile,Add to Cart,Haircare,
822829,526685,18-01-2025,SESS900655,Instagram,Mobile,Checkout Started,Skincare,
855603,576350,08-11-2025,SESS900656,Instagram,Mobile,Website Visit,Colour Cosmetics,434464
855608,586900,25-12-2025,SESS900657,Organic Search,Mobile,Website Visit,Haircare,476695
822840,538890,02-03-2024,SESS900658,Organic Search,Mobile,Website Visit,Skincare,
888381,550667,01-07-2024,SESS900659,Instagram,Mobile,Website Visit,Colour Cosmetics,
855617,550667,01-07-2024,SESS900659,Instagram,Mobile,Product View,Skincare,
855622,599973,08-08-2025,SESS900660,Organic Search,Mobile,Website Visit,Skincare,406427
888391,599973,08-08-2025,SESS900660,Organic Search,Mobile,Product View,Skincare,406427
888395,579806,10-12-2024,SESS900661,Organic Search,Tablet,Website Visit,Skincare,422227
822860,532853,21-04-2024,SESS900662,Marketplace,Desktop,Website Visit,Colour Cosmetics,420046
822863,532853,21-04-2024,SESS900662,Marketplace,Desktop,Product View,Colour Cosmetics,420046
822864,500221,07-08-2025,SESS900663,Instagram,Mobile,Website Visit,Colour Cosmetics,
855635,500221,07-08-2025,SESS900663,Instagram,Mobile,Product View,Colour Cosmetics,
888408,500221,07-08-2025,SESS900663,Instagram,Mobile,Add to Cart,Colour Cosmetics,
822873,500221,07-08-2025,SESS900663,Instagram,Mobile,Checkout Started,Colour Cosmetics,
888409,500221,07-08-2025,SESS900663,Instagram,Mobile,Purchase,Colour Cosmetics,
822875,546019,07-12-2025,SESS900664,Organic Search,Mobile,Website Visit,Skincare,473590
855644,523405,14-07-2024,SESS900665,Offline Store,Mobile,Website Visit,Skincare,497049
888411,523405,14-07-2024,SESS900665,Offline Store,Mobile,Product View,Colour Cosmetics,497049
888418,523405,14-07-2024,SESS900665,Offline Store,Mobile,Add to Cart,Colour Cosmetics,497049
822884,523405,14-07-2024,SESS900665,Offline Store,Mobile,Checkout Started,Haircare,497049
822889,575914,27-07-2025,SESS900666,Instagram,Desktop,Website Visit,Colour Cosmetics,
888428,575914,27-07-2025,SESS900666,Instagram,Desktop,Product View,Colour Cosmetics,
888429,554874,28-06-2024,SESS900667,Instagram,Mobile,Website Visit,Skincare,
855662,554874,28-06-2024,SESS900667,Instagram,Mobile,Product View,Colour Cosmetics,
822895,505383,04-11-2025,SESS900668,Google,Mobile,Website Visit,Colour Cosmetics,403719
822896,512735,29-08-2025,SESS900669,Influencer,Mobile,Website Visit,Haircare,450092
822897,512735,29-08-2025,SESS900669,Influencer,Mobile,Product View,Haircare,450092
822898,545293,21-11-2024,SESS900670,Instagram,Mobile,Website Visit,Skincare,
822900,545293,21-11-2024,SESS900670,Instagram,Mobile,Product View,Skincare,
855668,549131,02-01-2024,SESS900671,Google,Mobile,Website Visit,Colour Cosmetics,
822916,563783,18-01-2025,SESS900672,Referral,Desktop,Website Visit,Skincare,
822923,563783,18-01-2025,SESS900672,Referral,Desktop,Product View,Skincare,
888460,563783,18-01-2025,SESS900672,Referral,Desktop,Add to Cart,Skincare,
888462,503794,18-06-2024,SESS900673,Referral,Mobile,Website Visit,Skincare,
855698,503794,18-06-2024,SESS900673,Referral,Mobile,Product View,Skincare,
888468,503794,18-06-2024,SESS900673,Referral,Mobile,Add to Cart,Skincare,
822932,539651,03-05-2024,SESS900674,Organic Search,Desktop,Website Visit,Skincare,445539
888470,528255,07-07-2025,SESS900675,Influencer,Mobile,Website Visit,Haircare,495722
855702,565836,16-10-2024,SESS900676,Organic Search,Mobile,Website Visit,Colour Cosmetics,
822938,565836,16-10-2024,SESS900676,Organic Search,Mobile,Product View,Colour Cosmetics,
822940,565836,16-10-2024,SESS900676,Organic Search,Mobile,Add to Cart,Colour Cosmetics,
888482,525443,24-09-2025,SESS900677,Organic Search,Desktop,Website Visit,Skincare,473151
888486,531348,27-03-2024,SESS900678,Google,Mobile,Website Visit,Colour Cosmetics,
822951,531348,27-03-2024,SESS900678,Google,Mobile,Product View,Colour Cosmetics,
822950,531348,27-03-2024,SESS900678,Google,Mobile,Add to Cart,Colour Cosmetics,
855724,531348,27-03-2024,SESS900678,Google,Mobile,Checkout Started,Colour Cosmetics,
822965,507104,02-07-2024,SESS900679,Organic Search,Desktop,Website Visit,Haircare,
855738,507104,02-07-2024,SESS900679,Organic Search,Desktop,Product View,Skincare,
822975,592901,09-09-2024,SESS900680,Referral,Mobile,Website Visit,Haircare,
822976,553841,25-10-2025,SESS900681,Marketplace,Mobile,Website Visit,Skincare,419863
888513,532411,07-08-2025,SESS900682,Marketplace,Mobile,Website Visit,Skincare,406536
855746,532411,07-08-2025,SESS900682,Marketplace,Mobile,Product View,Skincare,406536
822986,579806,23-01-2024,SESS900683,Organic Search,Desktop,Website Visit,Skincare,
822990,501007,15-04-2024,SESS900684,Instagram,Desktop,Website Visit,Skincare,423506
822992,563156,26-04-2024,SESS900685,Google,Desktop,Website Visit,Skincare,
822995,591214,21-03-2024,SESS900686,Organic Search,Desktop,Website Visit,Skincare,
855765,556346,04-11-2024,SESS900687,Organic Search,Mobile,Website Visit,Haircare,
888534,556346,04-11-2024,SESS900687,Organic Search,Mobile,Product View,Colour Cosmetics,
888533,556346,04-11-2024,SESS900687,Organic Search,Mobile,Add to Cart,Haircare,
823001,590027,25-10-2025,SESS900688,Marketplace,Desktop,Website Visit,Haircare,
855777,590027,25-10-2025,SESS900688,Marketplace,Desktop,Product View,Haircare,
855778,590027,25-10-2025,SESS900688,Marketplace,Desktop,Add to Cart,Haircare,
823011,590027,25-10-2025,SESS900688,Marketplace,Desktop,Checkout Started,Haircare,
888549,590027,25-10-2025,SESS900688,Marketplace,Desktop,Purchase,Haircare,
888550,575456,28-07-2024,SESS900689,Instagram,Desktop,Website Visit,Haircare,
823015,550277,20-12-2025,SESS900690,Referral,Mobile,Website Visit,Skincare,490211
888553,539893,22-01-2025,SESS900691,Organic Search,Mobile,Website Visit,Colour Cosmetics,438612
855787,539893,22-01-2025,SESS900691,Organic Search,Mobile,Product View,Colour Cosmetics,438612
855791,526685,11-03-2025,SESS900692,Instagram,Mobile,Website Visit,Skincare,463442
855795,526685,11-03-2025,SESS900692,Instagram,Mobile,Product View,Haircare,463442
823030,526685,11-03-2025,SESS900692,Instagram,Mobile,Add to Cart,Skincare,463442
823032,526685,11-03-2025,SESS900692,Instagram,Mobile,Checkout Started,Skincare,463442
888571,526685,11-03-2025,SESS900692,Instagram,Mobile,Purchase,Skincare,463442
888573,535804,13-05-2024,SESS900693,Organic Search,Mobile,Website Visit,Colour Cosmetics,412905
855808,599374,18-06-2024,SESS900694,Referral,Mobile,Website Visit,Haircare,458427
823045,599374,18-06-2024,SESS900694,Referral,Mobile,Product View,Haircare,458427
823047,509632,17-01-2024,SESS900695,Influencer,Mobile,Website Visit,Colour Cosmetics,492044
855817,509632,17-01-2024,SESS900695,Influencer,Unknown,Product View,Colour Cosmetics,492044
888586,574531,23-03-2025,SESS900696,Instagram,Mobile,Website Visit,Colour Cosmetics,
888591,534600,03-03-2024,SESS900697,Instagram,Mobile,Website Visit,Skincare,
888592,564722,24-05-2024,SESS900698,Instagram,Mobile,Website Visit,Skincare,433648
823056,564722,24-05-2024,SESS900698,Instagram,Unknown,Product View,Skincare,433648
855826,559469,04-04-2024,SESS900699,Organic Search,Mobile,Website Visit,Colour Cosmetics,464028
823060,599973,03-11-2025,SESS900700,Organic Search,Desktop,Website Visit,Skincare,442205
888596,599973,03-11-2025,SESS900700,Organic Search,Desktop,Product View,Skincare,442205
823067,519358,13-05-2024,SESS900701,Offline Store,Desktop,Website Visit,Colour Cosmetics,427155
888603,519358,13-05-2024,SESS900701,Offline Store,Desktop,Product View,Colour Cosmetics,427155
888614,562070,21-02-2025,SESS900702,Instagram,Desktop,Website Visit,Skincare,481455
855846,534237,16-09-2025,SESS900703,Instagram,Mobile,Website Visit,Colour Cosmetics,440309
888616,534237,16-09-2025,SESS900703,Instagram,Mobile,Product View,Colour Cosmetics,440309
888623,519313,06-02-2024,SESS900704,Marketplace,Mobile,Website Visit,Haircare,424613
855857,519313,06-02-2024,SESS900704,Marketplace,Mobile,Product View,Haircare,424613
823090,569579,10-05-2025,SESS900705,Organic Search,Tablet,Website Visit,Skincare,433381
823092,569579,10-05-2025,SESS900705,Organic Search,Tablet,Product View,Skincare,433381
888629,569579,10-05-2025,SESS900705,Organic Search,Tablet,Add to Cart,Skincare,433381
855861,569579,10-05-2025,SESS900705,Organic Search,Tablet,Checkout Started,Skincare,433381
855864,569579,10-05-2025,SESS900705,Organic Search,Tablet,Purchase,Skincare,433381
855866,570592,01-08-2024,SESS900706,Influencer,Desktop,Website Visit,Skincare,454313
888636,570592,01-08-2024,SESS900706,Influencer,Desktop,Product View,Skincare,454313
855869,558838,20-07-2024,SESS900707,Influencer,Desktop,Website Visit,Colour Cosmetics,486701
823105,574691,21-02-2024,SESS900708,Instagram,Mobile,Website Visit,Haircare,437165
855873,574691,21-02-2024,SESS900708,Instagram,Mobile,Product View,Haircare,437165
888646,574691,21-02-2024,SESS900708,Instagram,Mobile,Add to Cart,Haircare,437165
855881,574691,21-02-2024,SESS900708,Instagram,Mobile,Checkout Started,Haircare,437165
823115,574691,21-02-2024,SESS900708,Instagram,Mobile,Purchase,Haircare,437165
888652,539618,01-01-2025,SESS900709,Influencer,Mobile,Website Visit,Haircare,427155
855887,532092,21-03-2024,SESS900710,Google,Mobile,Website Visit,Colour Cosmetics,
888655,532092,21-03-2024,SESS900710,Google,Mobile,Product View,Colour Cosmetics,
888657,535976,19-12-2024,SESS900711,Influencer,Tablet,Website Visit,Skincare,
855888,549856,25-12-2025,SESS900712,Influencer,Mobile,Website Visit,Skincare,
888660,549856,25-12-2025,SESS900712,Influencer,Mobile,Product View,Haircare,
855893,536342,23-05-2024,SESS900713,Marketplace,Mobile,Website Visit,Skincare,
823128,536342,23-05-2024,SESS900713,Marketplace,Mobile,Product View,Skincare,
823131,536342,23-05-2024,SESS900713,Marketplace,Mobile,Add to Cart,Skincare,
888668,536342,23-05-2024,SESS900713,Marketplace,Mobile,Checkout Started,Skincare,
823135,536342,23-05-2024,SESS900713,Marketplace,Mobile,Purchase,Skincare,
888674,566616,08-04-2025,SESS900714,Google,Desktop,Website Visit,Skincare,
855907,566616,08-04-2025,SESS900714,Google,Desktop,Product View,Colour Cosmetics,
855908,590357,14-05-2024,SESS900715,Organic Search,Desktop,Website Visit,Skincare,495722
888677,590357,14-05-2024,SESS900715,Organic Search,Desktop,Product View,Skincare,495722
888682,590357,14-05-2024,SESS900715,Organic Search,Desktop,Add to Cart,Skincare,495722
823146,590357,14-05-2024,SESS900715,Organic Search,Desktop,Checkout Started,Skincare,495722
888690,590357,14-05-2024,SESS900715,Organic Search,Desktop,Purchase,Haircare,495722
855927,594058,24-02-2025,SESS900716,Influencer,Mobile,Website Visit,Skincare,
823163,594058,24-02-2025,SESS900716,Influencer,Mobile,Product View,Haircare,
855931,594058,24-02-2025,SESS900716,Influencer,Mobile,Add to Cart,Skincare,
888702,581830,07-11-2024,SESS900717,Google,Mobile,Website Visit,Haircare,
855935,557560,28-12-2025,SESS900718,Instagram,Mobile,Website Visit,Skincare,497553
823167,557560,28-12-2025,SESS900718,Instagram,Mobile,Product View,Haircare,497553
855938,570261,06-03-2024,SESS900719,Google,Mobile,Website Visit,Haircare,490211
888707,570261,06-03-2024,SESS900719,Google,Mobile,Product View,Skincare,490211
823171,570261,06-03-2024,SESS900719,Google,Mobile,Add to Cart,Haircare,490211
823175,570261,06-03-2024,SESS900719,Google,Mobile,Checkout Started,Haircare,490211
823178,511226,16-10-2024,SESS900720,Google,Mobile,Website Visit,Skincare,437119
888716,511226,16-10-2024,SESS900720,Google,Mobile,Product View,Skincare,437119
855951,565570,20-01-2025,SESS900721,Influencer,Desktop,Website Visit,Colour Cosmetics,463612
823185,565570,20-01-2025,SESS900721,Influencer,Desktop,Product View,Colour Cosmetics,463612
888722,568517,01-01-2024,SESS900722,Referral,Mobile,Website Visit,Skincare,483171
823186,551049,16-07-2024,SESS900723,Organic Search,Desktop,Website Visit,Skincare,450092
888724,583611,21-03-2024,SESS900724,Google,Mobile,Website Visit,Skincare,433648
823189,583611,21-03-2024,SESS900724,Google,Mobile,Product View,Colour Cosmetics,433648
823190,508993,03-12-2024,SESS900725,Organic Search,Mobile,Website Visit,Haircare,
823191,509869,27-09-2024,SESS900726,Marketplace,Mobile,Website Visit,Colour Cosmetics,
855955,540857,14-12-2024,SESS900727,Referral,Mobile,Website Visit,Haircare,
823195,540857,14-12-2024,SESS900727,Referral,Mobile,Product View,Colour Cosmetics,
888732,575525,27-01-2025,SESS900728,Instagram,Mobile,Website Visit,Skincare,
855966,575525,27-01-2025,SESS900728,Instagram,Mobile,Product View,Skincare,
888736,532271,03-11-2025,SESS900729,Influencer,Mobile,Website Visit,Colour Cosmetics,424613
855968,576619,07-01-2025,SESS900730,Instagram,Desktop,Website Visit,Skincare,453161
888739,576619,07-01-2025,SESS900730,Instagram,Desktop,Product View,Skincare,453161
888741,576619,07-01-2025,SESS900730,Instagram,Desktop,Add to Cart,Skincare,453161
855980,576619,07-01-2025,SESS900730,Instagram,Desktop,Checkout Started,Skincare,453161
823215,576619,07-01-2025,SESS900730,Instagram,Desktop,Purchase,Skincare,453161
823219,578561,28-04-2024,SESS900731,Marketplace,Mobile,Website Visit,Skincare,476238
855988,511164,15-04-2025,SESS900732,Referral,Mobile,Website Visit,Skincare,
888760,511164,15-04-2025,SESS900732,Referral,Mobile,Product View,Colour Cosmetics,
855995,593626,20-10-2025,SESS900733,Google,Mobile,Website Visit,Colour Cosmetics,408197
823227,593626,20-10-2025,SESS900733,Google,Mobile,Product View,Colour Cosmetics,408197
823241,509508,25-06-2024,SESS900734,Organic Search,Mobile,Website Visit,Haircare,400060
888779,509508,25-06-2024,SESS900734,Organic Search,Mobile,Product View,Haircare,400060
823244,540687,23-05-2025,SESS900735,Influencer,Mobile,Website Visit,Skincare,
823245,540687,23-05-2025,SESS900735,Influencer,Mobile,Product View,Skincare,
888783,530647,08-08-2024,SESS900736,Referral,Mobile,Website Visit,Skincare,497049
856016,524931,27-02-2024,SESS900737,Instagram,Mobile,Website Visit,Haircare,420046
888789,514953,04-05-2025,SESS900738,Organic Search,Mobile,Website Visit,Skincare,497049
823254,514953,04-05-2025,SESS900738,Organic Search,Mobile,Product View,Skincare,497049
856023,575574,07-02-2024,SESS900739,Influencer,Mobile,Website Visit,Haircare,400573
823258,519194,12-04-2024,SESS900740,Instagram,Mobile,Website Visit,Haircare,484510
888794,504877,06-01-2025,SESS900741,Referral,Mobile,Website Visit,Skincare,
856028,531147,04-10-2025,SESS900742,Google,Mobile,Website Visit,Skincare,
888800,530968,21-04-2024,SESS900743,Google,Mobile,Website Visit,Skincare,408678
856033,530968,21-04-2024,SESS900743,Google,Mobile,Product View,Skincare,408678
823268,550615,07-01-2024,SESS900744,Referral,Desktop,Website Visit,Skincare,
856038,550615,07-01-2024,SESS900744,Referral,Desktop,Product View,Skincare,
888808,574364,15-03-2025,SESS900745,Offline Store,Mobile,Website Visit,Colour Cosmetics,
856047,557104,26-07-2024,SESS900746,Referral,Desktop,Website Visit,Skincare,
856051,557104,26-07-2024,SESS900746,Referral,Desktop,Product View,Skincare,
823285,557104,26-07-2024,SESS900746,Referral,Desktop,Add to Cart,Skincare,
856056,544473,04-10-2025,SESS900747,Influencer,Mobile,Website Visit,Skincare,408678
856057,544473,04-10-2025,SESS900747,Influencer,Mobile,Product View,Skincare,408678
823292,544473,04-10-2025,SESS900747,Influencer,Mobile,Add to Cart,Skincare,408678
888828,544473,04-10-2025,SESS900747,Influencer,Mobile,Checkout Started,Skincare,408678
823298,544473,04-10-2025,SESS900747,Influencer,Mobile,Purchase,Skincare,408678
823302,590357,15-02-2024,SESS900748,Organic Search,Mobile,Website Visit,Colour Cosmetics,
856078,548434,16-06-2024,SESS900749,Google,Desktop,Website Visit,Haircare,
856081,548434,16-06-2024,SESS900749,Google,Desktop,Product View,Haircare,
823315,529643,22-09-2024,SESS900750,Google,Desktop,Website Visit,Skincare,430634
856084,529643,22-09-2024,SESS900750,Google,Desktop,Product View,Colour Cosmetics,430634
856083,505224,02-03-2025,SESS900751,Referral,Mobile,Website Visit,Skincare,400060
888853,505224,02-03-2025,SESS900751,Referral,Mobile,Product View,Haircare,400060
823321,548393,10-05-2024,SESS900752,Instagram,Mobile,Website Visit,Colour Cosmetics,
823322,576099,23-12-2025,SESS900753,Google,Desktop,Website Visit,Haircare,444911
856090,576099,23-12-2025,SESS900753,Google,Desktop,Product View,Skincare,444911
856091,576099,23-12-2025,SESS900753,Google,Desktop,Add to Cart,Colour Cosmetics,444911
888863,576099,23-12-2025,SESS900753,Google,Desktop,Checkout Started,Skincare,444911
856101,548870,08-03-2025,SESS900754,Instagram,Desktop,Website Visit,Skincare,406900
856119,540306,27-01-2024,SESS900755,Instagram,Mobile,Website Visit,Colour Cosmetics,
856124,558743,04-05-2025,SESS900756,Marketplace,Desktop,Website Visit,Skincare,442004
823358,558743,04-05-2025,SESS900756,Marketplace,Desktop,Product View,Skincare,442004
823363,544791,18-01-2024,SESS900757,Organic Search,Mobile,Website Visit,Skincare,446648
823365,509171,28-04-2024,SESS900758,Offline Store,Desktop,Website Visit,Haircare,430394
823369,554287,10-01-2024,SESS900759,Instagram,Mobile,Website Visit,Haircare,420046
823370,518449,16-11-2025,SESS900760,Google,Mobile,Website Visit,Skincare,445210
856144,518449,16-11-2025,SESS900760,Google,Mobile,Product View,Skincare,445210
856149,572641,29-01-2025,SESS900761,Instagram,Mobile,Website Visit,Haircare,447990
888917,594329,10-11-2024,SESS900762,Instagram,Unknown,Website Visit,Skincare,
823382,594329,10-11-2024,SESS900762,Instagram,Mobile,Product View,Skincare,
888920,587819,06-03-2024,SESS900763,Organic Search,Desktop,Website Visit,Haircare,433648
823385,557749,25-08-2025,SESS900764,Google,Desktop,Website Visit,Colour Cosmetics,479647
823391,557749,25-08-2025,SESS900764,Google,Desktop,Product View,Colour Cosmetics,479647
856160,531925,29-01-2024,SESS900765,Instagram,Mobile,Website Visit,Skincare,
856163,531925,29-01-2024,SESS900765,Instagram,Mobile,Product View,Skincare,
823396,528760,17-03-2024,SESS900766,Influencer,Desktop,Website Visit,Skincare,466062
823397,555496,10-04-2024,SESS900767,Offline Store,Mobile,Website Visit,Skincare,411691
823398,555496,10-04-2024,SESS900767,Offline Store,Mobile,Product View,Skincare,411691
888935,555496,10-04-2024,SESS900767,Offline Store,Mobile,Add to Cart,Skincare,411691
823403,555496,10-04-2024,SESS900767,Offline Store,Mobile,Checkout Started,Skincare,411691
823405,570592,14-01-2024,SESS900768,Influencer,Mobile,Website Visit,Skincare,492273
856174,570592,14-01-2024,SESS900768,Influencer,Mobile,Product View,Skincare,492273
823410,570592,14-01-2024,SESS900768,Influencer,Mobile,Add to Cart,Colour Cosmetics,492273
856180,540966,27-11-2025,SESS900769,Instagram,Tablet,Website Visit,Skincare,
823414,540966,27-11-2025,SESS900769,Instagram,Tablet,Product View,Skincare,
888953,542906,24-02-2024,SESS900770,Instagram,Mobile,Website Visit,Skincare,437316
823421,542906,24-02-2024,SESS900770,Instagram,Mobile,Product View,Skincare,437316
823426,535325,05-07-2025,SESS900771,Marketplace,Mobile,Website Visit,Haircare,
856195,535325,05-07-2025,SESS900771,Marketplace,Mobile,Product View,Haircare,
888963,535325,05-07-2025,SESS900771,Marketplace,Mobile,Add to Cart,Haircare,
888962,597609,26-09-2024,SESS900772,Referral,Desktop,Website Visit,Haircare,
856200,519340,24-09-2025,SESS900773,Instagram,Mobile,Website Visit,Colour Cosmetics,490993
823433,523788,26-07-2024,SESS900774,Google,Mobile,Website Visit,Haircare,
856203,558222,26-11-2024,SESS900775,Instagram,Mobile,Website Visit,Skincare,471307
856207,558222,26-11-2024,SESS900775,Instagram,Mobile,Product View,Skincare,471307
888975,520517,17-10-2025,SESS900776,Instagram,Desktop,Website Visit,Colour Cosmetics,454313
888979,592141,15-02-2025,SESS900777,Influencer,Mobile,Website Visit,Colour Cosmetics,444911
823444,592141,15-02-2025,SESS900777,Influencer,Mobile,Product View,Colour Cosmetics,444911
823445,572512,26-03-2024,SESS900778,Google,Mobile,Website Visit,Haircare,462926
856212,572512,26-03-2024,SESS900778,Google,Mobile,Product View,Colour Cosmetics,462926
823450,572512,26-03-2024,SESS900778,Google,Mobile,Add to Cart,Colour Cosmetics,462926
888990,572512,26-03-2024,SESS900778,Google,Mobile,Checkout Started,Haircare,462926
856225,507104,09-02-2025,SESS900779,Organic Search,Mobile,Website Visit,Skincare,
823460,507104,09-02-2025,SESS900779,Organic Search,Mobile,Product View,Skincare,
888997,537606,09-10-2025,SESS900780,Influencer,Mobile,Website Visit,Colour Cosmetics,
889001,537606,09-10-2025,SESS900780,Influencer,Mobile,Product View,Colour Cosmetics,
856235,572340,03-10-2024,SESS900781,Instagram,Desktop,Website Visit,Colour Cosmetics,457829
889003,572340,03-10-2024,SESS900781,Instagram,Desktop,Product View,Skincare,457829
823469,587153,18-02-2025,SESS900782,Instagram,Desktop,Website Visit,Colour Cosmetics,473590
856239,581006,02-09-2024,SESS900783,Instagram,Mobile,Website Visit,Skincare,463919
889009,561261,26-06-2024,SESS900784,Google,Mobile,Website Visit,Colour Cosmetics,485381
856244,561261,26-06-2024,SESS900784,Google,Mobile,Product View,Skincare,485381
823482,561261,26-06-2024,SESS900784,Google,Mobile,Add to Cart,Skincare,485381
823490,561261,26-06-2024,SESS900784,Google,Mobile,Checkout Started,Skincare,485381
856263,561261,26-06-2024,SESS900784,Google,Mobile,Purchase,Skincare,485381
856264,598167,16-05-2024,SESS900785,Google,Mobile,Website Visit,Skincare,
856266,598167,16-05-2024,SESS900785,Google,Mobile,Product View,Skincare,
889036,598167,16-05-2024,SESS900785,Google,Mobile,Add to Cart,Skincare,
889040,509329,01-12-2024,SESS900786,Instagram,Mobile,Website Visit,Haircare,
823508,509329,01-12-2024,SESS900786,Instagram,Mobile,Product View,Colour Cosmetics,
856284,568146,21-08-2025,SESS900787,Google,Mobile,Website Visit,Skincare,
823518,568146,21-08-2025,SESS900787,Google,Mobile,Product View,Haircare,
823519,515814,16-07-2025,SESS900788,Organic Search,Mobile,Website Visit,Skincare,
856286,515814,16-07-2025,SESS900788,Organic Search,Mobile,Product View,Skincare,
889054,515814,16-07-2025,SESS900788,Organic Search,Mobile,Add to Cart,Skincare,
823523,515814,16-07-2025,SESS900788,Organic Search,Mobile,Checkout Started,Colour Cosmetics,
823525,509329,20-02-2025,SESS900789,Instagram,Desktop,Website Visit,Haircare,
856295,513176,27-10-2025,SESS900790,Offline Store,Mobile,Website Visit,Skincare,
823528,513176,27-10-2025,SESS900790,Offline Store,Mobile,Product View,Skincare,
856299,536002,24-03-2024,SESS900791,Organic Search,Desktop,Website Visit,Skincare,481455
823532,536002,24-03-2024,SESS900791,Organic Search,Desktop,Product View,Skincare,481455
823533,536002,24-03-2024,SESS900791,Organic Search,Desktop,Add to Cart,Skincare,481455
889067,536002,24-03-2024,SESS900791,Organic Search,Desktop,Checkout Started,Skincare,481455
856304,536002,24-03-2024,SESS900791,Organic Search,Desktop,Purchase,Skincare,481455
823540,558743,30-05-2025,SESS900792,Marketplace,Mobile,Website Visit,Skincare,453495
856309,518320,09-07-2025,SESS900793,Instagram,Mobile,Website Visit,Skincare,445539
856313,518320,09-07-2025,SESS900793,Instagram,Mobile,Product View,Skincare,445539
856315,518320,09-07-2025,SESS900793,Instagram,Mobile,Add to Cart,Skincare,445539
889088,546129,14-02-2024,SESS900794,Referral,Mobile,Website Visit,Haircare,448515
823553,546129,14-02-2024,SESS900794,Referral,Mobile,Product View,Haircare,448515
889089,511164,08-10-2024,SESS900795,Referral,Mobile,Website Visit,Haircare,476385
889091,511164,08-10-2024,SESS900795,Referral,Mobile,Product View,Skincare,476385
856336,586057,06-11-2025,SESS900796,Instagram,Desktop,Website Visit,Skincare,463122
889113,578222,21-08-2025,SESS900797,Google,Mobile,Website Visit,Colour Cosmetics,405867
889114,542823,10-10-2025,SESS900798,Google,Mobile,Website Visit,Colour Cosmetics,485929
823580,542823,10-10-2025,SESS900798,Google,Mobile,Product View,Colour Cosmetics,485929
823582,514029,28-11-2025,SESS900799,Google,Desktop,Website Visit,Colour Cosmetics,
889118,514534,09-05-2025,SESS900800,Google,Mobile,Website Visit,Skincare,435644
856355,514534,09-05-2025,SESS900800,Google,Mobile,Product View,Skincare,435644
823596,514534,09-05-2025,SESS900800,Google,Mobile,Add to Cart,Skincare,435644
823602,514534,09-05-2025,SESS900800,Google,Mobile,Checkout Started,Skincare,435644
856372,514534,09-05-2025,SESS900800,Google,Mobile,Purchase,Skincare,435644
889142,594203,08-04-2025,SESS900801,Google,Mobile,Website Visit,Haircare,
889148,594203,08-04-2025,SESS900801,Google,Mobile,Product View,Skincare,
856383,561213,15-12-2024,SESS900802,Instagram,Mobile,Website Visit,Colour Cosmetics,474998
856387,561213,15-12-2024,SESS900802,Instagram,Mobile,Product View,Colour Cosmetics,474998
823620,561213,15-12-2024,SESS900802,Instagram,Mobile,Add to Cart,Colour Cosmetics,474998
889157,596832,11-12-2024,SESS900803,Organic Search,Mobile,Website Visit,Skincare,
889165,596832,11-12-2024,SESS900803,Organic Search,Mobile,Product View,Skincare,
889166,557640,05-05-2025,SESS900804,Instagram,Mobile,Website Visit,Skincare,
856397,557640,05-05-2025,SESS900804,Instagram,Mobile,Product View,Skincare,
889171,518320,15-02-2024,SESS900805,Instagram,Mobile,Website Visit,Skincare,407184
889174,530539,27-08-2025,SESS900806,Marketplace,Desktop,Website Visit,Colour Cosmetics,
889175,530539,27-08-2025,SESS900806,Marketplace,Desktop,Product View,Colour Cosmetics,
856415,530539,27-08-2025,SESS900806,Marketplace,Desktop,Add to Cart,Colour Cosmetics,
889184,561213,11-03-2025,SESS900807,Instagram,Mobile,Website Visit,Skincare,
889186,518191,24-04-2025,SESS900808,Influencer,Desktop,Website Visit,Skincare,476385
823651,518191,24-04-2025,SESS900808,Influencer,Desktop,Product View,Skincare,476385
823650,537938,27-08-2025,SESS900809,Organic Search,Mobile,Website Visit,Colour Cosmetics,
856421,537938,27-08-2025,SESS900809,Organic Search,Mobile,Product View,Colour Cosmetics,
823654,534814,10-01-2024,SESS900810,Google,Mobile,Website Visit,Haircare,
889191,534814,10-01-2024,SESS900810,Google,Mobile,Product View,Skincare,
823659,536666,02-09-2024,SESS900811,Instagram,Mobile,Website Visit,Skincare,
889197,526896,25-10-2024,SESS900812,Influencer,Mobile,Website Visit,Haircare,
823663,526896,25-10-2024,SESS900812,Influencer,Mobile,Product View,Haircare,
823664,526896,25-10-2024,SESS900812,Influencer,Mobile,Add to Cart,Haircare,
823665,525415,10-06-2025,SESS900813,Influencer,Mobile,Website Visit,Colour Cosmetics,
889206,572603,10-08-2024,SESS900814,Influencer,Tablet,Website Visit,Haircare,
856443,572603,10-08-2024,SESS900814,Influencer,Tablet,Product View,Haircare,
823676,527235,06-12-2025,SESS900815,Offline Store,Desktop,Website Visit,Skincare,454313
856444,527235,06-12-2025,SESS900815,Offline Store,Desktop,Product View,Colour Cosmetics,454313
823681,518894,21-07-2025,SESS900816,Influencer,Mobile,Website Visit,Colour Cosmetics,446648
889219,557640,13-11-2024,SESS900817,Instagram,Mobile,Website Visit,Skincare,424613
889220,557640,13-11-2024,SESS900817,Instagram,Mobile,Product View,Skincare,424613
823683,557640,13-11-2024,SESS900817,Instagram,Mobile,Add to Cart,Skincare,424613
823692,557640,13-11-2024,SESS900817,Instagram,Mobile,Checkout Started,Skincare,424613
856462,557640,13-11-2024,SESS900817,Instagram,Mobile,Purchase,Skincare,424613
889234,517601,08-08-2025,SESS900818,Organic Search,Desktop,Website Visit,Skincare,431861
889241,517601,08-08-2025,SESS900818,Organic Search,Desktop,Product View,Skincare,431861
856480,586563,20-12-2024,SESS900819,Influencer,Mobile,Website Visit,Skincare,406955
823713,533550,13-02-2025,SESS900820,Instagram,Desktop,Website Visit,Colour Cosmetics,
889250,508392,08-03-2024,SESS900821,Instagram,Mobile,Website Visit,Skincare,481006
823716,508392,08-03-2024,SESS900821,Instagram,Mobile,Product View,Skincare,481006
889253,515866,23-09-2024,SESS900822,Organic Search,Desktop,Website Visit,Skincare,473870
856488,515866,23-09-2024,SESS900822,Organic Search,Desktop,Product View,Skincare,473870
823721,515866,23-09-2024,SESS900822,Organic Search,Desktop,Add to Cart,Haircare,473870
823724,532742,31-01-2024,SESS900823,Offline Store,Tablet,Website Visit,Skincare,449380
823726,561462,25-02-2025,SESS900824,Google,Mobile,Website Visit,Colour Cosmetics,
889263,561462,25-02-2025,SESS900824,Google,Mobile,Product View,Skincare,
889264,509862,14-12-2024,SESS900825,Referral,Mobile,Website Visit,Skincare,
856497,504288,19-05-2025,SESS900826,Organic Search,Mobile,Website Visit,Colour Cosmetics,473590
889271,518449,09-12-2024,SESS900827,Google,Mobile,Website Visit,Skincare,437316
856505,518449,09-12-2024,SESS900827,Google,Mobile,Product View,Colour Cosmetics,437316
856506,519773,29-01-2024,SESS900828,Referral,Mobile,Website Visit,Skincare,405392
856507,519773,29-01-2024,SESS900828,Referral,Mobile,Product View,Skincare,405392
823741,541770,10-10-2024,SESS900829,Organic Search,Mobile,Website Visit,Skincare,412905
856509,541770,10-10-2024,SESS900829,Organic Search,Mobile,Product View,Skincare,412905
823746,587881,03-06-2025,SESS900830,Referral,Unknown,Website Visit,Haircare,
856519,587881,03-06-2025,SESS900830,Referral,Mobile,Product View,Haircare,
823756,528477,22-12-2024,SESS900831,Marketplace,Mobile,Website Visit,Skincare,467288
889294,528477,22-12-2024,SESS900831,Marketplace,Mobile,Product View,Skincare,467288
856527,592435,05-03-2025,SESS900832,Google,Desktop,Website Visit,Skincare,
856530,570010,29-06-2025,SESS900833,Organic Search,Mobile,Website Visit,Colour Cosmetics,
823764,570010,29-06-2025,SESS900833,Organic Search,Mobile,Product View,Colour Cosmetics,
889301,570010,29-06-2025,SESS900833,Organic Search,Mobile,Add to Cart,Colour Cosmetics,
856537,570010,29-06-2025,SESS900833,Organic Search,Mobile,Checkout Started,Skincare,
823770,570010,29-06-2025,SESS900833,Organic Search,Mobile,Purchase,Colour Cosmetics,
856542,557898,21-01-2024,SESS900834,Instagram,Desktop,Website Visit,Colour Cosmetics,444911
823774,557898,21-01-2024,SESS900834,Instagram,Desktop,Product View,Skincare,444911
889315,557898,21-01-2024,SESS900834,Instagram,Desktop,Add to Cart,Colour Cosmetics,444911
889322,557377,16-05-2025,SESS900835,Instagram,Mobile,Website Visit,Haircare,
823789,509602,10-04-2024,SESS900836,Google,Mobile,Website Visit,Colour Cosmetics,417878
823800,509602,10-04-2024,SESS900836,Google,Mobile,Product View,Haircare,417878
889340,591289,01-04-2025,SESS900837,Google,Mobile,Website Visit,Colour Cosmetics,
889341,591289,01-04-2025,SESS900837,Google,Mobile,Product View,Colour Cosmetics,
856572,514371,28-03-2025,SESS900838,Google,Desktop,Website Visit,Colour Cosmetics,471307
856575,514371,28-03-2025,SESS900838,Google,Desktop,Product View,Skincare,471307
823806,522838,22-07-2024,SESS900839,Instagram,Mobile,Website Visit,Skincare,423506
856577,522838,22-07-2024,SESS900839,Instagram,Mobile,Product View,Skincare,423506
823811,562277,07-06-2025,SESS900840,Instagram,Mobile,Website Visit,Skincare,
856580,562277,07-06-2025,SESS900840,Instagram,Mobile,Product View,Colour Cosmetics,
889351,562277,07-06-2025,SESS900840,Instagram,Mobile,Add to Cart,Colour Cosmetics,
889355,562277,07-06-2025,SESS900840,Instagram,Mobile,Checkout Started,Colour Cosmetics,
823820,549857,30-12-2025,SESS900841,Referral,Mobile,Website Visit,Skincare,
856590,549857,30-12-2025,SESS900841,Referral,Mobile,Product View,Skincare,
856593,586363,15-11-2025,SESS900842,Organic Search,Desktop,Website Visit,Colour Cosmetics,412277
889371,513833,09-07-2025,SESS900843,Marketplace,Desktop,Website Visit,Skincare,
856606,505952,05-08-2024,SESS900844,Marketplace,Mobile,Website Visit,Skincare,484510
856612,555296,05-06-2025,SESS900845,Referral,Mobile,Website Visit,Colour Cosmetics,
889382,555296,05-06-2025,SESS900845,Referral,Mobile,Product View,Colour Cosmetics,
823848,555296,05-06-2025,SESS900845,Referral,Mobile,Add to Cart,Colour Cosmetics,
856620,555296,05-06-2025,SESS900845,Referral,Mobile,Checkout Started,Colour Cosmetics,
856621,555296,05-06-2025,SESS900845,Referral,Mobile,Purchase,Colour Cosmetics,
889389,513566,01-02-2025,SESS900846,Influencer,Mobile,Website Visit,Skincare,
823862,513566,01-02-2025,SESS900846,Influencer,Mobile,Product View,Skincare,
856636,597370,23-02-2025,SESS900847,Marketplace,Mobile,Website Visit,Colour Cosmetics,481455
889406,597370,23-02-2025,SESS900847,Marketplace,Mobile,Product View,Colour Cosmetics,481455
889407,568021,28-08-2025,SESS900848,Instagram,Mobile,Website Visit,Colour Cosmetics,
823874,570381,23-07-2024,SESS900849,Marketplace,Tablet,Website Visit,Colour Cosmetics,
889411,570381,23-07-2024,SESS900849,Marketplace,Tablet,Product View,Colour Cosmetics,
856645,564569,23-02-2024,SESS900850,Google,Desktop,Website Visit,Skincare,474806
889413,564569,23-02-2024,SESS900850,Google,Desktop,Product View,Skincare,474806
889416,577924,02-03-2024,SESS900851,Instagram,Mobile,Website Visit,Haircare,
889419,577924,02-03-2024,SESS900851,Instagram,Mobile,Product View,Haircare,
823895,588395,31-12-2024,SESS900852,Google,Mobile,Website Visit,Skincare,
823900,543573,05-04-2024,SESS900853,Instagram,Mobile,Website Visit,Haircare,471327
856669,543573,05-04-2024,SESS900853,Instagram,Mobile,Product View,Haircare,471327
823903,543573,05-04-2024,SESS900853,Instagram,Mobile,Add to Cart,Skincare,471327
856675,548870,31-07-2025,SESS900854,Instagram,Mobile,Website Visit,Skincare,
823910,548870,31-07-2025,SESS900854,Instagram,Unknown,Product View,Skincare,
823914,548870,31-07-2025,SESS900854,Instagram,Mobile,Add to Cart,Skincare,
856682,548870,31-07-2025,SESS900854,Instagram,Mobile,Checkout Started,Skincare,
823918,548870,31-07-2025,SESS900854,Instagram,Mobile,Purchase,Skincare,
856688,545015,10-06-2024,SESS900855,Instagram,Mobile,Website Visit,Colour Cosmetics,
856689,543540,04-06-2024,SESS900856,Google,Tablet,Website Visit,Skincare,
823921,516299,09-05-2024,SESS900857,Organic Search,Mobile,Website Visit,Colour Cosmetics,
856695,516299,09-05-2024,SESS900857,Organic Search,Mobile,Product View,Colour Cosmetics,
889467,507944,05-06-2024,SESS900858,Instagram,Mobile,Website Visit,Haircare,
889468,576225,08-02-2024,SESS900859,Offline Store,Desktop,Website Visit,Colour Cosmetics,418071
823937,576225,08-02-2024,SESS900859,Offline Store,Desktop,Product View,Skincare,418071
856706,523509,14-10-2025,SESS900860,Google,Tablet,Website Visit,Skincare,422227
856707,511003,26-03-2025,SESS900861,Instagram,Tablet,Website Visit,Colour Cosmetics,
856708,511003,26-03-2025,SESS900861,Instagram,Tablet,Product View,Colour Cosmetics,
823941,514168,18-01-2025,SESS900862,Instagram,Mobile,Website Visit,Colour Cosmetics,
823951,569616,27-12-2024,SESS900863,Instagram,Mobile,Website Visit,Colour Cosmetics,474806
856720,569616,27-12-2024,SESS900863,Instagram,Mobile,Product View,Colour Cosmetics,474806
856722,557954,18-12-2025,SESS900864,Influencer,Desktop,Website Visit,Skincare,465408
856723,557954,18-12-2025,SESS900864,Influencer,Desktop,Product View,Skincare,465408
856727,557954,18-12-2025,SESS900864,Influencer,Desktop,Add to Cart,Skincare,465408
889495,557954,18-12-2025,SESS900864,Influencer,Desktop,Checkout Started,Skincare,465408
823961,568765,23-07-2025,SESS900865,Referral,Mobile,Website Visit,Haircare,446648
889508,568765,23-07-2025,SESS900865,Referral,Mobile,Product View,Skincare,446648
889509,568765,23-07-2025,SESS900865,Referral,Mobile,Add to Cart,Skincare,446648
856740,513579,13-07-2025,SESS900866,Instagram,Mobile,Website Visit,Skincare,463612
889520,531266,01-06-2025,SESS900867,Marketplace,Mobile,Website Visit,Colour Cosmetics,
889522,531266,01-06-2025,SESS900867,Marketplace,Mobile,Product View,Colour Cosmetics,
889526,544092,15-03-2025,SESS900868,Offline Store,Desktop,Website Visit,Colour Cosmetics,427604
823991,544092,15-03-2025,SESS900868,Offline Store,Desktop,Product View,Colour Cosmetics,427604
823996,560513,19-04-2025,SESS900869,Google,Desktop,Website Visit,Colour Cosmetics,466062
856770,560513,19-04-2025,SESS900869,Google,Desktop,Product View,Skincare,466062
824006,552743,10-01-2024,SESS900870,Marketplace,Desktop,Website Visit,Colour Cosmetics,
824008,559473,24-12-2025,SESS900871,Marketplace,Mobile,Website Visit,Skincare,
824009,555771,15-02-2024,SESS900872,Google,Mobile,Website Visit,Skincare,463612
856780,555771,15-02-2024,SESS900872,Google,Mobile,Product View,Skincare,463612
824013,555028,26-02-2024,SESS900873,Google,Mobile,Website Visit,Colour Cosmetics,473590
856782,555028,26-02-2024,SESS900873,Google,Mobile,Product View,Colour Cosmetics,473590
856785,551873,05-03-2024,SESS900874,Offline Store,Mobile,Website Visit,Haircare,
889557,576858,26-08-2025,SESS900875,Influencer,Mobile,Website Visit,Skincare,464819
824023,544424,10-10-2025,SESS900876,Influencer,Desktop,Website Visit,Skincare,418813
824024,548311,02-06-2025,SESS900877,Google,Mobile,Website Visit,Colour Cosmetics,473151
824025,548311,02-06-2025,SESS900877,Google,Mobile,Product View,Haircare,473151
856794,544396,08-10-2024,SESS900878,Organic Search,Mobile,Website Visit,Skincare,426192
824028,544396,08-10-2024,SESS900878,Organic Search,Mobile,Product View,Skincare,426192
889565,544396,08-10-2024,SESS900878,Organic Search,Mobile,Add to Cart,Skincare,426192
856798,504722,09-06-2024,SESS900879,Instagram,Mobile,Website Visit,Skincare,
824031,504722,09-06-2024,SESS900879,Instagram,Mobile,Product View,Skincare,
889570,504722,09-06-2024,SESS900879,Instagram,Mobile,Add to Cart,Skincare,
889573,507180,25-08-2024,SESS900880,Influencer,Mobile,Website Visit,Colour Cosmetics,441642
889574,585813,26-05-2025,SESS900881,Instagram,Mobile,Website Visit,Haircare,413440
856809,502389,27-05-2025,SESS900882,Google,Mobile,Website Visit,Skincare,453495
824041,502389,27-05-2025,SESS900882,Google,Mobile,Product View,Skincare,453495
856813,502389,27-05-2025,SESS900882,Google,Mobile,Add to Cart,Skincare,453495
889582,502389,27-05-2025,SESS900882,Google,Mobile,Checkout Started,Skincare,453495
824048,502389,27-05-2025,SESS900882,Google,Mobile,Purchase,Skincare,453495
856818,553476,11-03-2024,SESS900883,Google,Mobile,Website Visit,Colour Cosmetics,418071
856819,553476,11-03-2024,SESS900883,Google,Mobile,Product View,Colour Cosmetics,418071
889588,553476,11-03-2024,SESS900883,Google,Mobile,Add to Cart,Haircare,418071
889586,553476,11-03-2024,SESS900883,Google,Mobile,Checkout Started,Colour Cosmetics,418071
856826,553476,11-03-2024,SESS900883,Google,Mobile,Purchase,Colour Cosmetics,418071
824059,553354,24-05-2024,SESS900884,Instagram,Mobile,Website Visit,Skincare,466062
856827,507100,14-09-2025,SESS900885,Influencer,Mobile,Website Visit,Skincare,485929
856831,517038,06-08-2024,SESS900886,Referral,Mobile,Website Visit,Colour Cosmetics,
824063,517038,06-08-2024,SESS900886,Referral,Mobile,Product View,Colour Cosmetics,
824064,556148,10-06-2024,SESS900887,Marketplace,Desktop,Website Visit,Haircare,
824068,556148,10-06-2024,SESS900887,Marketplace,Desktop,Product View,Haircare,
856840,579964,09-11-2024,SESS900888,Influencer,Desktop,Website Visit,Colour Cosmetics,441642
889610,579964,09-11-2024,SESS900888,Influencer,Desktop,Product View,Colour Cosmetics,441642
856843,561069,19-10-2024,SESS900889,Google,Mobile,Website Visit,Skincare,
856844,505544,06-12-2025,SESS900890,Organic Search,Tablet,Website Visit,Colour Cosmetics,447990
889613,505544,06-12-2025,SESS900890,Organic Search,Tablet,Product View,Colour Cosmetics,447990
889611,505544,06-12-2025,SESS900890,Organic Search,Unknown,Add to Cart,Colour Cosmetics,447990
856847,548147,26-09-2025,SESS900891,Marketplace,Mobile,Website Visit,Skincare,464028
856849,576955,10-06-2024,SESS900892,Google,Desktop,Website Visit,Skincare,
889618,576955,10-06-2024,SESS900892,Google,Desktop,Product View,Skincare,
824084,550604,13-01-2024,SESS900893,Influencer,Mobile,Website Visit,Colour Cosmetics,
856856,535665,15-04-2025,SESS900894,Referral,Mobile,Website Visit,Skincare,490081
856859,519142,27-07-2024,SESS900895,Influencer,Mobile,Website Visit,Skincare,
856861,519142,27-07-2024,SESS900895,Influencer,Mobile,Product View,Colour Cosmetics,
824096,519142,27-07-2024,SESS900895,Influencer,Mobile,Add to Cart,Colour Cosmetics,
889634,519142,27-07-2024,SESS900895,Influencer,Mobile,Checkout Started,Colour Cosmetics,
889636,519142,27-07-2024,SESS900895,Influencer,Mobile,Purchase,Colour Cosmetics,
856870,597290,22-04-2025,SESS900896,Offline Store,Mobile,Website Visit,Skincare,442205
856874,558079,05-12-2025,SESS900897,Organic Search,Desktop,Website Visit,Skincare,
824107,558079,05-12-2025,SESS900897,Organic Search,Desktop,Product View,Skincare,
856878,558079,05-12-2025,SESS900897,Organic Search,Desktop,Add to Cart,Haircare,
889647,513446,16-06-2024,SESS900898,Marketplace,Desktop,Website Visit,Skincare,
824114,513446,16-06-2024,SESS900898,Marketplace,Desktop,Product View,Colour Cosmetics,
889653,578139,14-10-2025,SESS900899,Google,Desktop,Website Visit,Skincare,
824118,578139,14-10-2025,SESS900899,Google,Desktop,Product View,Skincare,
856885,562296,27-05-2024,SESS900900,Organic Search,Desktop,Website Visit,Skincare,
856890,562296,27-05-2024,SESS900900,Organic Search,Desktop,Product View,Skincare,
889661,562296,27-05-2024,SESS900900,Organic Search,Desktop,Add to Cart,Skincare,
889662,557749,18-01-2024,SESS900901,Google,Mobile,Website Visit,Colour Cosmetics,430634
889663,557749,18-01-2024,SESS900901,Google,Mobile,Product View,Haircare,430634
889665,552531,23-01-2024,SESS900902,Instagram,Desktop,Website Visit,Skincare,
856898,552531,23-01-2024,SESS900902,Instagram,Desktop,Product View,Skincare,
889669,516828,02-10-2024,SESS900903,Referral,Mobile,Website Visit,Skincare,
824134,516828,02-10-2024,SESS900903,Referral,Mobile,Product View,Colour Cosmetics,
889670,592493,17-05-2025,SESS900904,Instagram,Mobile,Website Visit,Colour Cosmetics,438136
856906,592493,17-05-2025,SESS900904,Instagram,Mobile,Product View,Colour Cosmetics,438136
824138,527607,08-08-2025,SESS900905,Influencer,Mobile,Website Visit,Skincare,
889676,527607,08-08-2025,SESS900905,Influencer,Mobile,Product View,Colour Cosmetics,
856912,531946,11-05-2025,SESS900906,Influencer,Mobile,Website Visit,Colour Cosmetics,
889681,531946,11-05-2025,SESS900906,Influencer,Mobile,Product View,Colour Cosmetics,
824149,544020,15-04-2024,SESS900907,Google,Mobile,Website Visit,Skincare,411691
824151,544020,15-04-2024,SESS900907,Google,Mobile,Product View,Skincare,411691
856921,544020,15-04-2024,SESS900907,Google,Mobile,Add to Cart,Skincare,411691
889689,557912,14-06-2024,SESS900908,Marketplace,Desktop,Website Visit,Colour Cosmetics,433648
889695,557912,14-06-2024,SESS900908,Marketplace,Desktop,Product View,Colour Cosmetics,433648
856928,557912,14-06-2024,SESS900908,Marketplace,Desktop,Add to Cart,Colour Cosmetics,433648
856930,516683,11-04-2024,SESS900909,Organic Search,Desktop,Website Visit,Haircare,434464
824162,565570,05-10-2025,SESS900910,Influencer,Mobile,Website Visit,Haircare,446351
824168,565570,05-10-2025,SESS900910,Influencer,Mobile,Product View,Haircare,446351
889707,590476,25-09-2024,SESS900911,Offline Store,Mobile,Website Visit,Skincare,438398
856941,590476,25-09-2024,SESS900911,Offline Store,Mobile,Product View,Skincare,438398
889710,585097,03-11-2025,SESS900912,Offline Store,Mobile,Website Visit,Colour Cosmetics,476238
856948,599613,06-01-2025,SESS900913,Instagram,Mobile,Website Visit,Colour Cosmetics,
824189,570807,06-03-2024,SESS900914,Instagram,Mobile,Website Visit,Skincare,496899
889728,570807,06-03-2024,SESS900914,Instagram,Mobile,Product View,Skincare,496899
889731,560305,16-06-2025,SESS900915,Organic Search,Desktop,Website Visit,Haircare,492273
856964,503552,17-04-2025,SESS900916,Marketplace,Unknown,Website Visit,Skincare,
856966,503552,17-04-2025,SESS900916,Marketplace,Mobile,Product View,Haircare,
889735,572420,18-07-2025,SESS900917,Organic Search,Desktop,Website Visit,Haircare,
856967,566317,28-12-2025,SESS900918,Referral,Mobile,Website Visit,Colour Cosmetics,
889738,566317,28-12-2025,SESS900918,Referral,Mobile,Product View,Haircare,
824202,528197,08-07-2025,SESS900919,Offline Store,Desktop,Website Visit,Haircare,446648
856972,590128,17-07-2024,SESS900920,Instagram,Mobile,Website Visit,Skincare,438398
889741,588470,21-12-2024,SESS900921,Marketplace,Mobile,Website Visit,Colour Cosmetics,
856974,522946,06-04-2024,SESS900922,Instagram,Mobile,Website Visit,Colour Cosmetics,481455
889743,522946,06-04-2024,SESS900922,Instagram,Mobile,Product View,Colour Cosmetics,481455
856976,577656,07-02-2024,SESS900923,Instagram,Mobile,Website Visit,Skincare,
856978,598848,17-06-2024,SESS900924,Offline Store,Mobile,Website Visit,Colour Cosmetics,438612
856980,598848,17-06-2024,SESS900924,Offline Store,Mobile,Product View,Colour Cosmetics,438612
824213,582306,25-06-2024,SESS900925,Google,Desktop,Website Visit,Skincare,
889750,582306,25-06-2024,SESS900925,Google,Desktop,Product View,Skincare,
856981,502552,31-12-2025,SESS900926,Google,Mobile,Website Visit,Skincare,476238
824216,538469,19-12-2025,SESS900927,Organic Search,Tablet,Website Visit,Haircare,
889752,538469,19-12-2025,SESS900927,Organic Search,Tablet,Product View,Colour Cosmetics,
856986,548434,05-01-2024,SESS900928,Google,Mobile,Website Visit,Haircare,431861
824218,548434,05-01-2024,SESS900928,Google,Mobile,Product View,Haircare,431861
856985,548434,05-01-2024,SESS900928,Google,Mobile,Add to Cart,Haircare,431861
856989,548434,05-01-2024,SESS900928,Google,Mobile,Checkout Started,Haircare,431861
856992,548434,05-01-2024,SESS900928,Google,Mobile,Purchase,Skincare,431861
856995,557176,17-03-2025,SESS900929,Referral,Mobile,Website Visit,Colour Cosmetics,483171
889764,557176,17-03-2025,SESS900929,Referral,Mobile,Product View,Colour Cosmetics,483171
889768,562616,18-08-2025,SESS900930,Google,Desktop,Website Visit,Skincare,
889769,562616,18-08-2025,SESS900930,Google,Desktop,Product View,Skincare,
824237,572264,01-03-2025,SESS900931,Offline Store,Tablet,Website Visit,Colour Cosmetics,427155
824239,572264,01-03-2025,SESS900931,Offline Store,Tablet,Product View,Colour Cosmetics,427155
824243,572264,01-03-2025,SESS900931,Offline Store,Tablet,Add to Cart,Colour Cosmetics,427155
889781,572264,01-03-2025,SESS900931,Offline Store,Tablet,Checkout Started,Colour Cosmetics,427155
889782,572264,01-03-2025,SESS900931,Offline Store,Tablet,Purchase,Colour Cosmetics,427155
824253,519142,19-04-2024,SESS900932,Influencer,Mobile,Website Visit,Skincare,
889790,529041,06-05-2025,SESS900933,Influencer,Mobile,Website Visit,Haircare,480372
824256,584607,28-07-2025,SESS900934,Referral,Mobile,Website Visit,Skincare,
889794,588381,19-06-2024,SESS900935,Influencer,Mobile,Website Visit,Skincare,446351
824261,588381,19-06-2024,SESS900935,Influencer,Mobile,Product View,Skincare,446351
889798,574691,01-03-2025,SESS900936,Instagram,Mobile,Website Visit,Haircare,495209
889799,572063,02-03-2024,SESS900937,Google,Mobile,Website Visit,Colour Cosmetics,406900
824264,505952,06-12-2024,SESS900938,Marketplace,Desktop,Website Visit,Haircare,423506
824265,505952,06-12-2024,SESS900938,Marketplace,Desktop,Product View,Skincare,423506
824262,532742,13-08-2025,SESS900939,Offline Store,Mobile,Website Visit,Skincare,477009
889803,592435,29-04-2024,SESS900940,Google,Tablet,Website Visit,Skincare,464028
857037,586646,04-10-2025,SESS900941,Influencer,Mobile,Website Visit,Skincare,499229
889809,512833,26-11-2024,SESS900942,Organic Search,Desktop,Website Visit,Skincare,453161
857041,512833,26-11-2024,SESS900942,Organic Search,Desktop,Product View,Haircare,453161
824276,529389,02-03-2024,SESS900943,Influencer,Mobile,Website Visit,Colour Cosmetics,
824280,529389,02-03-2024,SESS900943,Influencer,Mobile,Product View,Colour Cosmetics,
889820,520232,05-12-2024,SESS900944,Influencer,Mobile,Website Visit,Colour Cosmetics,474806
824285,520232,05-12-2024,SESS900944,Influencer,Mobile,Product View,Skincare,474806
889823,529816,26-08-2025,SESS900945,Organic Search,Desktop,Website Visit,Haircare,464819
824287,529816,26-08-2025,SESS900945,Organic Search,Desktop,Product View,Haircare,464819
857058,529816,26-08-2025,SESS900945,Organic Search,Desktop,Add to Cart,Colour Cosmetics,464819
824291,573526,20-04-2024,SESS900946,Organic Search,Mobile,Website Visit,Skincare,
857062,573526,20-04-2024,SESS900946,Organic Search,Mobile,Product View,Skincare,
857066,573526,20-04-2024,SESS900946,Organic Search,Mobile,Add to Cart,Skincare,
889841,573526,20-04-2024,SESS900946,Organic Search,Mobile,Checkout Started,Colour Cosmetics,
889846,573526,20-04-2024,SESS900946,Organic Search,Mobile,Purchase,Skincare,
857089,573889,13-02-2024,SESS900947,Instagram,Desktop,Website Visit,Haircare,
889859,539139,29-10-2024,SESS900948,Instagram,Desktop,Website Visit,Colour Cosmetics,433381
857093,529949,07-03-2024,SESS900949,Google,Desktop,Website Visit,Skincare,
889861,508326,03-03-2025,SESS900950,Google,Tablet,Website Visit,Skincare,
857100,590461,20-09-2025,SESS900951,Referral,Mobile,Website Visit,Haircare,
889868,590461,20-09-2025,SESS900951,Referral,Mobile,Product View,Haircare,
857109,575529,07-11-2025,SESS900952,Organic Search,Mobile,Website Visit,Skincare,
824345,575529,07-11-2025,SESS900952,Organic Search,Mobile,Product View,Skincare,
824348,507861,12-03-2024,SESS900953,Offline Store,Tablet,Website Visit,Skincare,
889885,507861,12-03-2024,SESS900953,Offline Store,Tablet,Product View,Skincare,
889884,561385,21-01-2025,SESS900954,Organic Search,Mobile,Website Visit,Colour Cosmetics,
889887,561385,21-01-2025,SESS900954,Organic Search,Mobile,Product View,Colour Cosmetics,
889889,506175,12-01-2025,SESS900955,Instagram,Mobile,Website Visit,Haircare,481006
857131,506175,12-01-2025,SESS900955,Instagram,Mobile,Product View,Haircare,481006
824368,506175,12-01-2025,SESS900955,Instagram,Mobile,Add to Cart,Haircare,481006
889905,506175,12-01-2025,SESS900955,Instagram,Mobile,Checkout Started,Colour Cosmetics,481006
824371,565715,04-01-2025,SESS900956,Marketplace,Mobile,Website Visit,Colour Cosmetics,473151
824372,541224,17-04-2025,SESS900957,Organic Search,Mobile,Website Visit,Haircare,442004
857141,541224,17-04-2025,SESS900957,Organic Search,Mobile,Product View,Colour Cosmetics,442004
824375,541224,17-04-2025,SESS900957,Organic Search,Mobile,Add to Cart,Colour Cosmetics,442004
824377,541224,17-04-2025,SESS900957,Organic Search,Mobile,Checkout Started,Colour Cosmetics,442004
824380,596835,23-12-2024,SESS900958,Influencer,Desktop,Website Visit,Colour Cosmetics,438612
889920,596835,23-12-2024,SESS900958,Influencer,Desktop,Product View,Colour Cosmetics,438612
889921,596835,23-12-2024,SESS900958,Influencer,Desktop,Add to Cart,Colour Cosmetics,438612
889923,596835,23-12-2024,SESS900958,Influencer,Desktop,Checkout Started,Colour Cosmetics,438612
824392,596835,23-12-2024,SESS900958,Influencer,Desktop,Purchase,Haircare,438612
824393,561993,28-01-2025,SESS900959,Influencer,Desktop,Website Visit,Colour Cosmetics,
824394,561993,28-01-2025,SESS900959,Influencer,Desktop,Product View,Haircare,
889931,581351,08-09-2024,SESS900960,Influencer,Desktop,Website Visit,Colour Cosmetics,488400
857164,581351,08-09-2024,SESS900960,Influencer,Desktop,Product View,Colour Cosmetics,488400
889933,581351,08-09-2024,SESS900960,Influencer,Desktop,Add to Cart,Colour Cosmetics,488400
857172,581351,08-09-2024,SESS900960,Influencer,Desktop,Checkout Started,Skincare,488400
824405,523053,25-09-2024,SESS900961,Marketplace,Desktop,Website Visit,Colour Cosmetics,484510
889945,523053,25-09-2024,SESS900961,Marketplace,Desktop,Product View,Colour Cosmetics,484510
824410,537512,09-08-2024,SESS900962,Organic Search,Desktop,Website Visit,Colour Cosmetics,
889953,537512,09-08-2024,SESS900962,Organic Search,Desktop,Product View,Colour Cosmetics,
889954,537512,09-08-2024,SESS900962,Organic Search,Desktop,Add to Cart,Haircare,
824426,511551,26-08-2024,SESS900963,Instagram,Mobile,Website Visit,Haircare,476238
857195,525313,22-03-2024,SESS900964,Instagram,Mobile,Website Visit,Colour Cosmetics,426724
857196,525313,22-03-2024,SESS900964,Instagram,Mobile,Product View,Colour Cosmetics,426724
824428,532271,12-06-2024,SESS900965,Influencer,Mobile,Website Visit,Skincare,490211
889967,584889,01-04-2024,SESS900966,Organic Search,Mobile,Website Visit,Skincare,424613
889969,584889,01-04-2024,SESS900966,Organic Search,Mobile,Product View,Colour Cosmetics,424613
824434,584889,01-04-2024,SESS900966,Organic Search,Mobile,Add to Cart,Skincare,424613
889972,584889,01-04-2024,SESS900966,Organic Search,Mobile,Checkout Started,Skincare,424613
824439,584889,01-04-2024,SESS900966,Organic Search,Mobile,Purchase,Haircare,424613
889977,531133,02-10-2025,SESS900967,Instagram,Mobile,Website Visit,Skincare,426724
857210,550615,07-07-2025,SESS900968,Referral,Desktop,Website Visit,Skincare,471327
889983,550615,07-07-2025,SESS900968,Referral,Desktop,Product View,Skincare,471327
889986,506572,15-08-2025,SESS900969,Influencer,Mobile,Website Visit,Skincare,437165
857229,506572,15-08-2025,SESS900969,Influencer,Mobile,Product View,Colour Cosmetics,437165
857231,516341,24-05-2024,SESS900970,Instagram,Mobile,Website Visit,Haircare,
890000,516341,24-05-2024,SESS900970,Instagram,Mobile,Product View,Haircare,
857232,552743,06-01-2024,SESS900971,Marketplace,Mobile,Website Visit,Haircare,
857239,552743,06-01-2024,SESS900971,Marketplace,Mobile,Product View,Skincare,
857240,577128,22-02-2025,SESS900972,Instagram,Mobile,Website Visit,Colour Cosmetics,
890010,577128,22-02-2025,SESS900972,Instagram,Mobile,Product View,Skincare,
890012,553841,03-08-2025,SESS900973,Marketplace,Mobile,Website Visit,Skincare,465408
824477,502560,13-01-2025,SESS900974,Instagram,Tablet,Website Visit,Haircare,
857246,532472,03-09-2025,SESS900975,Referral,Mobile,Website Visit,Skincare,433381
890015,532472,03-09-2025,SESS900975,Referral,Mobile,Product View,Skincare,433381
824482,565799,26-09-2024,SESS900976,Instagram,Mobile,Website Visit,Skincare,
857254,565799,26-09-2024,SESS900976,Instagram,Mobile,Product View,Skincare,
890024,565799,26-09-2024,SESS900976,Instagram,Mobile,Add to Cart,Skincare,
824489,565799,26-09-2024,SESS900976,Instagram,Mobile,Checkout Started,Skincare,
857256,506630,06-08-2025,SESS900977,Organic Search,Mobile,Website Visit,Skincare,
857259,506630,06-08-2025,SESS900977,Organic Search,Mobile,Product View,Colour Cosmetics,
890028,590794,18-07-2024,SESS900978,Organic Search,Mobile,Website Visit,Colour Cosmetics,
824493,590794,18-07-2024,SESS900978,Organic Search,Mobile,Product View,Colour Cosmetics,
857264,569827,23-06-2025,SESS900979,Google,Mobile,Website Visit,Colour Cosmetics,
824498,569827,23-06-2025,SESS900979,Google,Mobile,Product View,Colour Cosmetics,
890038,583904,21-11-2024,SESS900980,Influencer,Mobile,Website Visit,Skincare,464028
857271,583904,21-11-2024,SESS900980,Influencer,Mobile,Product View,Skincare,464028
824506,503248,27-10-2024,SESS900981,Google,Mobile,Website Visit,Skincare,
857275,526685,22-01-2025,SESS900982,Instagram,Mobile,Website Visit,Skincare,481006
857276,526685,22-01-2025,SESS900982,Instagram,Mobile,Product View,Skincare,481006
857277,507592,01-02-2024,SESS900983,Organic Search,Mobile,Website Visit,Haircare,412277
824511,507592,01-02-2024,SESS900983,Organic Search,Mobile,Product View,Skincare,412277
824513,513006,28-05-2024,SESS900984,Instagram,Mobile,Website Visit,Colour Cosmetics,
857283,513006,28-05-2024,SESS900984,Instagram,Mobile,Product View,Colour Cosmetics,
890055,587207,20-04-2024,SESS900985,Google,Mobile,Website Visit,Colour Cosmetics,
890057,585180,26-06-2024,SESS900986,Instagram,Mobile,Website Visit,Skincare,418239
824522,591905,11-03-2025,SESS900987,Referral,Mobile,Website Visit,Skincare,
857290,586159,19-05-2025,SESS900988,Referral,Desktop,Website Visit,Skincare,474998
890059,582502,01-06-2025,SESS900989,Influencer,Mobile,Website Visit,Skincare,492273
824528,570575,24-05-2024,SESS900990,Google,Mobile,Website Visit,Colour Cosmetics,427322
857297,515814,22-04-2025,SESS900991,Organic Search,Mobile,Website Visit,Skincare,453161
890069,577128,04-04-2025,SESS900992,Instagram,Mobile,Website Visit,Colour Cosmetics,
824536,577128,04-04-2025,SESS900992,Instagram,Mobile,Product View,Colour Cosmetics,
857306,577128,04-04-2025,SESS900992,Instagram,Mobile,Add to Cart,Skincare,
857310,577128,04-04-2025,SESS900992,Instagram,Mobile,Checkout Started,Colour Cosmetics,
890079,577128,04-04-2025,SESS900992,Instagram,Mobile,Purchase,Haircare,
890078,579806,25-07-2025,SESS900993,Organic Search,Mobile,Website Visit,Skincare,406536
824542,579806,25-07-2025,SESS900993,Organic Search,Mobile,Product View,Colour Cosmetics,406536
824547,558008,13-03-2024,SESS900994,Marketplace,Desktop,Website Visit,Skincare,
857316,501792,10-12-2025,SESS900995,Organic Search,Mobile,Website Visit,Colour Cosmetics,
824548,501792,10-12-2025,SESS900995,Organic Search,Mobile,Product View,Colour Cosmetics,
824551,523627,03-06-2025,SESS900996,Marketplace,Desktop,Website Visit,Skincare,407184
890089,569163,02-09-2024,SESS900997,Organic Search,Mobile,Website Visit,Skincare,
890090,569163,02-09-2024,SESS900997,Organic Search,Mobile,Product View,Colour Cosmetics,
824560,550019,15-05-2024,SESS900998,Influencer,Tablet,Website Visit,Haircare,
890102,550019,15-05-2024,SESS900998,Influencer,Tablet,Product View,Haircare,
824568,505817,10-08-2025,SESS900999,Referral,Mobile,Website Visit,Colour Cosmetics,438097
857337,515525,02-07-2025,SESS901000,Google,Desktop,Website Visit,Colour Cosmetics,433381
890105,515525,02-07-2025,SESS901000,Google,Desktop,Product View,Skincare,433381
857339,521567,20-07-2024,SESS901001,Organic Search,Mobile,Website Visit,Colour Cosmetics,405392
890109,521567,20-07-2024,SESS901001,Organic Search,Mobile,Product View,Colour Cosmetics,405392
824575,521567,20-07-2024,SESS901001,Organic Search,Mobile,Add to Cart,Colour Cosmetics,405392
890112,521567,20-07-2024,SESS901001,Organic Search,Mobile,Checkout Started,Colour Cosmetics,405392
824580,521567,20-07-2024,SESS901001,Organic Search,Mobile,Purchase,Skincare,405392
857348,558446,07-06-2025,SESS901002,Google,Mobile,Website Visit,Colour Cosmetics,458427
857354,558446,07-06-2025,SESS901002,Google,Mobile,Product View,Colour Cosmetics,458427
824587,598992,09-09-2024,SESS901003,Organic Search,Mobile,Website Visit,Skincare,447520
857358,516750,03-06-2025,SESS901004,Instagram,Desktop,Website Visit,Colour Cosmetics,489502
824592,516750,03-06-2025,SESS901004,Instagram,Desktop,Product View,Colour Cosmetics,489502
890128,516750,03-06-2025,SESS901004,Instagram,Desktop,Add to Cart,Skincare,489502
824596,540768,02-12-2025,SESS901005,Instagram,Mobile,Website Visit,Skincare,418071
857365,540768,02-12-2025,SESS901005,Instagram,Mobile,Product View,Skincare,418071
857366,540768,02-12-2025,SESS901005,Instagram,Mobile,Add to Cart,Skincare,418071
824600,503365,02-07-2024,SESS901006,Organic Search,Desktop,Website Visit,Skincare,405867
890139,503365,02-07-2024,SESS901006,Organic Search,Desktop,Product View,Skincare,405867
890140,571364,21-02-2025,SESS901007,Google,Mobile,Website Visit,Haircare,408391
824606,520280,13-11-2024,SESS901008,Influencer,Mobile,Website Visit,Skincare,
824607,536585,25-01-2025,SESS901009,Referral,Mobile,Website Visit,Skincare,474806
857381,536585,25-01-2025,SESS901009,Referral,Mobile,Product View,Skincare,474806
824613,554321,14-05-2024,SESS901010,Offline Store,Mobile,Website Visit,Skincare,433648
824616,506028,17-11-2024,SESS901011,Instagram,Mobile,Website Visit,Skincare,
824619,528183,03-02-2025,SESS901012,Influencer,Tablet,Website Visit,Skincare,407184
857387,528183,03-02-2025,SESS901012,Influencer,Tablet,Product View,Skincare,407184
857389,564923,23-09-2024,SESS901013,Marketplace,Mobile,Website Visit,Colour Cosmetics,433089
890157,564923,23-09-2024,SESS901013,Marketplace,Mobile,Product View,Colour Cosmetics,433089
890160,572848,03-02-2024,SESS901014,Google,Mobile,Website Visit,Colour Cosmetics,400573
857393,594540,16-08-2025,SESS901015,Organic Search,Mobile,Website Visit,Haircare,491749
890162,586200,30-09-2024,SESS901016,Google,Mobile,Website Visit,Skincare,
824629,586200,30-09-2024,SESS901016,Google,Mobile,Product View,Skincare,
857399,572667,16-03-2024,SESS901017,Instagram,Tablet,Website Visit,Colour Cosmetics,499229
857402,572667,16-03-2024,SESS901017,Instagram,Tablet,Product View,Colour Cosmetics,499229
857404,564332,01-04-2025,SESS901018,Influencer,Desktop,Website Visit,Skincare,403029
857406,564332,01-04-2025,SESS901018,Influencer,Desktop,Product View,Colour Cosmetics,403029
890176,590476,16-11-2025,SESS901019,Offline Store,Mobile,Website Visit,Skincare,463919
857411,544587,07-03-2024,SESS901020,Instagram,Desktop,Website Visit,Skincare,
890183,544587,07-03-2024,SESS901020,Instagram,Desktop,Product View,Haircare,
824651,571228,28-08-2025,SESS901021,Instagram,Unknown,Website Visit,Skincare,
857421,512249,28-05-2025,SESS901022,Instagram,Mobile,Website Visit,Haircare,464819
857423,512249,28-05-2025,SESS901022,Instagram,Mobile,Product View,Haircare,464819
857426,555057,22-05-2025,SESS901023,Instagram,Desktop,Website Visit,Skincare,
824659,504018,19-03-2024,SESS901024,Marketplace,Mobile,Website Visit,Colour Cosmetics,426724
890196,525995,29-12-2025,SESS901025,Instagram,Desktop,Website Visit,Skincare,483171
824666,525995,29-12-2025,SESS901025,Instagram,Desktop,Product View,Colour Cosmetics,483171
824668,524164,21-10-2024,SESS901026,Instagram,Mobile,Website Visit,Skincare,
824669,524164,21-10-2024,SESS901026,Instagram,Mobile,Product View,Skincare,
890204,524164,21-10-2024,SESS901026,Instagram,Mobile,Add to Cart,Skincare,
857440,524164,21-10-2024,SESS901026,Instagram,Mobile,Checkout Started,Skincare,
824672,524164,21-10-2024,SESS901026,Instagram,Mobile,Purchase,Haircare,
890213,585477,04-12-2024,SESS901027,Instagram,Mobile,Website Visit,Colour Cosmetics,
824677,585477,04-12-2024,SESS901027,Instagram,Mobile,Product View,Haircare,
890214,585477,04-12-2024,SESS901027,Instagram,Mobile,Add to Cart,Colour Cosmetics,
824686,585477,04-12-2024,SESS901027,Instagram,Mobile,Checkout Started,Colour Cosmetics,
890222,585477,04-12-2024,SESS901027,Instagram,Mobile,Purchase,Skincare,
857459,536265,10-07-2025,SESS901028,Marketplace,Mobile,Website Visit,Skincare,416586
857461,536265,10-07-2025,SESS901028,Marketplace,Mobile,Product View,Skincare,416586
890230,590794,20-10-2024,SESS901029,Organic Search,Mobile,Website Visit,Colour Cosmetics,411691
824697,525105,11-07-2024,SESS901030,Instagram,Mobile,Website Visit,Colour Cosmetics,
890233,598771,05-10-2024,SESS901031,Referral,Tablet,Website Visit,Colour Cosmetics,437165
824707,598771,05-10-2024,SESS901031,Referral,Tablet,Product View,Skincare,437165
890244,504722,25-11-2024,SESS901032,Instagram,Desktop,Website Visit,Skincare,
857478,504722,25-11-2024,SESS901032,Instagram,Desktop,Product View,Skincare,
857482,504722,25-11-2024,SESS901032,Instagram,Desktop,Add to Cart,Skincare,
890255,504722,25-11-2024,SESS901032,Instagram,Desktop,Checkout Started,Colour Cosmetics,
857493,504722,25-11-2024,SESS901032,Instagram,Desktop,Purchase,Skincare,
824727,530775,24-01-2025,SESS901033,Marketplace,Mobile,Website Visit,Skincare,
857497,530775,24-01-2025,SESS901033,Marketplace,Mobile,Product View,Skincare,
824732,598548,15-10-2025,SESS901034,Organic Search,Mobile,Website Visit,Colour Cosmetics,481006
890271,518035,21-07-2024,SESS901035,Instagram,Mobile,Website Visit,Skincare,477009
824736,518035,21-07-2024,SESS901035,Instagram,Mobile,Product View,Skincare,477009
824738,518035,21-07-2024,SESS901035,Instagram,Mobile,Add to Cart,Skincare,477009
890277,507355,13-09-2025,SESS901036,Influencer,Mobile,Website Visit,Skincare,
857516,507355,13-09-2025,SESS901036,Influencer,Mobile,Product View,Haircare,
824748,520232,13-11-2024,SESS901037,Influencer,Desktop,Website Visit,Colour Cosmetics,442004
857519,540668,30-11-2025,SESS901038,Referral,Mobile,Website Visit,Haircare,
857522,540668,30-11-2025,SESS901038,Referral,Mobile,Product View,Haircare,
824755,540668,30-11-2025,SESS901038,Referral,Mobile,Add to Cart,Haircare,
857524,540668,30-11-2025,SESS901038,Referral,Mobile,Checkout Started,Haircare,
824759,508993,08-03-2025,SESS901039,Organic Search,Mobile,Website Visit,Haircare,490211
824760,508993,08-03-2025,SESS901039,Organic Search,Mobile,Product View,Haircare,490211
890299,557080,07-06-2025,SESS901040,Instagram,Mobile,Website Visit,Colour Cosmetics,463122
890300,557080,07-06-2025,SESS901040,Instagram,Mobile,Product View,Colour Cosmetics,463122
857533,557080,07-06-2025,SESS901040,Instagram,Mobile,Add to Cart,Colour Cosmetics,463122
857539,557080,07-06-2025,SESS901040,Instagram,Mobile,Checkout Started,Colour Cosmetics,463122
857541,557080,07-06-2025,SESS901040,Instagram,Mobile,Purchase,Colour Cosmetics,463122
890313,585813,06-02-2025,SESS901041,Instagram,Mobile,Website Visit,Haircare,447990
857546,585813,06-02-2025,SESS901041,Instagram,Mobile,Product View,Haircare,447990
824779,585813,06-02-2025,SESS901041,Instagram,Mobile,Add to Cart,Haircare,447990
824778,585813,06-02-2025,SESS901041,Instagram,Mobile,Checkout Started,Skincare,447990
890316,575341,02-05-2025,SESS901042,Referral,Desktop,Website Visit,Colour Cosmetics,436764
890315,575341,02-05-2025,SESS901042,Referral,Desktop,Product View,Colour Cosmetics,436764
857551,575341,02-05-2025,SESS901042,Referral,Desktop,Add to Cart,Colour Cosmetics,436764
890321,575341,02-05-2025,SESS901042,Referral,Desktop,Checkout Started,Colour Cosmetics,436764
857554,575341,02-05-2025,SESS901042,Referral,Desktop,Purchase,Colour Cosmetics,436764
824786,520028,15-07-2025,SESS901043,Influencer,Mobile,Website Visit,Skincare,415565
857557,590519,12-05-2025,SESS901044,Offline Store,Mobile,Website Visit,Haircare,477009
824790,590519,12-05-2025,SESS901044,Offline Store,Mobile,Product View,Colour Cosmetics,477009
857563,553883,21-05-2025,SESS901045,Influencer,Desktop,Website Visit,Skincare,
824798,553883,21-05-2025,SESS901045,Influencer,Desktop,Product View,Skincare,
857567,588781,06-06-2024,SESS901046,Marketplace,Mobile,Website Visit,Haircare,
890338,588781,06-06-2024,SESS901046,Marketplace,Mobile,Product View,Haircare,
890341,555461,17-05-2025,SESS901047,Instagram,Mobile,Website Visit,Skincare,403029
824808,555461,17-05-2025,SESS901047,Instagram,Mobile,Product View,Skincare,403029
857576,555461,17-05-2025,SESS901047,Instagram,Mobile,Add to Cart,Skincare,403029
857578,555461,17-05-2025,SESS901047,Instagram,Mobile,Checkout Started,Skincare,403029
890350,566540,15-09-2024,SESS901048,Google,Desktop,Website Visit,Haircare,458427
857582,566540,15-09-2024,SESS901048,Google,Desktop,Product View,Skincare,458427
824817,596542,06-08-2024,SESS901049,Organic Search,Desktop,Website Visit,Colour Cosmetics,454313
890354,596542,06-08-2024,SESS901049,Organic Search,Desktop,Product View,Colour Cosmetics,454313
824822,570575,19-10-2024,SESS901050,Google,Mobile,Website Visit,Skincare,
824828,570575,19-10-2024,SESS901050,Google,Mobile,Product View,Colour Cosmetics,
824832,530162,01-06-2024,SESS901051,Instagram,Mobile,Website Visit,Colour Cosmetics,447520
857601,530162,01-06-2024,SESS901051,Instagram,Mobile,Product View,Colour Cosmetics,447520
857610,530162,01-06-2024,SESS901051,Instagram,Mobile,Add to Cart,Colour Cosmetics,447520
824842,530162,01-06-2024,SESS901051,Instagram,Mobile,Checkout Started,Haircare,447520
824845,530162,01-06-2024,SESS901051,Instagram,Mobile,Purchase,Colour Cosmetics,447520
824847,529831,02-06-2024,SESS901052,Instagram,Mobile,Website Visit,Colour Cosmetics,
890384,529831,02-06-2024,SESS901052,Instagram,Mobile,Product View,Colour Cosmetics,
857617,582213,28-12-2024,SESS901053,Marketplace,Tablet,Website Visit,Skincare,417878
824851,582213,28-12-2024,SESS901053,Marketplace,Tablet,Product View,Colour Cosmetics,417878
890387,582213,28-12-2024,SESS901053,Marketplace,Tablet,Add to Cart,Skincare,417878
890390,581006,13-12-2025,SESS901054,Instagram,Mobile,Website Visit,Skincare,439826
890395,509862,11-08-2025,SESS901055,Referral,Mobile,Website Visit,Colour Cosmetics,
824864,552184,06-11-2025,SESS901056,Offline Store,Mobile,Website Visit,Skincare,463919
890404,538890,05-09-2025,SESS901057,Organic Search,Tablet,Website Visit,Skincare,406900
857637,513970,19-05-2025,SESS901058,Google,Mobile,Website Visit,Colour Cosmetics,449380
824875,517275,21-08-2024,SESS901059,Influencer,Mobile,Website Visit,Skincare,473289
890411,517275,21-08-2024,SESS901059,Influencer,Mobile,Product View,Skincare,473289
890414,517275,21-08-2024,SESS901059,Influencer,Mobile,Add to Cart,Skincare,473289
857647,530161,12-09-2025,SESS901060,Google,Tablet,Website Visit,Haircare,454313
890416,530161,12-09-2025,SESS901060,Google,Tablet,Product View,Haircare,454313
857649,515096,09-10-2024,SESS901061,Marketplace,Tablet,Website Visit,Skincare,
824881,559186,31-08-2025,SESS901062,Google,Mobile,Website Visit,Skincare,434464
857651,559186,31-08-2025,SESS901062,Google,Mobile,Product View,Skincare,434464
824878,502560,23-10-2025,SESS901063,Instagram,Tablet,Website Visit,Skincare,447990
857653,502560,23-10-2025,SESS901063,Instagram,Tablet,Product View,Skincare,447990
857655,502560,23-10-2025,SESS901063,Instagram,Tablet,Add to Cart,Skincare,447990
890424,500464,16-09-2024,SESS901064,Referral,Mobile,Website Visit,Haircare,449380
824889,521266,15-01-2025,SESS901065,Instagram,Mobile,Website Visit,Skincare,
824888,598994,12-08-2024,SESS901066,Marketplace,Mobile,Website Visit,Skincare,438097
824892,598994,12-08-2024,SESS901066,Marketplace,Mobile,Product View,Skincare,438097
857662,589974,19-03-2024,SESS901067,Organic Search,Desktop,Website Visit,Colour Cosmetics,492044
890430,589974,19-03-2024,SESS901067,Organic Search,Desktop,Product View,Skincare,492044
824895,558991,06-03-2025,SESS901068,Instagram,Mobile,Website Visit,Haircare,405472
890433,599641,22-01-2025,SESS901069,Instagram,Mobile,Website Visit,Skincare,425635
890435,599641,22-01-2025,SESS901069,Instagram,Mobile,Product View,Skincare,425635
824900,599641,22-01-2025,SESS901069,Instagram,Mobile,Add to Cart,Skincare,425635
824902,599641,22-01-2025,SESS901069,Instagram,Mobile,Checkout Started,Skincare,425635
857673,599641,22-01-2025,SESS901069,Instagram,Mobile,Purchase,Skincare,425635
857677,519340,23-08-2024,SESS901070,Instagram,Mobile,Website Visit,Colour Cosmetics,
857678,519340,23-08-2024,SESS901070,Instagram,Mobile,Product View,Colour Cosmetics,
824912,546421,15-01-2025,SESS901071,Google,Mobile,Website Visit,Skincare,486701
890450,546421,15-01-2025,SESS901071,Google,Mobile,Product View,Skincare,486701
890455,546421,15-01-2025,SESS901071,Google,Mobile,Add to Cart,Skincare,486701
890460,561894,05-09-2024,SESS901072,Instagram,Mobile,Website Visit,Colour Cosmetics,
824926,562991,27-03-2025,SESS901073,Marketplace,Mobile,Website Visit,Haircare,433648
857695,562991,27-03-2025,SESS901073,Marketplace,Mobile,Product View,Haircare,433648
890466,536559,15-05-2024,SESS901074,Instagram,Mobile,Website Visit,Colour Cosmetics,405510
857699,536559,15-05-2024,SESS901074,Instagram,Mobile,Product View,Skincare,405510
890473,554321,07-10-2025,SESS901075,Offline Store,Desktop,Website Visit,Colour Cosmetics,462926
890475,554321,07-10-2025,SESS901075,Offline Store,Desktop,Product View,Skincare,462926
824943,553008,23-07-2025,SESS901076,Organic Search,Mobile,Website Visit,Colour Cosmetics,
857712,553008,23-07-2025,SESS901076,Organic Search,Mobile,Product View,Colour Cosmetics,
824944,598419,01-10-2025,SESS901077,Influencer,Tablet,Website Visit,Haircare,
857717,598419,01-10-2025,SESS901077,Influencer,Tablet,Product View,Colour Cosmetics,
857719,533972,01-09-2025,SESS901078,Google,Desktop,Website Visit,Colour Cosmetics,
824952,533972,01-09-2025,SESS901078,Google,Desktop,Product View,Haircare,
890487,513256,12-08-2025,SESS901079,Instagram,Mobile,Website Visit,Skincare,476695
824956,513256,12-08-2025,SESS901079,Instagram,Mobile,Product View,Skincare,476695
824960,513256,12-08-2025,SESS901079,Instagram,Mobile,Add to Cart,Skincare,476695
857729,586363,22-06-2025,SESS901080,Organic Search,Desktop,Website Visit,Skincare,471327
824966,586363,22-06-2025,SESS901080,Organic Search,Desktop,Product View,Skincare,471327
890508,586363,22-06-2025,SESS901080,Organic Search,Desktop,Add to Cart,Skincare,471327
824973,586363,22-06-2025,SESS901080,Organic Search,Desktop,Checkout Started,Skincare,471327
890514,586363,22-06-2025,SESS901080,Organic Search,Desktop,Purchase,Skincare,471327
890515,575525,01-02-2025,SESS901081,Instagram,Tablet,Website Visit,Haircare,
857749,575525,01-02-2025,SESS901081,Instagram,Tablet,Product View,Haircare,
857750,575525,01-02-2025,SESS901081,Instagram,Tablet,Add to Cart,Skincare,
890522,575525,01-02-2025,SESS901081,Instagram,Tablet,Checkout Started,Skincare,
857755,516505,14-01-2024,SESS901082,Influencer,Mobile,Website Visit,Skincare,
857757,516505,14-01-2024,SESS901082,Influencer,Mobile,Product View,Haircare,
857758,509838,05-02-2025,SESS901083,Referral,Desktop,Website Visit,Skincare,
824991,537268,08-11-2025,SESS901084,Google,Mobile,Website Visit,Colour Cosmetics,
857760,539251,23-04-2024,SESS901085,Referral,Desktop,Website Visit,Haircare,
890527,532662,29-01-2025,SESS901086,Google,Mobile,Website Visit,Skincare,490211
824994,548655,15-09-2024,SESS901087,Organic Search,Mobile,Website Visit,Colour Cosmetics,
825001,548655,15-09-2024,SESS901087,Organic Search,Unknown,Product View,Colour Cosmetics,
857770,553845,18-01-2025,SESS901088,Influencer,Mobile,Website Visit,Colour Cosmetics,
857771,553845,18-01-2025,SESS901088,Influencer,Mobile,Product View,Colour Cosmetics,
825008,553845,18-01-2025,SESS901088,Influencer,Mobile,Add to Cart,Colour Cosmetics,
857777,553845,18-01-2025,SESS901088,Influencer,Mobile,Checkout Started,Colour Cosmetics,
890545,553845,18-01-2025,SESS901088,Influencer,Mobile,Purchase,Colour Cosmetics,
890544,544725,11-02-2024,SESS901089,Influencer,Mobile,Website Visit,Haircare,
825010,541467,28-06-2025,SESS901090,Organic Search,Mobile,Website Visit,Skincare,405392
825014,514918,23-03-2024,SESS901091,Instagram,Mobile,Website Visit,Haircare,406536
825021,514918,23-03-2024,SESS901091,Instagram,Mobile,Product View,Skincare,406536
890560,560521,22-01-2024,SESS901092,Instagram,Mobile,Website Visit,Skincare,
890562,560521,22-01-2024,SESS901092,Instagram,Mobile,Product View,Skincare,
857798,576931,13-04-2024,SESS901093,Instagram,Mobile,Website Visit,Skincare,
857799,576931,13-04-2024,SESS901093,Instagram,Mobile,Product View,Haircare,
825032,576931,13-04-2024,SESS901093,Instagram,Mobile,Add to Cart,Skincare,
857805,519313,28-05-2024,SESS901094,Marketplace,Mobile,Website Visit,Haircare,430634
825038,519313,28-05-2024,SESS901094,Marketplace,Mobile,Product View,Haircare,430634
890577,519313,28-05-2024,SESS901094,Marketplace,Mobile,Add to Cart,Colour Cosmetics,430634
890579,519313,28-05-2024,SESS901094,Marketplace,Mobile,Checkout Started,Haircare,430634
825044,519313,28-05-2024,SESS901094,Marketplace,Mobile,Purchase,Haircare,430634
825047,578561,28-06-2025,SESS901095,Marketplace,Mobile,Website Visit,Skincare,405510
890588,515012,17-10-2025,SESS901096,Google,Desktop,Website Visit,Haircare,403658
857822,515012,17-10-2025,SESS901096,Google,Desktop,Product View,Haircare,403658
825056,583746,18-02-2024,SESS901097,Influencer,Mobile,Website Visit,Colour Cosmetics,
825058,529466,05-11-2024,SESS901098,Influencer,Desktop,Website Visit,Colour Cosmetics,
890596,529466,05-11-2024,SESS901098,Influencer,Desktop,Product View,Colour Cosmetics,
890598,529466,05-11-2024,SESS901098,Influencer,Desktop,Add to Cart,Colour Cosmetics,
825064,529466,05-11-2024,SESS901098,Influencer,Desktop,Checkout Started,Colour Cosmetics,
857832,534741,19-02-2025,SESS901099,Instagram,Mobile,Website Visit,Colour Cosmetics,
857833,506175,15-04-2024,SESS901100,Instagram,Mobile,Website Visit,Haircare,
825069,590422,08-12-2024,SESS901101,Influencer,Desktop,Website Visit,Skincare,492837
857840,502389,26-12-2025,SESS901102,Google,Mobile,Website Visit,Skincare,
890609,590812,27-01-2025,SESS901103,Influencer,Mobile,Website Visit,Skincare,497553
890610,590812,27-01-2025,SESS901103,Influencer,Mobile,Product View,Colour Cosmetics,497553
857843,500464,11-12-2025,SESS901104,Referral,Mobile,Website Visit,Haircare,426724
825076,500464,11-12-2025,SESS901104,Referral,Mobile,Product View,Skincare,426724
857844,500464,11-12-2025,SESS901104,Referral,Mobile,Add to Cart,Colour Cosmetics,426724
825082,550422,16-01-2025,SESS901105,Google,Tablet,Website Visit,Colour Cosmetics,432195
890622,537072,22-09-2024,SESS901106,Organic Search,Mobile,Website Visit,Skincare,410081
857855,557240,12-11-2025,SESS901107,Instagram,Mobile,Website Visit,Skincare,
890625,583283,07-08-2024,SESS901108,Organic Search,Mobile,Website Visit,Colour Cosmetics,
825091,559186,11-02-2025,SESS901109,Google,Mobile,Website Visit,Skincare,426724
825094,559186,11-02-2025,SESS901109,Google,Mobile,Product View,Skincare,426724
825095,591235,27-01-2025,SESS901110,Google,Mobile,Website Visit,Skincare,445539
857867,591235,27-01-2025,SESS901110,Google,Mobile,Product View,Skincare,445539
899953,591235,27-01-2025,SESS901110,Google,Mobile,Add to Cart,Colour Cosmetics,445539
825107,591235,27-01-2025,SESS901110,Google,Mobile,Checkout Started,Skincare,445539
857879,591235,27-01-2025,SESS901110,Google,Mobile,Purchase,Skincare,445539
890647,530162,06-09-2025,SESS901111,Instagram,Mobile,Website Visit,Skincare,467288
825112,588895,09-06-2025,SESS901112,Google,Tablet,Website Visit,Skincare,
857883,588895,09-06-2025,SESS901112,Google,Tablet,Product View,Skincare,
857884,521174,22-07-2025,SESS901113,Google,Mobile,Website Visit,Skincare,427322
890656,555936,25-08-2024,SESS901114,Organic Search,Mobile,Website Visit,Colour Cosmetics,
857894,555936,25-08-2024,SESS901114,Organic Search,Mobile,Product View,Skincare,
857898,555936,25-08-2024,SESS901114,Organic Search,Mobile,Add to Cart,Haircare,
825134,555936,25-08-2024,SESS901114,Organic Search,Mobile,Checkout Started,Skincare,
857903,555936,25-08-2024,SESS901114,Organic Search,Mobile,Purchase,Skincare,
890676,588117,18-01-2024,SESS901115,Google,Mobile,Website Visit,Colour Cosmetics,480372
890684,530595,24-05-2024,SESS901116,Google,Desktop,Website Visit,Haircare,464028
825148,530595,24-05-2024,SESS901116,Google,Desktop,Product View,Haircare,464028
890686,530595,24-05-2024,SESS901116,Google,Desktop,Add to Cart,Haircare,464028
890688,530595,24-05-2024,SESS901116,Google,Desktop,Checkout Started,Haircare,464028
857921,530595,24-05-2024,SESS901116,Google,Desktop,Purchase,Haircare,464028
857924,560637,03-06-2024,SESS901117,Instagram,Mobile,Website Visit,Skincare,426390
890693,560637,03-06-2024,SESS901117,Instagram,Mobile,Product View,Skincare,426390
825158,560637,03-06-2024,SESS901117,Instagram,Mobile,Add to Cart,Skincare,426390
890696,560637,03-06-2024,SESS901117,Instagram,Mobile,Checkout Started,Skincare,426390
825165,514293,30-07-2025,SESS901118,Organic Search,Desktop,Website Visit,Skincare,
890702,514293,30-07-2025,SESS901118,Organic Search,Desktop,Product View,Skincare,
825168,514293,30-07-2025,SESS901118,Organic Search,Desktop,Add to Cart,Skincare,
857938,514293,30-07-2025,SESS901118,Organic Search,Desktop,Checkout Started,Skincare,
890709,514293,30-07-2025,SESS901118,Organic Search,Desktop,Purchase,Skincare,
890711,537196,02-06-2024,SESS901119,Organic Search,Mobile,Website Visit,Skincare,
890712,529219,22-07-2025,SESS901120,Referral,Mobile,Website Visit,Colour Cosmetics,450092
890713,529219,22-07-2025,SESS901120,Referral,Mobile,Product View,Colour Cosmetics,450092
825184,529219,22-07-2025,SESS901120,Referral,Mobile,Add to Cart,Colour Cosmetics,450092
890721,503804,31-12-2025,SESS901121,Influencer,Mobile,Website Visit,Colour Cosmetics,
825185,503804,31-12-2025,SESS901121,Influencer,Mobile,Product View,Haircare,
890720,503804,31-12-2025,SESS901121,Influencer,Mobile,Add to Cart,Colour Cosmetics,
890729,555444,08-12-2025,SESS901122,Influencer,Mobile,Website Visit,Colour Cosmetics,
890731,555444,08-12-2025,SESS901122,Influencer,Mobile,Product View,Colour Cosmetics,
825199,555444,08-12-2025,SESS901122,Influencer,Mobile,Add to Cart,Colour Cosmetics,
825200,545015,15-10-2025,SESS901123,Instagram,Desktop,Website Visit,Colour Cosmetics,
890739,510350,29-04-2025,SESS901124,Influencer,Desktop,Website Visit,Haircare,
825204,510350,29-04-2025,SESS901124,Influencer,Desktop,Product View,Haircare,
857975,526174,11-07-2025,SESS901125,Offline Store,Desktop,Website Visit,Skincare,471327
890748,546421,24-04-2025,SESS901126,Google,Desktop,Website Visit,Skincare,400060
857980,533681,15-11-2025,SESS901127,Marketplace,Mobile,Website Visit,Skincare,
825215,533681,15-11-2025,SESS901127,Marketplace,Mobile,Product View,Skincare,
890752,559470,07-06-2025,SESS901128,Offline Store,Tablet,Website Visit,Skincare,430634
890754,578047,21-11-2025,SESS901129,Instagram,Mobile,Website Visit,Colour Cosmetics,490993
857987,578047,21-11-2025,SESS901129,Instagram,Mobile,Product View,Colour Cosmetics,490993
857989,584675,17-02-2024,SESS901130,Google,Mobile,Website Visit,Skincare,
890759,584675,17-02-2024,SESS901130,Google,Mobile,Product View,Colour Cosmetics,
890760,584675,17-02-2024,SESS901130,Google,Unknown,Add to Cart,Skincare,
857993,547823,11-12-2024,SESS901131,Instagram,Desktop,Website Visit,Skincare,
825226,547823,11-12-2024,SESS901131,Instagram,Desktop,Product View,Colour Cosmetics,
857997,511835,16-07-2024,SESS901132,Influencer,Mobile,Website Visit,Skincare,
890765,511835,16-07-2024,SESS901132,Influencer,Mobile,Product View,Colour Cosmetics,
858002,511835,16-07-2024,SESS901132,Influencer,Mobile,Add to Cart,Colour Cosmetics,
858005,511835,16-07-2024,SESS901132,Influencer,Mobile,Checkout Started,Colour Cosmetics,
825241,511835,16-07-2024,SESS901132,Influencer,Mobile,Purchase,Haircare,
890778,530162,29-01-2024,SESS901133,Instagram,Mobile,Website Visit,Colour Cosmetics,
825243,530162,29-01-2024,SESS901133,Instagram,Mobile,Product View,Colour Cosmetics,
825246,530162,29-01-2024,SESS901133,Instagram,Mobile,Add to Cart,Colour Cosmetics,
890782,530162,29-01-2024,SESS901133,Instagram,Mobile,Checkout Started,Colour Cosmetics,
858016,530162,29-01-2024,SESS901133,Instagram,Mobile,Purchase,Colour Cosmetics,
825254,523600,12-12-2024,SESS901134,Google,Mobile,Website Visit,Skincare,437086
825259,523600,12-12-2024,SESS901134,Google,Mobile,Product View,Colour Cosmetics,437086
890795,523600,12-12-2024,SESS901134,Google,Mobile,Add to Cart,Colour Cosmetics,437086
825263,558838,10-01-2025,SESS901135,Influencer,Mobile,Website Visit,Colour Cosmetics,453161
890804,558838,10-01-2025,SESS901135,Influencer,Mobile,Product View,Colour Cosmetics,453161
858036,576720,25-01-2025,SESS901136,Instagram,Desktop,Website Visit,Skincare,471327
858044,556349,01-12-2025,SESS901137,Influencer,Unknown,Website Visit,Colour Cosmetics,
890814,522037,30-12-2025,SESS901138,Google,Mobile,Website Visit,Colour Cosmetics,442004
858046,522037,30-12-2025,SESS901138,Google,Mobile,Product View,Colour Cosmetics,442004
890816,524672,13-09-2024,SESS901139,Instagram,Mobile,Website Visit,Colour Cosmetics,
825284,524672,13-09-2024,SESS901139,Instagram,Mobile,Product View,Skincare,
890822,552098,06-11-2024,SESS901140,Marketplace,Mobile,Website Visit,Haircare,439826
890826,552098,06-11-2024,SESS901140,Marketplace,Mobile,Product View,Haircare,439826
858061,558222,25-06-2025,SESS901141,Instagram,Desktop,Website Visit,Skincare,438612
858062,558222,25-06-2025,SESS901141,Instagram,Desktop,Product View,Skincare,438612
890832,558222,25-06-2025,SESS901141,Instagram,Desktop,Add to Cart,Skincare,438612
825301,558222,25-06-2025,SESS901141,Instagram,Desktop,Checkout Started,Skincare,438612
825306,572684,02-10-2025,SESS901142,Influencer,Desktop,Website Visit,Skincare,423506
825308,572684,02-10-2025,SESS901142,Influencer,Desktop,Product View,Skincare,423506
890848,572684,02-10-2025,SESS901142,Influencer,Desktop,Add to Cart,Colour Cosmetics,423506
858081,511957,17-07-2024,SESS901143,Marketplace,Mobile,Website Visit,Skincare,
890850,511957,17-07-2024,SESS901143,Marketplace,Mobile,Product View,Skincare,
858083,511957,17-07-2024,SESS901143,Marketplace,Mobile,Add to Cart,Skincare,
890849,511957,17-07-2024,SESS901143,Marketplace,Mobile,Checkout Started,Skincare,
890854,566132,07-10-2025,SESS901144,Google,Mobile,Website Visit,Skincare,420046
890857,566132,07-10-2025,SESS901144,Google,Mobile,Product View,Colour Cosmetics,420046
890858,581633,14-02-2024,SESS901145,Organic Search,Mobile,Website Visit,Haircare,481455
890862,581633,14-02-2024,SESS901145,Organic Search,Mobile,Product View,Haircare,481455
858094,581633,14-02-2024,SESS901145,Organic Search,Mobile,Add to Cart,Haircare,481455
858096,581633,14-02-2024,SESS901145,Organic Search,Mobile,Checkout Started,Haircare,481455
890865,581633,14-02-2024,SESS901145,Organic Search,Mobile,Purchase,Haircare,481455
825331,557711,09-12-2024,SESS901146,Google,Desktop,Website Visit,Skincare,
858101,557711,09-12-2024,SESS901146,Google,Desktop,Product View,Skincare,
858103,552531,11-07-2024,SESS901147,Instagram,Mobile,Website Visit,Skincare,
825335,553008,10-03-2024,SESS901148,Organic Search,Mobile,Website Visit,Colour Cosmetics,
890873,553008,10-03-2024,SESS901148,Organic Search,Mobile,Product View,Colour Cosmetics,
890874,519476,25-03-2025,SESS901149,Influencer,Mobile,Website Visit,Skincare,
825339,519476,25-03-2025,SESS901149,Influencer,Mobile,Product View,Skincare,
890880,519476,25-03-2025,SESS901149,Influencer,Mobile,Add to Cart,Skincare,
825347,578696,01-04-2025,SESS901150,Google,Mobile,Website Visit,Skincare,
890884,578696,01-04-2025,SESS901150,Google,Mobile,Product View,Colour Cosmetics,
825350,578696,01-04-2025,SESS901150,Google,Mobile,Add to Cart,Colour Cosmetics,
890894,586662,17-06-2025,SESS901151,Instagram,Mobile,Website Visit,Colour Cosmetics,
858128,586662,17-06-2025,SESS901151,Instagram,Mobile,Product View,Colour Cosmetics,
890901,532177,29-09-2024,SESS901152,Influencer,Tablet,Website Visit,Skincare,485929
858134,510500,24-01-2025,SESS901153,Instagram,Mobile,Website Visit,Skincare,
890903,510500,24-01-2025,SESS901153,Instagram,Mobile,Product View,Skincare,
858136,510500,24-01-2025,SESS901153,Instagram,Mobile,Add to Cart,Skincare,
890908,510500,24-01-2025,SESS901153,Instagram,Mobile,Checkout Started,Skincare,
858143,510500,24-01-2025,SESS901153,Instagram,Mobile,Purchase,Skincare,
858146,517154,30-06-2025,SESS901154,Influencer,Mobile,Website Visit,Colour Cosmetics,447520
890915,517154,30-06-2025,SESS901154,Influencer,Mobile,Product View,Colour Cosmetics,447520
858147,562422,11-10-2024,SESS901155,Instagram,Desktop,Website Visit,Colour Cosmetics,411539
890918,562422,11-10-2024,SESS901155,Instagram,Desktop,Product View,Colour Cosmetics,411539
825387,547049,06-10-2024,SESS901156,Influencer,Mobile,Website Visit,Skincare,426390
858155,547049,06-10-2024,SESS901156,Influencer,Mobile,Product View,Skincare,426390
825388,571643,18-07-2025,SESS901157,Referral,Mobile,Website Visit,Haircare,485929
825391,571643,18-07-2025,SESS901157,Referral,Mobile,Product View,Skincare,485929
858164,571643,18-07-2025,SESS901157,Referral,Mobile,Add to Cart,Skincare,485929
890934,561993,08-12-2025,SESS901158,Influencer,Desktop,Website Visit,Haircare,
890936,561993,08-12-2025,SESS901158,Influencer,Desktop,Product View,Haircare,
858170,509724,08-12-2025,SESS901159,Google,Mobile,Website Visit,Skincare,497049
890942,540966,09-07-2025,SESS901160,Instagram,Desktop,Website Visit,Skincare,
825406,540966,09-07-2025,SESS901160,Instagram,Desktop,Product View,Colour Cosmetics,
825408,540966,09-07-2025,SESS901160,Instagram,Desktop,Add to Cart,Skincare,
825409,540966,09-07-2025,SESS901160,Instagram,Desktop,Checkout Started,Skincare,
825412,540966,09-07-2025,SESS901160,Instagram,Desktop,Purchase,Haircare,
858181,549308,17-12-2025,SESS901161,Referral,Mobile,Website Visit,Skincare,423506
890951,549308,17-12-2025,SESS901161,Referral,Mobile,Product View,Skincare,423506
858183,549308,17-12-2025,SESS901161,Referral,Mobile,Add to Cart,Skincare,423506
890953,549308,17-12-2025,SESS901161,Referral,Mobile,Checkout Started,Skincare,423506
825418,597771,05-11-2025,SESS901162,Instagram,Mobile,Website Visit,Haircare,445210
858188,597771,05-11-2025,SESS901162,Instagram,Mobile,Product View,Skincare,445210
890959,599901,11-12-2025,SESS901163,Instagram,Mobile,Website Visit,Skincare,496899
890965,599901,11-12-2025,SESS901163,Instagram,Mobile,Product View,Skincare,496899
890970,546105,23-02-2025,SESS901164,Google,Mobile,Website Visit,Colour Cosmetics,
890973,546105,23-02-2025,SESS901164,Google,Mobile,Product View,Colour Cosmetics,
825441,546105,23-02-2025,SESS901164,Google,Mobile,Add to Cart,Colour Cosmetics,
890978,546105,23-02-2025,SESS901164,Google,Mobile,Checkout Started,Colour Cosmetics,
825443,546105,23-02-2025,SESS901164,Google,Mobile,Purchase,Skincare,
825446,512387,08-03-2025,SESS901165,Organic Search,Mobile,Website Visit,Haircare,
890982,569942,31-01-2024,SESS901166,Influencer,Mobile,Website Visit,Colour Cosmetics,480858
890990,569942,31-01-2024,SESS901166,Influencer,Mobile,Product View,Colour Cosmetics,480858
858224,587177,09-11-2025,SESS901167,Marketplace,Mobile,Website Visit,Skincare,484510
890994,587177,09-11-2025,SESS901167,Marketplace,Mobile,Product View,Skincare,484510
858227,533092,03-08-2024,SESS901168,Instagram,Mobile,Website Visit,Skincare,420046
858232,533092,03-08-2024,SESS901168,Instagram,Mobile,Product View,Haircare,420046
825466,533092,03-08-2024,SESS901168,Instagram,Mobile,Add to Cart,Skincare,420046
891010,539210,25-08-2024,SESS901169,Referral,Tablet,Website Visit,Skincare,
858243,510641,13-02-2024,SESS901170,Google,Desktop,Website Visit,Colour Cosmetics,
891013,545830,05-04-2025,SESS901171,Organic Search,Mobile,Website Visit,Colour Cosmetics,
891015,545830,05-04-2025,SESS901171,Organic Search,Mobile,Product View,Colour Cosmetics,
858248,545830,05-04-2025,SESS901171,Organic Search,Mobile,Add to Cart,Colour Cosmetics,
891018,586511,16-09-2025,SESS901172,Influencer,Mobile,Website Visit,Haircare,464028
858252,586511,16-09-2025,SESS901172,Influencer,Mobile,Product View,Skincare,464028
825491,586511,16-09-2025,SESS901172,Influencer,Mobile,Add to Cart,Skincare,464028
825495,586511,16-09-2025,SESS901172,Influencer,Mobile,Checkout Started,Skincare,464028
891032,586511,16-09-2025,SESS901172,Influencer,Mobile,Purchase,Colour Cosmetics,464028
891033,555576,07-10-2025,SESS901173,Organic Search,Mobile,Website Visit,Colour Cosmetics,
891034,555576,07-10-2025,SESS901173,Organic Search,Mobile,Product View,Colour Cosmetics,
891037,530311,22-08-2025,SESS901174,Offline Store,Mobile,Website Visit,Haircare,429945
825505,530311,22-08-2025,SESS901174,Offline Store,Mobile,Product View,Haircare,429945
891043,530311,22-08-2025,SESS901174,Offline Store,Mobile,Add to Cart,Haircare,429945
858275,503201,11-05-2024,SESS901175,Instagram,Mobile,Website Visit,Colour Cosmetics,422227
858278,503201,11-05-2024,SESS901175,Instagram,Mobile,Product View,Skincare,422227
858279,503201,11-05-2024,SESS901175,Instagram,Mobile,Add to Cart,Skincare,422227
891048,503201,11-05-2024,SESS901175,Instagram,Mobile,Checkout Started,Colour Cosmetics,422227
858281,509681,18-08-2024,SESS901176,Organic Search,Mobile,Website Visit,Skincare,471307
858280,561644,09-05-2025,SESS901177,Instagram,Mobile,Website Visit,Haircare,
858288,561644,09-05-2025,SESS901177,Instagram,Mobile,Product View,Haircare,
891059,511551,20-09-2024,SESS901178,Instagram,Mobile,Website Visit,Skincare,
825524,517054,30-06-2025,SESS901179,Influencer,Mobile,Website Visit,Skincare,
891062,517054,30-06-2025,SESS901179,Influencer,Mobile,Product View,Skincare,
891066,517054,30-06-2025,SESS901179,Influencer,Mobile,Add to Cart,Colour Cosmetics,
858302,517054,30-06-2025,SESS901179,Influencer,Mobile,Checkout Started,Colour Cosmetics,
858303,517054,30-06-2025,SESS901179,Influencer,Mobile,Purchase,Colour Cosmetics,
858313,587833,07-09-2024,SESS901180,Instagram,Mobile,Website Visit,Haircare,
858314,587833,07-09-2024,SESS901180,Instagram,Mobile,Product View,Haircare,
858319,591303,13-05-2024,SESS901181,Influencer,Desktop,Website Visit,Colour Cosmetics,
891090,591303,13-05-2024,SESS901181,Influencer,Desktop,Product View,Colour Cosmetics,
891091,517361,06-06-2025,SESS901182,Organic Search,Mobile,Website Visit,Skincare,498427
825555,517361,06-06-2025,SESS901182,Organic Search,Mobile,Product View,Skincare,498427
891094,517361,06-06-2025,SESS901182,Organic Search,Mobile,Add to Cart,Haircare,498427
825561,517361,06-06-2025,SESS901182,Organic Search,Mobile,Checkout Started,Skincare,498427
825562,517361,06-06-2025,SESS901182,Organic Search,Mobile,Purchase,Skincare,498427
825563,519142,07-01-2024,SESS901183,Influencer,Mobile,Website Visit,Colour Cosmetics,
858332,504067,29-06-2025,SESS901184,Google,Desktop,Website Visit,Haircare,
891099,535697,04-03-2025,SESS901185,Influencer,Mobile,Website Visit,Skincare,
891102,561894,20-07-2024,SESS901186,Instagram,Unknown,Website Visit,Colour Cosmetics,426192
858336,595321,27-02-2024,SESS901187,Organic Search,Mobile,Website Visit,Colour Cosmetics,496480
891105,598341,21-01-2024,SESS901188,Referral,Desktop,Website Visit,Skincare,483731
891112,576983,20-04-2025,SESS901189,Google,Mobile,Website Visit,Colour Cosmetics,438136
858348,576983,20-04-2025,SESS901189,Google,Mobile,Product View,Colour Cosmetics,438136
891119,509305,02-10-2025,SESS901190,Instagram,Mobile,Website Visit,Colour Cosmetics,
825583,509305,02-10-2025,SESS901190,Instagram,Mobile,Product View,Colour Cosmetics,
858353,549834,23-07-2025,SESS901191,Instagram,Mobile,Website Visit,Skincare,
825588,549834,23-07-2025,SESS901191,Instagram,Mobile,Product View,Haircare,
891128,549834,23-07-2025,SESS901191,Instagram,Mobile,Add to Cart,Skincare,
858361,549834,23-07-2025,SESS901191,Instagram,Mobile,Checkout Started,Skincare,
858360,549834,23-07-2025,SESS901191,Instagram,Mobile,Purchase,Skincare,
825598,535818,21-02-2024,SESS901192,Instagram,Desktop,Website Visit,Colour Cosmetics,
825599,572255,25-03-2024,SESS901193,Instagram,Mobile,Website Visit,Colour Cosmetics,481455
891136,541505,31-03-2025,SESS901194,Instagram,Mobile,Website Visit,Colour Cosmetics,453495
825602,564686,04-12-2024,SESS901195,Google,Tablet,Website Visit,Skincare,476238
825608,564686,04-12-2024,SESS901195,Google,Tablet,Product View,Skincare,476238
858377,566542,06-04-2024,SESS901196,Organic Search,Desktop,Website Visit,Skincare,
825609,566542,06-04-2024,SESS901196,Organic Search,Desktop,Product View,Skincare,
825617,566542,06-04-2024,SESS901196,Organic Search,Desktop,Add to Cart,Skincare,
825620,566542,06-04-2024,SESS901196,Organic Search,Desktop,Checkout Started,Haircare,
825623,566542,06-04-2024,SESS901196,Organic Search,Desktop,Purchase,Skincare,
858395,510735,04-09-2024,SESS901197,Referral,Mobile,Website Visit,Skincare,427621
891164,510735,04-09-2024,SESS901197,Referral,Mobile,Product View,Haircare,427621
858397,510735,04-09-2024,SESS901197,Referral,Mobile,Add to Cart,Colour Cosmetics,427621
825628,510735,04-09-2024,SESS901197,Referral,Mobile,Checkout Started,Haircare,427621
891172,510735,04-09-2024,SESS901197,Referral,Mobile,Purchase,Skincare,427621
858407,571118,21-02-2025,SESS901198,Influencer,Desktop,Website Visit,Haircare,
825645,571118,21-02-2025,SESS901198,Influencer,Desktop,Product View,Haircare,
825646,571118,21-02-2025,SESS901198,Influencer,Desktop,Add to Cart,Haircare,
825649,566307,10-08-2025,SESS901199,Google,Desktop,Website Visit,Colour Cosmetics,473151
825650,566307,10-08-2025,SESS901199,Google,Desktop,Product View,Haircare,473151
825657,522037,15-02-2025,SESS901200,Google,Mobile,Website Visit,Colour Cosmetics,427322
858428,557898,28-04-2024,SESS901201,Instagram,Desktop,Website Visit,Colour Cosmetics,
891198,557898,28-04-2024,SESS901201,Instagram,Desktop,Product View,Colour Cosmetics,
825665,557898,28-04-2024,SESS901201,Instagram,Desktop,Add to Cart,Colour Cosmetics,
825667,557898,28-04-2024,SESS901201,Instagram,Desktop,Checkout Started,Colour Cosmetics,
858438,557898,28-04-2024,SESS901201,Instagram,Desktop,Purchase,Colour Cosmetics,
825671,546112,23-05-2025,SESS901202,Organic Search,Tablet,Website Visit,Haircare,
891208,579818,18-12-2025,SESS901203,Instagram,Mobile,Website Visit,Skincare,
825679,579818,18-12-2025,SESS901203,Instagram,Mobile,Product View,Skincare,
858447,579818,18-12-2025,SESS901203,Instagram,Mobile,Add to Cart,Haircare,
825681,579818,18-12-2025,SESS901203,Instagram,Mobile,Checkout Started,Colour Cosmetics,
891217,579818,18-12-2025,SESS901203,Instagram,Mobile,Purchase,Skincare,
858450,532914,09-06-2024,SESS901204,Influencer,Tablet,Website Visit,Skincare,
825684,532914,09-06-2024,SESS901204,Influencer,Tablet,Product View,Skincare,
825686,599956,10-09-2025,SESS901205,Influencer,Mobile,Website Visit,Skincare,433648
858455,599956,10-09-2025,SESS901205,Influencer,Mobile,Product View,Skincare,433648
825688,559460,06-10-2024,SESS901206,Instagram,Mobile,Website Visit,Skincare,423132
891225,559460,06-10-2024,SESS901206,Instagram,Mobile,Product View,Skincare,423132
891223,559460,06-10-2024,SESS901206,Instagram,Mobile,Add to Cart,Haircare,423132
825692,559460,06-10-2024,SESS901206,Instagram,Mobile,Checkout Started,Skincare,423132
825694,573889,28-02-2024,SESS901207,Instagram,Desktop,Website Visit,Haircare,
891230,573889,28-02-2024,SESS901207,Instagram,Desktop,Product View,Haircare,
858466,542568,19-11-2025,SESS901208,Google,Mobile,Website Visit,Colour Cosmetics,
825698,542568,19-11-2025,SESS901208,Google,Mobile,Product View,Colour Cosmetics,
891237,514662,19-08-2024,SESS901209,Google,Mobile,Website Visit,Skincare,408678
825701,514662,19-08-2024,SESS901209,Google,Mobile,Product View,Skincare,408678
858470,558991,13-07-2025,SESS901210,Instagram,Mobile,Website Visit,Colour Cosmetics,
858472,558991,13-07-2025,SESS901210,Instagram,Mobile,Product View,Haircare,
825705,584239,10-01-2024,SESS901211,Organic Search,Desktop,Website Visit,Skincare,489502
825711,584239,10-01-2024,SESS901211,Organic Search,Desktop,Product View,Skincare,489502
858485,515157,18-12-2024,SESS901212,Instagram,Desktop,Website Visit,Colour Cosmetics,422227
891254,515157,18-12-2024,SESS901212,Instagram,Desktop,Product View,Colour Cosmetics,422227
825717,515157,18-12-2024,SESS901212,Instagram,Desktop,Add to Cart,Colour Cosmetics,422227
891256,546129,13-01-2024,SESS901213,Referral,Mobile,Website Visit,Haircare,
891260,546129,13-01-2024,SESS901213,Referral,Mobile,Product View,Skincare,
825726,546129,13-01-2024,SESS901213,Referral,Mobile,Add to Cart,Haircare,
891265,546129,13-01-2024,SESS901213,Referral,Mobile,Checkout Started,Haircare,
891266,585717,06-11-2024,SESS901214,Organic Search,Mobile,Website Visit,Colour Cosmetics,406900
858498,516704,03-04-2025,SESS901215,Instagram,Mobile,Website Visit,Colour Cosmetics,437165
825729,516704,03-04-2025,SESS901215,Instagram,Mobile,Product View,Colour Cosmetics,437165
825734,516704,03-04-2025,SESS901215,Instagram,Mobile,Add to Cart,Colour Cosmetics,437165
825739,516704,03-04-2025,SESS901215,Instagram,Mobile,Checkout Started,Colour Cosmetics,437165
825742,544057,13-11-2024,SESS901216,Referral,Mobile,Website Visit,Haircare,
891281,544057,13-11-2024,SESS901216,Referral,Mobile,Product View,Colour Cosmetics,
858517,537938,05-03-2024,SESS901217,Organic Search,Mobile,Website Visit,Colour Cosmetics,423506
858519,537938,05-03-2024,SESS901217,Organic Search,Mobile,Product View,Colour Cosmetics,423506
825753,569163,26-07-2024,SESS901218,Organic Search,Mobile,Website Visit,Haircare,
825758,569163,26-07-2024,SESS901218,Organic Search,Mobile,Product View,Colour Cosmetics,
891295,569163,26-07-2024,SESS901218,Organic Search,Mobile,Add to Cart,Colour Cosmetics,
891298,593872,07-12-2024,SESS901219,Offline Store,Mobile,Website Visit,Skincare,
858535,548629,22-06-2025,SESS901220,Google,Mobile,Website Visit,Colour Cosmetics,
891304,548629,22-06-2025,SESS901220,Google,Mobile,Product View,Colour Cosmetics,
858536,572420,04-01-2025,SESS901221,Organic Search,Mobile,Website Visit,Skincare,433648
858538,585180,12-07-2024,SESS901222,Instagram,Desktop,Website Visit,Skincare,
858543,576019,07-10-2024,SESS901223,Instagram,Mobile,Website Visit,Skincare,494148
858544,576019,07-10-2024,SESS901223,Instagram,Mobile,Product View,Colour Cosmetics,494148
891323,561797,15-03-2024,SESS901224,Google,Mobile,Website Visit,Haircare,496480
858557,561797,15-03-2024,SESS901224,Google,Mobile,Product View,Haircare,496480
891325,556531,16-11-2024,SESS901225,Google,Mobile,Website Visit,Colour Cosmetics,
825795,556531,16-11-2024,SESS901225,Google,Mobile,Product View,Skincare,
825798,595991,28-04-2024,SESS901226,Referral,Mobile,Website Visit,Skincare,490993
825799,588555,27-02-2024,SESS901227,Instagram,Mobile,Website Visit,Skincare,441065
891335,588555,27-02-2024,SESS901227,Instagram,Mobile,Product View,Skincare,441065
825801,566698,23-09-2024,SESS901228,Google,Mobile,Website Visit,Haircare,
858570,566698,23-09-2024,SESS901228,Google,Unknown,Product View,Skincare,
825802,566698,23-09-2024,SESS901228,Google,Mobile,Add to Cart,Skincare,
891340,570282,24-04-2024,SESS901229,Google,Mobile,Website Visit,Colour Cosmetics,407184
891343,514293,28-12-2025,SESS901230,Organic Search,Tablet,Website Visit,Skincare,434464
891351,514293,28-12-2025,SESS901230,Organic Search,Tablet,Product View,Skincare,434464
858583,514293,28-12-2025,SESS901230,Organic Search,Tablet,Add to Cart,Skincare,434464
825817,599901,15-09-2025,SESS901231,Instagram,Mobile,Website Visit,Skincare,417878
858587,599901,15-09-2025,SESS901231,Instagram,Mobile,Product View,Skincare,417878
825821,513577,28-02-2025,SESS901232,Instagram,Desktop,Website Visit,Colour Cosmetics,453161
825824,569616,02-02-2025,SESS901233,Instagram,Mobile,Website Visit,Colour Cosmetics,471327
891366,569616,02-02-2025,SESS901233,Instagram,Mobile,Product View,Skincare,471327
891371,569616,02-02-2025,SESS901233,Instagram,Mobile,Add to Cart,Colour Cosmetics,471327
858604,518776,21-07-2025,SESS901234,Instagram,Mobile,Website Visit,Skincare,433089
825837,522527,19-05-2024,SESS901235,Instagram,Mobile,Website Visit,Skincare,455343
891376,563092,26-02-2024,SESS901236,Influencer,Tablet,Website Visit,Skincare,474182
891381,563092,26-02-2024,SESS901236,Influencer,Tablet,Product View,Colour Cosmetics,474182
858618,563092,26-02-2024,SESS901236,Influencer,Tablet,Add to Cart,Skincare,474182
891389,563092,26-02-2024,SESS901236,Influencer,Tablet,Checkout Started,Skincare,474182
891392,563092,26-02-2024,SESS901236,Influencer,Tablet,Purchase,Skincare,474182
858626,523834,23-11-2025,SESS901237,Google,Mobile,Website Visit,Skincare,
825863,569621,16-07-2024,SESS901238,Google,Mobile,Website Visit,Colour Cosmetics,463919
858634,569621,16-07-2024,SESS901238,Google,Mobile,Product View,Colour Cosmetics,463919
891402,501231,17-11-2024,SESS901239,Google,Mobile,Website Visit,Colour Cosmetics,
858635,501231,17-11-2024,SESS901239,Google,Mobile,Product View,Colour Cosmetics,
891405,577992,15-11-2024,SESS901240,Marketplace,Mobile,Website Visit,Colour Cosmetics,
825870,577992,15-11-2024,SESS901240,Marketplace,Mobile,Product View,Colour Cosmetics,
858643,547049,17-01-2025,SESS901241,Influencer,Mobile,Website Visit,Skincare,
858645,547049,17-01-2025,SESS901241,Influencer,Mobile,Product View,Skincare,
858646,589838,08-11-2025,SESS901242,Influencer,Mobile,Website Visit,Skincare,
858650,589838,08-11-2025,SESS901242,Influencer,Mobile,Product View,Skincare,
825886,514029,13-06-2025,SESS901243,Google,Desktop,Website Visit,Colour Cosmetics,
858655,546112,28-03-2025,SESS901244,Organic Search,Mobile,Website Visit,Skincare,
825889,546112,28-03-2025,SESS901244,Organic Search,Mobile,Product View,Haircare,
891430,532530,16-02-2024,SESS901245,Marketplace,Mobile,Website Visit,Colour Cosmetics,
891434,532530,16-02-2024,SESS901245,Marketplace,Mobile,Product View,Colour Cosmetics,
891440,566244,14-05-2025,SESS901246,Influencer,Mobile,Website Visit,Haircare,
825909,534362,24-07-2025,SESS901247,Google,Desktop,Website Visit,Skincare,424613
891446,534362,24-07-2025,SESS901247,Google,Desktop,Product View,Colour Cosmetics,424613
858678,534362,24-07-2025,SESS901247,Google,Desktop,Add to Cart,Colour Cosmetics,424613
825913,534362,24-07-2025,SESS901247,Google,Desktop,Checkout Started,Colour Cosmetics,424613
825914,534362,24-07-2025,SESS901247,Google,Desktop,Purchase,Colour Cosmetics,424613
858692,545015,28-07-2024,SESS901248,Instagram,Mobile,Website Visit,Colour Cosmetics,
858693,523028,01-09-2024,SESS901249,Referral,Mobile,Website Visit,Haircare,463919
858699,536500,11-02-2025,SESS901250,Google,Mobile,Website Visit,Haircare,
891469,552383,17-07-2024,SESS901251,Instagram,Desktop,Website Visit,Haircare,434464
858707,583748,19-10-2025,SESS901252,Influencer,Mobile,Website Visit,Colour Cosmetics,
891482,583748,19-10-2025,SESS901252,Influencer,Mobile,Product View,Haircare,
825946,598669,22-03-2024,SESS901253,Instagram,Mobile,Website Visit,Colour Cosmetics,
891484,598669,22-03-2024,SESS901253,Instagram,Mobile,Product View,Colour Cosmetics,
891487,544375,31-01-2025,SESS901254,Offline Store,Mobile,Website Visit,Colour Cosmetics,408391
891488,544375,31-01-2025,SESS901254,Offline Store,Mobile,Product View,Colour Cosmetics,408391
858722,563654,15-08-2025,SESS901255,Marketplace,Mobile,Website Visit,Colour Cosmetics,481455
891493,565612,31-08-2025,SESS901256,Instagram,Mobile,Website Visit,Colour Cosmetics,474182
825957,565612,31-08-2025,SESS901256,Instagram,Mobile,Product View,Colour Cosmetics,474182
891495,565612,31-08-2025,SESS901256,Instagram,Mobile,Add to Cart,Colour Cosmetics,474182
825965,565612,31-08-2025,SESS901256,Instagram,Mobile,Checkout Started,Colour Cosmetics,474182
825966,565612,31-08-2025,SESS901256,Instagram,Mobile,Purchase,Colour Cosmetics,474182
891505,584012,17-08-2025,SESS901257,Google,Mobile,Website Visit,Colour Cosmetics,462926
891506,584012,17-08-2025,SESS901257,Google,Mobile,Product View,Colour Cosmetics,462926
825971,569621,23-04-2024,SESS901258,Google,Mobile,Website Visit,Colour Cosmetics,
825978,569621,23-04-2024,SESS901258,Google,Mobile,Product View,Colour Cosmetics,
825982,569621,23-04-2024,SESS901258,Google,Mobile,Add to Cart,Skincare,
825987,527152,30-03-2025,SESS901259,Influencer,Mobile,Website Visit,Haircare,
891523,528534,06-06-2024,SESS901260,Referral,Tablet,Website Visit,Skincare,496905
858758,528534,06-06-2024,SESS901260,Referral,Tablet,Product View,Skincare,496905
825992,528534,06-06-2024,SESS901260,Referral,Tablet,Add to Cart,Skincare,496905
825993,528534,06-06-2024,SESS901260,Referral,Tablet,Checkout Started,Skincare,496905
891529,528534,06-06-2024,SESS901260,Referral,Tablet,Purchase,Skincare,496905
858763,533862,04-04-2024,SESS901261,Organic Search,Mobile,Website Visit,Colour Cosmetics,
858766,533862,04-04-2024,SESS901261,Organic Search,Mobile,Product View,Colour Cosmetics,
858768,592435,27-10-2025,SESS901262,Google,Mobile,Website Visit,Skincare,499229
891540,592435,27-10-2025,SESS901262,Google,Mobile,Product View,Skincare,499229
826009,544375,02-05-2025,SESS901263,Offline Store,Mobile,Website Visit,Colour Cosmetics,
858778,544375,02-05-2025,SESS901263,Offline Store,Mobile,Product View,Colour Cosmetics,
858780,518140,29-05-2025,SESS901264,Influencer,Mobile,Website Visit,Skincare,403029
858784,585823,10-01-2025,SESS901265,Influencer,Mobile,Website Visit,Haircare,437119
891556,525825,08-05-2024,SESS901266,Referral,Mobile,Website Visit,Colour Cosmetics,
826022,525825,08-05-2024,SESS901266,Referral,Mobile,Product View,Colour Cosmetics,
858793,553088,04-12-2025,SESS901267,Google,Mobile,Website Visit,Colour Cosmetics,430394
858798,553088,04-12-2025,SESS901267,Google,Mobile,Product View,Haircare,430394
858800,502490,28-08-2025,SESS901268,Instagram,Mobile,Website Visit,Colour Cosmetics,445210
858804,502490,28-08-2025,SESS901268,Instagram,Mobile,Product View,Colour Cosmetics,445210
891573,579822,29-09-2024,SESS901269,Influencer,Mobile,Website Visit,Haircare,464819
858815,579822,29-09-2024,SESS901269,Influencer,Mobile,Product View,Haircare,464819
826047,547823,04-02-2025,SESS901270,Instagram,Mobile,Website Visit,Colour Cosmetics,483171
891585,508418,18-05-2024,SESS901271,Instagram,Desktop,Website Visit,Skincare,437316
826050,508418,18-05-2024,SESS901271,Instagram,Desktop,Product View,Skincare,437316
826051,545793,14-07-2024,SESS901272,Organic Search,Mobile,Website Visit,Skincare,
891587,512026,17-05-2025,SESS901273,Google,Mobile,Website Visit,Haircare,442205
891589,512026,17-05-2025,SESS901273,Google,Mobile,Product View,Skincare,442205
891590,522241,10-11-2024,SESS901274,Influencer,Mobile,Website Visit,Skincare,
826048,591411,05-04-2025,SESS901275,Instagram,Desktop,Website Visit,Colour Cosmetics,441065
858824,591411,05-04-2025,SESS901275,Instagram,Desktop,Product View,Colour Cosmetics,441065
858827,591411,05-04-2025,SESS901275,Instagram,Desktop,Add to Cart,Colour Cosmetics,441065
826060,591411,05-04-2025,SESS901275,Instagram,Desktop,Checkout Started,Colour Cosmetics,441065
858828,591411,05-04-2025,SESS901275,Instagram,Desktop,Purchase,Colour Cosmetics,441065
826065,520517,13-04-2025,SESS901276,Instagram,Mobile,Website Visit,Colour Cosmetics,473151
891608,588501,25-05-2024,SESS901277,Google,Mobile,Website Visit,Skincare,
891610,588501,25-05-2024,SESS901277,Google,Mobile,Product View,Skincare,
858844,540668,14-12-2025,SESS901278,Referral,Mobile,Website Visit,Haircare,497049
858845,557422,28-01-2025,SESS901279,Instagram,Mobile,Website Visit,Skincare,425487
891620,557422,28-01-2025,SESS901279,Instagram,Mobile,Product View,Colour Cosmetics,425487
826093,553845,15-02-2024,SESS901280,Influencer,Mobile,Website Visit,Colour Cosmetics,
891631,572529,26-05-2024,SESS901281,Influencer,Mobile,Website Visit,Haircare,
826097,572529,26-05-2024,SESS901281,Influencer,Mobile,Product View,Haircare,
858866,508993,07-01-2024,SESS901282,Organic Search,Mobile,Website Visit,Haircare,
891647,541505,16-06-2025,SESS901283,Instagram,Desktop,Website Visit,Colour Cosmetics,496905
826115,541505,16-06-2025,SESS901283,Instagram,Desktop,Product View,Colour Cosmetics,496905
826118,541505,16-06-2025,SESS901283,Instagram,Desktop,Add to Cart,Colour Cosmetics,496905
891657,500282,04-12-2025,SESS901284,Marketplace,Desktop,Website Visit,Skincare,442205
826122,500282,04-12-2025,SESS901284,Marketplace,Desktop,Product View,Skincare,442205
891660,584497,16-03-2025,SESS901285,Instagram,Desktop,Website Visit,Colour Cosmetics,463612
858897,584497,16-03-2025,SESS901285,Instagram,Desktop,Product View,Colour Cosmetics,463612
891666,586356,08-10-2025,SESS901286,Offline Store,Mobile,Website Visit,Colour Cosmetics,496899
891671,586356,08-10-2025,SESS901286,Offline Store,Mobile,Product View,Colour Cosmetics,496899
858904,583269,08-05-2025,SESS901287,Offline Store,Mobile,Website Visit,Haircare,
826136,547419,17-10-2024,SESS901288,Referral,Mobile,Website Visit,Skincare,
826138,579276,28-07-2024,SESS901289,Instagram,Mobile,Website Visit,Haircare,
858906,593343,22-09-2024,SESS901290,Google,Desktop,Website Visit,Colour Cosmetics,
891679,574946,25-02-2024,SESS901291,Influencer,Mobile,Website Visit,Haircare,
858919,574946,25-02-2024,SESS901291,Influencer,Mobile,Product View,Haircare,
826152,574946,25-02-2024,SESS901291,Influencer,Mobile,Add to Cart,Haircare,
891690,574946,25-02-2024,SESS901291,Influencer,Mobile,Checkout Started,Haircare,
891691,574946,25-02-2024,SESS901291,Influencer,Mobile,Purchase,Haircare,
858925,586079,08-11-2024,SESS901292,Influencer,Mobile,Website Visit,Skincare,473590
858927,586079,08-11-2024,SESS901292,Influencer,Mobile,Product View,Skincare,473590
858931,586079,08-11-2024,SESS901292,Influencer,Mobile,Add to Cart,Skincare,473590
891701,564789,22-05-2025,SESS901293,Referral,Mobile,Website Visit,Colour Cosmetics,
891704,516021,02-11-2025,SESS901294,Instagram,Mobile,Website Visit,Colour Cosmetics,
826169,523206,18-01-2024,SESS901295,Google,Mobile,Website Visit,Colour Cosmetics,413440
826174,523206,18-01-2024,SESS901295,Google,Mobile,Product View,Colour Cosmetics,413440
858944,523206,18-01-2024,SESS901295,Google,Mobile,Add to Cart,Colour Cosmetics,413440
826185,543687,06-07-2024,SESS901296,Referral,Desktop,Website Visit,Skincare,493341
826189,543687,06-07-2024,SESS901296,Referral,Desktop,Product View,Skincare,493341
891727,543687,06-07-2024,SESS901296,Referral,Desktop,Add to Cart,Skincare,493341
891729,543694,16-10-2024,SESS901297,Influencer,Mobile,Website Visit,Colour Cosmetics,
891730,543694,16-10-2024,SESS901297,Influencer,Mobile,Product View,Colour Cosmetics,
858962,587442,17-03-2024,SESS901298,Organic Search,Mobile,Website Visit,Skincare,
858965,587442,17-03-2024,SESS901298,Organic Search,Mobile,Product View,Skincare,
858968,587442,17-03-2024,SESS901298,Organic Search,Mobile,Add to Cart,Skincare,
891737,531358,04-12-2024,SESS901299,Influencer,Mobile,Website Visit,Colour Cosmetics,
826201,592121,25-09-2025,SESS901300,Google,Desktop,Website Visit,Colour Cosmetics,463919
858971,592121,25-09-2025,SESS901300,Google,Desktop,Product View,Haircare,463919
858970,522617,09-04-2024,SESS901301,Offline Store,Mobile,Website Visit,Colour Cosmetics,
891743,581351,07-03-2024,SESS901302,Influencer,Desktop,Website Visit,Colour Cosmetics,
826208,584675,04-07-2025,SESS901303,Google,Mobile,Website Visit,Colour Cosmetics,
891748,584497,27-10-2025,SESS901304,Instagram,Unknown,Website Visit,Colour Cosmetics,
891751,584497,27-10-2025,SESS901304,Instagram,Desktop,Product View,Colour Cosmetics,
858984,564454,29-04-2024,SESS901305,Influencer,Mobile,Website Visit,Skincare,
858992,521579,25-01-2025,SESS901306,Instagram,Mobile,Website Visit,Colour Cosmetics,474806
826225,521579,25-01-2025,SESS901306,Instagram,Mobile,Product View,Skincare,474806
858994,508330,04-06-2025,SESS901307,Referral,Mobile,Website Visit,Skincare,427155
858995,563993,30-09-2024,SESS901308,Marketplace,Mobile,Website Visit,Colour Cosmetics,403690
858996,563993,30-09-2024,SESS901308,Marketplace,Mobile,Product View,Colour Cosmetics,403690
826229,563993,30-09-2024,SESS901308,Marketplace,Mobile,Add to Cart,Colour Cosmetics,403690
826227,561592,23-02-2024,SESS901309,Google,Mobile,Website Visit,Skincare,439826
858999,561592,23-02-2024,SESS901309,Google,Mobile,Product View,Skincare,439826
891766,536559,17-06-2025,SESS901310,Instagram,Mobile,Website Visit,Colour Cosmetics,
859001,536559,17-06-2025,SESS901310,Instagram,Mobile,Product View,Colour Cosmetics,
826236,554379,13-04-2024,SESS901311,Instagram,Mobile,Website Visit,Skincare,437165
826240,554379,13-04-2024,SESS901311,Instagram,Mobile,Product View,Haircare,437165
859009,554379,13-04-2024,SESS901311,Instagram,Mobile,Add to Cart,Skincare,437165
826245,530671,03-06-2024,SESS901312,Instagram,Mobile,Website Visit,Skincare,473289
826247,589277,22-08-2024,SESS901313,Influencer,Mobile,Website Visit,Skincare,
891785,589277,22-08-2024,SESS901313,Influencer,Mobile,Product View,Skincare,
891786,589277,22-08-2024,SESS901313,Influencer,Mobile,Add to Cart,Skincare,
891788,589277,22-08-2024,SESS901313,Influencer,Mobile,Checkout Started,Skincare,
826254,589277,22-08-2024,SESS901313,Influencer,Mobile,Purchase,Skincare,
859034,598174,30-11-2024,SESS901314,Influencer,Mobile,Website Visit,Colour Cosmetics,486746
891803,568955,14-02-2024,SESS901315,Google,Mobile,Website Visit,Skincare,
891807,568955,14-02-2024,SESS901315,Google,Mobile,Product View,Skincare,
891809,566540,07-11-2024,SESS901316,Google,Mobile,Website Visit,Haircare,438398
859043,566540,07-11-2024,SESS901316,Google,Mobile,Product View,Skincare,438398
826276,566540,07-11-2024,SESS901316,Google,Mobile,Add to Cart,Skincare,438398
891812,586980,02-04-2024,SESS901317,Google,Mobile,Website Visit,Haircare,
859050,532780,17-09-2024,SESS901318,Organic Search,Mobile,Website Visit,Skincare,
891819,594329,01-04-2025,SESS901319,Instagram,Mobile,Website Visit,Skincare,
859052,594329,01-04-2025,SESS901319,Instagram,Mobile,Product View,Colour Cosmetics,
859054,549856,19-05-2024,SESS901320,Influencer,Mobile,Website Visit,Skincare,
891822,549856,19-05-2024,SESS901320,Influencer,Mobile,Product View,Skincare,
891825,517601,07-06-2025,SESS901321,Organic Search,Mobile,Website Visit,Haircare,448515
859060,517601,07-06-2025,SESS901321,Organic Search,Mobile,Product View,Skincare,448515
826298,515292,11-12-2025,SESS901322,Influencer,Desktop,Website Visit,Colour Cosmetics,445210
891836,515292,11-12-2025,SESS901322,Influencer,Desktop,Product View,Haircare,445210
859077,502757,12-01-2025,SESS901323,Google,Desktop,Website Visit,Skincare,
859078,502757,12-01-2025,SESS901323,Google,Desktop,Product View,Skincare,
891848,550940,26-07-2025,SESS901324,Instagram,Desktop,Website Visit,Colour Cosmetics,445539
826314,550940,26-07-2025,SESS901324,Instagram,Desktop,Product View,Colour Cosmetics,445539
891851,518131,19-02-2025,SESS901325,Instagram,Mobile,Website Visit,Colour Cosmetics,
891853,518131,19-02-2025,SESS901325,Instagram,Mobile,Product View,Colour Cosmetics,
891859,518131,19-02-2025,SESS901325,Instagram,Mobile,Add to Cart,Colour Cosmetics,
826330,518131,19-02-2025,SESS901325,Instagram,Mobile,Checkout Started,Colour Cosmetics,
826332,579818,21-12-2025,SESS901326,Instagram,Desktop,Website Visit,Haircare,
826334,588452,02-04-2025,SESS901327,Instagram,Mobile,Website Visit,Skincare,445539
826339,588984,20-12-2024,SESS901328,Instagram,Mobile,Website Visit,Skincare,
826341,588984,20-12-2024,SESS901328,Instagram,Mobile,Product View,Skincare,
826343,536559,20-06-2025,SESS901329,Instagram,Mobile,Website Visit,Colour Cosmetics,
891880,509807,29-05-2024,SESS901330,Marketplace,Desktop,Website Visit,Skincare,
859113,585191,08-07-2025,SESS901331,Instagram,Desktop,Website Visit,Skincare,433381
826346,585191,08-07-2025,SESS901331,Instagram,Desktop,Product View,Colour Cosmetics,433381
859117,585191,08-07-2025,SESS901331,Instagram,Desktop,Add to Cart,Skincare,433381
891889,564251,30-11-2024,SESS901332,Instagram,Desktop,Website Visit,Haircare,
826359,564251,30-11-2024,SESS901332,Instagram,Desktop,Product View,Colour Cosmetics,
826362,564251,30-11-2024,SESS901332,Instagram,Desktop,Add to Cart,Colour Cosmetics,
859134,564251,30-11-2024,SESS901332,Instagram,Desktop,Checkout Started,Colour Cosmetics,
826371,564251,30-11-2024,SESS901332,Instagram,Desktop,Purchase,Colour Cosmetics,
891908,557132,12-10-2025,SESS901333,Marketplace,Mobile,Website Visit,Skincare,
891911,557132,12-10-2025,SESS901333,Marketplace,Mobile,Product View,Skincare,
826377,557132,12-10-2025,SESS901333,Marketplace,Mobile,Add to Cart,Skincare,
859154,573526,08-06-2025,SESS901334,Organic Search,Desktop,Website Visit,Skincare,
826387,501220,23-05-2025,SESS901335,Referral,Mobile,Website Visit,Skincare,442205
826388,501220,23-05-2025,SESS901335,Referral,Mobile,Product View,Skincare,442205
859161,501220,23-05-2025,SESS901335,Referral,Mobile,Add to Cart,Colour Cosmetics,442205
891934,501220,23-05-2025,SESS901335,Referral,Mobile,Checkout Started,Skincare,442205
859168,501220,23-05-2025,SESS901335,Referral,Mobile,Purchase,Skincare,442205
826402,556606,02-03-2025,SESS901336,Organic Search,Desktop,Website Visit,Skincare,481006
891949,587410,23-09-2025,SESS901337,Instagram,Mobile,Website Visit,Skincare,473590
859182,587410,23-09-2025,SESS901337,Instagram,Mobile,Product View,Skincare,473590
826419,587410,23-09-2025,SESS901337,Instagram,Mobile,Add to Cart,Haircare,473590
891956,579905,16-08-2025,SESS901338,Instagram,Mobile,Website Visit,Colour Cosmetics,497553
859191,579905,16-08-2025,SESS901338,Instagram,Mobile,Product View,Haircare,497553
891960,579905,16-08-2025,SESS901338,Instagram,Mobile,Add to Cart,Colour Cosmetics,497553
826425,541505,01-01-2025,SESS901339,Instagram,Mobile,Website Visit,Skincare,481953
859195,541505,01-01-2025,SESS901339,Instagram,Mobile,Product View,Colour Cosmetics,481953
826428,510057,17-05-2024,SESS901340,Organic Search,Mobile,Website Visit,Skincare,
826430,510057,17-05-2024,SESS901340,Organic Search,Mobile,Product View,Skincare,
859199,510057,17-05-2024,SESS901340,Organic Search,Mobile,Add to Cart,Skincare,
859200,510057,17-05-2024,SESS901340,Organic Search,Mobile,Checkout Started,Skincare,
891967,510057,17-05-2024,SESS901340,Organic Search,Mobile,Purchase,Skincare,
826434,557176,09-10-2024,SESS901341,Referral,Mobile,Website Visit,Colour Cosmetics,499229
826435,501007,06-03-2025,SESS901342,Instagram,Tablet,Website Visit,Skincare,
891972,541505,06-01-2024,SESS901343,Instagram,Tablet,Website Visit,Colour Cosmetics,466062
891982,541505,06-01-2024,SESS901343,Instagram,Tablet,Product View,Colour Cosmetics,466062
826447,525112,07-11-2025,SESS901344,Instagram,Mobile,Website Visit,Colour Cosmetics,
859217,503101,30-07-2025,SESS901345,Instagram,Desktop,Website Visit,Colour Cosmetics,
891985,503101,30-07-2025,SESS901345,Instagram,Desktop,Product View,Colour Cosmetics,
891987,599061,12-12-2024,SESS901346,Marketplace,Mobile,Website Visit,Skincare,453161
826454,586200,06-02-2024,SESS901347,Google,Tablet,Website Visit,Skincare,
826456,584886,10-08-2025,SESS901348,Marketplace,Mobile,Website Visit,Skincare,495722
826460,581416,24-02-2024,SESS901349,Influencer,Mobile,Website Visit,Colour Cosmetics,476238
859230,581416,24-02-2024,SESS901349,Influencer,Mobile,Product View,Colour Cosmetics,476238
859233,566784,08-12-2024,SESS901350,Google,Mobile,Website Visit,Skincare,
892001,566784,08-12-2024,SESS901350,Google,Mobile,Product View,Colour Cosmetics,
892002,502799,14-10-2024,SESS901351,Google,Mobile,Website Visit,Haircare,483171
892005,502799,14-10-2024,SESS901351,Google,Mobile,Product View,Haircare,483171
826475,502799,14-10-2024,SESS901351,Google,Mobile,Add to Cart,Colour Cosmetics,483171
859247,502799,14-10-2024,SESS901351,Google,Mobile,Checkout Started,Haircare,483171
826481,585477,07-07-2024,SESS901352,Instagram,Mobile,Website Visit,Colour Cosmetics,465408
859249,585477,07-07-2024,SESS901352,Instagram,Mobile,Product View,Colour Cosmetics,465408
826482,599598,26-08-2024,SESS901353,Instagram,Mobile,Website Visit,Skincare,410081
826489,509838,07-01-2025,SESS901354,Referral,Desktop,Website Visit,Haircare,433648
859259,555933,27-10-2025,SESS901355,Instagram,Mobile,Website Visit,Colour Cosmetics,490211
826494,549968,30-10-2024,SESS901356,Organic Search,Mobile,Website Visit,Skincare,492044
859271,558799,19-12-2024,SESS901357,Instagram,Mobile,Website Visit,Skincare,425635
826503,558799,19-12-2024,SESS901357,Instagram,Mobile,Product View,Skincare,425635
892042,558799,19-12-2024,SESS901357,Instagram,Mobile,Add to Cart,Skincare,425635
892043,558799,19-12-2024,SESS901357,Instagram,Mobile,Checkout Started,Skincare,425635
859275,558799,19-12-2024,SESS901357,Instagram,Mobile,Purchase,Skincare,425635
826509,589364,09-09-2024,SESS901358,Marketplace,Mobile,Website Visit,Skincare,
892050,589364,09-09-2024,SESS901358,Marketplace,Mobile,Product View,Skincare,
892054,576619,07-06-2024,SESS901359,Instagram,Mobile,Website Visit,Skincare,495209
859288,576619,07-06-2024,SESS901359,Instagram,Mobile,Product View,Skincare,495209
859295,576619,07-06-2024,SESS901359,Instagram,Unknown,Add to Cart,Skincare,495209
859296,576619,07-06-2024,SESS901359,Instagram,Mobile,Checkout Started,Skincare,495209
892066,576619,07-06-2024,SESS901359,Instagram,Mobile,Purchase,Skincare,495209
859302,573385,24-10-2024,SESS901360,Instagram,Mobile,Website Visit,Skincare,
892072,573385,24-10-2024,SESS901360,Instagram,Mobile,Product View,Skincare,
826546,586474,17-08-2025,SESS901361,Google,Mobile,Website Visit,Skincare,
859314,586474,17-08-2025,SESS901361,Google,Mobile,Product View,Skincare,
859316,586474,17-08-2025,SESS901361,Google,Mobile,Add to Cart,Skincare,
859321,516544,10-02-2024,SESS901362,Referral,Mobile,Website Visit,Haircare,486701
859324,516544,10-02-2024,SESS901362,Referral,Mobile,Product View,Skincare,486701
859325,516544,10-02-2024,SESS901362,Referral,Mobile,Add to Cart,Skincare,486701
859328,575392,05-08-2025,SESS901363,Instagram,Mobile,Website Visit,Skincare,497049
826568,575392,05-08-2025,SESS901363,Instagram,Mobile,Product View,Skincare,497049
892109,575392,05-08-2025,SESS901363,Instagram,Mobile,Add to Cart,Skincare,497049
859344,575392,05-08-2025,SESS901363,Instagram,Mobile,Checkout Started,Skincare,497049
826576,575392,05-08-2025,SESS901363,Instagram,Mobile,Purchase,Skincare,497049
859348,532472,30-12-2024,SESS901364,Referral,Mobile,Website Visit,Skincare,448515
859349,532472,30-12-2024,SESS901364,Referral,Unknown,Product View,Skincare,448515
826584,533029,06-02-2024,SESS901365,Instagram,Desktop,Website Visit,Skincare,
859352,533029,06-02-2024,SESS901365,Instagram,Desktop,Product View,Skincare,
892122,533029,06-02-2024,SESS901365,Instagram,Desktop,Add to Cart,Skincare,
859361,533029,06-02-2024,SESS901365,Instagram,Desktop,Checkout Started,Skincare,
892131,533029,06-02-2024,SESS901365,Instagram,Desktop,Purchase,Skincare,
826596,556531,25-09-2025,SESS901366,Google,Mobile,Website Visit,Colour Cosmetics,
859366,556531,25-09-2025,SESS901366,Google,Mobile,Product View,Colour Cosmetics,
859367,528043,15-11-2024,SESS901367,Influencer,Desktop,Website Visit,Colour Cosmetics,431861
826604,528043,15-11-2024,SESS901367,Influencer,Desktop,Product View,Colour Cosmetics,431861
892140,528043,15-11-2024,SESS901367,Influencer,Desktop,Add to Cart,Colour Cosmetics,431861
859374,528043,15-11-2024,SESS901367,Influencer,Desktop,Checkout Started,Colour Cosmetics,431861
859375,528043,15-11-2024,SESS901367,Influencer,Desktop,Purchase,Colour Cosmetics,431861
826605,533466,19-05-2024,SESS901368,Referral,Desktop,Website Visit,Skincare,473870
859377,538290,10-01-2024,SESS901369,Instagram,Mobile,Website Visit,Haircare,463612
892141,542219,27-10-2024,SESS901370,Instagram,Mobile,Website Visit,Skincare,
892147,542219,27-10-2024,SESS901370,Instagram,Mobile,Product View,Skincare,
826616,510527,12-07-2024,SESS901371,Instagram,Mobile,Website Visit,Skincare,
859386,594381,26-11-2024,SESS901372,Google,Mobile,Website Visit,Skincare,473590
826622,594381,26-11-2024,SESS901372,Google,Mobile,Product View,Skincare,473590
859391,594381,26-11-2024,SESS901372,Google,Mobile,Add to Cart,Skincare,473590
859396,594381,26-11-2024,SESS901372,Google,Mobile,Checkout Started,Skincare,473590
892164,594381,26-11-2024,SESS901372,Google,Mobile,Purchase,Skincare,473590
859397,509305,05-12-2025,SESS901373,Instagram,Desktop,Website Visit,Skincare,
892170,517322,24-07-2025,SESS901374,Organic Search,Mobile,Website Visit,Haircare,
859403,517322,24-07-2025,SESS901374,Organic Search,Mobile,Product View,Haircare,
892177,517322,24-07-2025,SESS901374,Organic Search,Mobile,Add to Cart,Haircare,
892181,517322,24-07-2025,SESS901374,Organic Search,Mobile,Checkout Started,Haircare,
859414,517322,24-07-2025,SESS901374,Organic Search,Mobile,Purchase,Haircare,
826653,516901,22-04-2025,SESS901375,Organic Search,Desktop,Website Visit,Colour Cosmetics,
859422,596276,04-03-2024,SESS901376,Google,Mobile,Website Visit,Colour Cosmetics,455343
826654,512219,19-10-2025,SESS901377,Google,Desktop,Website Visit,Skincare,411539
859425,512219,19-10-2025,SESS901377,Google,Desktop,Product View,Colour Cosmetics,411539
892195,548213,20-08-2025,SESS901378,Instagram,Desktop,Website Visit,Skincare,
892196,548213,20-08-2025,SESS901378,Instagram,Desktop,Product View,Skincare,
859431,548213,20-08-2025,SESS901378,Instagram,Desktop,Add to Cart,Skincare,
826666,500150,05-02-2024,SESS901379,Instagram,Desktop,Website Visit,Haircare,
892203,500150,05-02-2024,SESS901379,Instagram,Desktop,Product View,Haircare,
892204,562402,31-10-2025,SESS901380,Instagram,Desktop,Website Visit,Skincare,441642
826677,562402,31-10-2025,SESS901380,Instagram,Desktop,Product View,Skincare,441642
859447,562402,31-10-2025,SESS901380,Instagram,Desktop,Add to Cart,Skincare,441642
859450,516750,01-05-2025,SESS901381,Instagram,Mobile,Website Visit,Colour Cosmetics,
859451,516750,01-05-2025,SESS901381,Instagram,Mobile,Product View,Colour Cosmetics,
826686,520218,24-01-2025,SESS901382,Influencer,Mobile,Website Visit,Haircare,449380
892225,582719,04-05-2024,SESS901383,Instagram,Mobile,Website Visit,Haircare,441642
859458,553264,17-05-2024,SESS901384,Instagram,Mobile,Website Visit,Colour Cosmetics,474806
826692,553264,17-05-2024,SESS901384,Instagram,Mobile,Product View,Colour Cosmetics,474806
892229,553264,17-05-2024,SESS901384,Instagram,Mobile,Add to Cart,Colour Cosmetics,474806
892231,564923,26-08-2025,SESS901385,Marketplace,Tablet,Website Visit,Haircare,429945
859473,564923,26-08-2025,SESS901385,Marketplace,Tablet,Product View,Colour Cosmetics,429945
892241,564923,26-08-2025,SESS901385,Marketplace,Tablet,Add to Cart,Colour Cosmetics,429945
826707,564923,26-08-2025,SESS901385,Marketplace,Tablet,Checkout Started,Colour Cosmetics,429945
859476,566698,14-08-2025,SESS901386,Google,Mobile,Website Visit,Haircare,434464
826712,566698,14-08-2025,SESS901386,Google,Mobile,Product View,Skincare,434464
826713,551645,17-04-2024,SESS901387,Instagram,Desktop,Website Visit,Skincare,405376
859484,551645,17-04-2024,SESS901387,Instagram,Desktop,Product View,Haircare,405376
892256,599871,31-07-2024,SESS901388,Referral,Tablet,Website Visit,Skincare,406955
859491,546025,17-04-2024,SESS901389,Google,Mobile,Website Visit,Colour Cosmetics,
826724,546025,17-04-2024,SESS901389,Google,Mobile,Product View,Haircare,
826726,595320,05-03-2025,SESS901390,Organic Search,Mobile,Website Visit,Haircare,497049
859499,595320,05-03-2025,SESS901390,Organic Search,Mobile,Product View,Skincare,497049
892274,570575,31-05-2024,SESS901391,Google,Desktop,Website Visit,Skincare,
826740,570575,31-05-2024,SESS901391,Google,Desktop,Product View,Skincare,
826741,507685,26-05-2024,SESS901392,Instagram,Desktop,Website Visit,Skincare,440309
892278,541145,07-04-2024,SESS901393,Organic Search,Mobile,Website Visit,Colour Cosmetics,476695
892279,541145,07-04-2024,SESS901393,Organic Search,Mobile,Product View,Haircare,476695
859511,575392,07-11-2025,SESS901394,Instagram,Mobile,Website Visit,Skincare,
859514,580694,30-12-2024,SESS901395,Influencer,Mobile,Website Visit,Skincare,407184
859515,580694,30-12-2024,SESS901395,Influencer,Mobile,Product View,Skincare,407184
826749,505482,23-07-2025,SESS901396,Organic Search,Mobile,Website Visit,Colour Cosmetics,
859519,566162,22-02-2025,SESS901397,Organic Search,Tablet,Website Visit,Colour Cosmetics,483171
859523,560258,18-11-2024,SESS901398,Instagram,Mobile,Website Visit,Colour Cosmetics,
859525,562518,22-01-2025,SESS901399,Marketplace,Desktop,Website Visit,Skincare,422227
826758,585717,21-09-2025,SESS901400,Organic Search,Mobile,Website Visit,Haircare,
892295,520807,09-08-2025,SESS901401,Google,Mobile,Website Visit,Skincare,418813
826767,520807,09-08-2025,SESS901401,Google,Mobile,Product View,Haircare,418813
826770,585437,30-07-2025,SESS901402,Instagram,Mobile,Website Visit,Skincare,
826777,585437,30-07-2025,SESS901402,Instagram,Mobile,Product View,Skincare,
892314,529102,22-02-2024,SESS901403,Google,Mobile,Website Visit,Colour Cosmetics,438398
826778,529102,22-02-2024,SESS901403,Google,Mobile,Product View,Colour Cosmetics,438398
826784,517892,08-11-2025,SESS901404,Instagram,Mobile,Website Visit,Colour Cosmetics,
859553,577110,03-05-2025,SESS901405,Referral,Mobile,Website Visit,Skincare,496905
826786,577110,03-05-2025,SESS901405,Referral,Mobile,Product View,Skincare,496905
826787,577110,03-05-2025,SESS901405,Referral,Mobile,Add to Cart,Skincare,496905
859560,520631,03-03-2025,SESS901406,Instagram,Mobile,Website Visit,Skincare,426724
859563,520631,03-03-2025,SESS901406,Instagram,Mobile,Product View,Skincare,426724
826798,520631,03-03-2025,SESS901406,Instagram,Mobile,Add to Cart,Skincare,426724
826800,520631,03-03-2025,SESS901406,Instagram,Unknown,Checkout Started,Colour Cosmetics,426724
826804,520631,03-03-2025,SESS901406,Instagram,Mobile,Purchase,Skincare,426724
859574,590476,15-06-2025,SESS901407,Offline Store,Mobile,Website Visit,Skincare,493341
892343,590476,15-06-2025,SESS901407,Offline Store,Mobile,Product View,Skincare,493341
892345,519786,29-08-2025,SESS901408,Influencer,Desktop,Website Visit,Colour Cosmetics,
859578,519786,29-08-2025,SESS901408,Influencer,Desktop,Product View,Skincare,
826811,518758,08-11-2025,SESS901409,Influencer,Desktop,Website Visit,Skincare,
859580,518758,08-11-2025,SESS901409,Influencer,Desktop,Product View,Skincare,
859581,587747,05-05-2025,SESS901410,Referral,Desktop,Website Visit,Skincare,
892355,587747,05-05-2025,SESS901410,Referral,Desktop,Product View,Skincare,
892356,587747,05-05-2025,SESS901410,Referral,Desktop,Add to Cart,Skincare,
859588,567286,13-07-2024,SESS901411,Referral,Mobile,Website Visit,Colour Cosmetics,463919
826824,509038,22-07-2025,SESS901412,Instagram,Mobile,Website Visit,Skincare,
859594,509038,22-07-2025,SESS901412,Instagram,Mobile,Product View,Skincare,
826828,584675,13-08-2025,SESS901413,Google,Mobile,Website Visit,Skincare,
826829,520969,03-02-2024,SESS901414,Instagram,Mobile,Website Visit,Skincare,486746
892374,520969,03-02-2024,SESS901414,Instagram,Mobile,Product View,Skincare,486746
826843,566307,20-07-2024,SESS901415,Google,Mobile,Website Visit,Haircare,
826847,541104,17-04-2025,SESS901416,Google,Mobile,Website Visit,Skincare,
859623,541104,17-04-2025,SESS901416,Google,Mobile,Product View,Skincare,
826857,541104,17-04-2025,SESS901416,Google,Mobile,Add to Cart,Skincare,
826859,575156,09-02-2025,SESS901417,Instagram,Desktop,Website Visit,Skincare,406427
892396,575156,09-02-2025,SESS901417,Instagram,Desktop,Product View,Skincare,406427
826861,561894,10-10-2025,SESS901418,Instagram,Mobile,Website Visit,Colour Cosmetics,424613
892398,561894,10-10-2025,SESS901418,Instagram,Mobile,Product View,Colour Cosmetics,424613
892399,504722,23-01-2025,SESS901419,Instagram,Desktop,Website Visit,Skincare,496905
892400,504722,23-01-2025,SESS901419,Instagram,Desktop,Product View,Haircare,496905
859636,559459,04-03-2024,SESS901420,Google,Mobile,Website Visit,Skincare,
859638,559459,04-03-2024,SESS901420,Google,Mobile,Product View,Skincare,
892410,559459,04-03-2024,SESS901420,Google,Mobile,Add to Cart,Skincare,
826885,583748,07-03-2024,SESS901421,Influencer,Mobile,Website Visit,Colour Cosmetics,406955
859657,585461,12-05-2024,SESS901422,Offline Store,Mobile,Website Visit,Skincare,
892427,585461,12-05-2024,SESS901422,Offline Store,Mobile,Product View,Skincare,
892428,585461,12-05-2024,SESS901422,Offline Store,Mobile,Add to Cart,Colour Cosmetics,
859661,585461,12-05-2024,SESS901422,Offline Store,Mobile,Checkout Started,Skincare,
892431,520033,16-07-2024,SESS901423,Instagram,Mobile,Website Visit,Skincare,446351
826899,535614,24-07-2024,SESS901424,Instagram,Mobile,Website Visit,Haircare,
826901,535614,24-07-2024,SESS901424,Instagram,Mobile,Product View,Haircare,
892438,577743,14-06-2025,SESS901425,Marketplace,Mobile,Website Visit,Skincare,474806
826907,577743,14-06-2025,SESS901425,Marketplace,Mobile,Product View,Colour Cosmetics,474806
859692,503694,12-12-2024,SESS901426,Organic Search,Mobile,Website Visit,Skincare,
892464,503694,12-12-2024,SESS901426,Organic Search,Mobile,Product View,Skincare,
892465,503694,12-12-2024,SESS901426,Organic Search,Mobile,Add to Cart,Skincare,
826930,510641,07-06-2025,SESS901427,Google,Mobile,Website Visit,Colour Cosmetics,
859698,555496,21-04-2025,SESS901428,Offline Store,Mobile,Website Visit,Skincare,
859712,584843,24-01-2024,SESS901429,Instagram,Mobile,Website Visit,Skincare,418239
826945,584843,24-01-2024,SESS901429,Instagram,Mobile,Product View,Skincare,418239
859716,542219,15-07-2025,SESS901430,Instagram,Mobile,Website Visit,Skincare,
826953,590388,20-11-2024,SESS901431,Organic Search,Mobile,Website Visit,Skincare,464028
859726,569621,27-10-2024,SESS901432,Google,Mobile,Website Visit,Colour Cosmetics,
859728,524267,01-07-2025,SESS901433,Instagram,Mobile,Website Visit,Skincare,
892497,505229,03-02-2025,SESS901434,Google,Mobile,Website Visit,Colour Cosmetics,
859737,505229,03-02-2025,SESS901434,Google,Mobile,Product View,Skincare,
859738,505229,03-02-2025,SESS901434,Google,Mobile,Add to Cart,Colour Cosmetics,
892509,534099,16-06-2024,SESS901435,Instagram,Mobile,Website Visit,Skincare,
826974,534099,16-06-2024,SESS901435,Instagram,Mobile,Product View,Skincare,
892516,534099,16-06-2024,SESS901435,Instagram,Mobile,Add to Cart,Haircare,
892524,582544,28-07-2024,SESS901436,Instagram,Unknown,Website Visit,Colour Cosmetics,433089
892526,582544,28-07-2024,SESS901436,Instagram,Mobile,Product View,Colour Cosmetics,433089
892528,526318,11-04-2025,SESS901437,Instagram,Mobile,Website Visit,Skincare,427621
859762,526318,11-04-2025,SESS901437,Instagram,Mobile,Product View,Skincare,427621
826997,597120,26-09-2025,SESS901438,Instagram,Mobile,Website Visit,Colour Cosmetics,400060
859767,531266,23-11-2024,SESS901439,Marketplace,Mobile,Website Visit,Haircare,
827001,531266,23-11-2024,SESS901439,Marketplace,Mobile,Product View,Colour Cosmetics,
892539,554165,23-02-2025,SESS901440,Google,Mobile,Website Visit,Haircare,
827004,554165,23-02-2025,SESS901440,Google,Mobile,Product View,Haircare,
827005,588259,01-05-2024,SESS901441,Organic Search,Desktop,Website Visit,Skincare,411691
892540,588259,01-05-2024,SESS901441,Organic Search,Desktop,Product View,Skincare,411691
892543,588259,01-05-2024,SESS901441,Organic Search,Desktop,Add to Cart,Skincare,411691
859776,588259,21-11-2025,SESS901442,Organic Search,Mobile,Website Visit,Skincare,455343
859778,588259,21-11-2025,SESS901442,Organic Search,Mobile,Product View,Skincare,455343
859781,588259,21-11-2025,SESS901442,Organic Search,Mobile,Add to Cart,Skincare,455343
859782,544725,10-11-2024,SESS901443,Influencer,Mobile,Website Visit,Haircare,
892551,549060,09-11-2025,SESS901444,Organic Search,Mobile,Website Visit,Colour Cosmetics,445539
827015,577356,29-03-2024,SESS901445,Google,Tablet,Website Visit,Skincare,438097
827017,577356,29-03-2024,SESS901445,Google,Tablet,Product View,Skincare,438097
892553,575849,12-10-2025,SESS901446,Google,Mobile,Website Visit,Colour Cosmetics,489502
827019,547953,17-10-2025,SESS901447,Offline Store,Mobile,Website Visit,Colour Cosmetics,480858
892555,547953,17-10-2025,SESS901447,Offline Store,Mobile,Product View,Skincare,480858
892557,527152,20-07-2024,SESS901448,Influencer,Mobile,Website Visit,Skincare,
892564,586563,01-03-2025,SESS901449,Influencer,Mobile,Website Visit,Skincare,427155
827030,587881,29-07-2024,SESS901450,Referral,Mobile,Website Visit,Haircare,440309
892566,561644,03-10-2025,SESS901451,Instagram,Mobile,Website Visit,Colour Cosmetics,492837
827032,564789,31-05-2024,SESS901452,Referral,Desktop,Website Visit,Skincare,
859800,568517,13-04-2024,SESS901453,Referral,Mobile,Website Visit,Haircare,424613
827034,559186,16-09-2025,SESS901454,Google,Mobile,Website Visit,Skincare,
892571,559186,16-09-2025,SESS901454,Google,Mobile,Product View,Skincare,
859799,559186,16-09-2025,SESS901454,Google,Mobile,Add to Cart,Skincare,
892572,559186,16-09-2025,SESS901454,Google,Mobile,Checkout Started,Skincare,
859802,559186,16-09-2025,SESS901454,Google,Mobile,Purchase,Skincare,
827036,514896,06-07-2025,SESS901455,Referral,Mobile,Website Visit,Skincare,
827040,597880,21-11-2025,SESS901456,Google,Mobile,Website Visit,Skincare,407184
859808,573048,30-03-2024,SESS901457,Influencer,Mobile,Website Visit,Skincare,480372
827042,573048,30-03-2024,SESS901457,Influencer,Mobile,Product View,Skincare,480372
827046,573048,30-03-2024,SESS901457,Influencer,Mobile,Add to Cart,Skincare,480372
827047,573048,30-03-2024,SESS901457,Influencer,Mobile,Checkout Started,Skincare,480372
859817,573048,30-03-2024,SESS901457,Influencer,Mobile,Purchase,Skincare,480372
859820,504288,26-02-2025,SESS901458,Organic Search,Desktop,Website Visit,Haircare,433381
827058,515970,21-06-2024,SESS901459,Instagram,Mobile,Website Visit,Haircare,
859832,515970,21-06-2024,SESS901459,Instagram,Mobile,Product View,Skincare,
859835,515970,21-06-2024,SESS901459,Instagram,Mobile,Add to Cart,Skincare,
859837,515970,21-06-2024,SESS901459,Instagram,Mobile,Checkout Started,Skincare,
859839,581609,16-11-2025,SESS901460,Instagram,Mobile,Website Visit,Skincare,
892613,537353,13-06-2025,SESS901461,Instagram,Mobile,Website Visit,Skincare,486701
859847,555723,07-10-2024,SESS901462,Google,Mobile,Website Visit,Colour Cosmetics,
892616,555723,07-10-2024,SESS901462,Google,Mobile,Product View,Colour Cosmetics,
859850,592231,23-01-2024,SESS901463,Instagram,Mobile,Website Visit,Skincare,433089
827084,574177,03-05-2024,SESS901464,Instagram,Mobile,Website Visit,Skincare,400060
892626,554496,06-03-2024,SESS901465,Marketplace,Mobile,Website Visit,Colour Cosmetics,438398
859862,554496,06-03-2024,SESS901465,Marketplace,Mobile,Product View,Colour Cosmetics,438398
859863,554496,06-03-2024,SESS901465,Marketplace,Mobile,Add to Cart,Colour Cosmetics,438398
827096,554496,06-03-2024,SESS901465,Marketplace,Mobile,Checkout Started,Colour Cosmetics,438398
892633,552976,16-10-2024,SESS901466,Influencer,Mobile,Website Visit,Skincare,405376
827098,552976,16-10-2024,SESS901466,Influencer,Mobile,Product View,Colour Cosmetics,405376
859867,552976,16-10-2024,SESS901466,Influencer,Mobile,Add to Cart,Colour Cosmetics,405376
859868,552976,16-10-2024,SESS901466,Influencer,Mobile,Checkout Started,Colour Cosmetics,405376
892646,552976,16-10-2024,SESS901466,Influencer,Mobile,Purchase,Colour Cosmetics,405376
892649,588895,02-09-2025,SESS901467,Google,Mobile,Website Visit,Skincare,463122
827115,588895,02-09-2025,SESS901467,Google,Mobile,Product View,Skincare,463122
892655,563335,11-08-2024,SESS901468,Offline Store,Mobile,Website Visit,Colour Cosmetics,
859887,563335,11-08-2024,SESS901468,Offline Store,Mobile,Product View,Colour Cosmetics,
892656,563335,11-08-2024,SESS901468,Offline Store,Mobile,Add to Cart,Haircare,
859891,563335,11-08-2024,SESS901468,Offline Store,Mobile,Checkout Started,Colour Cosmetics,
859897,576064,29-12-2025,SESS901469,Instagram,Mobile,Website Visit,Skincare,427155
859901,549695,03-09-2025,SESS901470,Organic Search,Mobile,Website Visit,Skincare,
827134,515129,30-05-2024,SESS901471,Offline Store,Mobile,Website Visit,Haircare,446648
827152,515129,30-05-2024,SESS901471,Offline Store,Mobile,Product View,Haircare,446648
892689,578696,20-11-2024,SESS901472,Google,Mobile,Website Visit,Haircare,438097
859922,578696,20-11-2024,SESS901472,Google,Mobile,Product View,Colour Cosmetics,438097
892694,532472,24-12-2024,SESS901473,Referral,Desktop,Website Visit,Skincare,
892695,532472,24-12-2024,SESS901473,Referral,Desktop,Product View,Skincare,
859934,532472,24-12-2024,SESS901473,Referral,Desktop,Add to Cart,Skincare,
827169,532472,24-12-2024,SESS901473,Referral,Desktop,Checkout Started,Skincare,
892709,509724,17-02-2025,SESS901474,Google,Tablet,Website Visit,Skincare,427604
859946,537056,12-11-2024,SESS901475,Google,Mobile,Website Visit,Haircare,
892722,537056,12-11-2024,SESS901475,Google,Mobile,Product View,Haircare,
859961,537056,12-11-2024,SESS901475,Google,Mobile,Add to Cart,Haircare,
859963,537056,12-11-2024,SESS901475,Google,Mobile,Checkout Started,Haircare,
827196,537056,12-11-2024,SESS901475,Google,Mobile,Purchase,Haircare,
892732,529466,05-01-2024,SESS901476,Influencer,Mobile,Website Visit,Colour Cosmetics,491749
892735,571228,20-05-2024,SESS901477,Instagram,Tablet,Website Visit,Haircare,
859967,571228,20-05-2024,SESS901477,Instagram,Tablet,Product View,Haircare,
827202,576350,22-12-2025,SESS901478,Instagram,Desktop,Website Visit,Skincare,
859972,576350,22-12-2025,SESS901478,Instagram,Desktop,Product View,Skincare,
859974,584239,17-04-2024,SESS901479,Organic Search,Mobile,Website Visit,Skincare,436764
892742,584239,17-04-2024,SESS901479,Organic Search,Mobile,Product View,Skincare,436764
859977,553883,10-07-2025,SESS901480,Influencer,Mobile,Website Visit,Skincare,403719
859979,553883,10-07-2025,SESS901480,Influencer,Mobile,Product View,Skincare,403719
892748,553883,10-07-2025,SESS901480,Influencer,Mobile,Add to Cart,Skincare,403719
827213,579569,26-03-2024,SESS901481,Influencer,Mobile,Website Visit,Haircare,444911
892747,579569,26-03-2024,SESS901481,Influencer,Mobile,Product View,Haircare,444911
827215,576931,20-01-2025,SESS901482,Instagram,Mobile,Website Visit,Skincare,408197
859990,548571,05-02-2025,SESS901483,Influencer,Mobile,Website Visit,Skincare,
859995,548351,11-10-2025,SESS901484,Instagram,Mobile,Website Visit,Haircare,491749
860000,548351,11-10-2025,SESS901484,Instagram,Mobile,Product View,Colour Cosmetics,491749
827233,590957,21-12-2025,SESS901485,Instagram,Tablet,Website Visit,Skincare,
892770,590957,21-12-2025,SESS901485,Instagram,Tablet,Product View,Skincare,
827236,590957,21-12-2025,SESS901485,Instagram,Tablet,Add to Cart,Skincare,
860004,590957,21-12-2025,SESS901485,Instagram,Tablet,Checkout Started,Haircare,
892777,590957,21-12-2025,SESS901485,Instagram,Tablet,Purchase,Skincare,
892794,513256,21-12-2024,SESS901486,Instagram,Tablet,Website Visit,Skincare,474998
827258,513256,21-12-2024,SESS901486,Instagram,Tablet,Product View,Skincare,474998
892797,513256,21-12-2024,SESS901486,Instagram,Tablet,Add to Cart,Skincare,474998
827262,539857,31-03-2025,SESS901487,Marketplace,Mobile,Website Visit,Colour Cosmetics,406427
860034,586400,18-10-2024,SESS901488,Marketplace,Mobile,Website Visit,Colour Cosmetics,
827270,581167,15-12-2024,SESS901489,Instagram,Desktop,Website Visit,Haircare,
827274,581167,15-12-2024,SESS901489,Instagram,Desktop,Product View,Haircare,
860044,515915,01-05-2025,SESS901490,Google,Desktop,Website Visit,Colour Cosmetics,
827287,515915,01-05-2025,SESS901490,Google,Desktop,Product View,Colour Cosmetics,
860055,599693,01-04-2025,SESS901491,Organic Search,Desktop,Website Visit,Skincare,
860062,540846,06-06-2025,SESS901492,Google,Tablet,Website Visit,Colour Cosmetics,424613
860063,540846,06-06-2025,SESS901492,Google,Tablet,Product View,Haircare,424613
827295,523788,22-08-2024,SESS901493,Google,Mobile,Website Visit,Skincare,431540
892835,572384,28-11-2025,SESS901494,Organic Search,Mobile,Website Visit,Colour Cosmetics,437086
892836,539240,09-10-2024,SESS901495,Instagram,Unknown,Website Visit,Haircare,431540
892840,520033,21-03-2025,SESS901496,Instagram,Mobile,Website Visit,Skincare,
892848,520033,21-03-2025,SESS901496,Instagram,Mobile,Product View,Skincare,
860081,520033,21-03-2025,SESS901496,Instagram,Mobile,Add to Cart,Haircare,
860082,553476,20-10-2024,SESS901497,Google,Desktop,Website Visit,Skincare,
860085,577867,05-10-2025,SESS901498,Instagram,Mobile,Website Visit,Haircare,446648
860086,577992,11-01-2025,SESS901499,Marketplace,Mobile,Website Visit,Colour Cosmetics,496480
892861,505943,09-06-2024,SESS901500,Organic Search,Mobile,Website Visit,Skincare,453495
827326,542219,12-12-2025,SESS901501,Instagram,Mobile,Website Visit,Skincare,437086
860096,562216,02-09-2025,SESS901502,Google,Mobile,Website Visit,Colour Cosmetics,429945
827331,562216,02-09-2025,SESS901502,Google,Mobile,Product View,Colour Cosmetics,429945
860100,504852,08-09-2024,SESS901503,Marketplace,Desktop,Website Visit,Skincare,
892869,504852,08-09-2024,SESS901503,Marketplace,Desktop,Product View,Skincare,
827334,555444,13-12-2025,SESS901504,Influencer,Tablet,Website Visit,Haircare,426724
827335,555444,13-12-2025,SESS901504,Influencer,Tablet,Product View,Colour Cosmetics,426724
827341,555444,13-12-2025,SESS901504,Influencer,Tablet,Add to Cart,Colour Cosmetics,426724
827342,555444,13-12-2025,SESS901504,Influencer,Tablet,Checkout Started,Colour Cosmetics,426724
827343,555444,13-12-2025,SESS901504,Influencer,Tablet,Purchase,Colour Cosmetics,426724
827344,573889,02-06-2024,SESS901505,Instagram,Mobile,Website Visit,Haircare,
827349,535003,17-07-2024,SESS901506,Marketplace,Mobile,Website Visit,Colour Cosmetics,
827350,535003,17-07-2024,SESS901506,Marketplace,Mobile,Product View,Haircare,
892887,553964,03-06-2024,SESS901507,Influencer,Mobile,Website Visit,Skincare,429945
892886,529571,10-04-2025,SESS901508,Influencer,Tablet,Website Visit,Haircare,
860126,581857,15-03-2025,SESS901509,Google,Mobile,Website Visit,Colour Cosmetics,405392
827360,581857,15-03-2025,SESS901509,Google,Mobile,Product View,Colour Cosmetics,405392
892896,581857,15-03-2025,SESS901509,Google,Mobile,Add to Cart,Colour Cosmetics,405392
860134,531358,16-05-2024,SESS901510,Influencer,Mobile,Website Visit,Colour Cosmetics,441065
827366,563956,06-12-2024,SESS901511,Instagram,Desktop,Website Visit,Skincare,
827374,563956,06-12-2024,SESS901511,Instagram,Desktop,Product View,Skincare,
892911,550328,10-06-2025,SESS901512,Instagram,Mobile,Website Visit,Skincare,455343
827375,531285,08-01-2024,SESS901513,Instagram,Mobile,Website Visit,Skincare,426390
860145,513833,03-12-2025,SESS901514,Marketplace,Mobile,Website Visit,Skincare,436764
892912,523819,15-09-2024,SESS901515,Influencer,Desktop,Website Visit,Colour Cosmetics,433381
860160,523819,15-09-2024,SESS901515,Influencer,Desktop,Product View,Colour Cosmetics,433381
827392,553476,27-06-2025,SESS901516,Google,Desktop,Website Visit,Colour Cosmetics,429945
892931,524983,01-05-2025,SESS901517,Offline Store,Mobile,Website Visit,Skincare,
892937,577867,20-08-2024,SESS901518,Instagram,Mobile,Website Visit,Haircare,418239
860169,577867,20-08-2024,SESS901518,Instagram,Mobile,Product View,Haircare,418239
827404,567154,13-09-2024,SESS901519,Google,Mobile,Website Visit,Skincare,
892940,558028,11-07-2025,SESS901520,Influencer,Mobile,Website Visit,Colour Cosmetics,
892943,558028,11-07-2025,SESS901520,Influencer,Mobile,Product View,Colour Cosmetics,
860176,558028,11-07-2025,SESS901520,Influencer,Mobile,Add to Cart,Colour Cosmetics,
892947,558028,11-07-2025,SESS901520,Influencer,Mobile,Checkout Started,Skincare,
892948,558028,11-07-2025,SESS901520,Influencer,Mobile,Purchase,Colour Cosmetics,
827411,590461,24-08-2025,SESS901521,Referral,Mobile,Website Visit,Haircare,
892951,590461,24-08-2025,SESS901521,Referral,Mobile,Product View,Haircare,
827418,590023,17-12-2024,SESS901522,Organic Search,Desktop,Website Visit,Haircare,
892954,548566,26-05-2025,SESS901523,Google,Desktop,Website Visit,Skincare,
827422,549372,18-10-2024,SESS901524,Marketplace,Mobile,Website Visit,Skincare,474182
827425,549372,18-10-2024,SESS901524,Marketplace,Mobile,Product View,Skincare,474182
892963,565836,19-07-2025,SESS901525,Organic Search,Mobile,Website Visit,Colour Cosmetics,
827430,565836,19-07-2025,SESS901525,Organic Search,Mobile,Product View,Haircare,
860202,559050,04-04-2024,SESS901526,Instagram,Tablet,Website Visit,Haircare,
892974,590957,12-08-2024,SESS901527,Instagram,Mobile,Website Visit,Skincare,425487
892978,590957,12-08-2024,SESS901527,Instagram,Mobile,Product View,Skincare,425487
860211,590957,12-08-2024,SESS901527,Instagram,Mobile,Add to Cart,Skincare,425487
892980,530775,12-07-2024,SESS901528,Marketplace,Mobile,Website Visit,Skincare,
892985,530775,12-07-2024,SESS901528,Marketplace,Mobile,Product View,Skincare,
860218,501504,03-08-2025,SESS901529,Google,Desktop,Website Visit,Skincare,
860219,599148,20-07-2025,SESS901530,Organic Search,Mobile,Website Visit,Skincare,
892990,599148,20-07-2025,SESS901530,Organic Search,Mobile,Product View,Skincare,
892991,524586,17-06-2025,SESS901531,Instagram,Mobile,Website Visit,Haircare,403658
892993,524586,17-06-2025,SESS901531,Instagram,Mobile,Product View,Haircare,403658
860225,524586,17-06-2025,SESS901531,Instagram,Mobile,Add to Cart,Haircare,403658
860228,524586,17-06-2025,SESS901531,Instagram,Mobile,Checkout Started,Haircare,403658
827462,510114,27-06-2025,SESS901532,Organic Search,Mobile,Website Visit,Colour Cosmetics,
860230,560931,10-03-2024,SESS901533,Marketplace,Tablet,Website Visit,Skincare,481953
827463,560931,10-03-2024,SESS901533,Marketplace,Tablet,Product View,Colour Cosmetics,481953
860233,560931,10-03-2024,SESS901533,Marketplace,Tablet,Add to Cart,Skincare,481953
827468,560931,10-03-2024,SESS901533,Marketplace,Tablet,Checkout Started,Skincare,481953
860243,560931,10-03-2024,SESS901533,Marketplace,Tablet,Purchase,Skincare,481953
827479,577304,18-04-2025,SESS901534,Instagram,Mobile,Website Visit,Skincare,416586
860248,577304,18-04-2025,SESS901534,Instagram,Mobile,Product View,Skincare,416586
827483,577304,18-04-2025,SESS901534,Instagram,Mobile,Add to Cart,Colour Cosmetics,416586
827486,577304,18-04-2025,SESS901534,Instagram,Mobile,Checkout Started,Haircare,416586
860255,520392,15-02-2024,SESS901535,Instagram,Tablet,Website Visit,Haircare,
893027,563335,16-09-2025,SESS901536,Offline Store,Mobile,Website Visit,Colour Cosmetics,403719
827491,563335,16-09-2025,SESS901536,Offline Store,Mobile,Product View,Colour Cosmetics,403719
827493,583136,07-08-2024,SESS901537,Influencer,Desktop,Website Visit,Skincare,403029
860270,583136,07-08-2024,SESS901537,Influencer,Desktop,Product View,Skincare,403029
860277,507989,06-06-2025,SESS901538,Organic Search,Desktop,Website Visit,Colour Cosmetics,429945
860280,507989,06-06-2025,SESS901538,Organic Search,Desktop,Product View,Colour Cosmetics,429945
860281,507989,06-06-2025,SESS901538,Organic Search,Desktop,Add to Cart,Colour Cosmetics,429945
893048,559473,16-03-2025,SESS901539,Marketplace,Mobile,Website Visit,Haircare,
827520,559473,16-03-2025,SESS901539,Marketplace,Mobile,Product View,Haircare,
893056,510500,01-08-2025,SESS901540,Instagram,Desktop,Website Visit,Skincare,480372
860290,510500,01-08-2025,SESS901540,Instagram,Desktop,Product View,Haircare,480372
860291,545870,12-04-2024,SESS901541,Organic Search,Mobile,Website Visit,Haircare,403690
860295,545870,12-04-2024,SESS901541,Organic Search,Mobile,Product View,Haircare,403690
893066,588117,08-03-2025,SESS901542,Google,Tablet,Website Visit,Colour Cosmetics,405376
860299,588117,08-03-2025,SESS901542,Google,Tablet,Product View,Colour Cosmetics,405376
893069,588117,08-03-2025,SESS901542,Google,Tablet,Add to Cart,Colour Cosmetics,405376
827539,588117,08-03-2025,SESS901542,Google,Tablet,Checkout Started,Colour Cosmetics,405376
860309,588117,08-03-2025,SESS901542,Google,Tablet,Purchase,Colour Cosmetics,405376
827548,552262,15-12-2025,SESS901543,Google,Mobile,Website Visit,Colour Cosmetics,430394
827549,507685,10-03-2024,SESS901544,Instagram,Mobile,Website Visit,Skincare,
827550,507685,10-03-2024,SESS901544,Instagram,Mobile,Product View,Skincare,
860319,574228,11-11-2024,SESS901545,Offline Store,Mobile,Website Visit,Haircare,417878
827552,574228,11-11-2024,SESS901545,Offline Store,Mobile,Product View,Skincare,417878
860321,514918,31-03-2024,SESS901546,Instagram,Mobile,Website Visit,Skincare,
827553,584040,07-11-2025,SESS901547,Instagram,Mobile,Website Visit,Haircare,
860318,575156,03-02-2025,SESS901548,Instagram,Mobile,Website Visit,Skincare,
893089,518758,02-10-2025,SESS901549,Influencer,Mobile,Website Visit,Skincare,473151
827558,599035,12-11-2024,SESS901550,Organic Search,Mobile,Website Visit,Skincare,417878
893102,599035,12-11-2024,SESS901550,Organic Search,Mobile,Product View,Skincare,417878
827567,599035,12-11-2024,SESS901550,Organic Search,Mobile,Add to Cart,Skincare,417878
827569,599035,12-11-2024,SESS901550,Organic Search,Mobile,Checkout Started,Skincare,417878
827570,557733,27-04-2025,SESS901551,Organic Search,Mobile,Website Visit,Colour Cosmetics,
827571,519536,25-08-2024,SESS901552,Influencer,Mobile,Website Visit,Colour Cosmetics,408391
827576,519536,25-08-2024,SESS901552,Influencer,Mobile,Product View,Colour Cosmetics,408391
893112,584343,25-04-2025,SESS901553,Referral,Mobile,Website Visit,Colour Cosmetics,
860346,584343,25-04-2025,SESS901553,Referral,Mobile,Product View,Colour Cosmetics,
893115,592662,26-11-2024,SESS901554,Referral,Desktop,Website Visit,Colour Cosmetics,
860349,592662,26-11-2024,SESS901554,Referral,Desktop,Product View,Colour Cosmetics,
860357,598038,30-08-2025,SESS901555,Google,Unknown,Website Visit,Skincare,
860358,598038,30-08-2025,SESS901555,Google,Mobile,Product View,Skincare,
827591,539893,05-07-2024,SESS901556,Organic Search,Desktop,Website Visit,Colour Cosmetics,493447
860359,563335,08-04-2025,SESS901557,Offline Store,Desktop,Website Visit,Haircare,488400
827594,563335,08-04-2025,SESS901557,Offline Store,Desktop,Product View,Colour Cosmetics,488400
827598,594692,24-06-2025,SESS901558,Google,Mobile,Website Visit,Colour Cosmetics,
827602,523647,22-04-2024,SESS901559,Instagram,Mobile,Website Visit,Colour Cosmetics,400060
860372,569942,15-07-2025,SESS901560,Influencer,Mobile,Website Visit,Colour Cosmetics,
827612,569942,15-07-2025,SESS901560,Influencer,Mobile,Product View,Colour Cosmetics,
893150,569942,15-07-2025,SESS901560,Influencer,Mobile,Add to Cart,Colour Cosmetics,
893151,569942,15-07-2025,SESS901560,Influencer,Mobile,Checkout Started,Colour Cosmetics,
827614,569942,15-07-2025,SESS901560,Influencer,Mobile,Purchase,Colour Cosmetics,
893155,583507,09-04-2025,SESS901561,Offline Store,Tablet,Website Visit,Skincare,
827622,583507,09-04-2025,SESS901561,Offline Store,Tablet,Product View,Skincare,
860390,594276,22-12-2025,SESS901562,Google,Mobile,Website Visit,Haircare,
860392,534237,12-12-2024,SESS901563,Instagram,Mobile,Website Visit,Colour Cosmetics,433089
827625,534237,12-12-2024,SESS901563,Instagram,Mobile,Product View,Colour Cosmetics,433089
893159,534237,12-12-2024,SESS901563,Instagram,Mobile,Add to Cart,Colour Cosmetics,433089
827623,580981,14-05-2025,SESS901564,Instagram,Mobile,Website Visit,Haircare,
827630,580981,14-05-2025,SESS901564,Instagram,Mobile,Product View,Haircare,
827631,580981,14-05-2025,SESS901564,Instagram,Mobile,Add to Cart,Haircare,
893171,505130,22-04-2024,SESS901565,Organic Search,Mobile,Website Visit,Haircare,462926
827635,505130,22-04-2024,SESS901565,Organic Search,Mobile,Product View,Haircare,462926
893173,505130,22-04-2024,SESS901565,Organic Search,Mobile,Add to Cart,Haircare,462926
860405,540319,10-01-2024,SESS901566,Influencer,Mobile,Website Visit,Skincare,431540
860409,540319,10-01-2024,SESS901566,Influencer,Mobile,Product View,Skincare,431540
827641,574963,21-12-2024,SESS901567,Offline Store,Mobile,Website Visit,Skincare,
827644,574963,21-12-2024,SESS901567,Offline Store,Mobile,Product View,Skincare,
893182,574963,21-12-2024,SESS901567,Offline Store,Mobile,Add to Cart,Skincare,
860414,574963,21-12-2024,SESS901567,Offline Store,Mobile,Checkout Started,Skincare,
860417,546421,10-01-2024,SESS901568,Google,Mobile,Website Visit,Skincare,444911
827649,553225,30-10-2024,SESS901569,Instagram,Mobile,Website Visit,Colour Cosmetics,471327
860419,559233,24-07-2024,SESS901570,Marketplace,Desktop,Website Visit,Skincare,481026
827656,559233,24-07-2024,SESS901570,Marketplace,Desktop,Product View,Skincare,481026
860428,559233,24-07-2024,SESS901570,Marketplace,Desktop,Add to Cart,Skincare,481026
893201,567889,24-06-2025,SESS901571,Google,Mobile,Website Visit,Skincare,490211
860438,567889,24-06-2025,SESS901571,Google,Mobile,Product View,Colour Cosmetics,490211
893208,567889,24-06-2025,SESS901571,Google,Mobile,Add to Cart,Skincare,490211
827677,556881,12-06-2024,SESS901572,Instagram,Mobile,Website Visit,Skincare,432195
893218,515396,09-11-2024,SESS901573,Instagram,Mobile,Website Visit,Skincare,436764
860451,515396,09-11-2024,SESS901573,Instagram,Mobile,Product View,Skincare,436764
893219,509869,28-01-2024,SESS901574,Marketplace,Mobile,Website Visit,Colour Cosmetics,
893221,509869,28-01-2024,SESS901574,Marketplace,Mobile,Product View,Colour Cosmetics,
827691,555519,19-05-2025,SESS901575,Marketplace,Mobile,Website Visit,Skincare,488400
860463,588781,26-04-2025,SESS901576,Marketplace,Tablet,Website Visit,Haircare,
827696,588781,26-04-2025,SESS901576,Marketplace,Tablet,Product View,Haircare,
893233,518595,13-04-2025,SESS901577,Influencer,Tablet,Website Visit,Colour Cosmetics,
893234,518595,13-04-2025,SESS901577,Influencer,Tablet,Product View,Colour Cosmetics,
827699,518595,13-04-2025,SESS901577,Influencer,Tablet,Add to Cart,Colour Cosmetics,
893235,518595,13-04-2025,SESS901577,Influencer,Tablet,Checkout Started,Colour Cosmetics,
893237,518595,13-04-2025,SESS901577,Influencer,Tablet,Purchase,Colour Cosmetics,
860469,556267,02-05-2024,SESS901578,Organic Search,Mobile,Website Visit,Colour Cosmetics,473289
860473,556267,02-05-2024,SESS901578,Organic Search,Mobile,Product View,Colour Cosmetics,473289
860474,535614,22-12-2024,SESS901579,Instagram,Desktop,Website Visit,Haircare,474998
860478,537125,09-10-2025,SESS901580,Google,Mobile,Website Visit,Haircare,
893247,537125,09-10-2025,SESS901580,Google,Mobile,Product View,Colour Cosmetics,
893253,542143,14-11-2024,SESS901581,Marketplace,Mobile,Website Visit,Colour Cosmetics,
827718,542143,14-11-2024,SESS901581,Marketplace,Mobile,Product View,Colour Cosmetics,
827729,542143,14-11-2024,SESS901581,Marketplace,Mobile,Add to Cart,Colour Cosmetics,
827732,542143,14-11-2024,SESS901581,Marketplace,Mobile,Checkout Started,Colour Cosmetics,
827734,558079,26-06-2025,SESS901582,Organic Search,Mobile,Website Visit,Skincare,
893277,558079,26-06-2025,SESS901582,Organic Search,Mobile,Product View,Skincare,
860510,587500,29-03-2025,SESS901583,Organic Search,Mobile,Website Visit,Colour Cosmetics,403658
860511,587500,29-03-2025,SESS901583,Organic Search,Mobile,Product View,Skincare,403658
827744,578148,23-07-2025,SESS901584,Google,Mobile,Website Visit,Skincare,463122
893280,527152,15-06-2024,SESS901585,Influencer,Desktop,Website Visit,Skincare,427621
827751,527152,15-06-2024,SESS901585,Influencer,Desktop,Product View,Skincare,427621
893295,527152,15-06-2024,SESS901585,Influencer,Desktop,Add to Cart,Skincare,427621
827760,527152,15-06-2024,SESS901585,Influencer,Desktop,Checkout Started,Skincare,427621
860528,527152,15-06-2024,SESS901585,Influencer,Desktop,Purchase,Skincare,427621
860530,505376,18-01-2024,SESS901586,Referral,Desktop,Website Visit,Skincare,
860531,505376,18-01-2024,SESS901586,Referral,Desktop,Product View,Haircare,
893301,592435,17-07-2025,SESS901587,Google,Mobile,Website Visit,Skincare,413440
827766,592435,17-07-2025,SESS901587,Google,Mobile,Product View,Skincare,413440
827767,592435,17-07-2025,SESS901587,Google,Mobile,Add to Cart,Skincare,413440
893303,520289,30-12-2025,SESS901588,Marketplace,Mobile,Website Visit,Skincare,438398
827769,530903,11-05-2024,SESS901589,Marketplace,Mobile,Website Visit,Haircare,
827770,530903,11-05-2024,SESS901589,Marketplace,Mobile,Product View,Haircare,
827771,530903,11-05-2024,SESS901589,Marketplace,Mobile,Add to Cart,Haircare,
893305,530903,11-05-2024,SESS901589,Marketplace,Mobile,Checkout Started,Haircare,
827773,530903,11-05-2024,SESS901589,Marketplace,Mobile,Purchase,Colour Cosmetics,
827775,503441,28-12-2024,SESS901590,Google,Desktop,Website Visit,Skincare,465408
893313,503441,28-12-2024,SESS901590,Google,Desktop,Product View,Skincare,465408
827778,511970,18-12-2024,SESS901591,Marketplace,Mobile,Website Visit,Haircare,
860548,511970,18-12-2024,SESS901591,Marketplace,Mobile,Product View,Haircare,
893318,511970,18-12-2024,SESS901591,Marketplace,Mobile,Add to Cart,Haircare,
827785,557377,14-09-2024,SESS901592,Instagram,Mobile,Website Visit,Colour Cosmetics,426390
893322,557377,14-09-2024,SESS901592,Instagram,Mobile,Product View,Colour Cosmetics,426390
893323,557377,14-09-2024,SESS901592,Instagram,Mobile,Add to Cart,Skincare,426390
860556,583442,06-05-2024,SESS901593,Marketplace,Mobile,Website Visit,Haircare,
893325,547049,03-11-2025,SESS901594,Influencer,Mobile,Website Visit,Skincare,499229
827790,554377,28-10-2025,SESS901595,Referral,Mobile,Website Visit,Skincare,
893327,563956,14-09-2025,SESS901596,Instagram,Mobile,Website Visit,Skincare,
860560,528074,22-11-2025,SESS901597,Influencer,Mobile,Website Visit,Colour Cosmetics,
893329,553523,22-05-2024,SESS901598,Referral,Mobile,Website Visit,Skincare,476385
860561,553523,22-05-2024,SESS901598,Referral,Mobile,Product View,Colour Cosmetics,476385
827793,553523,22-05-2024,SESS901598,Referral,Mobile,Add to Cart,Skincare,476385
827799,577182,20-08-2025,SESS901599,Influencer,Mobile,Website Visit,Skincare,
827800,577182,20-08-2025,SESS901599,Influencer,Mobile,Product View,Skincare,
893335,577182,20-08-2025,SESS901599,Influencer,Mobile,Add to Cart,Skincare,
827802,577182,20-08-2025,SESS901599,Influencer,Mobile,Checkout Started,Skincare,
827803,577182,20-08-2025,SESS901599,Influencer,Mobile,Purchase,Skincare,
860570,516011,16-02-2025,SESS901600,Instagram,Mobile,Website Visit,Colour Cosmetics,
860573,516011,16-02-2025,SESS901600,Instagram,Mobile,Product View,Colour Cosmetics,
860574,514663,07-11-2025,SESS901601,Organic Search,Mobile,Website Visit,Haircare,408391
893344,582155,20-01-2024,SESS901602,Influencer,Desktop,Website Visit,Colour Cosmetics,
893345,582242,09-02-2025,SESS901603,Instagram,Mobile,Website Visit,Skincare,
827813,507944,10-07-2024,SESS901604,Instagram,Mobile,Website Visit,Colour Cosmetics,
860584,507944,10-07-2024,SESS901604,Instagram,Mobile,Product View,Haircare,
860586,536471,31-03-2024,SESS901605,Instagram,Mobile,Website Visit,Haircare,
893355,536471,31-03-2024,SESS901605,Instagram,Mobile,Product View,Skincare,
893356,503365,02-11-2024,SESS901606,Organic Search,Desktop,Website Visit,Skincare,415511
860589,517275,23-11-2024,SESS901607,Influencer,Mobile,Website Visit,Skincare,
827822,517275,23-11-2024,SESS901607,Influencer,Mobile,Product View,Skincare,
893360,539535,04-02-2024,SESS901608,Google,Mobile,Website Visit,Skincare,446648
893361,572309,12-06-2024,SESS901609,Instagram,Desktop,Website Visit,Colour Cosmetics,
860594,572309,12-06-2024,SESS901609,Instagram,Desktop,Product View,Colour Cosmetics,
827828,579129,17-05-2025,SESS901610,Instagram,Mobile,Website Visit,Skincare,403658
893366,565570,31-08-2025,SESS901611,Influencer,Desktop,Website Visit,Haircare,407184
827832,577304,14-12-2025,SESS901612,Instagram,Desktop,Website Visit,Haircare,
827833,577304,14-12-2025,SESS901612,Instagram,Desktop,Product View,Skincare,
893371,577304,14-12-2025,SESS901612,Instagram,Desktop,Add to Cart,Skincare,
860603,577304,14-12-2025,SESS901612,Instagram,Desktop,Checkout Started,Skincare,
893374,577304,14-12-2025,SESS901612,Instagram,Desktop,Purchase,Skincare,
893378,526365,27-08-2025,SESS901613,Marketplace,Mobile,Website Visit,Colour Cosmetics,
827843,526365,27-08-2025,SESS901613,Marketplace,Mobile,Product View,Colour Cosmetics,
893382,526365,27-08-2025,SESS901613,Marketplace,Mobile,Add to Cart,Colour Cosmetics,
860614,526365,27-08-2025,SESS901613,Marketplace,Mobile,Checkout Started,Colour Cosmetics,
860616,500074,22-09-2024,SESS901614,Google,Mobile,Website Visit,Haircare,454313
860619,500074,22-09-2024,SESS901614,Google,Mobile,Product View,Haircare,454313
860620,597004,12-12-2025,SESS901615,Influencer,Mobile,Website Visit,Skincare,
893387,516750,10-05-2025,SESS901616,Instagram,Desktop,Website Visit,Skincare,441065
827856,514662,30-04-2025,SESS901617,Google,Mobile,Website Visit,Skincare,
827858,514662,30-04-2025,SESS901617,Google,Mobile,Product View,Skincare,
860626,542237,11-09-2024,SESS901618,Referral,Mobile,Website Visit,Haircare,415511
827862,527802,31-03-2025,SESS901619,Instagram,Mobile,Website Visit,Haircare,497049
860631,527802,31-03-2025,SESS901619,Instagram,Mobile,Product View,Skincare,497049
827866,560981,20-02-2025,SESS901620,Instagram,Mobile,Website Visit,Haircare,
860640,560981,20-02-2025,SESS901620,Instagram,Mobile,Product View,Haircare,
827876,560981,20-02-2025,SESS901620,Instagram,Mobile,Add to Cart,Haircare,
827886,560981,20-02-2025,SESS901620,Instagram,Mobile,Checkout Started,Haircare,
893427,560981,20-02-2025,SESS901620,Instagram,Mobile,Purchase,Haircare,
893431,595561,25-05-2024,SESS901621,Offline Store,Desktop,Website Visit,Skincare,447520
893438,561894,06-08-2024,SESS901622,Instagram,Desktop,Website Visit,Haircare,
893439,561894,06-08-2024,SESS901622,Instagram,Desktop,Product View,Colour Cosmetics,
893443,561894,06-08-2024,SESS901622,Instagram,Desktop,Add to Cart,Colour Cosmetics,
827908,513069,27-08-2025,SESS901623,Marketplace,Mobile,Website Visit,Colour Cosmetics,
860679,513069,27-08-2025,SESS901623,Marketplace,Mobile,Product View,Skincare,
893452,557080,09-06-2024,SESS901624,Instagram,Mobile,Website Visit,Colour Cosmetics,431861
827917,557080,09-06-2024,SESS901624,Instagram,Mobile,Product View,Colour Cosmetics,431861
860688,557080,09-06-2024,SESS901624,Instagram,Mobile,Add to Cart,Colour Cosmetics,431861
893463,557080,09-06-2024,SESS901624,Instagram,Mobile,Checkout Started,Colour Cosmetics,431861
827931,557080,09-06-2024,SESS901624,Instagram,Mobile,Purchase,Colour Cosmetics,431861
860700,563335,26-06-2025,SESS901625,Offline Store,Mobile,Website Visit,Colour Cosmetics,
860701,563335,26-06-2025,SESS901625,Offline Store,Mobile,Product View,Colour Cosmetics,
860702,522962,22-06-2024,SESS901626,Referral,Mobile,Website Visit,Colour Cosmetics,
827933,590480,20-03-2025,SESS901627,Google,Mobile,Website Visit,Skincare,413440
893470,590480,20-03-2025,SESS901627,Google,Mobile,Product View,Skincare,413440
827937,590480,20-03-2025,SESS901627,Google,Mobile,Add to Cart,Skincare,413440
860707,580610,15-04-2025,SESS901628,Organic Search,Mobile,Website Visit,Haircare,
893479,580610,15-04-2025,SESS901628,Organic Search,Mobile,Product View,Haircare,
860712,556822,26-12-2024,SESS901629,Instagram,Mobile,Website Visit,Haircare,436764
893481,556822,26-12-2024,SESS901629,Instagram,Mobile,Product View,Haircare,436764
893482,556822,26-12-2024,SESS901629,Instagram,Mobile,Add to Cart,Haircare,436764
893483,562021,28-11-2025,SESS901630,Instagram,Mobile,Website Visit,Skincare,431861
827947,562021,28-11-2025,SESS901630,Instagram,Mobile,Product View,Colour Cosmetics,431861
827944,562021,28-11-2025,SESS901630,Instagram,Mobile,Add to Cart,Skincare,431861
893489,562021,28-11-2025,SESS901630,Instagram,Mobile,Checkout Started,Skincare,431861
827954,562021,28-11-2025,SESS901630,Instagram,Mobile,Purchase,Skincare,431861
893491,570702,08-12-2025,SESS901631,Referral,Desktop,Website Visit,Colour Cosmetics,465408
860729,570702,08-12-2025,SESS901631,Referral,Desktop,Product View,Colour Cosmetics,465408
827962,588647,28-03-2025,SESS901632,Instagram,Mobile,Website Visit,Colour Cosmetics,
893499,588647,28-03-2025,SESS901632,Instagram,Mobile,Product View,Colour Cosmetics,
893498,558079,29-01-2025,SESS901633,Organic Search,Mobile,Website Visit,Skincare,449380
860730,558079,29-01-2025,SESS901633,Organic Search,Mobile,Product View,Skincare,449380
860734,558079,29-01-2025,SESS901633,Organic Search,Mobile,Add to Cart,Colour Cosmetics,449380
860732,527152,29-09-2025,SESS901634,Influencer,Mobile,Website Visit,Skincare,437086
860747,527152,29-09-2025,SESS901634,Influencer,Mobile,Product View,Skincare,437086
893515,586363,15-09-2024,SESS901635,Organic Search,Desktop,Website Visit,Skincare,445210
827981,569579,01-02-2024,SESS901636,Organic Search,Mobile,Website Visit,Haircare,438136
893520,569579,01-02-2024,SESS901636,Organic Search,Mobile,Product View,Skincare,438136
860753,569579,01-02-2024,SESS901636,Organic Search,Mobile,Add to Cart,Haircare,438136
893522,516505,29-03-2024,SESS901637,Influencer,Mobile,Website Visit,Haircare,442004
827985,516505,29-03-2024,SESS901637,Influencer,Mobile,Product View,Haircare,442004
893533,578047,23-09-2025,SESS901638,Instagram,Mobile,Website Visit,Colour Cosmetics,
860766,578047,23-09-2025,SESS901638,Instagram,Mobile,Product View,Colour Cosmetics,
828004,521697,21-09-2024,SESS901639,Instagram,Mobile,Website Visit,Colour Cosmetics,
828006,550277,19-03-2025,SESS901640,Referral,Desktop,Website Visit,Skincare,405376
893542,535054,23-07-2025,SESS901641,Influencer,Mobile,Website Visit,Skincare,465408
860777,571121,03-06-2024,SESS901642,Organic Search,Mobile,Website Visit,Skincare,
893546,571121,03-06-2024,SESS901642,Organic Search,Mobile,Product View,Skincare,
828013,571121,03-06-2024,SESS901642,Organic Search,Mobile,Add to Cart,Skincare,
828015,533862,20-04-2024,SESS901643,Organic Search,Tablet,Website Visit,Colour Cosmetics,418239
828023,533862,20-04-2024,SESS901643,Organic Search,Tablet,Product View,Skincare,418239
828027,568690,12-09-2025,SESS901644,Instagram,Desktop,Website Visit,Colour Cosmetics,422227
893563,568690,12-09-2025,SESS901644,Instagram,Desktop,Product View,Skincare,422227
860797,568690,12-09-2025,SESS901644,Instagram,Desktop,Add to Cart,Skincare,422227
828030,526100,25-01-2024,SESS901645,Instagram,Mobile,Website Visit,Skincare,439826
893571,529451,11-07-2025,SESS901646,Google,Mobile,Website Visit,Colour Cosmetics,463122
828041,529451,11-07-2025,SESS901646,Google,Mobile,Product View,Colour Cosmetics,463122
860814,539824,20-04-2025,SESS901647,Organic Search,Mobile,Website Visit,Haircare,413440
828049,539824,20-04-2025,SESS901647,Organic Search,Mobile,Product View,Haircare,413440
860817,586163,14-11-2025,SESS901648,Google,Mobile,Website Visit,Colour Cosmetics,
893588,586163,14-11-2025,SESS901648,Google,Mobile,Product View,Colour Cosmetics,
893593,586163,14-11-2025,SESS901648,Google,Mobile,Add to Cart,Colour Cosmetics,
828063,517176,31-12-2024,SESS901649,Referral,Desktop,Website Visit,Colour Cosmetics,
860838,517176,31-12-2024,SESS901649,Referral,Desktop,Product View,Colour Cosmetics,
828072,571118,26-02-2025,SESS901650,Influencer,Mobile,Website Visit,Haircare,426724
860841,593525,20-09-2025,SESS901651,Organic Search,Mobile,Website Visit,Colour Cosmetics,412905
860844,593525,20-09-2025,SESS901651,Organic Search,Mobile,Product View,Colour Cosmetics,412905
860848,593525,20-09-2025,SESS901651,Organic Search,Mobile,Add to Cart,Colour Cosmetics,412905
893616,593525,20-09-2025,SESS901651,Organic Search,Mobile,Checkout Started,Colour Cosmetics,412905
893618,555027,06-10-2025,SESS901652,Marketplace,Desktop,Website Visit,Colour Cosmetics,
860851,555027,06-10-2025,SESS901652,Marketplace,Desktop,Product View,Colour Cosmetics,
893619,555027,06-10-2025,SESS901652,Marketplace,Desktop,Add to Cart,Colour Cosmetics,
893621,555027,06-10-2025,SESS901652,Marketplace,Desktop,Checkout Started,Colour Cosmetics,
893622,555027,06-10-2025,SESS901652,Marketplace,Desktop,Purchase,Colour Cosmetics,
860855,549009,22-03-2024,SESS901653,Organic Search,Desktop,Website Visit,Colour Cosmetics,471307
828085,549009,22-03-2024,SESS901653,Organic Search,Desktop,Product View,Colour Cosmetics,471307
828090,549009,22-03-2024,SESS901653,Organic Search,Desktop,Add to Cart,Haircare,471307
860860,549009,22-03-2024,SESS901653,Organic Search,Desktop,Checkout Started,Colour Cosmetics,471307
860863,549009,22-03-2024,SESS901653,Organic Search,Desktop,Purchase,Colour Cosmetics,471307
828097,502799,20-09-2025,SESS901654,Google,Mobile,Website Visit,Haircare,
860867,502799,20-09-2025,SESS901654,Google,Mobile,Product View,Skincare,
860868,502799,20-09-2025,SESS901654,Google,Mobile,Add to Cart,Haircare,
828102,502799,20-09-2025,SESS901654,Google,Mobile,Checkout Started,Colour Cosmetics,
893640,502799,20-09-2025,SESS901654,Google,Mobile,Purchase,Haircare,
860875,505075,25-05-2025,SESS901655,Organic Search,Mobile,Website Visit,Skincare,
860877,505075,25-05-2025,SESS901655,Organic Search,Mobile,Product View,Skincare,
828110,513104,14-02-2024,SESS901656,Marketplace,Desktop,Website Visit,Colour Cosmetics,
828111,513104,14-02-2024,SESS901656,Marketplace,Desktop,Product View,Colour Cosmetics,
828112,513104,14-02-2024,SESS901656,Marketplace,Desktop,Add to Cart,Colour Cosmetics,
828114,513104,14-02-2024,SESS901656,Marketplace,Desktop,Checkout Started,Colour Cosmetics,
893650,592459,03-05-2024,SESS901657,Organic Search,Mobile,Website Visit,Colour Cosmetics,400060
828119,592459,03-05-2024,SESS901657,Organic Search,Mobile,Product View,Colour Cosmetics,400060
893658,518758,24-02-2024,SESS901658,Influencer,Mobile,Website Visit,Skincare,442205
893659,520392,21-11-2025,SESS901659,Instagram,Mobile,Website Visit,Colour Cosmetics,
828129,581857,23-01-2024,SESS901660,Google,Mobile,Website Visit,Colour Cosmetics,411539
860901,581857,23-01-2024,SESS901660,Google,Mobile,Product View,Colour Cosmetics,411539
860902,579299,16-07-2024,SESS901661,Instagram,Mobile,Website Visit,Colour Cosmetics,
893672,579299,16-07-2024,SESS901661,Instagram,Mobile,Product View,Skincare,
860908,573048,15-11-2024,SESS901662,Influencer,Mobile,Website Visit,Colour Cosmetics,
828142,573048,15-11-2024,SESS901662,Influencer,Mobile,Product View,Skincare,
893683,597248,03-01-2025,SESS901663,Instagram,Mobile,Website Visit,Skincare,444911
860917,597248,03-01-2025,SESS901663,Instagram,Mobile,Product View,Skincare,444911
893686,590461,21-07-2024,SESS901664,Referral,Mobile,Website Visit,Haircare,
828153,531133,18-12-2024,SESS901665,Instagram,Mobile,Website Visit,Skincare,473151
828155,531133,18-12-2024,SESS901665,Instagram,Mobile,Product View,Skincare,473151
828158,597154,25-04-2024,SESS901666,Google,Mobile,Website Visit,Skincare,
828159,585175,22-07-2025,SESS901667,Instagram,Desktop,Website Visit,Colour Cosmetics,427604
860928,516901,02-07-2024,SESS901668,Organic Search,Desktop,Website Visit,Colour Cosmetics,433381
893695,586646,22-10-2025,SESS901669,Influencer,Mobile,Website Visit,Colour Cosmetics,412905
893701,512739,05-08-2025,SESS901670,Instagram,Mobile,Website Visit,Skincare,431540
893704,546009,21-04-2025,SESS901671,Instagram,Desktop,Website Visit,Colour Cosmetics,
828168,546009,21-04-2025,SESS901671,Instagram,Desktop,Product View,Colour Cosmetics,
828170,597818,03-02-2024,SESS901672,Instagram,Mobile,Website Visit,Skincare,
893707,527235,04-09-2025,SESS901673,Offline Store,Mobile,Website Visit,Skincare,
893709,527235,04-09-2025,SESS901673,Offline Store,Mobile,Product View,Skincare,
828174,555771,11-08-2024,SESS901674,Google,Mobile,Website Visit,Skincare,
828175,555771,11-08-2024,SESS901674,Google,Mobile,Product View,Skincare,
828177,538566,22-01-2025,SESS901675,Referral,Tablet,Website Visit,Haircare,
893714,538566,22-01-2025,SESS901675,Referral,Tablet,Product View,Colour Cosmetics,
860949,597853,27-10-2025,SESS901676,Referral,Desktop,Website Visit,Skincare,480372
893718,592260,08-11-2025,SESS901677,Instagram,Mobile,Website Visit,Skincare,
828190,592260,08-11-2025,SESS901677,Instagram,Mobile,Product View,Skincare,
860958,592260,08-11-2025,SESS901677,Instagram,Mobile,Add to Cart,Skincare,
893726,592260,08-11-2025,SESS901677,Instagram,Mobile,Checkout Started,Skincare,
860960,592260,08-11-2025,SESS901677,Instagram,Mobile,Purchase,Haircare,
860964,559638,02-05-2025,SESS901678,Instagram,Mobile,Website Visit,Skincare,
828197,547526,16-08-2024,SESS901679,Marketplace,Mobile,Website Visit,Skincare,491749
828198,547526,16-08-2024,SESS901679,Marketplace,Mobile,Product View,Skincare,491749
828199,500336,11-11-2025,SESS901680,Google,Mobile,Website Visit,Haircare,
893739,500336,11-11-2025,SESS901680,Google,Mobile,Product View,Colour Cosmetics,
893740,565836,11-04-2025,SESS901681,Organic Search,Desktop,Website Visit,Colour Cosmetics,471327
828209,568765,25-09-2025,SESS901682,Referral,Mobile,Website Visit,Skincare,430634
860980,528760,22-09-2025,SESS901683,Influencer,Mobile,Website Visit,Skincare,406900
893749,528760,22-09-2025,SESS901683,Influencer,Mobile,Product View,Skincare,406900
860982,514945,26-12-2025,SESS901684,Referral,Mobile,Website Visit,Skincare,
828215,514945,26-12-2025,SESS901684,Referral,Mobile,Product View,Skincare,
828212,514945,26-12-2025,SESS901684,Referral,Mobile,Add to Cart,Skincare,
828218,530903,31-08-2024,SESS901685,Marketplace,Mobile,Website Visit,Haircare,
893755,554379,17-03-2025,SESS901686,Instagram,Desktop,Website Visit,Colour Cosmetics,457829
860988,528534,04-12-2025,SESS901687,Referral,Mobile,Website Visit,Skincare,430394
860989,528534,04-12-2025,SESS901687,Referral,Mobile,Product View,Skincare,430394
860995,580728,07-08-2024,SESS901688,Offline Store,Mobile,Website Visit,Colour Cosmetics,489502
860997,580728,07-08-2024,SESS901688,Offline Store,Mobile,Product View,Skincare,489502
828229,507972,22-06-2024,SESS901689,Marketplace,Mobile,Website Visit,Skincare,463612
828231,523416,15-05-2025,SESS901690,Referral,Desktop,Website Visit,Colour Cosmetics,429945
828234,523416,15-05-2025,SESS901690,Referral,Desktop,Product View,Colour Cosmetics,429945
828239,523416,15-05-2025,SESS901690,Referral,Desktop,Add to Cart,Colour Cosmetics,429945
828240,523416,15-05-2025,SESS901690,Referral,Desktop,Checkout Started,Colour Cosmetics,429945
828241,523416,15-05-2025,SESS901690,Referral,Desktop,Purchase,Colour Cosmetics,429945
893778,507894,17-01-2024,SESS901691,Marketplace,Mobile,Website Visit,Colour Cosmetics,
861012,507894,17-01-2024,SESS901691,Marketplace,Mobile,Product View,Colour Cosmetics,
893780,578047,08-07-2024,SESS901692,Instagram,Desktop,Website Visit,Colour Cosmetics,400060
861015,511053,15-03-2025,SESS901693,Offline Store,Desktop,Website Visit,Skincare,497049
828249,577304,10-03-2025,SESS901694,Instagram,Mobile,Website Visit,Skincare,
828250,577304,10-03-2025,SESS901694,Instagram,Mobile,Product View,Colour Cosmetics,
893785,577304,10-03-2025,SESS901694,Instagram,Mobile,Add to Cart,Skincare,
828255,577304,10-03-2025,SESS901694,Instagram,Mobile,Checkout Started,Skincare,
861025,505224,01-10-2025,SESS901695,Referral,Mobile,Website Visit,Colour Cosmetics,413440
861026,572924,28-01-2024,SESS901696,Influencer,Mobile,Website Visit,Haircare,430394
828259,572924,28-01-2024,SESS901696,Influencer,Mobile,Product View,Skincare,430394
893798,527110,25-11-2025,SESS901697,Marketplace,Mobile,Website Visit,Skincare,
861030,547576,02-12-2025,SESS901698,Organic Search,Mobile,Website Visit,Skincare,479647
828267,547576,02-12-2025,SESS901698,Organic Search,Mobile,Product View,Skincare,479647
893805,556349,02-02-2025,SESS901699,Influencer,Mobile,Website Visit,Colour Cosmetics,436764
861040,556349,02-02-2025,SESS901699,Influencer,Mobile,Product View,Colour Cosmetics,436764
828273,500726,20-09-2024,SESS901700,Instagram,Desktop,Website Visit,Skincare,496905
893813,568021,20-08-2025,SESS901701,Instagram,Mobile,Website Visit,Colour Cosmetics,
828278,568021,20-08-2025,SESS901701,Instagram,Mobile,Product View,Colour Cosmetics,
893816,536002,10-06-2024,SESS901702,Organic Search,Desktop,Website Visit,Skincare,424613
861051,536002,10-06-2024,SESS901702,Organic Search,Desktop,Product View,Skincare,424613
828285,536002,10-06-2024,SESS901702,Organic Search,Desktop,Add to Cart,Skincare,424613
893822,557377,26-01-2025,SESS901703,Instagram,Desktop,Website Visit,Colour Cosmetics,444911
893823,557377,26-01-2025,SESS901703,Instagram,Desktop,Product View,Skincare,444911
893828,575470,21-12-2025,SESS901704,Instagram,Desktop,Website Visit,Colour Cosmetics,
828304,575470,21-12-2025,SESS901704,Instagram,Desktop,Product View,Colour Cosmetics,
828310,575470,21-12-2025,SESS901704,Instagram,Desktop,Add to Cart,Colour Cosmetics,
893847,575470,21-12-2025,SESS901704,Instagram,Desktop,Checkout Started,Colour Cosmetics,
828311,575470,21-12-2025,SESS901704,Instagram,Desktop,Purchase,Colour Cosmetics,
893853,563624,23-11-2025,SESS901705,Influencer,Mobile,Website Visit,Colour Cosmetics,
828318,588259,27-07-2025,SESS901706,Organic Search,Mobile,Website Visit,Skincare,473870
861088,580173,11-11-2025,SESS901707,Marketplace,Mobile,Website Visit,Haircare,499229
828321,580173,11-11-2025,SESS901707,Marketplace,Mobile,Product View,Haircare,499229
893857,536208,13-03-2024,SESS901708,Marketplace,Desktop,Website Visit,Skincare,496905
828330,536208,13-03-2024,SESS901708,Marketplace,Desktop,Product View,Skincare,496905
893866,565597,07-12-2024,SESS901709,Google,Mobile,Website Visit,Skincare,
861100,534816,22-11-2025,SESS901710,Offline Store,Desktop,Website Visit,Haircare,473870
828333,534816,22-11-2025,SESS901710,Offline Store,Desktop,Product View,Haircare,473870
861110,590388,30-10-2025,SESS901711,Organic Search,Desktop,Website Visit,Skincare,
861116,590388,30-10-2025,SESS901711,Organic Search,Desktop,Product View,Skincare,
828355,585316,29-01-2024,SESS901712,Google,Mobile,Website Visit,Skincare,417878
861125,585316,29-01-2024,SESS901712,Google,Mobile,Product View,Skincare,417878
828358,502875,14-11-2024,SESS901713,Marketplace,Mobile,Website Visit,Colour Cosmetics,400060
828361,502875,14-11-2024,SESS901713,Marketplace,Mobile,Product View,Skincare,400060
893898,502875,14-11-2024,SESS901713,Marketplace,Mobile,Add to Cart,Skincare,400060
861132,502875,14-11-2024,SESS901713,Marketplace,Mobile,Checkout Started,Skincare,400060
893903,502875,14-11-2024,SESS901713,Marketplace,Mobile,Purchase,Skincare,400060
893904,519358,12-12-2024,SESS901714,Offline Store,Mobile,Website Visit,Colour Cosmetics,
893906,519358,12-12-2024,SESS901714,Offline Store,Mobile,Product View,Colour Cosmetics,
861143,592104,12-05-2025,SESS901715,Influencer,Desktop,Website Visit,Skincare,
861144,529817,02-11-2024,SESS901716,Google,Mobile,Website Visit,Colour Cosmetics,
828377,529817,02-11-2024,SESS901716,Google,Mobile,Product View,Haircare,
828382,520289,20-09-2025,SESS901717,Marketplace,Desktop,Website Visit,Skincare,
893922,520289,20-09-2025,SESS901717,Marketplace,Desktop,Product View,Haircare,
893923,520289,20-09-2025,SESS901717,Marketplace,Desktop,Add to Cart,Skincare,
828387,503534,13-08-2025,SESS901718,Google,Mobile,Website Visit,Skincare,
828389,503534,13-08-2025,SESS901718,Google,Mobile,Product View,Colour Cosmetics,
861158,503534,13-08-2025,SESS901718,Google,Mobile,Add to Cart,Skincare,
893926,503534,13-08-2025,SESS901718,Google,Mobile,Checkout Started,Skincare,
893925,503534,13-08-2025,SESS901718,Google,Mobile,Purchase,Skincare,
828391,536932,02-01-2025,SESS901719,Instagram,Desktop,Website Visit,Skincare,
893930,536932,02-01-2025,SESS901719,Instagram,Desktop,Product View,Colour Cosmetics,
893931,594526,28-09-2025,SESS901720,Instagram,Mobile,Website Visit,Haircare,
893938,536160,08-01-2024,SESS901721,Instagram,Mobile,Website Visit,Colour Cosmetics,425487
861174,594276,18-07-2024,SESS901722,Google,Desktop,Website Visit,Skincare,411539
828407,594276,18-07-2024,SESS901722,Google,Desktop,Product View,Skincare,411539
893943,583442,09-10-2025,SESS901723,Marketplace,Mobile,Website Visit,Colour Cosmetics,
861177,583442,09-10-2025,SESS901723,Marketplace,Mobile,Product View,Skincare,
861180,555108,29-09-2025,SESS901724,Instagram,Mobile,Website Visit,Haircare,438612
861185,546421,25-07-2025,SESS901725,Google,Desktop,Website Visit,Skincare,
893954,546421,25-07-2025,SESS901725,Google,Desktop,Product View,Skincare,
861186,516540,03-03-2025,SESS901726,Instagram,Desktop,Website Visit,Colour Cosmetics,
893953,516540,03-03-2025,SESS901726,Instagram,Desktop,Product View,Colour Cosmetics,
893957,590023,07-12-2024,SESS901727,Organic Search,Mobile,Website Visit,Haircare,
828425,555108,10-06-2024,SESS901728,Instagram,Desktop,Website Visit,Haircare,403029
828428,555108,10-06-2024,SESS901728,Instagram,Desktop,Product View,Haircare,403029
893964,543863,01-06-2024,SESS901729,Instagram,Mobile,Website Visit,Colour Cosmetics,
861200,543863,01-06-2024,SESS901729,Instagram,Mobile,Product View,Haircare,
828433,543863,01-06-2024,SESS901729,Instagram,Mobile,Add to Cart,Colour Cosmetics,
861202,544587,14-03-2025,SESS901730,Instagram,Mobile,Website Visit,Skincare,
828436,544587,14-03-2025,SESS901730,Instagram,Mobile,Product View,Skincare,
861205,549674,22-01-2025,SESS901731,Organic Search,Desktop,Website Visit,Skincare,489502
893974,505130,31-01-2024,SESS901732,Organic Search,Mobile,Website Visit,Haircare,
828441,505130,31-01-2024,SESS901732,Organic Search,Mobile,Product View,Haircare,
861210,547537,21-09-2024,SESS901733,Instagram,Mobile,Website Visit,Colour Cosmetics,
861211,547537,21-09-2024,SESS901733,Instagram,Mobile,Product View,Colour Cosmetics,
893978,547537,21-09-2024,SESS901733,Instagram,Mobile,Add to Cart,Colour Cosmetics,
861214,547537,21-09-2024,SESS901733,Instagram,Mobile,Checkout Started,Skincare,
861217,556606,30-12-2024,SESS901734,Organic Search,Desktop,Website Visit,Skincare,439826
828449,504067,29-05-2025,SESS901735,Google,Mobile,Website Visit,Haircare,405376
893988,504067,29-05-2025,SESS901735,Google,Mobile,Product View,Haircare,405376
828454,504067,29-05-2025,SESS901735,Google,Mobile,Add to Cart,Haircare,405376
861224,504067,29-05-2025,SESS901735,Google,Mobile,Checkout Started,Colour Cosmetics,405376
893992,504067,29-05-2025,SESS901735,Google,Mobile,Purchase,Haircare,405376
861232,570261,09-05-2024,SESS901736,Google,Desktop,Website Visit,Haircare,
828465,572684,13-06-2025,SESS901737,Influencer,Desktop,Website Visit,Skincare,
894002,554747,10-08-2025,SESS901738,Influencer,Tablet,Website Visit,Skincare,
861235,554747,10-08-2025,SESS901738,Influencer,Tablet,Product View,Skincare,
828469,554747,10-08-2025,SESS901738,Influencer,Tablet,Add to Cart,Skincare,
828470,554747,10-08-2025,SESS901738,Influencer,Tablet,Checkout Started,Skincare,
828476,554747,10-08-2025,SESS901738,Influencer,Tablet,Purchase,Skincare,
894013,507455,07-11-2025,SESS901739,Influencer,Mobile,Website Visit,Skincare,473590
861245,507455,07-11-2025,SESS901739,Influencer,Mobile,Product View,Skincare,473590
861250,597771,12-09-2024,SESS901740,Instagram,Desktop,Website Visit,Skincare,491749
828485,597771,12-09-2024,SESS901740,Instagram,Desktop,Product View,Haircare,491749
861258,511221,01-07-2025,SESS901741,Influencer,Mobile,Website Visit,Skincare,
861259,517172,20-03-2025,SESS901742,Referral,Mobile,Website Visit,Skincare,
828493,549834,18-09-2025,SESS901743,Instagram,Mobile,Website Visit,Skincare,445539
861265,508330,13-06-2024,SESS901744,Referral,Mobile,Website Visit,Skincare,
861271,531029,26-06-2025,SESS901745,Marketplace,Desktop,Website Visit,Colour Cosmetics,
894041,515860,13-02-2025,SESS901746,Organic Search,Mobile,Website Visit,Skincare,418813
828508,592104,20-11-2024,SESS901747,Influencer,Desktop,Website Visit,Skincare,442004
894047,562163,14-04-2025,SESS901748,Organic Search,Desktop,Website Visit,Colour Cosmetics,
861284,552521,27-03-2025,SESS901749,Google,Mobile,Website Visit,Haircare,
894057,586752,21-10-2025,SESS901750,Google,Desktop,Website Visit,Skincare,
861292,586752,21-10-2025,SESS901750,Google,Desktop,Product View,Colour Cosmetics,
828530,506028,20-09-2024,SESS901751,Instagram,Mobile,Website Visit,Skincare,481026
861301,581351,08-07-2025,SESS901752,Influencer,Desktop,Website Visit,Colour Cosmetics,
861302,550205,22-08-2024,SESS901753,Google,Mobile,Website Visit,Haircare,455343
861303,550205,22-08-2024,SESS901753,Google,Mobile,Product View,Skincare,455343
828534,502456,10-02-2024,SESS901754,Google,Mobile,Website Visit,Colour Cosmetics,438097
828533,576569,06-02-2025,SESS901755,Instagram,Desktop,Website Visit,Colour Cosmetics,
828538,576569,06-02-2025,SESS901755,Instagram,Desktop,Product View,Colour Cosmetics,
861306,580654,22-04-2025,SESS901756,Influencer,Mobile,Website Visit,Skincare,
828540,581959,13-03-2024,SESS901757,Google,Mobile,Website Visit,Haircare,473289
894077,544657,28-02-2024,SESS901758,Instagram,Mobile,Website Visit,Colour Cosmetics,
828539,544657,28-02-2024,SESS901758,Instagram,Mobile,Product View,Colour Cosmetics,
828537,569942,21-10-2024,SESS901759,Influencer,Mobile,Website Visit,Colour Cosmetics,
861312,529949,17-05-2024,SESS901760,Google,Mobile,Website Visit,Skincare,476695
861313,529949,17-05-2024,SESS901760,Google,Mobile,Product View,Haircare,476695
894082,529949,17-05-2024,SESS901760,Google,Mobile,Add to Cart,Skincare,476695
861316,529949,17-05-2024,SESS901760,Google,Mobile,Checkout Started,Skincare,476695
828549,529949,17-05-2024,SESS901760,Google,Mobile,Purchase,Skincare,476695
894087,540189,18-03-2025,SESS901761,Instagram,Mobile,Website Visit,Colour Cosmetics,
828552,598994,02-05-2025,SESS901762,Marketplace,Desktop,Website Visit,Skincare,400573
828554,560513,07-06-2024,SESS901763,Google,Desktop,Website Visit,Colour Cosmetics,471307
894092,560513,07-06-2024,SESS901763,Google,Desktop,Product View,Colour Cosmetics,471307
861325,560513,07-06-2024,SESS901763,Google,Desktop,Add to Cart,Colour Cosmetics,471307
894096,545293,12-08-2024,SESS901764,Instagram,Mobile,Website Visit,Skincare,419863
828563,545293,12-08-2024,SESS901764,Instagram,Mobile,Product View,Skincare,419863
861332,545293,12-08-2024,SESS901764,Instagram,Mobile,Add to Cart,Skincare,419863
828565,576099,31-07-2024,SESS901765,Google,Mobile,Website Visit,Skincare,462926
828566,576099,31-07-2024,SESS901765,Google,Mobile,Product View,Skincare,462926
894103,576099,31-07-2024,SESS901765,Google,Mobile,Add to Cart,Skincare,462926
828572,582691,18-03-2025,SESS901766,Offline Store,Mobile,Website Visit,Skincare,
828574,527938,19-05-2024,SESS901767,Instagram,Tablet,Website Visit,Skincare,
861344,527938,19-05-2024,SESS901767,Instagram,Tablet,Product View,Skincare,
861347,592435,15-06-2025,SESS901768,Google,Desktop,Website Visit,Skincare,473289
894117,592435,15-06-2025,SESS901768,Google,Desktop,Product View,Skincare,473289
828585,592435,15-06-2025,SESS901768,Google,Desktop,Add to Cart,Skincare,473289
828587,592435,15-06-2025,SESS901768,Google,Desktop,Checkout Started,Skincare,473289
894126,592435,15-06-2025,SESS901768,Google,Desktop,Purchase,Skincare,473289
828596,592662,25-05-2025,SESS901769,Referral,Mobile,Website Visit,Skincare,
828599,592662,25-05-2025,SESS901769,Referral,Mobile,Product View,Colour Cosmetics,
861367,592662,25-05-2025,SESS901769,Referral,Mobile,Add to Cart,Colour Cosmetics,
861372,592662,25-05-2025,SESS901769,Referral,Mobile,Checkout Started,Colour Cosmetics,
894144,592662,25-05-2025,SESS901769,Referral,Mobile,Purchase,Colour Cosmetics,
894145,581381,04-10-2025,SESS901770,Organic Search,Mobile,Website Visit,Skincare,
828609,581381,04-10-2025,SESS901770,Organic Search,Mobile,Product View,Skincare,
861380,516483,03-02-2025,SESS901771,Organic Search,Desktop,Website Visit,Skincare,
894152,597472,26-05-2025,SESS901772,Marketplace,Mobile,Website Visit,Skincare,485929
861387,597472,26-05-2025,SESS901772,Marketplace,Mobile,Product View,Skincare,485929
894156,597472,26-05-2025,SESS901772,Marketplace,Mobile,Add to Cart,Skincare,485929
828621,597472,26-05-2025,SESS901772,Marketplace,Mobile,Checkout Started,Skincare,485929
828623,531186,23-09-2025,SESS901773,Google,Mobile,Website Visit,Skincare,
828625,528903,15-11-2024,SESS901774,Instagram,Mobile,Website Visit,Colour Cosmetics,
861394,528903,15-11-2024,SESS901774,Instagram,Mobile,Product View,Colour Cosmetics,
894162,543933,04-12-2025,SESS901775,Offline Store,Mobile,Website Visit,Colour Cosmetics,473590
894164,543933,04-12-2025,SESS901775,Offline Store,Mobile,Product View,Colour Cosmetics,473590
861399,569541,02-12-2024,SESS901776,Instagram,Mobile,Website Visit,Haircare,
828632,569541,02-12-2024,SESS901776,Instagram,Mobile,Product View,Haircare,
861400,560552,10-04-2025,SESS901777,Instagram,Mobile,Website Visit,Colour Cosmetics,458427
861403,508326,15-10-2024,SESS901778,Google,Desktop,Website Visit,Colour Cosmetics,437165
828637,508326,15-10-2024,SESS901778,Google,Desktop,Product View,Skincare,437165
894175,598235,09-09-2024,SESS901779,Instagram,Desktop,Website Visit,Skincare,
861409,598235,09-09-2024,SESS901779,Instagram,Desktop,Product View,Skincare,
861411,567715,19-02-2025,SESS901780,Influencer,Mobile,Website Visit,Skincare,
861413,536655,01-03-2024,SESS901781,Google,Mobile,Website Visit,Colour Cosmetics,431861
861419,536655,01-03-2024,SESS901781,Google,Mobile,Product View,Colour Cosmetics,431861
828651,536655,01-03-2024,SESS901781,Google,Mobile,Add to Cart,Haircare,431861
894191,536655,01-03-2024,SESS901781,Google,Mobile,Checkout Started,Colour Cosmetics,431861
894195,536655,01-03-2024,SESS901781,Google,Mobile,Purchase,Colour Cosmetics,431861
828660,542906,19-03-2024,SESS901782,Instagram,Mobile,Website Visit,Haircare,490081
828665,542906,19-03-2024,SESS901782,Instagram,Mobile,Product View,Skincare,490081
861434,568517,19-12-2024,SESS901783,Referral,Mobile,Website Visit,Skincare,
894204,548655,30-08-2025,SESS901784,Organic Search,Desktop,Website Visit,Colour Cosmetics,
894207,548655,30-08-2025,SESS901784,Organic Search,Desktop,Product View,Colour Cosmetics,
861440,548655,30-08-2025,SESS901784,Organic Search,Desktop,Add to Cart,Colour Cosmetics,
894211,548655,30-08-2025,SESS901784,Organic Search,Desktop,Checkout Started,Haircare,
828675,548655,30-08-2025,SESS901784,Organic Search,Desktop,Purchase,Haircare,
828676,516728,05-01-2024,SESS901785,Influencer,Mobile,Website Visit,Colour Cosmetics,
861446,588338,26-01-2024,SESS901786,Instagram,Mobile,Website Visit,Colour Cosmetics,
894223,501267,26-08-2024,SESS901787,Google,Mobile,Website Visit,Skincare,
861456,500772,08-04-2025,SESS901788,Google,Mobile,Website Visit,Colour Cosmetics,437086
861459,555576,29-03-2025,SESS901789,Organic Search,Desktop,Website Visit,Colour Cosmetics,467288
894227,586511,25-07-2025,SESS901790,Influencer,Desktop,Website Visit,Colour Cosmetics,436764
894230,586511,25-07-2025,SESS901790,Influencer,Desktop,Product View,Skincare,436764
828697,559914,13-07-2025,SESS901791,Organic Search,Mobile,Website Visit,Skincare,434464
894233,547823,02-11-2024,SESS901792,Instagram,Desktop,Website Visit,Colour Cosmetics,453495
861467,509876,05-07-2025,SESS901793,Marketplace,Tablet,Website Visit,Haircare,
828702,598176,16-03-2024,SESS901794,Instagram,Mobile,Website Visit,Colour Cosmetics,
828704,578139,04-06-2024,SESS901795,Google,Desktop,Website Visit,Skincare,
861476,578139,04-06-2024,SESS901795,Google,Desktop,Product View,Skincare,
894245,578139,04-06-2024,SESS901795,Google,Desktop,Add to Cart,Skincare,
828710,578139,04-06-2024,SESS901795,Google,Desktop,Checkout Started,Skincare,
861479,548393,30-10-2024,SESS901796,Instagram,Mobile,Website Visit,Skincare,
894247,594540,02-07-2025,SESS901797,Organic Search,Mobile,Website Visit,Haircare,
894249,594540,02-07-2025,SESS901797,Organic Search,Mobile,Product View,Haircare,
894252,586499,26-04-2025,SESS901798,Marketplace,Mobile,Website Visit,Colour Cosmetics,418813
828716,586499,26-04-2025,SESS901798,Marketplace,Mobile,Product View,Colour Cosmetics,418813
828719,586499,26-04-2025,SESS901798,Marketplace,Mobile,Add to Cart,Colour Cosmetics,418813
861488,586499,26-04-2025,SESS901798,Marketplace,Mobile,Checkout Started,Colour Cosmetics,418813
828720,586499,26-04-2025,SESS901798,Marketplace,Mobile,Purchase,Colour Cosmetics,418813
828723,512987,08-08-2025,SESS901799,Instagram,Tablet,Website Visit,Haircare,
861491,512987,08-08-2025,SESS901799,Instagram,Tablet,Product View,Haircare,
861493,512987,08-08-2025,SESS901799,Instagram,Tablet,Add to Cart,Haircare,
828727,553424,17-07-2025,SESS901800,Referral,Mobile,Website Visit,Colour Cosmetics,
861496,553424,17-07-2025,SESS901800,Referral,Mobile,Product View,Skincare,
828731,553424,17-07-2025,SESS901800,Referral,Mobile,Add to Cart,Skincare,
828732,514993,09-08-2024,SESS901801,Instagram,Mobile,Website Visit,Colour Cosmetics,473289
828735,514993,09-08-2024,SESS901801,Instagram,Mobile,Product View,Haircare,473289
861510,569993,28-08-2024,SESS901802,Instagram,Mobile,Website Visit,Haircare,407184
861511,569993,28-08-2024,SESS901802,Instagram,Mobile,Product View,Skincare,407184
894279,505229,06-02-2024,SESS901803,Google,Mobile,Website Visit,Colour Cosmetics,429945
828753,594163,12-07-2025,SESS901804,Instagram,Mobile,Website Visit,Colour Cosmetics,430394
894292,594163,12-07-2025,SESS901804,Instagram,Mobile,Product View,Colour Cosmetics,430394
828759,528197,13-04-2025,SESS901805,Offline Store,Mobile,Website Visit,Skincare,480858
861527,528197,13-04-2025,SESS901805,Offline Store,Mobile,Product View,Skincare,480858
894295,512999,09-07-2025,SESS901806,Organic Search,Desktop,Website Visit,Colour Cosmetics,400573
828764,597310,15-12-2024,SESS901807,Google,Mobile,Website Visit,Skincare,499229
861535,597310,15-12-2024,SESS901807,Google,Mobile,Product View,Skincare,499229
894310,535054,06-04-2024,SESS901808,Influencer,Desktop,Website Visit,Skincare,493341
861550,588652,25-08-2024,SESS901809,Influencer,Mobile,Website Visit,Colour Cosmetics,
894320,539446,11-04-2024,SESS901810,Google,Mobile,Website Visit,Colour Cosmetics,
894321,512739,10-02-2025,SESS901811,Instagram,Desktop,Website Visit,Skincare,
894324,596835,12-09-2024,SESS901812,Influencer,Desktop,Website Visit,Colour Cosmetics,
894335,596835,12-09-2024,SESS901812,Influencer,Desktop,Product View,Colour Cosmetics,
828799,570261,19-06-2024,SESS901813,Google,Tablet,Website Visit,Haircare,
894342,570261,19-06-2024,SESS901813,Google,Tablet,Product View,Haircare,
894347,578385,17-08-2025,SESS901814,Marketplace,Mobile,Website Visit,Skincare,
828813,578385,17-08-2025,SESS901814,Marketplace,Mobile,Product View,Skincare,
828814,532706,03-07-2024,SESS901815,Instagram,Mobile,Website Visit,Skincare,
828816,543687,06-04-2025,SESS901816,Referral,Mobile,Website Visit,Skincare,
861586,543687,06-04-2025,SESS901816,Referral,Mobile,Product View,Skincare,
828819,543687,06-04-2025,SESS901816,Referral,Mobile,Add to Cart,Skincare,
894361,546507,08-03-2025,SESS901817,Influencer,Mobile,Website Visit,Colour Cosmetics,
828825,546507,08-03-2025,SESS901817,Influencer,Mobile,Product View,Colour Cosmetics,
861595,546507,08-03-2025,SESS901817,Influencer,Mobile,Add to Cart,Colour Cosmetics,
894374,546507,08-03-2025,SESS901817,Influencer,Mobile,Checkout Started,Colour Cosmetics,
828839,546507,08-03-2025,SESS901817,Influencer,Mobile,Purchase,Colour Cosmetics,
894376,585191,03-04-2024,SESS901818,Instagram,Desktop,Website Visit,Skincare,
828841,585191,03-04-2024,SESS901818,Instagram,Desktop,Product View,Skincare,
894382,509099,02-04-2025,SESS901819,Organic Search,Mobile,Website Visit,Colour Cosmetics,425487
894383,509099,02-04-2025,SESS901819,Organic Search,Mobile,Product View,Colour Cosmetics,425487
894384,576435,13-08-2025,SESS901820,Instagram,Mobile,Website Visit,Skincare,
861617,507146,20-11-2025,SESS901821,Offline Store,Desktop,Website Visit,Colour Cosmetics,496899
828846,507146,20-11-2025,SESS901821,Offline Store,Desktop,Product View,Colour Cosmetics,496899
861625,526174,26-02-2024,SESS901822,Offline Store,Mobile,Website Visit,Skincare,
894393,562031,04-04-2024,SESS901823,Google,Mobile,Website Visit,Skincare,434464
861630,562031,04-04-2024,SESS901823,Google,Mobile,Product View,Skincare,434464
861632,532092,13-07-2025,SESS901824,Google,Mobile,Website Visit,Skincare,473870
894405,532092,13-07-2025,SESS901824,Google,Mobile,Product View,Skincare,473870
828872,532092,13-07-2025,SESS901824,Google,Mobile,Add to Cart,Colour Cosmetics,473870
828874,571582,31-10-2024,SESS901825,Organic Search,Mobile,Website Visit,Colour Cosmetics,
861652,506629,30-04-2025,SESS901826,Google,Mobile,Website Visit,Colour Cosmetics,
828886,548944,25-02-2024,SESS901827,Instagram,Mobile,Website Visit,Skincare,486701
828889,548944,25-02-2024,SESS901827,Instagram,Mobile,Product View,Skincare,486701
828890,548944,25-02-2024,SESS901827,Instagram,Mobile,Add to Cart,Skincare,486701
861661,548944,25-02-2024,SESS901827,Instagram,Mobile,Checkout Started,Skincare,486701
861662,548944,25-02-2024,SESS901827,Instagram,Mobile,Purchase,Skincare,486701
828900,526896,30-11-2025,SESS901828,Influencer,Mobile,Website Visit,Haircare,492837
894437,563736,03-01-2025,SESS901829,Instagram,Tablet,Website Visit,Skincare,415511
894442,563736,03-01-2025,SESS901829,Instagram,Tablet,Product View,Skincare,415511
894445,573048,24-09-2024,SESS901830,Influencer,Desktop,Website Visit,Haircare,
828914,597290,08-01-2025,SESS901831,Offline Store,Mobile,Website Visit,Skincare,
828918,573526,05-07-2024,SESS901832,Organic Search,Desktop,Website Visit,Skincare,
861687,573526,05-07-2024,SESS901832,Organic Search,Desktop,Product View,Skincare,
861688,573526,05-07-2024,SESS901832,Organic Search,Desktop,Add to Cart,Skincare,
894458,573526,05-07-2024,SESS901832,Organic Search,Desktop,Checkout Started,Skincare,
861691,573526,05-07-2024,SESS901832,Organic Search,Desktop,Purchase,Skincare,
894460,595817,05-10-2024,SESS901833,Google,Tablet,Website Visit,Haircare,471307
861697,595817,05-10-2024,SESS901833,Google,Tablet,Product View,Haircare,471307
828932,595817,05-10-2024,SESS901833,Google,Tablet,Add to Cart,Haircare,471307
861703,595817,05-10-2024,SESS901833,Google,Tablet,Checkout Started,Haircare,471307
894473,595817,05-10-2024,SESS901833,Google,Tablet,Purchase,Haircare,471307
828938,506743,31-10-2025,SESS901834,Organic Search,Desktop,Website Visit,Skincare,463122
861709,506743,31-10-2025,SESS901834,Organic Search,Desktop,Product View,Skincare,463122
894481,523028,03-11-2024,SESS901835,Referral,Mobile,Website Visit,Haircare,437316
828950,546112,29-01-2025,SESS901836,Organic Search,Mobile,Website Visit,Colour Cosmetics,
828951,546112,29-01-2025,SESS901836,Organic Search,Mobile,Product View,Skincare,
861720,546112,29-01-2025,SESS901836,Organic Search,Mobile,Add to Cart,Skincare,
861727,546112,29-01-2025,SESS901836,Organic Search,Mobile,Checkout Started,Skincare,
828961,546112,29-01-2025,SESS901836,Organic Search,Mobile,Purchase,Skincare,
894502,539321,01-05-2025,SESS901837,Influencer,Mobile,Website Visit,Colour Cosmetics,453161
828967,582544,22-11-2025,SESS901838,Instagram,Mobile,Website Visit,Colour Cosmetics,463442
861736,570292,09-04-2025,SESS901839,Marketplace,Desktop,Website Visit,Skincare,446351
828970,593032,12-06-2025,SESS901840,Instagram,Mobile,Website Visit,Colour Cosmetics,493447
861740,528705,24-10-2024,SESS901841,Referral,Mobile,Website Visit,Skincare,
828973,528705,24-10-2024,SESS901841,Referral,Mobile,Product View,Haircare,
894510,520033,20-10-2025,SESS901842,Instagram,Mobile,Website Visit,Skincare,440309
828975,520033,20-10-2025,SESS901842,Instagram,Mobile,Product View,Skincare,440309
861744,509681,27-01-2024,SESS901843,Organic Search,Mobile,Website Visit,Skincare,
828977,509681,27-01-2024,SESS901843,Organic Search,Mobile,Product View,Skincare,
894518,588984,28-05-2024,SESS901844,Instagram,Mobile,Website Visit,Skincare,408678
894521,588984,28-05-2024,SESS901844,Instagram,Mobile,Product View,Skincare,408678
828986,536666,07-11-2024,SESS901845,Instagram,Mobile,Website Visit,Skincare,
861755,536666,07-11-2024,SESS901845,Instagram,Mobile,Product View,Skincare,
861754,514184,09-03-2024,SESS901846,Marketplace,Mobile,Website Visit,Colour Cosmetics,427621
828989,545830,17-03-2025,SESS901847,Organic Search,Mobile,Website Visit,Skincare,450092
894523,578215,10-03-2025,SESS901848,Influencer,Desktop,Website Visit,Skincare,
828993,578215,10-03-2025,SESS901848,Influencer,Desktop,Product View,Colour Cosmetics,
894530,588984,31-08-2024,SESS901849,Instagram,Mobile,Website Visit,Haircare,473590
894533,588984,31-08-2024,SESS901849,Instagram,Mobile,Product View,Skincare,473590
861765,511970,17-07-2025,SESS901850,Marketplace,Desktop,Website Visit,Haircare,406536
828999,559638,31-05-2025,SESS901851,Instagram,Desktop,Website Visit,Skincare,
829000,559638,31-05-2025,SESS901851,Instagram,Desktop,Product View,Skincare,
894536,556531,08-07-2024,SESS901852,Google,Mobile,Website Visit,Colour Cosmetics,
894537,556531,08-07-2024,SESS901852,Google,Mobile,Product View,Colour Cosmetics,
829003,570381,15-05-2025,SESS901853,Marketplace,Desktop,Website Visit,Colour Cosmetics,484510
894542,570381,15-05-2025,SESS901853,Marketplace,Desktop,Product View,Colour Cosmetics,484510
894543,512015,10-05-2025,SESS901854,Instagram,Mobile,Website Visit,Haircare,465408
861777,599613,12-10-2024,SESS901855,Instagram,Desktop,Website Visit,Colour Cosmetics,439826
861780,561669,23-02-2024,SESS901856,Influencer,Desktop,Website Visit,Skincare,431861
829017,561669,23-02-2024,SESS901856,Influencer,Desktop,Product View,Skincare,431861
894554,536208,15-08-2024,SESS901857,Marketplace,Mobile,Website Visit,Skincare,415511
894560,536208,15-08-2024,SESS901857,Marketplace,Mobile,Product View,Skincare,415511
861797,513356,08-11-2025,SESS901858,Influencer,Desktop,Website Visit,Colour Cosmetics,486746
861804,523819,05-01-2024,SESS901859,Influencer,Mobile,Website Visit,Skincare,
829039,558028,12-05-2025,SESS901860,Influencer,Desktop,Website Visit,Haircare,405510
894579,558028,12-05-2025,SESS901860,Influencer,Desktop,Product View,Haircare,405510
861812,500726,08-03-2025,SESS901861,Instagram,Tablet,Website Visit,Skincare,431540
894581,539829,18-01-2025,SESS901862,Offline Store,Desktop,Website Visit,Colour Cosmetics,442205
894582,544350,05-09-2024,SESS901863,Influencer,Mobile,Website Visit,Skincare,
829046,544350,05-09-2024,SESS901863,Influencer,Mobile,Product View,Skincare,
894585,553354,31-10-2024,SESS901864,Instagram,Mobile,Website Visit,Skincare,474182
829057,553354,31-10-2024,SESS901864,Instagram,Mobile,Product View,Skincare,474182
894594,553354,31-10-2024,SESS901864,Instagram,Mobile,Add to Cart,Skincare,474182
894599,542906,15-01-2024,SESS901865,Instagram,Desktop,Website Visit,Skincare,
829064,542906,15-01-2024,SESS901865,Instagram,Desktop,Product View,Skincare,
861856,567889,07-02-2024,SESS901866,Google,Tablet,Website Visit,Skincare,
861858,507456,16-05-2025,SESS901867,Organic Search,Mobile,Website Visit,Colour Cosmetics,
894627,507456,16-05-2025,SESS901867,Organic Search,Mobile,Product View,Colour Cosmetics,
829095,513577,12-06-2025,SESS901868,Instagram,Mobile,Website Visit,Colour Cosmetics,
894632,501504,23-02-2024,SESS901869,Google,Desktop,Website Visit,Skincare,411691
861872,501504,23-02-2024,SESS901869,Google,Desktop,Product View,Skincare,411691
829108,532527,30-08-2024,SESS901870,Marketplace,Mobile,Website Visit,Skincare,485929
861877,532527,30-08-2024,SESS901870,Marketplace,Mobile,Product View,Skincare,485929
829113,532527,30-08-2024,SESS901870,Marketplace,Mobile,Add to Cart,Skincare,485929
861881,532527,30-08-2024,SESS901870,Marketplace,Mobile,Checkout Started,Haircare,485929
829115,532527,30-08-2024,SESS901870,Marketplace,Mobile,Purchase,Skincare,485929
861889,559614,02-07-2025,SESS901871,Instagram,Mobile,Website Visit,Colour Cosmetics,445210
829126,559614,02-07-2025,SESS901871,Instagram,Mobile,Product View,Skincare,445210
829128,590128,26-12-2025,SESS901872,Instagram,Desktop,Website Visit,Skincare,481006
861896,590128,26-12-2025,SESS901872,Instagram,Desktop,Product View,Skincare,481006
861899,523777,07-04-2025,SESS901873,Google,Mobile,Website Visit,Colour Cosmetics,
829133,531850,23-02-2024,SESS901874,Influencer,Desktop,Website Visit,Haircare,474182
894669,531850,23-02-2024,SESS901874,Influencer,Desktop,Product View,Haircare,474182
861907,531850,23-02-2024,SESS901874,Influencer,Desktop,Add to Cart,Haircare,474182
829139,514993,07-10-2025,SESS901875,Instagram,Desktop,Website Visit,Colour Cosmetics,441065
894679,514993,07-10-2025,SESS901875,Instagram,Desktop,Product View,Haircare,441065
861911,514993,07-10-2025,SESS901875,Instagram,Desktop,Add to Cart,Colour Cosmetics,441065
829143,514993,07-10-2025,SESS901875,Instagram,Desktop,Checkout Started,Colour Cosmetics,441065
829148,599148,11-04-2025,SESS901876,Organic Search,Mobile,Website Visit,Skincare,
861916,599148,11-04-2025,SESS901876,Organic Search,Mobile,Product View,Skincare,
829150,528074,27-07-2024,SESS901877,Influencer,Mobile,Website Visit,Colour Cosmetics,
894686,528074,27-07-2024,SESS901877,Influencer,Mobile,Product View,Colour Cosmetics,
861919,528074,27-07-2024,SESS901877,Influencer,Mobile,Add to Cart,Colour Cosmetics,
894689,528074,27-07-2024,SESS901877,Influencer,Mobile,Checkout Started,Colour Cosmetics,
829155,528074,27-07-2024,SESS901877,Influencer,Mobile,Purchase,Colour Cosmetics,
829156,553845,19-12-2025,SESS901878,Influencer,Mobile,Website Visit,Colour Cosmetics,
894694,553845,19-12-2025,SESS901878,Influencer,Mobile,Product View,Colour Cosmetics,
861928,573889,22-10-2025,SESS901879,Instagram,Mobile,Website Visit,Haircare,425487
829163,548870,24-03-2025,SESS901880,Instagram,Desktop,Website Visit,Skincare,471307
861931,548870,24-03-2025,SESS901880,Instagram,Desktop,Product View,Skincare,471307
894700,534973,25-10-2025,SESS901881,Referral,Desktop,Website Visit,Colour Cosmetics,
829168,587177,01-04-2024,SESS901882,Marketplace,Desktop,Website Visit,Skincare,442004
861938,560946,18-09-2025,SESS901883,Google,Mobile,Website Visit,Haircare,411539
829173,523703,03-07-2024,SESS901884,Instagram,Desktop,Website Visit,Colour Cosmetics,476238
829175,565597,06-09-2025,SESS901885,Google,Mobile,Website Visit,Haircare,462926
861943,535018,09-01-2024,SESS901886,Marketplace,Mobile,Website Visit,Skincare,438398
861944,548503,28-03-2024,SESS901887,Instagram,Mobile,Website Visit,Haircare,485929
829180,531348,12-02-2025,SESS901888,Google,Mobile,Website Visit,Colour Cosmetics,412905
829183,567286,30-01-2024,SESS901889,Referral,Mobile,Website Visit,Skincare,493341
894719,567286,30-01-2024,SESS901889,Referral,Mobile,Product View,Haircare,493341
894725,537353,20-11-2025,SESS901890,Instagram,Mobile,Website Visit,Skincare,
894726,537353,20-11-2025,SESS901890,Instagram,Mobile,Product View,Skincare,
861963,537353,20-11-2025,SESS901890,Instagram,Mobile,Add to Cart,Skincare,
829197,541145,10-05-2025,SESS901891,Organic Search,Desktop,Website Visit,Colour Cosmetics,418071
829199,542823,11-07-2024,SESS901892,Google,Desktop,Website Visit,Colour Cosmetics,
829200,542823,11-07-2024,SESS901892,Google,Desktop,Product View,Colour Cosmetics,
861968,533408,06-08-2024,SESS901893,Instagram,Mobile,Website Visit,Haircare,489502
861970,533408,06-08-2024,SESS901893,Instagram,Mobile,Product View,Colour Cosmetics,489502
894743,547795,27-08-2024,SESS901894,Referral,Mobile,Website Visit,Skincare,433648
861976,581973,06-09-2024,SESS901895,Instagram,Desktop,Website Visit,Haircare,453161
894750,581973,06-09-2024,SESS901895,Instagram,Desktop,Product View,Haircare,453161
829218,538175,26-05-2025,SESS901896,Organic Search,Mobile,Website Visit,Skincare,
861990,572529,07-03-2024,SESS901897,Influencer,Mobile,Website Visit,Skincare,
829223,534973,05-12-2025,SESS901898,Referral,Mobile,Website Visit,Colour Cosmetics,
861993,534973,05-12-2025,SESS901898,Referral,Mobile,Product View,Colour Cosmetics,
861994,586662,12-02-2024,SESS901899,Instagram,Desktop,Website Visit,Skincare,406900
829231,586662,12-02-2024,SESS901899,Instagram,Desktop,Product View,Colour Cosmetics,406900
829232,511836,12-11-2025,SESS901900,Influencer,Unknown,Website Visit,Haircare,405472
829233,511836,12-11-2025,SESS901900,Influencer,Mobile,Product View,Haircare,405472
894770,511836,12-11-2025,SESS901900,Influencer,Mobile,Add to Cart,Skincare,405472
894777,511836,12-11-2025,SESS901900,Influencer,Mobile,Checkout Started,Haircare,405472
862012,511836,12-11-2025,SESS901900,Influencer,Mobile,Purchase,Haircare,405472
829255,523703,07-11-2025,SESS901901,Instagram,Desktop,Website Visit,Colour Cosmetics,493341
829256,523703,07-11-2025,SESS901901,Instagram,Desktop,Product View,Colour Cosmetics,493341
862026,528080,15-08-2025,SESS901902,Google,Mobile,Website Visit,Haircare,403719
894797,528080,15-08-2025,SESS901902,Google,Mobile,Product View,Colour Cosmetics,403719
829263,533544,26-09-2024,SESS901903,Instagram,Desktop,Website Visit,Colour Cosmetics,430634
894808,533544,26-09-2024,SESS901903,Instagram,Desktop,Product View,Colour Cosmetics,430634
894811,597472,23-10-2025,SESS901904,Marketplace,Mobile,Website Visit,Skincare,426192
862044,530784,03-08-2024,SESS901905,Instagram,Desktop,Website Visit,Skincare,471327
829277,599374,24-11-2025,SESS901906,Referral,Mobile,Website Visit,Haircare,424613
894813,599374,24-11-2025,SESS901906,Referral,Mobile,Product View,Haircare,424613
862048,511813,26-07-2024,SESS901907,Marketplace,Mobile,Website Visit,Skincare,499229
894817,511813,26-07-2024,SESS901907,Marketplace,Mobile,Product View,Skincare,499229
862054,511813,26-07-2024,SESS901907,Marketplace,Mobile,Add to Cart,Colour Cosmetics,499229
862056,597248,16-01-2024,SESS901908,Instagram,Mobile,Website Visit,Haircare,
894825,509876,01-11-2025,SESS901909,Marketplace,Mobile,Website Visit,Haircare,463919
829293,584896,23-08-2024,SESS901910,Google,Tablet,Website Visit,Skincare,445210
862064,584896,23-08-2024,SESS901910,Google,Tablet,Product View,Skincare,445210
894835,584896,23-08-2024,SESS901910,Google,Tablet,Add to Cart,Skincare,445210
862068,583746,23-07-2025,SESS901911,Influencer,Mobile,Website Visit,Colour Cosmetics,436764
829303,583746,23-07-2025,SESS901911,Influencer,Mobile,Product View,Colour Cosmetics,436764
862076,572684,24-06-2025,SESS901912,Influencer,Desktop,Website Visit,Skincare,473151
894847,578148,24-10-2024,SESS901913,Google,Mobile,Website Visit,Haircare,
862086,578148,24-10-2024,SESS901913,Google,Mobile,Product View,Haircare,
862089,578554,31-10-2024,SESS901914,Referral,Desktop,Website Visit,Colour Cosmetics,406900
894859,578554,31-10-2024,SESS901914,Referral,Desktop,Product View,Colour Cosmetics,406900
862092,513022,30-11-2025,SESS901915,Offline Store,Mobile,Website Visit,Skincare,431861
829325,581057,26-03-2024,SESS901916,Instagram,Mobile,Website Visit,Colour Cosmetics,471307
829324,577356,30-11-2024,SESS901917,Google,Mobile,Website Visit,Skincare,411691
862094,577356,30-11-2024,SESS901917,Google,Mobile,Product View,Skincare,411691
894864,553476,18-01-2025,SESS901918,Google,Mobile,Website Visit,Skincare,403658
829331,553476,18-01-2025,SESS901918,Google,Mobile,Product View,Colour Cosmetics,403658
894868,531133,05-05-2025,SESS901919,Instagram,Mobile,Website Visit,Colour Cosmetics,
862105,591384,28-12-2024,SESS901920,Marketplace,Desktop,Website Visit,Colour Cosmetics,
894874,503794,26-02-2025,SESS901921,Referral,Desktop,Website Visit,Skincare,
829339,525825,03-09-2024,SESS901922,Referral,Mobile,Website Visit,Colour Cosmetics,496480
862107,544942,19-03-2025,SESS901923,Referral,Mobile,Website Visit,Skincare,
894877,544942,19-03-2025,SESS901923,Referral,Mobile,Product View,Skincare,
894875,516683,15-02-2025,SESS901924,Organic Search,Desktop,Website Visit,Haircare,
829340,536655,06-04-2025,SESS901925,Google,Mobile,Website Visit,Colour Cosmetics,496905
894880,536655,06-04-2025,SESS901925,Google,Mobile,Product View,Colour Cosmetics,496905
862113,536655,06-04-2025,SESS901925,Google,Mobile,Add to Cart,Colour Cosmetics,496905
894882,539139,15-05-2025,SESS901926,Instagram,Desktop,Website Visit,Skincare,418239
829349,539139,15-05-2025,SESS901926,Instagram,Desktop,Product View,Colour Cosmetics,418239
894886,539139,15-05-2025,SESS901926,Instagram,Desktop,Add to Cart,Colour Cosmetics,418239
862119,575456,12-01-2024,SESS901927,Instagram,Mobile,Website Visit,Haircare,
862122,575456,12-01-2024,SESS901927,Instagram,Mobile,Product View,Haircare,
829357,511915,24-07-2025,SESS901928,Marketplace,Unknown,Website Visit,Skincare,
894894,511915,24-07-2025,SESS901928,Marketplace,Desktop,Product View,Colour Cosmetics,
862132,526896,21-11-2025,SESS901929,Influencer,Mobile,Website Visit,Haircare,
894904,537196,28-03-2025,SESS901930,Organic Search,Mobile,Website Visit,Skincare,481455
894908,537196,28-03-2025,SESS901930,Organic Search,Mobile,Product View,Skincare,481455
862152,574085,25-10-2024,SESS901931,Instagram,Tablet,Website Visit,Skincare,480858
894924,574085,25-10-2024,SESS901931,Instagram,Tablet,Product View,Skincare,480858
829390,587026,10-08-2024,SESS901932,Google,Mobile,Website Visit,Colour Cosmetics,438612
862158,527938,23-08-2024,SESS901933,Instagram,Mobile,Website Visit,Haircare,
894928,527938,23-08-2024,SESS901933,Instagram,Mobile,Product View,Skincare,
829393,527938,23-08-2024,SESS901933,Instagram,Mobile,Add to Cart,Skincare,
894930,527938,23-08-2024,SESS901933,Instagram,Mobile,Checkout Started,Skincare,
829394,527938,23-08-2024,SESS901933,Instagram,Mobile,Purchase,Skincare,
894932,500150,02-01-2024,SESS901934,Instagram,Mobile,Website Visit,Colour Cosmetics,
862167,596276,28-01-2024,SESS901935,Google,Mobile,Website Visit,Colour Cosmetics,422227
829400,596276,28-01-2024,SESS901935,Google,Mobile,Product View,Colour Cosmetics,422227
862170,590957,25-06-2024,SESS901936,Instagram,Mobile,Website Visit,Skincare,410081
894938,590957,25-06-2024,SESS901936,Instagram,Mobile,Product View,Skincare,410081
829406,523028,21-03-2025,SESS901937,Referral,Mobile,Website Visit,Haircare,
894947,554381,29-04-2024,SESS901938,Google,Mobile,Website Visit,Colour Cosmetics,471307
829413,554381,29-04-2024,SESS901938,Google,Mobile,Product View,Colour Cosmetics,471307
862181,517342,08-01-2024,SESS901939,Google,Mobile,Website Visit,Haircare,481455
894954,517342,08-01-2024,SESS901939,Google,Mobile,Product View,Colour Cosmetics,481455
829420,517342,08-01-2024,SESS901939,Google,Mobile,Add to Cart,Haircare,481455
829425,549060,16-05-2025,SESS901940,Organic Search,Mobile,Website Visit,Colour Cosmetics,446648
894970,512978,09-07-2024,SESS901941,Offline Store,Desktop,Website Visit,Colour Cosmetics,405510
862203,512978,09-07-2024,SESS901941,Offline Store,Desktop,Product View,Colour Cosmetics,405510
862204,532527,21-09-2024,SESS901942,Marketplace,Mobile,Website Visit,Skincare,436764
894973,581633,06-04-2024,SESS901943,Organic Search,Mobile,Website Visit,Skincare,406955
829450,560515,06-01-2025,SESS901944,Instagram,Mobile,Website Visit,Colour Cosmetics,
894987,560515,06-01-2025,SESS901944,Instagram,Mobile,Product View,Colour Cosmetics,
862220,560515,06-01-2025,SESS901944,Instagram,Mobile,Add to Cart,Skincare,
862221,560515,06-01-2025,SESS901944,Instagram,Mobile,Checkout Started,Colour Cosmetics,
862223,560515,06-01-2025,SESS901944,Instagram,Mobile,Purchase,Colour Cosmetics,
862225,528477,12-11-2024,SESS901945,Marketplace,Desktop,Website Visit,Skincare,418071
894994,528477,12-11-2024,SESS901945,Marketplace,Desktop,Product View,Skincare,418071
862227,566469,18-04-2025,SESS901946,Influencer,Desktop,Website Visit,Colour Cosmetics,413440
829458,562277,10-07-2024,SESS901947,Instagram,Mobile,Website Visit,Colour Cosmetics,436764
862229,587806,15-12-2025,SESS901948,Influencer,Mobile,Website Visit,Skincare,
862231,502799,02-06-2025,SESS901949,Google,Tablet,Website Visit,Haircare,473151
862233,502799,02-06-2025,SESS901949,Google,Tablet,Product View,Haircare,473151
862235,587177,09-12-2024,SESS901950,Marketplace,Desktop,Website Visit,Skincare,480372
895004,587177,09-12-2024,SESS901950,Marketplace,Desktop,Product View,Haircare,480372
829470,587177,09-12-2024,SESS901950,Marketplace,Desktop,Add to Cart,Skincare,480372
829471,536930,17-12-2025,SESS901951,Influencer,Mobile,Website Visit,Haircare,410081
862241,515866,26-12-2024,SESS901952,Organic Search,Mobile,Website Visit,Skincare,
829474,515866,26-12-2024,SESS901952,Organic Search,Mobile,Product View,Skincare,
862244,515866,26-12-2024,SESS901952,Organic Search,Mobile,Add to Cart,Skincare,
895014,562021,14-06-2025,SESS901953,Instagram,Mobile,Website Visit,Skincare,497553
829479,562021,14-06-2025,SESS901953,Instagram,Mobile,Product View,Skincare,497553
862247,551964,17-07-2025,SESS901954,Google,Desktop,Website Visit,Colour Cosmetics,424613
895020,555069,14-11-2025,SESS901955,Organic Search,Mobile,Website Visit,Colour Cosmetics,
862253,555069,14-11-2025,SESS901955,Organic Search,Mobile,Product View,Colour Cosmetics,
829487,555069,14-11-2025,SESS901955,Organic Search,Mobile,Add to Cart,Colour Cosmetics,
862261,564178,11-03-2025,SESS901956,Influencer,Mobile,Website Visit,Colour Cosmetics,
829496,564764,27-07-2024,SESS901957,Offline Store,Unknown,Website Visit,Skincare,
895032,564764,27-07-2024,SESS901957,Offline Store,Mobile,Product View,Colour Cosmetics,
862265,509710,07-07-2024,SESS901958,Organic Search,Desktop,Website Visit,Colour Cosmetics,
862268,509710,07-07-2024,SESS901958,Organic Search,Desktop,Product View,Colour Cosmetics,
895041,526111,06-04-2025,SESS901959,Influencer,Desktop,Website Visit,Skincare,415402
862273,526111,06-04-2025,SESS901959,Influencer,Desktop,Product View,Colour Cosmetics,415402
862281,526111,06-04-2025,SESS901959,Influencer,Desktop,Add to Cart,Colour Cosmetics,415402
895050,526111,06-04-2025,SESS901959,Influencer,Desktop,Checkout Started,Haircare,415402
895054,526111,06-04-2025,SESS901959,Influencer,Desktop,Purchase,Haircare,415402
829528,597978,09-07-2024,SESS901960,Instagram,Mobile,Website Visit,Haircare,420046
829529,597978,09-07-2024,SESS901960,Instagram,Mobile,Product View,Colour Cosmetics,420046
829530,597978,09-07-2024,SESS901960,Instagram,Mobile,Add to Cart,Colour Cosmetics,420046
829531,597978,09-07-2024,SESS901960,Instagram,Mobile,Checkout Started,Colour Cosmetics,420046
895069,597978,09-07-2024,SESS901960,Instagram,Mobile,Purchase,Colour Cosmetics,420046
895076,510745,24-10-2024,SESS901961,Offline Store,Mobile,Website Visit,Colour Cosmetics,480858
862310,510745,24-10-2024,SESS901961,Offline Store,Mobile,Product View,Colour Cosmetics,480858
829547,510745,24-10-2024,SESS901961,Offline Store,Mobile,Add to Cart,Colour Cosmetics,480858
895084,510745,24-10-2024,SESS901961,Offline Store,Mobile,Checkout Started,Colour Cosmetics,480858
862318,510745,24-10-2024,SESS901961,Offline Store,Mobile,Purchase,Colour Cosmetics,480858
829556,549925,11-04-2025,SESS901962,Organic Search,Mobile,Website Visit,Haircare,
862330,569579,03-04-2025,SESS901963,Organic Search,Mobile,Website Visit,Skincare,
862333,569579,03-04-2025,SESS901963,Organic Search,Mobile,Product View,Skincare,
862334,569579,03-04-2025,SESS901963,Organic Search,Mobile,Add to Cart,Skincare,
829566,519597,28-05-2024,SESS901964,Instagram,Desktop,Website Visit,Skincare,
862337,519597,28-05-2024,SESS901964,Instagram,Desktop,Product View,Skincare,
895107,571874,06-06-2025,SESS901965,Google,Mobile,Website Visit,Skincare,
862343,571874,06-06-2025,SESS901965,Google,Mobile,Product View,Skincare,
829575,571874,06-06-2025,SESS901965,Google,Mobile,Add to Cart,Skincare,
829580,579299,14-11-2024,SESS901966,Instagram,Desktop,Website Visit,Colour Cosmetics,423132
895117,579299,14-11-2024,SESS901966,Instagram,Desktop,Product View,Colour Cosmetics,423132
829587,579299,14-11-2024,SESS901966,Instagram,Desktop,Add to Cart,Skincare,423132
862356,598059,04-09-2025,SESS901967,Influencer,Mobile,Website Visit,Colour Cosmetics,474806
829589,590794,25-03-2024,SESS901968,Organic Search,Mobile,Website Visit,Colour Cosmetics,483731
895126,572340,02-05-2024,SESS901969,Instagram,Desktop,Website Visit,Skincare,492837
895125,577743,16-11-2024,SESS901970,Marketplace,Mobile,Website Visit,Colour Cosmetics,
829592,577743,16-11-2024,SESS901970,Marketplace,Mobile,Product View,Colour Cosmetics,
862363,542245,26-05-2024,SESS901971,Influencer,Mobile,Website Visit,Haircare,415565
862364,542245,26-05-2024,SESS901971,Influencer,Mobile,Product View,Skincare,415565
862365,504067,25-02-2025,SESS901972,Google,Tablet,Website Visit,Haircare,
829596,538829,23-07-2025,SESS901973,Instagram,Mobile,Website Visit,Haircare,427621
862367,538829,23-07-2025,SESS901973,Instagram,Mobile,Product View,Haircare,427621
862368,588984,08-12-2024,SESS901974,Instagram,Desktop,Website Visit,Skincare,
829598,588984,08-12-2024,SESS901974,Instagram,Desktop,Product View,Skincare,
829602,530162,27-09-2025,SESS901975,Instagram,Desktop,Website Visit,Colour Cosmetics,
862371,530162,27-09-2025,SESS901975,Instagram,Desktop,Product View,Colour Cosmetics,
862372,530162,27-09-2025,SESS901975,Instagram,Desktop,Add to Cart,Colour Cosmetics,
829610,530162,27-09-2025,SESS901975,Instagram,Desktop,Checkout Started,Colour Cosmetics,
862378,530162,27-09-2025,SESS901975,Instagram,Desktop,Purchase,Colour Cosmetics,
862380,563335,11-04-2025,SESS901976,Offline Store,Mobile,Website Visit,Colour Cosmetics,427604
895161,512217,29-03-2025,SESS901977,Organic Search,Mobile,Website Visit,Colour Cosmetics,
895163,512217,29-03-2025,SESS901977,Organic Search,Mobile,Product View,Colour Cosmetics,
829632,512217,29-03-2025,SESS901977,Organic Search,Mobile,Add to Cart,Colour Cosmetics,
862402,582213,22-09-2025,SESS901978,Marketplace,Mobile,Website Visit,Skincare,416586
829634,582213,22-09-2025,SESS901978,Marketplace,Mobile,Product View,Skincare,416586
862404,582213,22-09-2025,SESS901978,Marketplace,Mobile,Add to Cart,Skincare,416586
895171,584080,05-07-2025,SESS901979,Marketplace,Mobile,Website Visit,Skincare,440309
829639,584080,05-07-2025,SESS901979,Marketplace,Mobile,Product View,Skincare,440309
895177,535054,25-11-2024,SESS901980,Influencer,Mobile,Website Visit,Skincare,
895186,576099,12-10-2024,SESS901981,Google,Desktop,Website Visit,Skincare,492273
862420,594972,13-10-2024,SESS901982,Influencer,Mobile,Website Visit,Skincare,473590
895188,599973,02-09-2024,SESS901983,Organic Search,Desktop,Website Visit,Skincare,
862423,582306,26-03-2024,SESS901984,Google,Mobile,Website Visit,Skincare,418813
895192,582306,26-03-2024,SESS901984,Google,Mobile,Product View,Skincare,418813
895193,594861,18-09-2024,SESS901985,Google,Desktop,Website Visit,Haircare,
829656,571200,30-04-2024,SESS901986,Instagram,Mobile,Website Visit,Colour Cosmetics,458427
895195,571200,30-04-2024,SESS901986,Instagram,Mobile,Product View,Colour Cosmetics,458427
829659,571200,30-04-2024,SESS901986,Instagram,Mobile,Add to Cart,Colour Cosmetics,458427
862429,557366,19-11-2025,SESS901987,Instagram,Desktop,Website Visit,Skincare,
895196,557366,19-11-2025,SESS901987,Instagram,Desktop,Product View,Skincare,
829664,557366,19-11-2025,SESS901987,Instagram,Desktop,Add to Cart,Skincare,
829665,564923,17-03-2024,SESS901988,Marketplace,Desktop,Website Visit,Colour Cosmetics,495209
895200,511551,04-11-2025,SESS901989,Instagram,Mobile,Website Visit,Skincare,
862433,511551,04-11-2025,SESS901989,Instagram,Mobile,Product View,Skincare,
895201,511551,04-11-2025,SESS901989,Instagram,Mobile,Add to Cart,Skincare,
862440,511551,04-11-2025,SESS901989,Instagram,Mobile,Checkout Started,Skincare,
895210,511551,04-11-2025,SESS901989,Instagram,Mobile,Purchase,Skincare,
895220,545870,01-04-2025,SESS901990,Organic Search,Mobile,Website Visit,Haircare,497049
895231,545870,01-04-2025,SESS901990,Organic Search,Mobile,Product View,Haircare,497049
895232,598419,25-10-2024,SESS901991,Influencer,Mobile,Website Visit,Haircare,487438
862468,598419,25-10-2024,SESS901991,Influencer,Mobile,Product View,Haircare,487438
862469,520253,17-02-2024,SESS901992,Google,Mobile,Website Visit,Colour Cosmetics,473870
829703,520253,17-02-2024,SESS901992,Google,Mobile,Product View,Haircare,473870
895239,520253,17-02-2024,SESS901992,Google,Mobile,Add to Cart,Haircare,473870
895242,511813,24-08-2025,SESS901993,Marketplace,Mobile,Website Visit,Skincare,
829709,598858,22-03-2024,SESS901994,Google,Unknown,Website Visit,Skincare,
862478,598858,22-03-2024,SESS901994,Google,Mobile,Product View,Skincare,
829711,598858,22-03-2024,SESS901994,Google,Mobile,Add to Cart,Colour Cosmetics,
895246,598858,22-03-2024,SESS901994,Google,Mobile,Checkout Started,Skincare,
862483,598858,22-03-2024,SESS901994,Google,Mobile,Purchase,Skincare,
829718,574691,03-05-2024,SESS901995,Instagram,Tablet,Website Visit,Haircare,411691
862489,520706,22-10-2024,SESS901996,Google,Mobile,Website Visit,Skincare,
895257,527607,20-10-2025,SESS901997,Influencer,Desktop,Website Visit,Skincare,
829724,563372,25-12-2024,SESS901998,Organic Search,Desktop,Website Visit,Colour Cosmetics,437165
829726,583606,24-09-2025,SESS901999,Organic Search,Mobile,Website Visit,Skincare,
829727,514150,02-03-2025,SESS902000,Influencer,Mobile,Website Visit,Haircare,
862496,539472,15-02-2025,SESS902001,Organic Search,Mobile,Website Visit,Skincare,
862497,539472,15-02-2025,SESS902001,Organic Search,Mobile,Product View,Skincare,
829730,586991,12-02-2025,SESS902002,Instagram,Mobile,Website Visit,Colour Cosmetics,441065
862502,563517,12-12-2024,SESS902003,Instagram,Tablet,Website Visit,Skincare,
829736,563517,12-12-2024,SESS902003,Instagram,Tablet,Product View,Skincare,
895272,563517,12-12-2024,SESS902003,Instagram,Tablet,Add to Cart,Skincare,
862504,545015,12-06-2024,SESS902004,Instagram,Mobile,Website Visit,Colour Cosmetics,405510
895277,530947,08-10-2025,SESS902005,Instagram,Desktop,Website Visit,Skincare,
862510,530947,08-10-2025,SESS902005,Instagram,Desktop,Product View,Skincare,
829742,575748,09-03-2024,SESS902006,Instagram,Mobile,Website Visit,Colour Cosmetics,416586
895281,591521,16-03-2024,SESS902007,Referral,Mobile,Website Visit,Haircare,
829747,514293,27-08-2024,SESS902008,Organic Search,Desktop,Website Visit,Skincare,408391
862522,553736,26-08-2024,SESS902009,Google,Mobile,Website Visit,Colour Cosmetics,405510
862529,547012,04-12-2025,SESS902010,Instagram,Desktop,Website Visit,Skincare,
862530,547012,04-12-2025,SESS902010,Instagram,Desktop,Product View,Skincare,
895298,547012,04-12-2025,SESS902010,Instagram,Desktop,Add to Cart,Skincare,
862533,591917,28-07-2024,SESS902011,Influencer,Mobile,Website Visit,Skincare,
829766,568327,21-01-2024,SESS902012,Instagram,Mobile,Website Visit,Colour Cosmetics,463122
895306,568327,21-01-2024,SESS902012,Instagram,Unknown,Product View,Colour Cosmetics,463122
829772,568327,21-01-2024,SESS902012,Instagram,Mobile,Add to Cart,Colour Cosmetics,463122
829774,568327,21-01-2024,SESS902012,Instagram,Mobile,Checkout Started,Colour Cosmetics,463122
829776,568327,21-01-2024,SESS902012,Instagram,Mobile,Purchase,Colour Cosmetics,463122
895313,589928,09-06-2025,SESS902013,Instagram,Mobile,Website Visit,Colour Cosmetics,440309
862545,589928,09-06-2025,SESS902013,Instagram,Mobile,Product View,Colour Cosmetics,440309
895314,589928,09-06-2025,SESS902013,Instagram,Mobile,Add to Cart,Colour Cosmetics,440309
829784,589928,09-06-2025,SESS902013,Instagram,Mobile,Checkout Started,Colour Cosmetics,440309
895324,589928,09-06-2025,SESS902013,Instagram,Mobile,Purchase,Colour Cosmetics,440309
895326,511813,23-11-2024,SESS902014,Marketplace,Mobile,Website Visit,Skincare,405472
895328,535400,29-03-2024,SESS902015,Organic Search,Mobile,Website Visit,Skincare,415565
829792,535400,29-03-2024,SESS902015,Organic Search,Mobile,Product View,Skincare,415565
895332,535400,29-03-2024,SESS902015,Organic Search,Mobile,Add to Cart,Skincare,415565
862565,535400,29-03-2024,SESS902015,Organic Search,Mobile,Checkout Started,Skincare,415565
862567,535400,29-03-2024,SESS902015,Organic Search,Mobile,Purchase,Skincare,415565
895338,599871,09-02-2024,SESS902016,Referral,Desktop,Website Visit,Skincare,
829807,515157,19-04-2024,SESS902017,Instagram,Mobile,Website Visit,Colour Cosmetics,447990
829809,515157,19-04-2024,SESS902017,Instagram,Mobile,Product View,Colour Cosmetics,447990
862578,519080,23-06-2025,SESS902018,Instagram,Desktop,Website Visit,Colour Cosmetics,
895350,519080,23-06-2025,SESS902018,Instagram,Desktop,Product View,Skincare,
895364,519080,23-06-2025,SESS902018,Instagram,Desktop,Add to Cart,Skincare,
862603,519080,23-06-2025,SESS902018,Instagram,Desktop,Checkout Started,Skincare,
829837,519080,23-06-2025,SESS902018,Instagram,Desktop,Purchase,Skincare,
895375,543007,01-03-2024,SESS902019,Referral,Mobile,Website Visit,Haircare,
829840,543007,01-03-2024,SESS902019,Referral,Mobile,Product View,Haircare,
829841,541180,31-07-2025,SESS902020,Instagram,Mobile,Website Visit,Skincare,446351
862611,541180,31-07-2025,SESS902020,Instagram,Mobile,Product View,Skincare,446351
895380,541180,31-07-2025,SESS902020,Instagram,Mobile,Add to Cart,Skincare,446351
829858,541180,31-07-2025,SESS902020,Instagram,Mobile,Checkout Started,Skincare,446351
895395,541180,31-07-2025,SESS902020,Instagram,Mobile,Purchase,Skincare,446351
862631,559459,26-12-2024,SESS902021,Google,Desktop,Website Visit,Skincare,455343
829864,559459,26-12-2024,SESS902021,Google,Desktop,Product View,Skincare,455343
862633,559459,26-12-2024,SESS902021,Google,Desktop,Add to Cart,Skincare,455343
895403,559459,26-12-2024,SESS902021,Google,Desktop,Checkout Started,Colour Cosmetics,455343
862636,559459,26-12-2024,SESS902021,Google,Desktop,Purchase,Skincare,455343
829868,597794,04-09-2024,SESS902022,Instagram,Tablet,Website Visit,Haircare,
829871,597794,04-09-2024,SESS902022,Instagram,Tablet,Product View,Haircare,
829880,542081,24-02-2024,SESS902023,Instagram,Mobile,Website Visit,Skincare,496905
829883,542081,24-02-2024,SESS902023,Instagram,Mobile,Product View,Skincare,496905
862662,566263,29-04-2024,SESS902024,Instagram,Desktop,Website Visit,Skincare,
895431,575454,10-08-2025,SESS902025,Instagram,Mobile,Website Visit,Haircare,
862666,597004,13-10-2024,SESS902026,Influencer,Mobile,Website Visit,Skincare,445539
895438,597004,13-10-2024,SESS902026,Influencer,Mobile,Product View,Skincare,445539
895439,591715,20-09-2024,SESS902027,Google,Desktop,Website Visit,Skincare,
829904,554548,07-03-2025,SESS902028,Marketplace,Mobile,Website Visit,Colour Cosmetics,
895441,554548,07-03-2025,SESS902028,Marketplace,Mobile,Product View,Colour Cosmetics,
895444,554548,07-03-2025,SESS902028,Marketplace,Mobile,Add to Cart,Colour Cosmetics,
895451,503552,31-05-2024,SESS902029,Marketplace,Mobile,Website Visit,Skincare,
862685,516591,18-06-2024,SESS902030,Influencer,Mobile,Website Visit,Haircare,429945
862688,516591,18-06-2024,SESS902030,Influencer,Mobile,Product View,Haircare,429945
895456,525166,19-05-2024,SESS902031,Google,Desktop,Website Visit,Skincare,406427
829920,525166,19-05-2024,SESS902031,Google,Desktop,Product View,Skincare,406427
829921,525166,19-05-2024,SESS902031,Google,Desktop,Add to Cart,Skincare,406427
829925,550615,06-10-2025,SESS902032,Referral,Mobile,Website Visit,Skincare,
862696,550615,06-10-2025,SESS902032,Referral,Mobile,Product View,Skincare,
829936,550615,06-10-2025,SESS902032,Referral,Mobile,Add to Cart,Skincare,
829940,506175,23-05-2025,SESS902033,Instagram,Desktop,Website Visit,Colour Cosmetics,495722
862710,506175,23-05-2025,SESS902033,Instagram,Desktop,Product View,Haircare,495722
829946,588652,13-07-2024,SESS902034,Influencer,Mobile,Website Visit,Colour Cosmetics,
829955,588652,13-07-2024,SESS902034,Influencer,Mobile,Product View,Skincare,
829957,512463,14-05-2024,SESS902035,Influencer,Unknown,Website Visit,Skincare,434464
862727,518320,05-08-2024,SESS902036,Instagram,Desktop,Website Visit,Skincare,458427
862730,518320,05-08-2024,SESS902036,Instagram,Desktop,Product View,Skincare,458427
829967,518320,05-08-2024,SESS902036,Instagram,Desktop,Add to Cart,Skincare,458427
895505,518320,05-08-2024,SESS902036,Instagram,Desktop,Checkout Started,Skincare,458427
829973,583819,05-09-2024,SESS902037,Organic Search,Mobile,Website Visit,Haircare,415511
895513,583819,05-09-2024,SESS902037,Organic Search,Mobile,Product View,Skincare,415511
895517,576869,21-05-2025,SESS902038,Influencer,Mobile,Website Visit,Colour Cosmetics,
862750,576869,21-05-2025,SESS902038,Influencer,Mobile,Product View,Colour Cosmetics,
862752,559470,01-11-2024,SESS902039,Offline Store,Mobile,Website Visit,Skincare,
895529,573526,07-07-2025,SESS902040,Organic Search,Mobile,Website Visit,Skincare,418071
895533,573526,07-07-2025,SESS902040,Organic Search,Mobile,Product View,Skincare,418071
862765,548629,11-01-2024,SESS902041,Google,Mobile,Website Visit,Colour Cosmetics,
862767,548629,11-01-2024,SESS902041,Google,Mobile,Product View,Colour Cosmetics,
830000,548629,11-01-2024,SESS902041,Google,Mobile,Add to Cart,Colour Cosmetics,
895537,585814,22-07-2025,SESS902042,Instagram,Mobile,Website Visit,Colour Cosmetics,450092
895538,585814,22-07-2025,SESS902042,Instagram,Mobile,Product View,Colour Cosmetics,450092
829997,570804,05-03-2024,SESS902043,Instagram,Mobile,Website Visit,Skincare,
830004,570804,05-03-2024,SESS902043,Instagram,Mobile,Product View,Skincare,
830005,567033,07-04-2025,SESS902044,Marketplace,Mobile,Website Visit,Colour Cosmetics,419863
830006,567033,07-04-2025,SESS902044,Marketplace,Mobile,Product View,Skincare,419863
895545,512021,04-05-2025,SESS902045,Marketplace,Desktop,Website Visit,Skincare,
830012,512021,04-05-2025,SESS902045,Marketplace,Desktop,Product View,Skincare,
830019,572910,13-12-2025,SESS902046,Influencer,Mobile,Website Visit,Skincare,
830020,518320,02-06-2024,SESS902047,Instagram,Mobile,Website Visit,Skincare,408391
895559,588555,30-08-2025,SESS902048,Instagram,Desktop,Website Visit,Skincare,438398
830024,588555,30-08-2025,SESS902048,Instagram,Desktop,Product View,Skincare,438398
895562,588555,30-08-2025,SESS902048,Instagram,Desktop,Add to Cart,Skincare,438398
895567,556244,21-09-2024,SESS902049,Organic Search,Desktop,Website Visit,Skincare,
862802,576556,11-03-2024,SESS902050,Instagram,Mobile,Website Visit,Skincare,
895571,576556,11-03-2024,SESS902050,Instagram,Mobile,Product View,Skincare,
895575,599991,11-08-2025,SESS902051,Google,Desktop,Website Visit,Skincare,487438
862808,599991,11-08-2025,SESS902051,Google,Desktop,Product View,Skincare,487438
830041,554387,13-10-2024,SESS902052,Influencer,Unknown,Website Visit,Colour Cosmetics,
862809,528864,23-05-2025,SESS902053,Organic Search,Mobile,Website Visit,Colour Cosmetics,
895581,514530,18-11-2024,SESS902054,Organic Search,Mobile,Website Visit,Colour Cosmetics,
830049,514530,18-11-2024,SESS902054,Organic Search,Mobile,Product View,Colour Cosmetics,
895589,590422,19-08-2025,SESS902055,Influencer,Mobile,Website Visit,Skincare,466062
862825,572340,07-10-2025,SESS902056,Instagram,Mobile,Website Visit,Skincare,432195
895593,572340,07-10-2025,SESS902056,Instagram,Mobile,Product View,Skincare,432195
862828,559087,20-12-2024,SESS902057,Instagram,Mobile,Website Visit,Haircare,458427
895599,559087,20-12-2024,SESS902057,Instagram,Mobile,Product View,Haircare,458427
830064,559087,20-12-2024,SESS902057,Instagram,Mobile,Add to Cart,Haircare,458427
862831,559087,20-12-2024,SESS902057,Instagram,Mobile,Checkout Started,Haircare,458427
862836,559087,20-12-2024,SESS902057,Instagram,Mobile,Purchase,Colour Cosmetics,458427
830069,517987,24-01-2024,SESS902058,Instagram,Mobile,Website Visit,Skincare,
895605,571511,27-03-2024,SESS902059,Organic Search,Desktop,Website Visit,Skincare,
895622,571511,27-03-2024,SESS902059,Organic Search,Desktop,Product View,Skincare,
830087,536002,19-01-2024,SESS902060,Organic Search,Desktop,Website Visit,Skincare,411691
895624,536002,19-01-2024,SESS902060,Organic Search,Desktop,Product View,Skincare,411691
862856,536002,19-01-2024,SESS902060,Organic Search,Desktop,Add to Cart,Colour Cosmetics,411691
895627,589399,01-08-2024,SESS902061,Organic Search,Desktop,Website Visit,Haircare,
830091,589399,01-08-2024,SESS902061,Organic Search,Desktop,Product View,Haircare,
862866,566910,08-01-2024,SESS902062,Marketplace,Mobile,Website Visit,Colour Cosmetics,495722
862868,566910,08-01-2024,SESS902062,Marketplace,Mobile,Product View,Colour Cosmetics,495722
895637,566910,08-01-2024,SESS902062,Marketplace,Mobile,Add to Cart,Haircare,495722
830103,533972,29-09-2024,SESS902063,Google,Mobile,Website Visit,Skincare,
862872,520632,20-11-2024,SESS902064,Google,Desktop,Website Visit,Skincare,415511
895642,520632,20-11-2024,SESS902064,Google,Desktop,Product View,Skincare,415511
895650,520632,20-11-2024,SESS902064,Google,Desktop,Add to Cart,Skincare,415511
830114,520632,20-11-2024,SESS902064,Google,Desktop,Checkout Started,Skincare,415511
895652,520632,20-11-2024,SESS902064,Google,Desktop,Purchase,Skincare,415511
895654,551990,20-12-2025,SESS902065,Marketplace,Desktop,Website Visit,Skincare,408678
830121,552044,06-09-2025,SESS902066,Marketplace,Mobile,Website Visit,Skincare,
862890,552044,06-09-2025,SESS902066,Marketplace,Mobile,Product View,Skincare,
830122,552044,06-09-2025,SESS902066,Marketplace,Mobile,Add to Cart,Skincare,
895657,552044,06-09-2025,SESS902066,Marketplace,Mobile,Checkout Started,Skincare,
862899,552044,06-09-2025,SESS902066,Marketplace,Mobile,Purchase,Skincare,
895668,567715,09-07-2025,SESS902067,Influencer,Mobile,Website Visit,Skincare,
830131,567715,09-07-2025,SESS902067,Influencer,Mobile,Product View,Skincare,
862903,521747,16-08-2025,SESS902068,Marketplace,Desktop,Website Visit,Skincare,
862904,521747,16-08-2025,SESS902068,Marketplace,Desktop,Product View,Skincare,
830137,521747,16-08-2025,SESS902068,Marketplace,Desktop,Add to Cart,Skincare,
895683,521747,16-08-2025,SESS902068,Marketplace,Desktop,Checkout Started,Skincare,
830152,521747,16-08-2025,SESS902068,Marketplace,Desktop,Purchase,Skincare,
830153,553528,12-06-2025,SESS902069,Instagram,Desktop,Website Visit,Colour Cosmetics,454313
895690,552383,22-07-2024,SESS902070,Instagram,Mobile,Website Visit,Skincare,
895694,552383,22-07-2024,SESS902070,Instagram,Mobile,Product View,Skincare,
830159,599462,08-04-2025,SESS902071,Instagram,Desktop,Website Visit,Skincare,
862930,530007,04-11-2024,SESS902072,Google,Mobile,Website Visit,Haircare,446648
862933,579887,24-07-2024,SESS902073,Google,Desktop,Website Visit,Skincare,
830165,598176,08-04-2024,SESS902074,Instagram,Mobile,Website Visit,Haircare,438136
895704,598176,08-04-2024,SESS902074,Instagram,Mobile,Product View,Colour Cosmetics,438136
895707,506629,28-12-2025,SESS902075,Google,Mobile,Website Visit,Colour Cosmetics,433381
895708,538290,22-08-2024,SESS902076,Instagram,Mobile,Website Visit,Haircare,422227
862952,538290,22-08-2024,SESS902076,Instagram,Mobile,Product View,Haircare,422227
830185,531979,13-03-2024,SESS902077,Referral,Mobile,Website Visit,Skincare,481953
895722,514534,12-03-2024,SESS902078,Google,Mobile,Website Visit,Skincare,
895724,514534,12-03-2024,SESS902078,Google,Unknown,Product View,Skincare,
862957,514534,12-03-2024,SESS902078,Google,Mobile,Add to Cart,Haircare,
895726,514534,12-03-2024,SESS902078,Google,Mobile,Checkout Started,Skincare,
862956,505209,23-01-2024,SESS902079,Google,Desktop,Website Visit,Skincare,
895729,551645,27-12-2024,SESS902080,Instagram,Mobile,Website Visit,Haircare,410081
830197,551645,27-12-2024,SESS902080,Instagram,Mobile,Product View,Haircare,410081
895733,551645,27-12-2024,SESS902080,Instagram,Mobile,Add to Cart,Haircare,410081
830201,531266,30-12-2025,SESS902081,Marketplace,Mobile,Website Visit,Colour Cosmetics,450092
895738,527742,02-11-2024,SESS902082,Google,Mobile,Website Visit,Skincare,431861
895739,527742,02-11-2024,SESS902082,Google,Mobile,Product View,Skincare,431861
895743,527742,02-11-2024,SESS902082,Google,Mobile,Add to Cart,Skincare,431861
862979,527742,02-11-2024,SESS902082,Google,Mobile,Checkout Started,Skincare,431861
895748,527742,02-11-2024,SESS902082,Google,Mobile,Purchase,Skincare,431861
895752,528903,21-04-2025,SESS902083,Instagram,Mobile,Website Visit,Haircare,
862985,528903,21-04-2025,SESS902083,Instagram,Mobile,Product View,Skincare,
830219,528903,21-04-2025,SESS902083,Instagram,Mobile,Add to Cart,Colour Cosmetics,
830222,536559,22-02-2025,SESS902084,Instagram,Mobile,Website Visit,Colour Cosmetics,
830225,587900,11-05-2025,SESS902085,Instagram,Desktop,Website Visit,Haircare,474182
830234,587900,11-05-2025,SESS902085,Instagram,Desktop,Product View,Colour Cosmetics,474182
830235,520635,19-05-2025,SESS902086,Google,Mobile,Website Visit,Skincare,
830236,520635,19-05-2025,SESS902086,Google,Mobile,Product View,Colour Cosmetics,
895777,543065,24-07-2025,SESS902087,Offline Store,Mobile,Website Visit,Skincare,497049
830241,543065,24-07-2025,SESS902087,Offline Store,Mobile,Product View,Skincare,497049
863011,543065,24-07-2025,SESS902087,Offline Store,Mobile,Add to Cart,Skincare,497049
895780,543065,24-07-2025,SESS902087,Offline Store,Mobile,Checkout Started,Skincare,497049
895779,543065,24-07-2025,SESS902087,Offline Store,Mobile,Purchase,Skincare,497049
830247,568146,04-04-2025,SESS902088,Google,Mobile,Website Visit,Skincare,
895783,504852,30-11-2025,SESS902089,Marketplace,Desktop,Website Visit,Skincare,436764
863016,504852,30-11-2025,SESS902089,Marketplace,Desktop,Product View,Skincare,436764
895788,523600,25-03-2024,SESS902090,Google,Mobile,Website Visit,Colour Cosmetics,425635
863021,523600,25-03-2024,SESS902090,Google,Mobile,Product View,Haircare,425635
830253,523600,25-03-2024,SESS902090,Google,Mobile,Add to Cart,Colour Cosmetics,425635
830255,523600,25-03-2024,SESS902090,Google,Mobile,Checkout Started,Colour Cosmetics,425635
895793,549674,22-05-2024,SESS902091,Organic Search,Mobile,Website Visit,Skincare,
863026,598174,04-09-2024,SESS902092,Influencer,Mobile,Website Visit,Haircare,
863030,511114,30-07-2025,SESS902093,Referral,Mobile,Website Visit,Colour Cosmetics,438398
830263,511114,30-07-2025,SESS902093,Referral,Mobile,Product View,Colour Cosmetics,438398
830262,511114,30-07-2025,SESS902093,Referral,Mobile,Add to Cart,Colour Cosmetics,438398
830265,511114,30-07-2025,SESS902093,Referral,Mobile,Checkout Started,Colour Cosmetics,438398
863034,511114,30-07-2025,SESS902093,Referral,Mobile,Purchase,Colour Cosmetics,438398
895803,578193,21-05-2025,SESS902094,Google,Mobile,Website Visit,Skincare,
830273,569531,08-02-2025,SESS902095,Referral,Mobile,Website Visit,Colour Cosmetics,420046
863042,569531,08-02-2025,SESS902095,Referral,Mobile,Product View,Haircare,420046
895811,569531,08-02-2025,SESS902095,Referral,Mobile,Add to Cart,Colour Cosmetics,420046
830275,532007,12-08-2024,SESS902096,Offline Store,Mobile,Website Visit,Skincare,
895813,532007,12-08-2024,SESS902096,Offline Store,Mobile,Product View,Skincare,
830278,592493,25-05-2024,SESS902097,Instagram,Desktop,Website Visit,Colour Cosmetics,405510
863050,569588,06-06-2025,SESS902098,Google,Mobile,Website Visit,Colour Cosmetics,405472
895819,569588,06-06-2025,SESS902098,Google,Mobile,Product View,Colour Cosmetics,405472
830282,550140,10-06-2025,SESS902099,Marketplace,Mobile,Website Visit,Colour Cosmetics,463122
863053,552296,16-08-2024,SESS902100,Referral,Desktop,Website Visit,Haircare,498427
830286,556244,02-08-2024,SESS902101,Organic Search,Mobile,Website Visit,Skincare,406427
895821,556244,02-08-2024,SESS902101,Organic Search,Mobile,Product View,Skincare,406427
863059,590128,14-02-2024,SESS902102,Instagram,Mobile,Website Visit,Skincare,
863065,561925,08-03-2024,SESS902103,Google,Mobile,Website Visit,Haircare,455343
863067,561925,08-03-2024,SESS902103,Google,Mobile,Product View,Colour Cosmetics,455343
895835,561925,08-03-2024,SESS902103,Google,Mobile,Add to Cart,Colour Cosmetics,455343
863072,555069,12-11-2025,SESS902104,Organic Search,Tablet,Website Visit,Colour Cosmetics,
895842,555069,12-11-2025,SESS902104,Organic Search,Tablet,Product View,Colour Cosmetics,
863083,555069,12-11-2025,SESS902104,Organic Search,Tablet,Add to Cart,Colour Cosmetics,
895856,555069,12-11-2025,SESS902104,Organic Search,Tablet,Checkout Started,Colour Cosmetics,
895859,555069,12-11-2025,SESS902104,Organic Search,Tablet,Purchase,Colour Cosmetics,
895866,587062,19-05-2024,SESS902105,Marketplace,Mobile,Website Visit,Skincare,471327
863099,582960,22-04-2024,SESS902106,Google,Mobile,Website Visit,Haircare,483171
863101,584675,11-05-2025,SESS902107,Google,Mobile,Website Visit,Skincare,408391
895870,589889,27-04-2024,SESS902108,Offline Store,Desktop,Website Visit,Colour Cosmetics,
830334,589889,27-04-2024,SESS902108,Offline Store,Desktop,Product View,Colour Cosmetics,
863105,502389,21-03-2025,SESS902109,Google,Desktop,Website Visit,Skincare,480372
863107,502389,21-03-2025,SESS902109,Google,Desktop,Product View,Skincare,480372
895880,502389,21-03-2025,SESS902109,Google,Desktop,Add to Cart,Skincare,480372
863114,502389,21-03-2025,SESS902109,Google,Desktop,Checkout Started,Skincare,480372
895882,502389,21-03-2025,SESS902109,Google,Desktop,Purchase,Skincare,480372
863127,534600,16-02-2025,SESS902110,Instagram,Desktop,Website Visit,Skincare,441065
895895,523053,30-03-2025,SESS902111,Marketplace,Mobile,Website Visit,Colour Cosmetics,
830361,523053,30-03-2025,SESS902111,Marketplace,Mobile,Product View,Colour Cosmetics,
895899,557199,13-01-2024,SESS902112,Google,Mobile,Website Visit,Colour Cosmetics,486746
895900,557199,13-01-2024,SESS902112,Google,Mobile,Product View,Skincare,486746
863137,557199,13-01-2024,SESS902112,Google,Mobile,Add to Cart,Colour Cosmetics,486746
895907,500371,17-04-2025,SESS902113,Marketplace,Mobile,Website Visit,Colour Cosmetics,
863140,500371,17-04-2025,SESS902113,Marketplace,Mobile,Product View,Skincare,
895909,500371,17-04-2025,SESS902113,Marketplace,Mobile,Add to Cart,Skincare,
830375,586511,13-10-2024,SESS902114,Influencer,Mobile,Website Visit,Skincare,486746
895919,553841,30-01-2024,SESS902115,Marketplace,Desktop,Website Visit,Colour Cosmetics,405510
863153,553841,30-01-2024,SESS902115,Marketplace,Desktop,Product View,Haircare,405510
895922,507816,20-11-2024,SESS902116,Instagram,Mobile,Website Visit,Skincare,
863155,572972,21-08-2025,SESS902117,Google,Mobile,Website Visit,Haircare,430394
895929,578104,30-04-2024,SESS902118,Instagram,Mobile,Website Visit,Skincare,
830394,596434,27-05-2025,SESS902119,Influencer,Desktop,Website Visit,Colour Cosmetics,440309
863166,596434,27-05-2025,SESS902119,Influencer,Desktop,Product View,Colour Cosmetics,440309
895935,596434,27-05-2025,SESS902119,Influencer,Desktop,Add to Cart,Colour Cosmetics,440309
895934,538974,25-04-2025,SESS902120,Instagram,Desktop,Website Visit,Skincare,
830400,538974,25-04-2025,SESS902120,Instagram,Desktop,Product View,Skincare,
830402,538974,25-04-2025,SESS902120,Instagram,Desktop,Add to Cart,Skincare,
895939,538974,25-04-2025,SESS902120,Instagram,Desktop,Checkout Started,Skincare,
895942,538974,25-04-2025,SESS902120,Instagram,Desktop,Purchase,Skincare,
830411,545830,14-10-2025,SESS902121,Organic Search,Mobile,Website Visit,Colour Cosmetics,
830412,545830,14-10-2025,SESS902121,Organic Search,Mobile,Product View,Colour Cosmetics,
895949,592995,01-12-2024,SESS902122,Google,Desktop,Website Visit,Colour Cosmetics,494148
863186,592995,01-12-2024,SESS902122,Google,Desktop,Product View,Colour Cosmetics,494148
895955,578116,07-11-2024,SESS902123,Instagram,Mobile,Website Visit,Skincare,438612
895957,578116,07-11-2024,SESS902123,Instagram,Mobile,Product View,Skincare,438612
895960,578116,07-11-2024,SESS902123,Instagram,Mobile,Add to Cart,Skincare,438612
895961,578116,07-11-2024,SESS902123,Instagram,Mobile,Checkout Started,Skincare,438612
863194,536655,09-04-2024,SESS902124,Google,Mobile,Website Visit,Colour Cosmetics,463919
863196,536655,09-04-2024,SESS902124,Google,Mobile,Product View,Colour Cosmetics,463919
895965,511003,15-12-2025,SESS902125,Instagram,Mobile,Website Visit,Colour Cosmetics,420046
830432,511003,15-12-2025,SESS902125,Instagram,Mobile,Product View,Colour Cosmetics,420046
863204,511003,15-12-2025,SESS902125,Instagram,Mobile,Add to Cart,Colour Cosmetics,420046
895978,530671,26-02-2025,SESS902126,Instagram,Desktop,Website Visit,Haircare,415511
895979,530671,26-02-2025,SESS902126,Instagram,Desktop,Product View,Skincare,415511
830443,541588,02-01-2025,SESS902127,Instagram,Mobile,Website Visit,Skincare,496480
863214,565715,08-04-2024,SESS902128,Marketplace,Mobile,Website Visit,Haircare,
895982,565715,08-04-2024,SESS902128,Marketplace,Unknown,Product View,Skincare,
830448,597880,08-08-2024,SESS902129,Google,Desktop,Website Visit,Colour Cosmetics,407184
830451,597880,08-08-2024,SESS902129,Google,Desktop,Product View,Skincare,407184
863220,567271,08-01-2024,SESS902130,Organic Search,Mobile,Website Visit,Haircare,
863222,567271,08-01-2024,SESS902130,Organic Search,Mobile,Product View,Haircare,
895991,567271,08-01-2024,SESS902130,Organic Search,Mobile,Add to Cart,Haircare,
895992,567271,08-01-2024,SESS902130,Organic Search,Mobile,Checkout Started,Haircare,
830456,570855,09-06-2024,SESS902131,Instagram,Mobile,Website Visit,Skincare,451803
863227,519709,14-07-2025,SESS902132,Instagram,Mobile,Website Visit,Colour Cosmetics,
863229,570686,08-01-2024,SESS902133,Marketplace,Mobile,Website Visit,Colour Cosmetics,
830463,548843,27-03-2024,SESS902134,Instagram,Desktop,Website Visit,Skincare,474806
863234,548843,27-03-2024,SESS902134,Instagram,Desktop,Product View,Haircare,474806
830467,548843,27-03-2024,SESS902134,Instagram,Desktop,Add to Cart,Skincare,474806
896003,572199,28-04-2024,SESS902135,Organic Search,Mobile,Website Visit,Skincare,463612
896005,572199,28-04-2024,SESS902135,Organic Search,Mobile,Product View,Skincare,463612
830470,599775,24-03-2025,SESS902136,Organic Search,Mobile,Website Visit,Haircare,
830469,599775,24-03-2025,SESS902136,Organic Search,Mobile,Product View,Haircare,
863238,560443,16-10-2024,SESS902137,Influencer,Mobile,Website Visit,Skincare,
863239,560443,16-10-2024,SESS902137,Influencer,Mobile,Product View,Colour Cosmetics,
830475,555476,07-08-2024,SESS902138,Marketplace,Tablet,Website Visit,Colour Cosmetics,
830477,542176,09-12-2024,SESS902139,Marketplace,Unknown,Website Visit,Haircare,
830483,542176,09-12-2024,SESS902139,Marketplace,Mobile,Product View,Skincare,
896019,542176,09-12-2024,SESS902139,Marketplace,Mobile,Add to Cart,Skincare,
896021,542176,09-12-2024,SESS902139,Marketplace,Mobile,Checkout Started,Colour Cosmetics,
863253,542176,09-12-2024,SESS902139,Marketplace,Mobile,Purchase,Colour Cosmetics,
830486,581987,03-12-2025,SESS902140,Google,Mobile,Website Visit,Skincare,413440
830487,597978,20-11-2024,SESS902141,Instagram,Mobile,Website Visit,Colour Cosmetics,406427
830488,597978,20-11-2024,SESS902141,Instagram,Mobile,Product View,Colour Cosmetics,406427
830490,549689,20-04-2024,SESS902142,Google,Desktop,Website Visit,Haircare,
896020,599871,26-03-2024,SESS902143,Referral,Mobile,Website Visit,Skincare,403690
863260,599871,26-03-2024,SESS902143,Referral,Mobile,Product View,Skincare,403690
830493,599871,26-03-2024,SESS902143,Referral,Mobile,Add to Cart,Skincare,403690
896029,536932,25-09-2024,SESS902144,Instagram,Desktop,Website Visit,Skincare,400573
830499,536932,25-09-2024,SESS902144,Instagram,Desktop,Product View,Skincare,400573
830502,546090,11-08-2025,SESS902145,Influencer,Mobile,Website Visit,Colour Cosmetics,405510
830503,546090,11-08-2025,SESS902145,Influencer,Mobile,Product View,Colour Cosmetics,405510
863274,546090,11-08-2025,SESS902145,Influencer,Mobile,Add to Cart,Colour Cosmetics,405510
896043,546090,11-08-2025,SESS902145,Influencer,Mobile,Checkout Started,Colour Cosmetics,405510
830508,546090,11-08-2025,SESS902145,Influencer,Mobile,Purchase,Colour Cosmetics,405510
863278,504117,18-07-2024,SESS902146,Marketplace,Desktop,Website Visit,Skincare,455343
830510,504117,18-07-2024,SESS902146,Marketplace,Desktop,Product View,Skincare,455343
863280,504117,18-07-2024,SESS902146,Marketplace,Desktop,Add to Cart,Skincare,455343
896050,576556,26-03-2024,SESS902147,Instagram,Desktop,Website Visit,Skincare,
896051,576556,26-03-2024,SESS902147,Instagram,Desktop,Product View,Skincare,
863284,532530,19-03-2025,SESS902148,Marketplace,Desktop,Website Visit,Colour Cosmetics,405376
863285,506175,21-12-2024,SESS902149,Instagram,Desktop,Website Visit,Haircare,
896053,589016,30-04-2025,SESS902150,Instagram,Desktop,Website Visit,Skincare,
830519,589016,30-04-2025,SESS902150,Instagram,Desktop,Product View,Skincare,
896060,561537,30-03-2024,SESS902151,Offline Store,Mobile,Website Visit,Skincare,
896061,561537,30-03-2024,SESS902151,Offline Store,Mobile,Product View,Skincare,
896063,541904,23-07-2024,SESS902152,Instagram,Unknown,Website Visit,Haircare,447520
896065,541904,23-07-2024,SESS902152,Instagram,Mobile,Product View,Skincare,447520
830530,586363,02-07-2025,SESS902153,Organic Search,Mobile,Website Visit,Colour Cosmetics,408391
830533,586363,02-07-2025,SESS902153,Organic Search,Mobile,Product View,Skincare,408391
830536,536512,26-03-2025,SESS902154,Influencer,Mobile,Website Visit,Skincare,
863305,554008,18-04-2024,SESS902155,Marketplace,Desktop,Website Visit,Colour Cosmetics,
830538,554008,18-04-2024,SESS902155,Marketplace,Desktop,Product View,Colour Cosmetics,
830552,570804,18-05-2024,SESS902156,Instagram,Desktop,Website Visit,Skincare,
863322,570804,18-05-2024,SESS902156,Instagram,Desktop,Product View,Colour Cosmetics,
863323,524914,03-02-2025,SESS902157,Influencer,Mobile,Website Visit,Haircare,444911
896092,524914,03-02-2025,SESS902157,Influencer,Mobile,Product View,Haircare,444911
863324,538469,12-11-2025,SESS902158,Organic Search,Mobile,Website Visit,Colour Cosmetics,
896117,501854,12-02-2025,SESS902159,Google,Mobile,Website Visit,Skincare,
896119,511135,17-10-2024,SESS902160,Google,Mobile,Website Visit,Skincare,491749
896122,592749,24-02-2024,SESS902161,Influencer,Desktop,Website Visit,Colour Cosmetics,471327
863355,592749,24-02-2024,SESS902161,Influencer,Desktop,Product View,Haircare,471327
830597,592749,24-02-2024,SESS902161,Influencer,Desktop,Add to Cart,Skincare,471327
863368,592749,24-02-2024,SESS902161,Influencer,Desktop,Checkout Started,Haircare,471327
896147,592749,24-02-2024,SESS902161,Influencer,Desktop,Purchase,Haircare,471327
830612,587026,02-11-2025,SESS902162,Google,Desktop,Website Visit,Skincare,
896154,587026,02-11-2025,SESS902162,Google,Desktop,Product View,Colour Cosmetics,
896158,587026,02-11-2025,SESS902162,Google,Desktop,Add to Cart,Colour Cosmetics,
896161,504288,04-01-2024,SESS902163,Organic Search,Desktop,Website Visit,Colour Cosmetics,497049
830628,504288,04-01-2024,SESS902163,Organic Search,Desktop,Product View,Skincare,497049
896166,550277,02-03-2025,SESS902164,Referral,Mobile,Website Visit,Colour Cosmetics,
896167,550277,02-03-2025,SESS902164,Referral,Mobile,Product View,Skincare,
830631,505544,23-02-2024,SESS902165,Organic Search,Tablet,Website Visit,Colour Cosmetics,
896169,505544,23-02-2024,SESS902165,Organic Search,Tablet,Product View,Colour Cosmetics,
830642,577278,20-03-2025,SESS902166,Google,Mobile,Website Visit,Skincare,481455
863411,577278,20-03-2025,SESS902166,Google,Mobile,Product View,Skincare,481455
830647,586563,22-02-2024,SESS902167,Influencer,Desktop,Website Visit,Skincare,403029
830652,545508,27-11-2025,SESS902168,Marketplace,Mobile,Website Visit,Skincare,
863426,545508,27-11-2025,SESS902168,Marketplace,Mobile,Product View,Skincare,
830658,582149,15-11-2024,SESS902169,Instagram,Mobile,Website Visit,Haircare,481455
896198,582149,15-11-2024,SESS902169,Instagram,Mobile,Product View,Haircare,481455
863431,544657,03-06-2025,SESS902170,Instagram,Mobile,Website Visit,Colour Cosmetics,463122
863432,544657,03-06-2025,SESS902170,Instagram,Mobile,Product View,Colour Cosmetics,463122
896205,516591,26-10-2024,SESS902171,Influencer,Mobile,Website Visit,Haircare,499229
896212,516591,26-10-2024,SESS902171,Influencer,Mobile,Product View,Haircare,499229
896214,540953,07-03-2025,SESS902172,Google,Desktop,Website Visit,Haircare,
830679,566698,21-04-2024,SESS902173,Google,Mobile,Website Visit,Skincare,411539
830682,508968,04-04-2024,SESS902174,Influencer,Mobile,Website Visit,Skincare,
830684,545293,31-03-2024,SESS902175,Instagram,Mobile,Website Visit,Skincare,433381
863453,545293,31-03-2024,SESS902175,Instagram,Mobile,Product View,Skincare,433381
830687,555333,14-01-2025,SESS902176,Referral,Mobile,Website Visit,Skincare,434464
896231,555333,14-01-2025,SESS902176,Referral,Mobile,Product View,Haircare,434464
830697,526100,02-03-2025,SESS902177,Instagram,Mobile,Website Visit,Haircare,
896235,537601,05-03-2024,SESS902178,Instagram,Mobile,Website Visit,Skincare,455343
830700,519313,31-05-2025,SESS902179,Marketplace,Desktop,Website Visit,Haircare,
863469,519313,31-05-2025,SESS902179,Marketplace,Desktop,Product View,Haircare,
896240,533029,05-11-2024,SESS902180,Instagram,Desktop,Website Visit,Skincare,437165
896241,533029,05-11-2024,SESS902180,Instagram,Desktop,Product View,Skincare,437165
863474,552227,16-06-2025,SESS902181,Instagram,Mobile,Website Visit,Colour Cosmetics,
896243,552227,16-06-2025,SESS902181,Instagram,Mobile,Product View,Colour Cosmetics,
830706,552227,16-06-2025,SESS902181,Instagram,Mobile,Add to Cart,Colour Cosmetics,
863476,552227,16-06-2025,SESS902181,Instagram,Mobile,Checkout Started,Skincare,
830707,552227,16-06-2025,SESS902181,Instagram,Mobile,Purchase,Colour Cosmetics,
830711,502068,30-04-2024,SESS902182,Google,Desktop,Website Visit,Skincare,488400
863481,570592,11-01-2024,SESS902183,Influencer,Mobile,Website Visit,Skincare,
896250,558991,28-05-2025,SESS902184,Instagram,Mobile,Website Visit,Colour Cosmetics,442205
830717,558991,28-05-2025,SESS902184,Instagram,Mobile,Product View,Colour Cosmetics,442205
830719,558991,28-05-2025,SESS902184,Instagram,Mobile,Add to Cart,Colour Cosmetics,442205
896262,558991,28-05-2025,SESS902184,Instagram,Mobile,Checkout Started,Colour Cosmetics,442205
830728,558991,28-05-2025,SESS902184,Instagram,Mobile,Purchase,Colour Cosmetics,442205
896264,584239,18-01-2025,SESS902185,Organic Search,Mobile,Website Visit,Skincare,408391
830734,548311,07-07-2024,SESS902186,Google,Tablet,Website Visit,Haircare,
896275,548311,07-07-2024,SESS902186,Google,Tablet,Product View,Haircare,
863509,544681,16-08-2024,SESS902187,Influencer,Desktop,Website Visit,Skincare,438612
830743,575248,20-09-2025,SESS902188,Instagram,Mobile,Website Visit,Colour Cosmetics,
863511,537125,06-07-2025,SESS902189,Google,Mobile,Website Visit,Skincare,420046
830745,537125,06-07-2025,SESS902189,Google,Mobile,Product View,Skincare,420046
896285,537125,06-07-2025,SESS902189,Google,Mobile,Add to Cart,Haircare,420046
896287,537125,06-07-2025,SESS902189,Google,Mobile,Checkout Started,Colour Cosmetics,420046
863526,537125,06-07-2025,SESS902189,Google,Mobile,Purchase,Skincare,420046
896295,553354,12-11-2025,SESS902190,Instagram,Mobile,Website Visit,Skincare,
863528,553354,12-11-2025,SESS902190,Instagram,Mobile,Product View,Skincare,
863530,529430,06-02-2025,SESS902191,Referral,Mobile,Website Visit,Colour Cosmetics,
830763,557340,20-11-2024,SESS902192,Offline Store,Mobile,Website Visit,Skincare,489502
896304,557340,20-11-2024,SESS902192,Offline Store,Mobile,Product View,Skincare,489502
863543,531365,22-02-2024,SESS902193,Google,Mobile,Website Visit,Skincare,
830782,586870,29-04-2024,SESS902194,Marketplace,Mobile,Website Visit,Colour Cosmetics,
863550,586870,29-04-2024,SESS902194,Marketplace,Mobile,Product View,Colour Cosmetics,
896320,586870,29-04-2024,SESS902194,Marketplace,Mobile,Add to Cart,Colour Cosmetics,
896321,586870,29-04-2024,SESS902194,Marketplace,Mobile,Checkout Started,Colour Cosmetics,
863556,586870,29-04-2024,SESS902194,Marketplace,Mobile,Purchase,Colour Cosmetics,
863557,534099,07-09-2024,SESS902195,Instagram,Mobile,Website Visit,Skincare,
863559,534099,07-09-2024,SESS902195,Instagram,Mobile,Product View,Haircare,
896328,561953,03-01-2025,SESS902196,Offline Store,Mobile,Website Visit,Colour Cosmetics,406955
830794,561953,03-01-2025,SESS902196,Offline Store,Mobile,Product View,Haircare,406955
863562,561953,03-01-2025,SESS902196,Offline Store,Mobile,Add to Cart,Haircare,406955
863564,561953,03-01-2025,SESS902196,Offline Store,Mobile,Checkout Started,Haircare,406955
896335,594493,25-04-2025,SESS902197,Influencer,Desktop,Website Visit,Colour Cosmetics,
830802,594493,25-04-2025,SESS902197,Influencer,Desktop,Product View,Colour Cosmetics,
830806,594493,25-04-2025,SESS902197,Influencer,Desktop,Add to Cart,Haircare,
830807,556606,31-10-2024,SESS902198,Organic Search,Mobile,Website Visit,Skincare,403658
830815,557132,18-10-2024,SESS902199,Marketplace,Mobile,Website Visit,Skincare,
863583,557132,18-10-2024,SESS902199,Marketplace,Mobile,Product View,Skincare,
863587,557132,18-10-2024,SESS902199,Marketplace,Mobile,Add to Cart,Skincare,
863588,557132,18-10-2024,SESS902199,Marketplace,Mobile,Checkout Started,Skincare,
830821,522962,11-12-2024,SESS902200,Referral,Desktop,Website Visit,Skincare,495209
863589,522962,11-12-2024,SESS902200,Referral,Desktop,Product View,Skincare,495209
830824,512217,03-02-2025,SESS902201,Organic Search,Mobile,Website Visit,Colour Cosmetics,427604
896363,512217,03-02-2025,SESS902201,Organic Search,Mobile,Product View,Skincare,427604
830828,512217,03-02-2025,SESS902201,Organic Search,Mobile,Add to Cart,Colour Cosmetics,427604
863598,512217,03-02-2025,SESS902201,Organic Search,Mobile,Checkout Started,Colour Cosmetics,427604
896367,554874,10-09-2025,SESS902202,Instagram,Mobile,Website Visit,Colour Cosmetics,492273
863600,542245,22-11-2024,SESS902203,Influencer,Mobile,Website Visit,Skincare,442205
896370,505224,28-10-2025,SESS902204,Referral,Desktop,Website Visit,Haircare,438612
896373,505224,28-10-2025,SESS902204,Referral,Desktop,Product View,Colour Cosmetics,438612
830839,505224,28-10-2025,SESS902204,Referral,Desktop,Add to Cart,Colour Cosmetics,438612
830842,505224,28-10-2025,SESS902204,Referral,Desktop,Checkout Started,Colour Cosmetics,438612
830845,558008,17-11-2025,SESS902205,Marketplace,Desktop,Website Visit,Skincare,405472
896385,536265,30-08-2025,SESS902206,Marketplace,Desktop,Website Visit,Skincare,
830852,536265,30-08-2025,SESS902206,Marketplace,Desktop,Product View,Haircare,
896390,526174,08-12-2025,SESS902207,Offline Store,Mobile,Website Visit,Skincare,
896396,526174,08-12-2025,SESS902207,Offline Store,Mobile,Product View,Skincare,
896397,509447,29-08-2024,SESS902208,Organic Search,Mobile,Website Visit,Colour Cosmetics,463442
863628,505376,19-06-2025,SESS902209,Referral,Mobile,Website Visit,Skincare,
830866,515525,05-03-2024,SESS902210,Google,Mobile,Website Visit,Skincare,
863636,553523,09-08-2024,SESS902211,Referral,Desktop,Website Visit,Skincare,413440
830870,553523,09-08-2024,SESS902211,Referral,Desktop,Product View,Skincare,413440
896411,562781,19-12-2024,SESS902212,Instagram,Mobile,Website Visit,Skincare,493447
896417,562781,19-12-2024,SESS902212,Instagram,Mobile,Product View,Skincare,493447
863652,573133,09-02-2025,SESS902213,Influencer,Mobile,Website Visit,Skincare,471327
830884,573133,09-02-2025,SESS902213,Influencer,Mobile,Product View,Skincare,471327
830886,516544,12-01-2024,SESS902214,Referral,Mobile,Website Visit,Skincare,431540
896424,557433,03-06-2025,SESS902215,Marketplace,Mobile,Website Visit,Skincare,
830889,554460,24-03-2025,SESS902216,Instagram,Mobile,Website Visit,Colour Cosmetics,429945
896434,554460,24-03-2025,SESS902216,Instagram,Mobile,Product View,Skincare,429945
830898,539507,23-12-2025,SESS902217,Instagram,Mobile,Website Visit,Colour Cosmetics,424613
863669,550615,23-03-2025,SESS902218,Referral,Tablet,Website Visit,Skincare,442004
896440,550615,23-03-2025,SESS902218,Referral,Tablet,Product View,Haircare,442004
830905,523819,16-11-2024,SESS902219,Influencer,Mobile,Website Visit,Skincare,
863677,523819,16-11-2024,SESS902219,Influencer,Mobile,Product View,Colour Cosmetics,
863680,568517,04-08-2025,SESS902220,Referral,Mobile,Website Visit,Skincare,490993
863681,568517,04-08-2025,SESS902220,Referral,Mobile,Product View,Skincare,490993
830918,594493,12-11-2025,SESS902221,Influencer,Desktop,Website Visit,Colour Cosmetics,
896455,594493,12-11-2025,SESS902221,Influencer,Desktop,Product View,Colour Cosmetics,
863688,509880,24-05-2025,SESS902222,Instagram,Mobile,Website Visit,Colour Cosmetics,
863686,538452,12-12-2024,SESS902223,Instagram,Mobile,Website Visit,Colour Cosmetics,
896458,525485,29-04-2025,SESS902224,Referral,Mobile,Website Visit,Skincare,481006
830919,525485,29-04-2025,SESS902224,Referral,Mobile,Product View,Skincare,481006
863693,546009,05-06-2024,SESS902225,Instagram,Mobile,Website Visit,Colour Cosmetics,483171
830925,547012,31-08-2024,SESS902226,Instagram,Desktop,Website Visit,Skincare,
896463,547012,31-08-2024,SESS902226,Instagram,Desktop,Product View,Skincare,
830928,516299,19-09-2025,SESS902227,Organic Search,Mobile,Website Visit,Colour Cosmetics,
896465,516299,19-09-2025,SESS902227,Organic Search,Mobile,Product View,Colour Cosmetics,
830927,585813,26-01-2025,SESS902228,Instagram,Mobile,Website Visit,Haircare,
896467,579569,23-01-2025,SESS902229,Influencer,Desktop,Website Visit,Haircare,
896469,579569,23-01-2025,SESS902229,Influencer,Desktop,Product View,Haircare,
830937,589241,31-03-2024,SESS902230,Influencer,Desktop,Website Visit,Skincare,423132
896473,589241,31-03-2024,SESS902230,Influencer,Desktop,Product View,Skincare,423132
863709,575631,14-04-2025,SESS902231,Google,Desktop,Website Visit,Skincare,493341
896481,575631,14-04-2025,SESS902231,Google,Desktop,Product View,Skincare,493341
830946,575631,14-04-2025,SESS902231,Google,Desktop,Add to Cart,Skincare,493341
896483,575631,14-04-2025,SESS902231,Google,Desktop,Checkout Started,Skincare,493341
830948,575631,14-04-2025,SESS902231,Google,Desktop,Purchase,Skincare,493341
896485,568517,11-10-2025,SESS902232,Referral,Mobile,Website Visit,Skincare,423132
863719,568517,11-10-2025,SESS902232,Referral,Mobile,Product View,Skincare,423132
896488,559598,06-01-2024,SESS902233,Referral,Mobile,Website Visit,Colour Cosmetics,494148
830959,559598,06-01-2024,SESS902233,Referral,Mobile,Product View,Colour Cosmetics,494148
896497,559598,06-01-2024,SESS902233,Referral,Mobile,Add to Cart,Colour Cosmetics,494148
830963,502260,16-09-2025,SESS902234,Organic Search,Desktop,Website Visit,Skincare,
863735,502260,16-09-2025,SESS902234,Organic Search,Desktop,Product View,Skincare,
896505,591214,21-09-2024,SESS902235,Organic Search,Mobile,Website Visit,Skincare,
830973,591214,21-09-2024,SESS902235,Organic Search,Mobile,Product View,Colour Cosmetics,
863742,591214,21-09-2024,SESS902235,Organic Search,Mobile,Add to Cart,Skincare,
830976,591214,21-09-2024,SESS902235,Organic Search,Mobile,Checkout Started,Skincare,
863745,591214,21-09-2024,SESS902235,Organic Search,Mobile,Purchase,Skincare,
863752,522946,25-12-2024,SESS902236,Instagram,Mobile,Website Visit,Colour Cosmetics,497553
896521,522946,25-12-2024,SESS902236,Instagram,Mobile,Product View,Colour Cosmetics,497553
863759,508418,28-08-2025,SESS902237,Instagram,Mobile,Website Visit,Skincare,412905
863760,508418,28-08-2025,SESS902237,Instagram,Mobile,Product View,Skincare,412905
863761,508418,28-08-2025,SESS902237,Instagram,Mobile,Add to Cart,Skincare,412905
830993,508418,28-08-2025,SESS902237,Instagram,Mobile,Checkout Started,Skincare,412905
830992,508418,28-08-2025,SESS902237,Instagram,Mobile,Purchase,Skincare,412905
896534,594058,19-09-2025,SESS902238,Influencer,Mobile,Website Visit,Skincare,
863769,594058,19-09-2025,SESS902238,Influencer,Mobile,Product View,Skincare,
863771,594058,19-09-2025,SESS902238,Influencer,Mobile,Add to Cart,Skincare,
896540,594058,19-09-2025,SESS902238,Influencer,Mobile,Checkout Started,Skincare,
831005,594058,19-09-2025,SESS902238,Influencer,Mobile,Purchase,Skincare,
896542,527884,24-09-2025,SESS902239,Instagram,Mobile,Website Visit,Skincare,427621
863775,527884,24-09-2025,SESS902239,Instagram,Mobile,Product View,Colour Cosmetics,427621
831008,527884,24-09-2025,SESS902239,Instagram,Unknown,Add to Cart,Colour Cosmetics,427621
896546,527884,24-09-2025,SESS902239,Instagram,Mobile,Checkout Started,Colour Cosmetics,427621
831015,539608,17-08-2024,SESS902240,Organic Search,Mobile,Website Visit,Colour Cosmetics,438612
896554,581399,15-12-2025,SESS902241,Organic Search,Desktop,Website Visit,Skincare,
896562,581399,15-12-2025,SESS902241,Organic Search,Desktop,Product View,Skincare,
863794,585717,07-02-2024,SESS902242,Organic Search,Mobile,Website Visit,Haircare,406955
896565,585717,07-02-2024,SESS902242,Organic Search,Mobile,Product View,Haircare,406955
831034,585717,07-02-2024,SESS902242,Organic Search,Mobile,Add to Cart,Skincare,406955
896570,585717,07-02-2024,SESS902242,Organic Search,Mobile,Checkout Started,Haircare,406955
896572,521579,22-02-2025,SESS902243,Instagram,Desktop,Website Visit,Colour Cosmetics,406955
831037,521579,22-02-2025,SESS902243,Instagram,Desktop,Product View,Colour Cosmetics,406955
863813,535697,14-12-2025,SESS902244,Influencer,Mobile,Website Visit,Skincare,
896583,573975,11-11-2024,SESS902245,Google,Mobile,Website Visit,Skincare,
831050,573975,11-11-2024,SESS902245,Google,Mobile,Product View,Skincare,
831052,590673,12-08-2024,SESS902246,Google,Mobile,Website Visit,Skincare,499229
831054,510205,18-11-2024,SESS902247,Organic Search,Desktop,Website Visit,Haircare,419863
863823,556267,21-06-2024,SESS902248,Organic Search,Mobile,Website Visit,Colour Cosmetics,431540
831056,556267,21-06-2024,SESS902248,Organic Search,Mobile,Product View,Colour Cosmetics,431540
863824,570292,06-05-2025,SESS902249,Marketplace,Mobile,Website Visit,Skincare,
863827,570292,06-05-2025,SESS902249,Marketplace,Mobile,Product View,Skincare,
863831,570292,06-05-2025,SESS902249,Marketplace,Mobile,Add to Cart,Skincare,
831065,570292,06-05-2025,SESS902249,Marketplace,Mobile,Checkout Started,Skincare,
896602,570292,06-05-2025,SESS902249,Marketplace,Mobile,Purchase,Haircare,
896605,570804,07-04-2025,SESS902250,Instagram,Mobile,Website Visit,Skincare,
896608,584343,09-07-2025,SESS902251,Referral,Mobile,Website Visit,Haircare,
863843,584343,09-07-2025,SESS902251,Referral,Mobile,Product View,Colour Cosmetics,
896612,584343,09-07-2025,SESS902251,Referral,Mobile,Add to Cart,Colour Cosmetics,
863845,588470,27-04-2025,SESS902252,Marketplace,Desktop,Website Visit,Colour Cosmetics,
863847,588470,27-04-2025,SESS902252,Marketplace,Unknown,Product View,Colour Cosmetics,
896617,549925,07-08-2025,SESS902253,Organic Search,Mobile,Website Visit,Haircare,489502
831083,549925,07-08-2025,SESS902253,Organic Search,Mobile,Product View,Haircare,489502
863852,519709,08-07-2024,SESS902254,Instagram,Mobile,Website Visit,Colour Cosmetics,463919
896622,511359,16-06-2024,SESS902255,Google,Desktop,Website Visit,Skincare,495209
863855,572340,08-04-2024,SESS902256,Instagram,Mobile,Website Visit,Colour Cosmetics,473870
896632,572340,08-04-2024,SESS902256,Instagram,Mobile,Product View,Skincare,473870
863868,563464,24-08-2025,SESS902257,Influencer,Mobile,Website Visit,Skincare,
831102,563464,24-08-2025,SESS902257,Influencer,Mobile,Product View,Skincare,
896641,563464,24-08-2025,SESS902257,Influencer,Mobile,Add to Cart,Colour Cosmetics,
863874,561694,08-08-2024,SESS902258,Instagram,Mobile,Website Visit,Colour Cosmetics,
863880,511970,17-05-2024,SESS902259,Marketplace,Mobile,Website Visit,Haircare,
863882,511970,17-05-2024,SESS902259,Marketplace,Mobile,Product View,Skincare,
896651,532816,11-04-2024,SESS902260,Google,Mobile,Website Visit,Skincare,444911
831123,571511,06-12-2024,SESS902261,Organic Search,Mobile,Website Visit,Skincare,
863896,588984,12-09-2024,SESS902262,Instagram,Mobile,Website Visit,Skincare,
863899,588984,12-09-2024,SESS902262,Instagram,Mobile,Product View,Haircare,
863911,588984,12-09-2024,SESS902262,Instagram,Mobile,Add to Cart,Skincare,
831144,582345,24-04-2025,SESS902263,Instagram,Tablet,Website Visit,Skincare,
896682,582345,24-04-2025,SESS902263,Instagram,Tablet,Product View,Skincare,
831148,521178,21-01-2024,SESS902264,Referral,Tablet,Website Visit,Haircare,438398
831149,521178,21-01-2024,SESS902264,Referral,Tablet,Product View,Haircare,438398
831152,521178,21-01-2024,SESS902264,Referral,Tablet,Add to Cart,Haircare,438398
831158,521178,21-01-2024,SESS902264,Referral,Tablet,Checkout Started,Haircare,438398
896695,563956,24-04-2024,SESS902265,Instagram,Mobile,Website Visit,Skincare,418813
863928,580610,16-09-2024,SESS902266,Organic Search,Desktop,Website Visit,Haircare,
831162,580610,16-09-2024,SESS902266,Organic Search,Desktop,Product View,Haircare,
863933,598453,02-03-2025,SESS902267,Instagram,Mobile,Website Visit,Haircare,
896703,513154,21-03-2024,SESS902268,Instagram,Mobile,Website Visit,Haircare,485381
896705,513154,21-03-2024,SESS902268,Instagram,Mobile,Product View,Haircare,485381
896707,597370,04-12-2024,SESS902269,Marketplace,Mobile,Website Visit,Skincare,417878
863942,518894,15-09-2024,SESS902270,Influencer,Mobile,Website Visit,Colour Cosmetics,400573
831176,577992,07-09-2025,SESS902271,Marketplace,Mobile,Website Visit,Colour Cosmetics,442004
896716,577992,07-09-2025,SESS902271,Marketplace,Mobile,Product View,Colour Cosmetics,442004
831184,502719,13-06-2025,SESS902272,Marketplace,Mobile,Website Visit,Haircare,
896726,502719,13-06-2025,SESS902272,Marketplace,Mobile,Product View,Haircare,
863958,559890,05-09-2024,SESS902273,Instagram,Mobile,Website Visit,Skincare,490211
863961,556531,20-06-2024,SESS902274,Google,Mobile,Website Visit,Colour Cosmetics,
863962,531946,31-03-2025,SESS902275,Influencer,Mobile,Website Visit,Colour Cosmetics,499229
896732,584886,08-08-2025,SESS902276,Marketplace,Mobile,Website Visit,Skincare,415511
863964,534687,30-03-2025,SESS902277,Google,Mobile,Website Visit,Colour Cosmetics,
896739,529571,22-07-2024,SESS902278,Influencer,Desktop,Website Visit,Haircare,464819
863972,529571,22-07-2024,SESS902278,Influencer,Desktop,Product View,Haircare,464819
896741,529571,22-07-2024,SESS902278,Influencer,Desktop,Add to Cart,Haircare,464819
896742,529571,22-07-2024,SESS902278,Influencer,Desktop,Checkout Started,Skincare,464819
863979,517781,18-06-2024,SESS902279,Google,Mobile,Website Visit,Colour Cosmetics,
831216,560811,21-10-2024,SESS902280,Marketplace,Mobile,Website Visit,Skincare,484510
863987,532914,05-10-2025,SESS902281,Influencer,Desktop,Website Visit,Skincare,
863989,566562,08-03-2025,SESS902282,Google,Mobile,Website Visit,Skincare,436764
863990,566562,08-03-2025,SESS902282,Google,Mobile,Product View,Skincare,436764
831223,542176,16-11-2024,SESS902283,Marketplace,Desktop,Website Visit,Colour Cosmetics,
863991,542176,16-11-2024,SESS902283,Marketplace,Desktop,Product View,Colour Cosmetics,
896761,579905,28-11-2024,SESS902284,Instagram,Desktop,Website Visit,Colour Cosmetics,
831226,579905,28-11-2024,SESS902284,Instagram,Desktop,Product View,Colour Cosmetics,
831222,579905,28-11-2024,SESS902284,Instagram,Desktop,Add to Cart,Colour Cosmetics,
863998,589539,11-01-2025,SESS902285,Influencer,Mobile,Website Visit,Haircare,
831233,589539,11-01-2025,SESS902285,Influencer,Mobile,Product View,Haircare,
831234,589539,11-01-2025,SESS902285,Influencer,Mobile,Add to Cart,Haircare,
896773,589539,11-01-2025,SESS902285,Influencer,Mobile,Checkout Started,Haircare,
864008,589539,11-01-2025,SESS902285,Influencer,Mobile,Purchase,Haircare,
831241,590673,30-01-2025,SESS902286,Google,Mobile,Website Visit,Colour Cosmetics,473151
896777,590673,30-01-2025,SESS902286,Google,Mobile,Product View,Colour Cosmetics,473151
896783,523405,27-10-2025,SESS902287,Offline Store,Desktop,Website Visit,Colour Cosmetics,474998
864019,523405,27-10-2025,SESS902287,Offline Store,Desktop,Product View,Colour Cosmetics,474998
831252,534664,18-09-2025,SESS902288,Marketplace,Desktop,Website Visit,Colour Cosmetics,440309
864021,547823,04-11-2024,SESS902289,Instagram,Tablet,Website Visit,Skincare,487438
896790,547823,04-11-2024,SESS902289,Instagram,Tablet,Product View,Colour Cosmetics,487438
831256,540562,04-06-2024,SESS902290,Organic Search,Mobile,Website Visit,Skincare,
831258,560648,22-06-2025,SESS902291,Google,Mobile,Website Visit,Colour Cosmetics,479647
864028,560648,22-06-2025,SESS902291,Google,Mobile,Product View,Colour Cosmetics,479647
831264,520232,30-09-2024,SESS902292,Influencer,Mobile,Website Visit,Colour Cosmetics,
864035,563335,12-02-2024,SESS902293,Offline Store,Tablet,Website Visit,Skincare,471307
896803,549672,25-11-2025,SESS902294,Instagram,Desktop,Website Visit,Skincare,454313
864037,549672,25-11-2025,SESS902294,Instagram,Desktop,Product View,Skincare,454313
896807,529817,07-10-2024,SESS902295,Google,Mobile,Website Visit,Skincare,406955
831271,529817,07-10-2024,SESS902295,Google,Mobile,Product View,Colour Cosmetics,406955
864043,500336,13-08-2025,SESS902296,Google,Tablet,Website Visit,Haircare,
831276,500336,13-08-2025,SESS902296,Google,Tablet,Product View,Haircare,
864048,575392,20-09-2024,SESS902297,Instagram,Mobile,Website Visit,Skincare,
831284,575392,20-09-2024,SESS902297,Instagram,Mobile,Product View,Skincare,
831287,574364,27-04-2024,SESS902298,Offline Store,Mobile,Website Visit,Colour Cosmetics,
831291,550019,19-06-2025,SESS902299,Influencer,Mobile,Website Visit,Haircare,
864061,550019,19-06-2025,SESS902299,Influencer,Mobile,Product View,Haircare,
831293,592591,09-04-2025,SESS902300,Instagram,Desktop,Website Visit,Skincare,
864066,522527,27-05-2025,SESS902301,Instagram,Desktop,Website Visit,Skincare,
831299,522527,27-05-2025,SESS902301,Instagram,Desktop,Product View,Colour Cosmetics,
831300,542600,11-05-2024,SESS902302,Google,Mobile,Website Visit,Skincare,
896838,530161,19-11-2024,SESS902303,Google,Mobile,Website Visit,Colour Cosmetics,437165
896850,530161,19-11-2024,SESS902303,Google,Mobile,Product View,Haircare,437165
864082,532706,19-10-2024,SESS902304,Instagram,Tablet,Website Visit,Skincare,480858
896852,532706,19-10-2024,SESS902304,Instagram,Tablet,Product View,Skincare,480858
896855,532706,19-10-2024,SESS902304,Instagram,Tablet,Add to Cart,Skincare,480858
831324,532706,19-10-2024,SESS902304,Instagram,Tablet,Checkout Started,Skincare,480858
896864,532706,19-10-2024,SESS902304,Instagram,Tablet,Purchase,Skincare,480858
831332,577304,15-01-2025,SESS902305,Instagram,Desktop,Website Visit,Skincare,425487
831334,577304,15-01-2025,SESS902305,Instagram,Desktop,Product View,Skincare,425487
864107,553841,08-02-2024,SESS902306,Marketplace,Desktop,Website Visit,Skincare,
896876,553841,08-02-2024,SESS902306,Marketplace,Desktop,Product View,Skincare,
831341,553841,08-02-2024,SESS902306,Marketplace,Desktop,Add to Cart,Colour Cosmetics,
831343,539507,22-02-2024,SESS902307,Instagram,Desktop,Website Visit,Colour Cosmetics,427621
831346,539507,22-02-2024,SESS902307,Instagram,Desktop,Product View,Colour Cosmetics,427621
831347,539507,22-02-2024,SESS902307,Instagram,Desktop,Add to Cart,Colour Cosmetics,427621
864119,511104,28-08-2024,SESS902308,Google,Mobile,Website Visit,Colour Cosmetics,
896887,587878,17-01-2025,SESS902309,Marketplace,Mobile,Website Visit,Colour Cosmetics,
864125,587878,17-01-2025,SESS902309,Marketplace,Mobile,Product View,Colour Cosmetics,
831358,517146,08-04-2025,SESS902310,Instagram,Mobile,Website Visit,Skincare,480372
831364,517146,08-04-2025,SESS902310,Instagram,Mobile,Product View,Skincare,480372
896905,517146,08-04-2025,SESS902310,Instagram,Mobile,Add to Cart,Skincare,480372
864137,517146,08-04-2025,SESS902310,Instagram,Mobile,Checkout Started,Skincare,480372
864141,517146,08-04-2025,SESS902310,Instagram,Mobile,Purchase,Skincare,480372
864143,532411,27-12-2025,SESS902311,Marketplace,Desktop,Website Visit,Skincare,438612
896920,532411,27-12-2025,SESS902311,Marketplace,Desktop,Product View,Skincare,438612
864154,590266,11-08-2025,SESS902312,Google,Mobile,Website Visit,Skincare,
896925,590266,11-08-2025,SESS902312,Google,Mobile,Product View,Skincare,
864159,511359,31-10-2025,SESS902313,Google,Mobile,Website Visit,Skincare,
831397,511359,31-10-2025,SESS902313,Google,Mobile,Product View,Skincare,
896936,556531,04-10-2024,SESS902314,Google,Mobile,Website Visit,Colour Cosmetics,
864172,587404,27-05-2024,SESS902315,Google,Mobile,Website Visit,Colour Cosmetics,491749
864173,587404,27-05-2024,SESS902315,Google,Mobile,Product View,Colour Cosmetics,491749
831405,532853,03-08-2024,SESS902316,Marketplace,Desktop,Website Visit,Colour Cosmetics,
896942,532853,03-08-2024,SESS902316,Marketplace,Desktop,Product View,Colour Cosmetics,
896946,556881,22-03-2024,SESS902317,Instagram,Desktop,Website Visit,Skincare,408197
831415,556881,22-03-2024,SESS902317,Instagram,Desktop,Product View,Skincare,408197
896954,509171,29-09-2025,SESS902318,Offline Store,Desktop,Website Visit,Haircare,476385
831421,509171,29-09-2025,SESS902318,Offline Store,Desktop,Product View,Haircare,476385
864191,509171,29-09-2025,SESS902318,Offline Store,Desktop,Add to Cart,Haircare,476385
896960,509171,29-09-2025,SESS902318,Offline Store,Desktop,Checkout Started,Skincare,476385
896963,573620,23-03-2025,SESS902319,Instagram,Mobile,Website Visit,Colour Cosmetics,
896965,587404,01-10-2024,SESS902320,Google,Mobile,Website Visit,Colour Cosmetics,411691
896967,587404,01-10-2024,SESS902320,Google,Mobile,Product View,Colour Cosmetics,411691
831435,573608,02-04-2025,SESS902321,Influencer,Desktop,Website Visit,Colour Cosmetics,
896971,505020,17-01-2025,SESS902322,Referral,Mobile,Website Visit,Skincare,
896974,505020,17-01-2025,SESS902322,Referral,Mobile,Product View,Colour Cosmetics,
831442,572512,22-05-2024,SESS902323,Google,Mobile,Website Visit,Colour Cosmetics,457829
864211,572512,22-05-2024,SESS902323,Google,Mobile,Product View,Colour Cosmetics,457829
831444,514534,08-09-2024,SESS902324,Google,Mobile,Website Visit,Skincare,405376
864215,511104,28-01-2024,SESS902325,Google,Mobile,Website Visit,Colour Cosmetics,433648
864219,511104,28-01-2024,SESS902325,Google,Mobile,Product View,Colour Cosmetics,433648
864223,547739,18-07-2024,SESS902326,Instagram,Mobile,Website Visit,Colour Cosmetics,454313
831456,547739,18-07-2024,SESS902326,Instagram,Mobile,Product View,Colour Cosmetics,454313
864227,555435,04-01-2025,SESS902327,Influencer,Mobile,Website Visit,Colour Cosmetics,442004
864228,555435,04-01-2025,SESS902327,Influencer,Mobile,Product View,Haircare,442004
896996,594339,28-11-2024,SESS902328,Organic Search,Mobile,Website Visit,Skincare,
831460,590476,26-12-2025,SESS902329,Offline Store,Mobile,Website Visit,Skincare,
831469,590476,26-12-2025,SESS902329,Offline Store,Mobile,Product View,Skincare,
864240,521747,06-01-2025,SESS902330,Marketplace,Desktop,Website Visit,Haircare,
831473,545870,19-04-2025,SESS902331,Organic Search,Mobile,Website Visit,Haircare,
897009,524957,29-03-2024,SESS902332,Instagram,Mobile,Website Visit,Colour Cosmetics,438136
897013,524957,29-03-2024,SESS902332,Instagram,Mobile,Product View,Colour Cosmetics,438136
864249,510993,21-12-2025,SESS902333,Influencer,Mobile,Website Visit,Skincare,497049
864250,510993,21-12-2025,SESS902333,Influencer,Mobile,Product View,Skincare,497049
831484,594861,12-09-2024,SESS902334,Google,Desktop,Website Visit,Haircare,480372
864256,594861,12-09-2024,SESS902334,Google,Desktop,Product View,Haircare,480372
831490,525144,22-11-2024,SESS902335,Google,Mobile,Website Visit,Skincare,464028
831499,590461,12-02-2025,SESS902336,Referral,Mobile,Website Visit,Haircare,405867
864268,590461,12-02-2025,SESS902336,Referral,Mobile,Product View,Haircare,405867
864269,590461,12-02-2025,SESS902336,Referral,Mobile,Add to Cart,Haircare,405867
831501,516551,13-08-2024,SESS902337,Influencer,Mobile,Website Visit,Skincare,
897041,516551,13-08-2024,SESS902337,Influencer,Mobile,Product View,Skincare,
864274,516551,13-08-2024,SESS902337,Influencer,Mobile,Add to Cart,Haircare,
897043,590480,26-05-2024,SESS902338,Google,Mobile,Website Visit,Colour Cosmetics,432195
864276,590480,26-05-2024,SESS902338,Google,Mobile,Product View,Skincare,432195
897049,561069,20-02-2024,SESS902339,Google,Mobile,Website Visit,Skincare,
864281,586400,14-04-2025,SESS902340,Marketplace,Mobile,Website Visit,Colour Cosmetics,
831515,586400,14-04-2025,SESS902340,Marketplace,Mobile,Product View,Colour Cosmetics,
831516,586400,14-04-2025,SESS902340,Marketplace,Mobile,Add to Cart,Colour Cosmetics,
864284,547749,12-03-2024,SESS902341,Offline Store,Mobile,Website Visit,Colour Cosmetics,
897054,591905,20-03-2024,SESS902342,Referral,Desktop,Website Visit,Colour Cosmetics,490993
864283,591905,20-03-2024,SESS902342,Referral,Desktop,Product View,Haircare,490993
864289,598994,29-06-2025,SESS902343,Marketplace,Mobile,Website Visit,Skincare,419863
864290,538770,20-10-2025,SESS902344,Google,Mobile,Website Visit,Skincare,
831526,538770,20-10-2025,SESS902344,Google,Mobile,Product View,Skincare,
864295,538770,20-10-2025,SESS902344,Google,Mobile,Add to Cart,Skincare,
864294,538770,20-10-2025,SESS902344,Google,Mobile,Checkout Started,Skincare,
864297,538770,20-10-2025,SESS902344,Google,Mobile,Purchase,Skincare,
897064,588259,05-12-2024,SESS902345,Organic Search,Mobile,Website Visit,Skincare,427155
864301,532018,23-06-2024,SESS902346,Instagram,Desktop,Website Visit,Haircare,
831536,515860,24-02-2024,SESS902347,Organic Search,Mobile,Website Visit,Skincare,
897073,580931,22-02-2025,SESS902348,Google,Mobile,Website Visit,Skincare,418071
831537,580931,22-02-2025,SESS902348,Google,Mobile,Product View,Skincare,418071
864309,557091,04-08-2024,SESS902349,Google,Mobile,Website Visit,Colour Cosmetics,
864315,557091,04-08-2024,SESS902349,Google,Mobile,Product View,Colour Cosmetics,
864319,560513,05-12-2025,SESS902350,Google,Mobile,Website Visit,Haircare,405392
831556,507716,19-03-2025,SESS902351,Marketplace,Mobile,Website Visit,Colour Cosmetics,437119
864326,545242,14-08-2025,SESS902352,Marketplace,Tablet,Website Visit,Colour Cosmetics,410081
897094,545242,14-08-2025,SESS902352,Marketplace,Tablet,Product View,Colour Cosmetics,410081
897098,576569,19-09-2025,SESS902353,Instagram,Mobile,Website Visit,Colour Cosmetics,415402
897099,576569,19-09-2025,SESS902353,Instagram,Mobile,Product View,Colour Cosmetics,415402
831566,576569,19-09-2025,SESS902353,Instagram,Mobile,Add to Cart,Skincare,415402
864340,519773,24-09-2025,SESS902354,Referral,Desktop,Website Visit,Skincare,466062
897109,519773,24-09-2025,SESS902354,Referral,Desktop,Product View,Skincare,466062
864345,574847,15-07-2024,SESS902355,Referral,Mobile,Website Visit,Skincare,492837
864346,573233,19-01-2025,SESS902356,Google,Mobile,Website Visit,Haircare,454313
897117,573233,19-01-2025,SESS902356,Google,Mobile,Product View,Skincare,454313
864350,573233,19-01-2025,SESS902356,Google,Mobile,Add to Cart,Skincare,454313
831583,514201,08-07-2024,SESS902357,Influencer,Desktop,Website Visit,Skincare,403658
897121,578504,24-07-2025,SESS902358,Google,Mobile,Website Visit,Skincare,411539
897124,509447,23-08-2025,SESS902359,Organic Search,Mobile,Website Visit,Colour Cosmetics,403029
864359,509447,23-08-2025,SESS902359,Organic Search,Mobile,Product View,Colour Cosmetics,403029
897129,550205,08-10-2024,SESS902360,Google,Desktop,Website Visit,Skincare,
831594,560910,25-11-2025,SESS902361,Instagram,Mobile,Website Visit,Skincare,492273
864362,570807,03-03-2025,SESS902362,Instagram,Mobile,Website Visit,Skincare,410081
831596,570807,03-03-2025,SESS902362,Instagram,Mobile,Product View,Skincare,410081
864365,577992,06-05-2025,SESS902363,Marketplace,Mobile,Website Visit,Colour Cosmetics,
864366,577992,06-05-2025,SESS902363,Marketplace,Mobile,Product View,Colour Cosmetics,
831600,529571,01-02-2024,SESS902364,Influencer,Desktop,Website Visit,Skincare,444911
897138,590422,09-03-2025,SESS902365,Influencer,Mobile,Website Visit,Skincare,
864371,590422,09-03-2025,SESS902365,Influencer,Mobile,Product View,Skincare,
864376,590422,09-03-2025,SESS902365,Influencer,Mobile,Add to Cart,Skincare,
897145,588555,12-09-2024,SESS902366,Instagram,Mobile,Website Visit,Skincare,407184
831614,598032,12-05-2024,SESS902367,Instagram,Mobile,Website Visit,Colour Cosmetics,464819
864383,598032,12-05-2024,SESS902367,Instagram,Mobile,Product View,Colour Cosmetics,464819
831619,598032,12-05-2024,SESS902367,Instagram,Mobile,Add to Cart,Colour Cosmetics,464819
831620,598032,12-05-2024,SESS902367,Instagram,Mobile,Checkout Started,Skincare,464819
864397,598032,12-05-2024,SESS902367,Instagram,Mobile,Purchase,Colour Cosmetics,464819
897167,561524,11-02-2024,SESS902368,Referral,Tablet,Website Visit,Skincare,
831638,561524,11-02-2024,SESS902368,Referral,Tablet,Product View,Skincare,
864408,561524,11-02-2024,SESS902368,Referral,Tablet,Add to Cart,Skincare,
897176,537125,15-08-2024,SESS902369,Google,Mobile,Website Visit,Colour Cosmetics,439826
831642,537125,15-08-2024,SESS902369,Google,Mobile,Product View,Colour Cosmetics,439826
864413,585097,17-06-2025,SESS902370,Offline Store,Mobile,Website Visit,Colour Cosmetics,
831645,585097,17-06-2025,SESS902370,Offline Store,Mobile,Product View,Colour Cosmetics,
864415,585097,17-06-2025,SESS902370,Offline Store,Mobile,Add to Cart,Colour Cosmetics,
897186,585097,17-06-2025,SESS902370,Offline Store,Mobile,Checkout Started,Colour Cosmetics,
897193,585097,17-06-2025,SESS902370,Offline Store,Mobile,Purchase,Colour Cosmetics,
864426,583819,29-05-2024,SESS902371,Organic Search,Mobile,Website Visit,Skincare,433089
864431,583819,29-05-2024,SESS902371,Organic Search,Mobile,Product View,Skincare,433089
831666,596434,27-01-2024,SESS902372,Influencer,Mobile,Website Visit,Colour Cosmetics,463919
864435,596434,27-01-2024,SESS902372,Influencer,Mobile,Product View,Colour Cosmetics,463919
831668,536666,21-01-2024,SESS902373,Instagram,Mobile,Website Visit,Skincare,
864437,536666,21-01-2024,SESS902373,Instagram,Mobile,Product View,Skincare,
897207,536666,21-01-2024,SESS902373,Instagram,Mobile,Add to Cart,Colour Cosmetics,
897209,586900,27-05-2025,SESS902374,Organic Search,Mobile,Website Visit,Haircare,
864443,585316,02-10-2025,SESS902375,Google,Mobile,Website Visit,Skincare,494148
897217,536208,22-05-2024,SESS902376,Marketplace,Mobile,Website Visit,Skincare,
864450,536208,22-05-2024,SESS902376,Marketplace,Mobile,Product View,Skincare,
897227,536208,22-05-2024,SESS902376,Marketplace,Mobile,Add to Cart,Skincare,
897229,536208,22-05-2024,SESS902376,Marketplace,Mobile,Checkout Started,Skincare,
831694,536208,22-05-2024,SESS902376,Marketplace,Mobile,Purchase,Skincare,
897233,517781,30-01-2024,SESS902377,Google,Mobile,Website Visit,Colour Cosmetics,
864468,517781,30-01-2024,SESS902377,Google,Mobile,Product View,Skincare,
897238,527152,26-08-2024,SESS902378,Influencer,Mobile,Website Visit,Skincare,
831706,578047,11-12-2024,SESS902379,Instagram,Mobile,Website Visit,Colour Cosmetics,
831708,578047,11-12-2024,SESS902379,Instagram,Mobile,Product View,Colour Cosmetics,
864481,578047,11-12-2024,SESS902379,Instagram,Mobile,Add to Cart,Colour Cosmetics,
831714,563956,14-10-2025,SESS902380,Instagram,Desktop,Website Visit,Colour Cosmetics,496480
897254,534782,01-11-2025,SESS902381,Influencer,Mobile,Website Visit,Skincare,
831720,520730,16-07-2024,SESS902382,Influencer,Mobile,Website Visit,Skincare,
864490,598536,10-09-2024,SESS902383,Instagram,Tablet,Website Visit,Colour Cosmetics,
897260,512987,20-01-2024,SESS902384,Instagram,Mobile,Website Visit,Haircare,400060
864495,560889,07-11-2024,SESS902385,Organic Search,Mobile,Website Visit,Skincare,491749
831729,560889,07-11-2024,SESS902385,Organic Search,Mobile,Product View,Skincare,491749
864498,562781,25-05-2025,SESS902386,Instagram,Mobile,Website Visit,Skincare,
897272,562781,25-05-2025,SESS902386,Instagram,Mobile,Product View,Skincare,
831737,517786,07-02-2025,SESS902387,Instagram,Mobile,Website Visit,Haircare,492837
897275,517786,07-02-2025,SESS902387,Instagram,Mobile,Product View,Colour Cosmetics,492837
864507,570798,14-07-2025,SESS902388,Organic Search,Mobile,Website Visit,Haircare,
831748,570798,14-07-2025,SESS902388,Organic Search,Mobile,Product View,Haircare,
864520,567839,31-12-2024,SESS902389,Google,Mobile,Website Visit,Skincare,
831757,567839,31-12-2024,SESS902389,Google,Mobile,Product View,Haircare,
831762,567839,31-12-2024,SESS902389,Google,Mobile,Add to Cart,Skincare,
864532,567839,31-12-2024,SESS902389,Google,Mobile,Checkout Started,Skincare,
897302,526896,19-08-2024,SESS902390,Influencer,Mobile,Website Visit,Haircare,
831766,526896,19-08-2024,SESS902390,Influencer,Mobile,Product View,Haircare,
864541,578215,24-11-2024,SESS902391,Influencer,Tablet,Website Visit,Colour Cosmetics,405376
864542,594163,16-04-2024,SESS902392,Instagram,Mobile,Website Visit,Colour Cosmetics,467288
864549,529389,29-06-2024,SESS902393,Influencer,Mobile,Website Visit,Colour Cosmetics,
864550,529389,29-06-2024,SESS902393,Influencer,Mobile,Product View,Colour Cosmetics,
897317,529389,29-06-2024,SESS902393,Influencer,Mobile,Add to Cart,Colour Cosmetics,
831787,529389,29-06-2024,SESS902393,Influencer,Mobile,Checkout Started,Colour Cosmetics,
897329,529389,29-06-2024,SESS902393,Influencer,Mobile,Purchase,Colour Cosmetics,
864573,575454,29-12-2024,SESS902394,Instagram,Mobile,Website Visit,Skincare,
831805,594646,27-03-2024,SESS902395,Instagram,Mobile,Website Visit,Haircare,
831811,594646,27-03-2024,SESS902395,Instagram,Mobile,Product View,Skincare,
864586,594646,27-03-2024,SESS902395,Instagram,Mobile,Add to Cart,Skincare,
897357,594646,27-03-2024,SESS902395,Instagram,Mobile,Checkout Started,Skincare,
831822,594646,27-03-2024,SESS902395,Instagram,Mobile,Purchase,Skincare,
897360,581885,20-11-2024,SESS902396,Influencer,Mobile,Website Visit,Colour Cosmetics,445210
897370,581885,20-11-2024,SESS902396,Influencer,Mobile,Product View,Colour Cosmetics,445210
864603,581885,20-11-2024,SESS902396,Influencer,Mobile,Add to Cart,Colour Cosmetics,445210
831837,581885,20-11-2024,SESS902396,Influencer,Mobile,Checkout Started,Colour Cosmetics,445210
831839,581885,20-11-2024,SESS902396,Influencer,Mobile,Purchase,Colour Cosmetics,445210
897378,519597,17-05-2025,SESS902397,Instagram,Mobile,Website Visit,Skincare,
864615,519597,17-05-2025,SESS902397,Instagram,Mobile,Product View,Skincare,
864619,519597,17-05-2025,SESS902397,Instagram,Mobile,Add to Cart,Skincare,
864620,543687,24-10-2024,SESS902398,Referral,Mobile,Website Visit,Skincare,494148
897390,598032,19-11-2024,SESS902399,Instagram,Mobile,Website Visit,Colour Cosmetics,
897391,598032,19-11-2024,SESS902399,Instagram,Mobile,Product View,Colour Cosmetics,
864624,598032,19-11-2024,SESS902399,Instagram,Mobile,Add to Cart,Colour Cosmetics,
864627,549060,27-01-2025,SESS902400,Organic Search,Mobile,Website Visit,Colour Cosmetics,425487
897395,549060,27-01-2025,SESS902400,Organic Search,Mobile,Product View,Colour Cosmetics,425487
897399,576720,14-04-2025,SESS902401,Instagram,Mobile,Website Visit,Haircare,
897404,576720,14-04-2025,SESS902401,Instagram,Mobile,Product View,Haircare,
831872,576720,14-04-2025,SESS902401,Instagram,Mobile,Add to Cart,Colour Cosmetics,
864641,576720,14-04-2025,SESS902401,Instagram,Mobile,Checkout Started,Haircare,
897409,576720,14-04-2025,SESS902401,Instagram,Mobile,Purchase,Haircare,
831881,520866,29-03-2025,SESS902402,Referral,Mobile,Website Visit,Haircare,
897420,520866,29-03-2025,SESS902402,Referral,Mobile,Product View,Haircare,
897421,579299,27-01-2025,SESS902403,Instagram,Desktop,Website Visit,Colour Cosmetics,
897424,579299,27-01-2025,SESS902403,Instagram,Desktop,Product View,Colour Cosmetics,
831896,560648,26-07-2024,SESS902404,Google,Mobile,Website Visit,Colour Cosmetics,426390
831898,560648,26-07-2024,SESS902404,Google,Mobile,Product View,Colour Cosmetics,426390
897434,588916,11-02-2025,SESS902405,Offline Store,Mobile,Website Visit,Haircare,490993
897442,588916,11-02-2025,SESS902405,Offline Store,Mobile,Product View,Colour Cosmetics,490993
897457,505209,05-11-2025,SESS902406,Google,Mobile,Website Visit,Skincare,
864691,505209,05-11-2025,SESS902406,Google,Mobile,Product View,Skincare,
864699,505209,05-11-2025,SESS902406,Google,Mobile,Add to Cart,Skincare,
897469,525415,04-05-2025,SESS902407,Influencer,Mobile,Website Visit,Colour Cosmetics,403029
864701,525415,04-05-2025,SESS902407,Influencer,Mobile,Product View,Colour Cosmetics,403029
831935,539132,23-01-2025,SESS902408,Instagram,Mobile,Website Visit,Haircare,419863
897474,539132,23-01-2025,SESS902408,Instagram,Mobile,Product View,Haircare,419863
831938,519769,14-09-2024,SESS902409,Influencer,Desktop,Website Visit,Colour Cosmetics,480858
897476,535976,10-12-2024,SESS902410,Influencer,Mobile,Website Visit,Skincare,471307
864709,535976,10-12-2024,SESS902410,Influencer,Mobile,Product View,Skincare,471307
897478,535976,10-12-2024,SESS902410,Influencer,Mobile,Add to Cart,Skincare,471307
864714,535976,10-12-2024,SESS902410,Influencer,Mobile,Checkout Started,Skincare,471307
864715,559460,21-02-2025,SESS902411,Instagram,Mobile,Website Visit,Skincare,418813
864716,559460,21-02-2025,SESS902411,Instagram,Mobile,Product View,Colour Cosmetics,418813
897483,559460,21-02-2025,SESS902411,Instagram,Mobile,Add to Cart,Skincare,418813
864721,559460,21-02-2025,SESS902411,Instagram,Mobile,Checkout Started,Skincare,418813
864724,577304,10-02-2025,SESS902412,Instagram,Mobile,Website Visit,Colour Cosmetics,
897494,577304,10-02-2025,SESS902412,Instagram,Mobile,Product View,Skincare,
897495,577304,10-02-2025,SESS902412,Instagram,Mobile,Add to Cart,Skincare,
864727,577304,10-02-2025,SESS902412,Instagram,Mobile,Checkout Started,Skincare,
831963,540768,23-02-2025,SESS902413,Instagram,Tablet,Website Visit,Skincare,448515
864732,579730,11-10-2024,SESS902414,Instagram,Mobile,Website Visit,Skincare,
897501,579730,11-10-2024,SESS902414,Instagram,Mobile,Product View,Skincare,
831965,520969,25-08-2024,SESS902415,Instagram,Mobile,Website Visit,Skincare,434464
897503,520969,25-08-2024,SESS902415,Instagram,Mobile,Product View,Skincare,434464
864739,520969,25-08-2024,SESS902415,Instagram,Mobile,Add to Cart,Skincare,434464
897509,583579,01-01-2025,SESS902416,Instagram,Mobile,Website Visit,Skincare,489502
897510,583579,01-01-2025,SESS902416,Instagram,Mobile,Product View,Skincare,489502
831977,573385,16-08-2025,SESS902417,Instagram,Mobile,Website Visit,Skincare,
897515,573385,16-08-2025,SESS902417,Instagram,Mobile,Product View,Skincare,
864751,580031,25-03-2025,SESS902418,Google,Mobile,Website Visit,Skincare,
897523,580031,25-03-2025,SESS902418,Google,Mobile,Product View,Skincare,
864755,580031,25-03-2025,SESS902418,Google,Mobile,Add to Cart,Skincare,
897526,597794,07-02-2025,SESS902419,Instagram,Mobile,Website Visit,Colour Cosmetics,437086
864762,505273,04-11-2025,SESS902420,Influencer,Mobile,Website Visit,Colour Cosmetics,
864763,505273,04-11-2025,SESS902420,Influencer,Mobile,Product View,Colour Cosmetics,
831996,572350,07-01-2025,SESS902421,Marketplace,Mobile,Website Visit,Haircare,
864768,572350,07-01-2025,SESS902421,Marketplace,Mobile,Product View,Skincare,
864769,572350,07-01-2025,SESS902421,Marketplace,Mobile,Add to Cart,Haircare,
864773,555444,04-02-2024,SESS902422,Influencer,Mobile,Website Visit,Colour Cosmetics,
897542,512999,26-01-2024,SESS902423,Organic Search,Desktop,Website Visit,Colour Cosmetics,425635
864777,512999,26-01-2024,SESS902423,Organic Search,Desktop,Product View,Skincare,425635
864783,512999,26-01-2024,SESS902423,Organic Search,Desktop,Add to Cart,Colour Cosmetics,425635
897552,574691,13-10-2025,SESS902424,Instagram,Mobile,Website Visit,Haircare,463612
897554,574691,13-10-2025,SESS902424,Instagram,Mobile,Product View,Haircare,463612
864787,590794,28-03-2024,SESS902425,Organic Search,Mobile,Website Visit,Colour Cosmetics,
897556,590794,28-03-2024,SESS902425,Organic Search,Mobile,Product View,Haircare,
864790,557905,03-09-2024,SESS902426,Marketplace,Desktop,Website Visit,Skincare,
864791,557905,03-09-2024,SESS902426,Marketplace,Desktop,Product View,Skincare,
864792,557905,03-09-2024,SESS902426,Marketplace,Desktop,Add to Cart,Haircare,
897563,557905,03-09-2024,SESS902426,Marketplace,Desktop,Checkout Started,Skincare,
864807,523600,19-04-2024,SESS902427,Google,Tablet,Website Visit,Colour Cosmetics,
897578,523600,19-04-2024,SESS902427,Google,Tablet,Product View,Colour Cosmetics,
897579,523600,19-04-2024,SESS902427,Google,Tablet,Add to Cart,Haircare,
897580,577139,25-03-2025,SESS902428,Referral,Mobile,Website Visit,Haircare,418813
832045,577139,25-03-2025,SESS902428,Referral,Mobile,Product View,Haircare,418813
897581,582242,12-10-2025,SESS902429,Instagram,Mobile,Website Visit,Skincare,
832054,501007,27-01-2025,SESS902430,Instagram,Mobile,Website Visit,Haircare,471327
897592,501007,27-01-2025,SESS902430,Instagram,Mobile,Product View,Skincare,471327
832061,563653,01-02-2024,SESS902431,Referral,Desktop,Website Visit,Colour Cosmetics,
864836,563653,01-02-2024,SESS902431,Referral,Desktop,Product View,Colour Cosmetics,
832071,563653,01-02-2024,SESS902431,Referral,Desktop,Add to Cart,Colour Cosmetics,
832072,563653,01-02-2024,SESS902431,Referral,Desktop,Checkout Started,Colour Cosmetics,
897608,544092,20-10-2024,SESS902432,Offline Store,Mobile,Website Visit,Colour Cosmetics,
864847,544092,20-10-2024,SESS902432,Offline Store,Mobile,Product View,Skincare,
832087,544092,20-10-2024,SESS902432,Offline Store,Mobile,Add to Cart,Colour Cosmetics,
832092,544092,20-10-2024,SESS902432,Offline Store,Mobile,Checkout Started,Skincare,
864865,544092,20-10-2024,SESS902432,Offline Store,Mobile,Purchase,Colour Cosmetics,
897635,555933,23-02-2025,SESS902433,Instagram,Mobile,Website Visit,Colour Cosmetics,499229
864872,555933,23-02-2025,SESS902433,Instagram,Mobile,Product View,Colour Cosmetics,499229
864873,555933,23-02-2025,SESS902433,Instagram,Mobile,Add to Cart,Colour Cosmetics,499229
864879,555933,23-02-2025,SESS902433,Instagram,Mobile,Checkout Started,Colour Cosmetics,499229
864882,555933,23-02-2025,SESS902433,Instagram,Mobile,Purchase,Skincare,499229
832115,568937,31-07-2024,SESS902434,Marketplace,Desktop,Website Visit,Colour Cosmetics,465408
832118,584343,19-12-2024,SESS902435,Referral,Mobile,Website Visit,Colour Cosmetics,425487
897660,584343,19-12-2024,SESS902435,Referral,Mobile,Product View,Colour Cosmetics,425487
832126,584343,19-12-2024,SESS902435,Referral,Mobile,Add to Cart,Colour Cosmetics,425487
897662,500942,21-07-2025,SESS902436,Google,Desktop,Website Visit,Skincare,
832128,500942,21-07-2025,SESS902436,Google,Desktop,Product View,Skincare,
897664,545015,01-07-2024,SESS902437,Instagram,Mobile,Website Visit,Skincare,453495
897668,531348,17-10-2024,SESS902438,Google,Desktop,Website Visit,Colour Cosmetics,
864904,531348,17-10-2024,SESS902438,Google,Desktop,Product View,Colour Cosmetics,
897674,557963,21-04-2024,SESS902439,Google,Mobile,Website Visit,Skincare,
897675,534335,04-05-2025,SESS902440,Instagram,Mobile,Website Visit,Colour Cosmetics,
864916,594493,06-11-2024,SESS902441,Influencer,Mobile,Website Visit,Colour Cosmetics,
897689,594493,06-11-2024,SESS902441,Influencer,Mobile,Product View,Colour Cosmetics,
897693,594493,06-11-2024,SESS902441,Influencer,Mobile,Add to Cart,Colour Cosmetics,
897695,594493,06-11-2024,SESS902441,Influencer,Mobile,Checkout Started,Haircare,
832162,594493,06-11-2024,SESS902441,Influencer,Mobile,Purchase,Colour Cosmetics,
832163,598771,04-07-2024,SESS902442,Referral,Tablet,Website Visit,Skincare,
864938,598771,04-07-2024,SESS902442,Referral,Tablet,Product View,Skincare,
832171,581399,27-02-2024,SESS902443,Organic Search,Desktop,Website Visit,Skincare,492273
864940,583904,27-11-2025,SESS902444,Influencer,Desktop,Website Visit,Skincare,499229
864942,585717,08-09-2025,SESS902445,Organic Search,Mobile,Website Visit,Haircare,
832179,585717,08-09-2025,SESS902445,Organic Search,Mobile,Product View,Haircare,
832181,515906,10-09-2024,SESS902446,Influencer,Mobile,Website Visit,Haircare,415511
897719,515906,10-09-2024,SESS902446,Influencer,Mobile,Product View,Haircare,415511
897722,513833,01-05-2025,SESS902447,Marketplace,Mobile,Website Visit,Haircare,
832187,567271,17-04-2025,SESS902448,Organic Search,Mobile,Website Visit,Colour Cosmetics,450092
864956,567271,17-04-2025,SESS902448,Organic Search,Mobile,Product View,Haircare,450092
832189,567271,17-04-2025,SESS902448,Organic Search,Mobile,Add to Cart,Haircare,450092
832192,587833,06-10-2025,SESS902449,Instagram,Mobile,Website Visit,Haircare,411691
897728,587833,06-10-2025,SESS902449,Instagram,Mobile,Product View,Haircare,411691
832200,557939,17-11-2025,SESS902450,Referral,Desktop,Website Visit,Skincare,
832202,503552,31-07-2024,SESS902451,Marketplace,Mobile,Website Visit,Skincare,
897739,534664,24-10-2024,SESS902452,Marketplace,Mobile,Website Visit,Colour Cosmetics,433381
897743,534664,24-10-2024,SESS902452,Marketplace,Unknown,Product View,Haircare,433381
864976,534664,24-10-2024,SESS902452,Marketplace,Mobile,Add to Cart,Colour Cosmetics,433381
897745,512739,16-04-2024,SESS902453,Instagram,Desktop,Website Visit,Skincare,427621
897744,512739,16-04-2024,SESS902453,Instagram,Desktop,Product View,Skincare,427621
864980,512739,16-04-2024,SESS902453,Instagram,Desktop,Add to Cart,Skincare,427621
832213,536342,11-03-2024,SESS902454,Marketplace,Mobile,Website Visit,Skincare,
832212,539824,13-10-2025,SESS902455,Organic Search,Mobile,Website Visit,Haircare,418071
832215,539824,13-10-2025,SESS902455,Organic Search,Mobile,Product View,Skincare,418071
897760,539824,13-10-2025,SESS902455,Organic Search,Mobile,Add to Cart,Haircare,418071
832225,512196,21-10-2024,SESS902456,Instagram,Mobile,Website Visit,Haircare,463612
897762,512196,21-10-2024,SESS902456,Instagram,Mobile,Product View,Haircare,463612
897763,512196,21-10-2024,SESS902456,Instagram,Mobile,Add to Cart,Haircare,463612
832228,512196,21-10-2024,SESS902456,Instagram,Mobile,Checkout Started,Haircare,463612
897766,512196,21-10-2024,SESS902456,Instagram,Mobile,Purchase,Skincare,463612
865002,529444,28-06-2025,SESS902457,Google,Mobile,Website Visit,Colour Cosmetics,
832240,530539,26-10-2024,SESS902458,Marketplace,Mobile,Website Visit,Colour Cosmetics,
897777,530539,26-10-2024,SESS902458,Marketplace,Mobile,Product View,Colour Cosmetics,
865009,599536,24-07-2024,SESS902459,Google,Mobile,Website Visit,Skincare,415511
897779,599536,24-07-2024,SESS902459,Google,Mobile,Product View,Skincare,415511
897787,504373,20-07-2025,SESS902460,Referral,Mobile,Website Visit,Colour Cosmetics,
897788,569547,28-04-2025,SESS902461,Marketplace,Desktop,Website Visit,Colour Cosmetics,446351
897795,569547,28-04-2025,SESS902461,Marketplace,Desktop,Product View,Colour Cosmetics,446351
832260,585215,10-01-2025,SESS902462,Influencer,Mobile,Website Visit,Colour Cosmetics,463919
865029,547049,22-02-2024,SESS902463,Influencer,Mobile,Website Visit,Skincare,476385
832265,584518,26-03-2024,SESS902464,Marketplace,Mobile,Website Visit,Skincare,408391
865037,584518,26-03-2024,SESS902464,Marketplace,Mobile,Product View,Skincare,408391
865042,584518,26-03-2024,SESS902464,Marketplace,Mobile,Add to Cart,Colour Cosmetics,408391
865043,584518,26-03-2024,SESS902464,Marketplace,Mobile,Checkout Started,Skincare,408391
865048,532742,28-03-2024,SESS902465,Offline Store,Desktop,Website Visit,Skincare,436764
897816,532742,28-03-2024,SESS902465,Offline Store,Desktop,Product View,Skincare,436764
897823,501220,28-08-2025,SESS902466,Referral,Mobile,Website Visit,Skincare,
897824,501220,28-08-2025,SESS902466,Referral,Mobile,Product View,Skincare,
897827,576225,01-03-2024,SESS902467,Offline Store,Mobile,Website Visit,Skincare,
897829,576225,01-03-2024,SESS902467,Offline Store,Mobile,Product View,Skincare,
832298,586662,18-11-2025,SESS902468,Instagram,Mobile,Website Visit,Colour Cosmetics,436764
865067,586662,18-11-2025,SESS902468,Instagram,Mobile,Product View,Haircare,436764
865071,520374,25-11-2025,SESS902469,Organic Search,Mobile,Website Visit,Colour Cosmetics,
832307,556626,01-06-2024,SESS902470,Google,Tablet,Website Visit,Colour Cosmetics,406427
832312,508907,24-08-2025,SESS902471,Organic Search,Mobile,Website Visit,Skincare,
897849,597671,20-08-2024,SESS902472,Instagram,Mobile,Website Visit,Colour Cosmetics,
897850,597671,20-08-2024,SESS902472,Instagram,Mobile,Product View,Colour Cosmetics,
832321,597671,20-08-2024,SESS902472,Instagram,Mobile,Add to Cart,Colour Cosmetics,
897858,528255,09-02-2025,SESS902473,Influencer,Mobile,Website Visit,Skincare,464819
832322,528255,09-02-2025,SESS902473,Influencer,Mobile,Product View,Skincare,464819
865090,528255,09-02-2025,SESS902473,Influencer,Mobile,Add to Cart,Skincare,464819
865089,528255,09-02-2025,SESS902473,Influencer,Mobile,Checkout Started,Skincare,464819
832328,516683,30-09-2025,SESS902474,Organic Search,Mobile,Website Visit,Haircare,481953
897866,516683,30-09-2025,SESS902474,Organic Search,Mobile,Product View,Haircare,481953
865101,548393,08-04-2024,SESS902475,Instagram,Mobile,Website Visit,Skincare,
865103,555576,17-03-2025,SESS902476,Organic Search,Desktop,Website Visit,Colour Cosmetics,438136
897873,564340,20-04-2025,SESS902477,Offline Store,Mobile,Website Visit,Skincare,471327
832338,564340,20-04-2025,SESS902477,Offline Store,Mobile,Product View,Skincare,471327
832341,584278,19-11-2025,SESS902478,Organic Search,Desktop,Website Visit,Skincare,423132
832343,584278,19-11-2025,SESS902478,Organic Search,Desktop,Product View,Skincare,423132
832344,584278,19-11-2025,SESS902478,Organic Search,Desktop,Add to Cart,Skincare,423132
865113,584278,19-11-2025,SESS902478,Organic Search,Desktop,Checkout Started,Skincare,423132
897883,584278,19-11-2025,SESS902478,Organic Search,Desktop,Purchase,Skincare,423132
897885,536666,10-08-2025,SESS902479,Instagram,Desktop,Website Visit,Haircare,
832353,557433,04-12-2025,SESS902480,Marketplace,Desktop,Website Visit,Skincare,484510
865126,557433,04-12-2025,SESS902480,Marketplace,Desktop,Product View,Skincare,484510
897896,557433,04-12-2025,SESS902480,Marketplace,Desktop,Add to Cart,Skincare,484510
832360,557433,04-12-2025,SESS902480,Marketplace,Desktop,Checkout Started,Skincare,484510
865136,557433,04-12-2025,SESS902480,Marketplace,Desktop,Purchase,Skincare,484510
897905,560443,02-05-2024,SESS902481,Influencer,Mobile,Website Visit,Skincare,488400
865139,560443,02-05-2024,SESS902481,Influencer,Mobile,Product View,Skincare,488400
897909,557154,19-10-2024,SESS902482,Offline Store,Mobile,Website Visit,Colour Cosmetics,425635
832379,585814,18-02-2025,SESS902483,Instagram,Mobile,Website Visit,Skincare,422227
865154,571987,18-02-2024,SESS902484,Marketplace,Desktop,Website Visit,Skincare,406955
865159,571987,18-02-2024,SESS902484,Marketplace,Desktop,Product View,Colour Cosmetics,406955
897929,533029,28-11-2025,SESS902485,Instagram,Mobile,Website Visit,Skincare,479647
832395,533029,28-11-2025,SESS902485,Instagram,Mobile,Product View,Skincare,479647
897932,549834,04-11-2025,SESS902486,Instagram,Mobile,Website Visit,Skincare,458427
897933,549834,04-11-2025,SESS902486,Instagram,Mobile,Product View,Skincare,458427
897934,569066,01-11-2024,SESS902487,Google,Desktop,Website Visit,Skincare,
865164,569066,01-11-2024,SESS902487,Google,Desktop,Product View,Skincare,
897937,569066,01-11-2024,SESS902487,Google,Desktop,Add to Cart,Skincare,
865171,569066,01-11-2024,SESS902487,Google,Desktop,Checkout Started,Skincare,
832405,569066,01-11-2024,SESS902487,Google,Desktop,Purchase,Skincare,
897942,547576,05-04-2024,SESS902488,Organic Search,Mobile,Website Visit,Haircare,476385
865175,547576,05-04-2024,SESS902488,Organic Search,Mobile,Product View,Skincare,476385
832407,550779,03-05-2025,SESS902489,Google,Desktop,Website Visit,Colour Cosmetics,
832410,515726,22-07-2024,SESS902490,Offline Store,Desktop,Website Visit,Skincare,497049
832411,551807,18-06-2025,SESS902491,Instagram,Mobile,Website Visit,Colour Cosmetics,
865179,535614,29-03-2025,SESS902492,Instagram,Mobile,Website Visit,Skincare,
865182,535614,29-03-2025,SESS902492,Instagram,Mobile,Product View,Haircare,
832417,514663,16-11-2025,SESS902493,Organic Search,Mobile,Website Visit,Skincare,441642
865185,514663,16-11-2025,SESS902493,Organic Search,Mobile,Product View,Haircare,441642
832419,561953,09-07-2024,SESS902494,Offline Store,Mobile,Website Visit,Haircare,
897957,561953,09-07-2024,SESS902494,Offline Store,Mobile,Product View,Haircare,
865189,567391,21-06-2024,SESS902495,Organic Search,Mobile,Website Visit,Haircare,491749
865201,591905,12-10-2024,SESS902496,Referral,Mobile,Website Visit,Skincare,
897970,524914,12-06-2024,SESS902497,Influencer,Mobile,Website Visit,Haircare,426390
897969,576556,06-07-2024,SESS902498,Instagram,Desktop,Website Visit,Skincare,474998
865207,576556,06-07-2024,SESS902498,Instagram,Desktop,Product View,Skincare,474998
865208,576556,06-07-2024,SESS902498,Instagram,Desktop,Add to Cart,Colour Cosmetics,474998
897977,576556,06-07-2024,SESS902498,Instagram,Desktop,Checkout Started,Skincare,474998
832453,552757,16-10-2024,SESS902499,Instagram,Desktop,Website Visit,Skincare,
865224,552757,16-10-2024,SESS902499,Instagram,Desktop,Product View,Skincare,
832457,510205,31-10-2025,SESS902500,Organic Search,Desktop,Website Visit,Haircare,
897994,510205,31-10-2025,SESS902500,Organic Search,Desktop,Product View,Haircare,
865236,510205,31-10-2025,SESS902500,Organic Search,Desktop,Add to Cart,Haircare,
865239,560521,27-06-2024,SESS902501,Instagram,Mobile,Website Visit,Skincare,485381
832479,599663,18-10-2025,SESS902502,Instagram,Mobile,Website Visit,Skincare,493447
832486,572420,31-01-2024,SESS902503,Organic Search,Mobile,Website Visit,Haircare,
865256,591303,03-09-2025,SESS902504,Influencer,Tablet,Website Visit,Colour Cosmetics,
898025,591303,03-09-2025,SESS902504,Influencer,Tablet,Product View,Colour Cosmetics,
865257,595817,19-02-2025,SESS902505,Google,Mobile,Website Visit,Haircare,
832492,595817,19-02-2025,SESS902505,Google,Mobile,Product View,Haircare,
898031,595817,19-02-2025,SESS902505,Google,Mobile,Add to Cart,Haircare,
865267,595817,19-02-2025,SESS902505,Google,Mobile,Checkout Started,Haircare,
865268,595817,19-02-2025,SESS902505,Google,Mobile,Purchase,Haircare,
865273,559469,17-01-2025,SESS902506,Organic Search,Mobile,Website Visit,Skincare,427604
832508,559469,17-01-2025,SESS902506,Organic Search,Mobile,Product View,Colour Cosmetics,427604
865280,594381,29-08-2025,SESS902507,Google,Mobile,Website Visit,Skincare,400060
865286,560910,07-01-2024,SESS902508,Instagram,Desktop,Website Visit,Skincare,
865287,560910,07-01-2024,SESS902508,Instagram,Desktop,Product View,Skincare,
832519,560910,07-01-2024,SESS902508,Instagram,Desktop,Add to Cart,Skincare,
898061,560910,07-01-2024,SESS902508,Instagram,Desktop,Checkout Started,Skincare,
865294,560910,07-01-2024,SESS902508,Instagram,Desktop,Purchase,Skincare,
865295,549689,09-04-2024,SESS902509,Google,Desktop,Website Visit,Skincare,
898064,521632,09-01-2024,SESS902510,Instagram,Mobile,Website Visit,Colour Cosmetics,471307
832526,521632,09-01-2024,SESS902510,Instagram,Mobile,Product View,Colour Cosmetics,471307
832530,559829,28-06-2024,SESS902511,Organic Search,Mobile,Website Visit,Haircare,
898068,559829,28-06-2024,SESS902511,Organic Search,Mobile,Product View,Haircare,
865302,579254,21-08-2024,SESS902512,Instagram,Desktop,Website Visit,Skincare,
832536,579254,21-08-2024,SESS902512,Instagram,Desktop,Product View,Skincare,
832538,586760,22-04-2025,SESS902513,Organic Search,Tablet,Website Visit,Skincare,449380
898077,586760,22-04-2025,SESS902513,Organic Search,Tablet,Product View,Colour Cosmetics,449380
865310,520392,07-02-2024,SESS902514,Instagram,Mobile,Website Visit,Skincare,412905
832541,520392,07-02-2024,SESS902514,Instagram,Mobile,Product View,Skincare,412905
898087,520392,07-02-2024,SESS902514,Instagram,Mobile,Add to Cart,Skincare,412905
898090,520392,07-02-2024,SESS902514,Instagram,Mobile,Checkout Started,Skincare,412905
865323,520392,07-02-2024,SESS902514,Instagram,Mobile,Purchase,Skincare,412905
865324,556148,01-08-2024,SESS902515,Marketplace,Mobile,Website Visit,Haircare,
832561,547749,17-04-2024,SESS902516,Offline Store,Mobile,Website Visit,Colour Cosmetics,481455
898099,547749,17-04-2024,SESS902516,Offline Store,Mobile,Product View,Colour Cosmetics,481455
865334,547749,17-04-2024,SESS902516,Offline Store,Mobile,Add to Cart,Colour Cosmetics,481455
832570,547749,17-04-2024,SESS902516,Offline Store,Mobile,Checkout Started,Colour Cosmetics,481455
898109,547749,17-04-2024,SESS902516,Offline Store,Mobile,Purchase,Colour Cosmetics,481455
832577,547301,29-12-2024,SESS902517,Offline Store,Mobile,Website Visit,Skincare,
898124,547301,29-12-2024,SESS902517,Offline Store,Mobile,Product View,Skincare,
865357,511053,14-01-2025,SESS902518,Offline Store,Mobile,Website Visit,Skincare,405392
865358,511053,14-01-2025,SESS902518,Offline Store,Mobile,Product View,Haircare,405392
832591,590894,02-08-2025,SESS902519,Marketplace,Tablet,Website Visit,Haircare,423132
865360,590894,02-08-2025,SESS902519,Marketplace,Tablet,Product View,Haircare,423132
832592,575465,19-08-2024,SESS902520,Instagram,Mobile,Website Visit,Haircare,433089
898126,575465,19-08-2024,SESS902520,Instagram,Mobile,Product View,Skincare,433089
898132,570008,10-04-2024,SESS902521,Google,Mobile,Website Visit,Colour Cosmetics,486746
898133,556179,18-07-2025,SESS902522,Instagram,Mobile,Website Visit,Colour Cosmetics,486746
832598,556179,18-07-2025,SESS902522,Instagram,Mobile,Product View,Colour Cosmetics,486746
898137,520052,25-09-2024,SESS902523,Instagram,Mobile,Website Visit,Skincare,437316
865370,520052,25-09-2024,SESS902523,Instagram,Mobile,Product View,Skincare,437316
898139,548351,26-06-2024,SESS902524,Instagram,Mobile,Website Visit,Colour Cosmetics,450092
865373,548351,26-06-2024,SESS902524,Instagram,Mobile,Product View,Colour Cosmetics,450092
865377,589277,16-08-2025,SESS902525,Influencer,Desktop,Website Visit,Haircare,423132
865380,589277,16-08-2025,SESS902525,Influencer,Desktop,Product View,Skincare,423132
898149,569993,05-08-2025,SESS902526,Instagram,Mobile,Website Visit,Skincare,418071
832615,569993,05-08-2025,SESS902526,Instagram,Mobile,Product View,Skincare,418071
865383,569993,05-08-2025,SESS902526,Instagram,Mobile,Add to Cart,Colour Cosmetics,418071
865386,569993,05-08-2025,SESS902526,Instagram,Mobile,Checkout Started,Skincare,418071
832623,569993,05-08-2025,SESS902526,Instagram,Mobile,Purchase,Skincare,418071
832624,590357,10-12-2024,SESS902527,Organic Search,Mobile,Website Visit,Skincare,437165
865397,529015,28-12-2025,SESS902528,Instagram,Mobile,Website Visit,Colour Cosmetics,
832632,510745,06-12-2024,SESS902529,Offline Store,Mobile,Website Visit,Colour Cosmetics,405510
865404,510745,06-12-2024,SESS902529,Offline Store,Mobile,Product View,Colour Cosmetics,405510
832636,523819,19-12-2024,SESS902530,Influencer,Mobile,Website Visit,Colour Cosmetics,
898179,539139,28-11-2025,SESS902531,Instagram,Mobile,Website Visit,Colour Cosmetics,
865411,539535,17-02-2025,SESS902532,Google,Mobile,Website Visit,Skincare,446648
832653,539535,17-02-2025,SESS902532,Google,Mobile,Product View,Skincare,446648
898192,526071,22-11-2024,SESS902533,Referral,Desktop,Website Visit,Colour Cosmetics,455343
832660,515096,27-12-2024,SESS902534,Marketplace,Mobile,Website Visit,Skincare,495209
898199,563201,23-09-2024,SESS902535,Influencer,Mobile,Website Visit,Haircare,
865434,563201,23-09-2024,SESS902535,Influencer,Mobile,Product View,Colour Cosmetics,
832674,592591,01-10-2025,SESS902536,Instagram,Mobile,Website Visit,Skincare,463122
898213,530647,13-12-2024,SESS902537,Referral,Mobile,Website Visit,Skincare,432195
832679,530647,13-12-2024,SESS902537,Referral,Mobile,Product View,Skincare,432195
898218,507894,17-07-2024,SESS902538,Marketplace,Mobile,Website Visit,Skincare,405867
898225,507894,17-07-2024,SESS902538,Marketplace,Mobile,Product View,Colour Cosmetics,405867
832691,548944,07-02-2025,SESS902539,Instagram,Mobile,Website Visit,Skincare,435644
898228,548944,07-02-2025,SESS902539,Instagram,Mobile,Product View,Skincare,435644
865461,548944,07-02-2025,SESS902539,Instagram,Mobile,Add to Cart,Skincare,435644
865459,548944,07-02-2025,SESS902539,Instagram,Mobile,Checkout Started,Skincare,435644
898233,552227,28-09-2025,SESS902540,Instagram,Mobile,Website Visit,Colour Cosmetics,411691
865466,502560,05-04-2024,SESS902541,Instagram,Mobile,Website Visit,Skincare,420046
832699,585918,29-04-2024,SESS902542,Influencer,Mobile,Website Visit,Colour Cosmetics,434464
898240,585918,29-04-2024,SESS902542,Influencer,Mobile,Product View,Colour Cosmetics,434464
898242,585918,29-04-2024,SESS902542,Influencer,Mobile,Add to Cart,Haircare,434464
865474,523703,05-03-2025,SESS902543,Instagram,Mobile,Website Visit,Colour Cosmetics,485929
898245,523703,05-03-2025,SESS902543,Instagram,Mobile,Product View,Colour Cosmetics,485929
898246,569621,12-09-2024,SESS902544,Google,Desktop,Website Visit,Colour Cosmetics,427322
865479,569621,12-09-2024,SESS902544,Google,Desktop,Product View,Colour Cosmetics,427322
865480,551116,11-06-2024,SESS902545,Instagram,Mobile,Website Visit,Haircare,441642
832712,551116,11-06-2024,SESS902545,Instagram,Mobile,Product View,Haircare,441642
898250,527884,21-01-2025,SESS902546,Instagram,Desktop,Website Visit,Colour Cosmetics,457829
832716,527884,21-01-2025,SESS902546,Instagram,Desktop,Product View,Colour Cosmetics,457829
865486,527884,21-01-2025,SESS902546,Instagram,Desktop,Add to Cart,Colour Cosmetics,457829
865487,527884,21-01-2025,SESS902546,Instagram,Desktop,Checkout Started,Colour Cosmetics,457829
865496,536208,05-04-2024,SESS902547,Marketplace,Mobile,Website Visit,Skincare,445210
832733,566562,25-08-2025,SESS902548,Google,Mobile,Website Visit,Skincare,433381
832734,566562,25-08-2025,SESS902548,Google,Mobile,Product View,Skincare,433381
865503,566562,25-08-2025,SESS902548,Google,Mobile,Add to Cart,Skincare,433381
898275,566562,25-08-2025,SESS902548,Google,Mobile,Checkout Started,Skincare,433381
898277,555496,26-08-2025,SESS902549,Offline Store,Mobile,Website Visit,Skincare,
832742,548566,01-01-2024,SESS902550,Google,Mobile,Website Visit,Skincare,416586
865510,516728,20-06-2025,SESS902551,Influencer,Mobile,Website Visit,Haircare,441642
832744,516728,20-06-2025,SESS902551,Influencer,Mobile,Product View,Colour Cosmetics,441642
898280,505130,07-01-2024,SESS902552,Organic Search,Mobile,Website Visit,Haircare,486746
832753,505130,07-01-2024,SESS902552,Organic Search,Mobile,Product View,Haircare,486746
865526,529041,07-09-2025,SESS902553,Influencer,Mobile,Website Visit,Haircare,
832763,529041,07-09-2025,SESS902553,Influencer,Mobile,Product View,Colour Cosmetics,
832765,529041,07-09-2025,SESS902553,Influencer,Mobile,Add to Cart,Haircare,
865535,555255,01-10-2025,SESS902554,Instagram,Tablet,Website Visit,Skincare,423506
898305,555255,01-10-2025,SESS902554,Instagram,Tablet,Product View,Colour Cosmetics,423506
865537,555255,01-10-2025,SESS902554,Instagram,Tablet,Add to Cart,Skincare,423506
865541,555255,01-10-2025,SESS902554,Instagram,Tablet,Checkout Started,Skincare,423506
865542,555255,01-10-2025,SESS902554,Instagram,Tablet,Purchase,Skincare,423506
800010,566616,08-02-2025,SESS902555,Google,Mobile,Website Visit,Skincare,
800013,523086,04-05-2024,SESS902556,Organic Search,Mobile,Website Visit,Colour Cosmetics,
865550,516728,02-10-2025,SESS902557,Influencer,Mobile,Website Visit,Colour Cosmetics,405867
800015,516728,02-10-2025,SESS902557,Influencer,Mobile,Product View,Colour Cosmetics,405867
800016,562616,28-06-2024,SESS902558,Google,Desktop,Website Visit,Skincare,
898319,562616,28-06-2024,SESS902558,Google,Desktop,Product View,Skincare,
832786,575454,06-12-2024,SESS902559,Instagram,Mobile,Website Visit,Colour Cosmetics,
832787,575454,06-12-2024,SESS902559,Instagram,Mobile,Product View,Skincare,
865551,537700,22-08-2024,SESS902560,Instagram,Mobile,Website Visit,Skincare,432195
800025,537700,22-08-2024,SESS902560,Instagram,Mobile,Product View,Colour Cosmetics,432195
898329,537700,22-08-2024,SESS902560,Instagram,Mobile,Add to Cart,Skincare,432195
832793,525242,30-08-2024,SESS902561,Referral,Desktop,Website Visit,Colour Cosmetics,486746
832794,525242,30-08-2024,SESS902561,Referral,Desktop,Product View,Colour Cosmetics,486746
865565,525242,30-08-2024,SESS902561,Referral,Desktop,Add to Cart,Colour Cosmetics,486746
800034,533029,24-01-2025,SESS902562,Instagram,Mobile,Website Visit,Skincare,
898342,533029,24-01-2025,SESS902562,Instagram,Mobile,Product View,Haircare,
865575,594381,15-02-2024,SESS902563,Google,Mobile,Website Visit,Skincare,408678
832808,594381,15-02-2024,SESS902563,Google,Mobile,Product View,Skincare,408678
832810,594381,15-02-2024,SESS902563,Google,Mobile,Add to Cart,Skincare,408678
865579,596276,12-03-2025,SESS902564,Google,Mobile,Website Visit,Colour Cosmetics,
832812,520253,22-01-2025,SESS902565,Google,Mobile,Website Visit,Skincare,
865583,540768,07-04-2025,SESS902566,Instagram,Mobile,Website Visit,Skincare,
832816,540768,07-04-2025,SESS902566,Instagram,Mobile,Product View,Skincare,
898356,571200,17-12-2025,SESS902567,Instagram,Mobile,Website Visit,Colour Cosmetics,407184
800053,591715,09-09-2024,SESS902568,Google,Mobile,Website Visit,Skincare,
865588,533972,23-08-2024,SESS902569,Google,Mobile,Website Visit,Colour Cosmetics,495722
898359,583606,17-08-2025,SESS902570,Organic Search,Desktop,Website Visit,Skincare,426724
865592,583606,17-08-2025,SESS902570,Organic Search,Desktop,Product View,Haircare,426724
865599,539472,09-10-2025,SESS902571,Organic Search,Mobile,Website Visit,Skincare,437086
865602,539472,09-10-2025,SESS902571,Organic Search,Mobile,Product View,Skincare,437086
800069,502733,02-11-2025,SESS902572,Instagram,Desktop,Website Visit,Colour Cosmetics,
898377,502733,02-11-2025,SESS902572,Instagram,Unknown,Product View,Colour Cosmetics,
865610,506258,22-06-2025,SESS902573,Influencer,Mobile,Website Visit,Skincare,464819
865612,506258,22-06-2025,SESS902573,Influencer,Mobile,Product View,Skincare,464819
832848,592995,08-09-2025,SESS902574,Google,Mobile,Website Visit,Colour Cosmetics,
898385,546984,05-10-2025,SESS902575,Instagram,Mobile,Website Visit,Haircare,467288
800080,565916,11-09-2024,SESS902576,Instagram,Desktop,Website Visit,Skincare,432195
898388,565916,11-09-2024,SESS902576,Instagram,Desktop,Product View,Skincare,432195
832852,560901,26-04-2025,SESS902577,Google,Mobile,Website Visit,Skincare,418239
865621,519709,30-03-2024,SESS902578,Instagram,Desktop,Website Visit,Colour Cosmetics,408391
898393,519709,30-03-2024,SESS902578,Instagram,Desktop,Product View,Colour Cosmetics,408391
865629,519709,30-03-2024,SESS902578,Instagram,Desktop,Add to Cart,Colour Cosmetics,408391
800094,572667,24-06-2025,SESS902579,Instagram,Tablet,Website Visit,Colour Cosmetics,400060
898399,572667,24-06-2025,SESS902579,Instagram,Tablet,Product View,Colour Cosmetics,400060
832865,578172,06-10-2024,SESS902580,Organic Search,Mobile,Website Visit,Skincare,
898405,578172,06-10-2024,SESS902580,Organic Search,Mobile,Product View,Skincare,
800104,578172,06-10-2024,SESS902580,Organic Search,Mobile,Add to Cart,Skincare,
898409,578172,06-10-2024,SESS902580,Organic Search,Mobile,Checkout Started,Skincare,
865643,578172,06-10-2024,SESS902580,Organic Search,Mobile,Purchase,Skincare,
832877,511188,29-06-2025,SESS902581,Organic Search,Mobile,Website Visit,Skincare,486701
865647,511188,29-06-2025,SESS902581,Organic Search,Mobile,Product View,Skincare,486701
865651,511188,29-06-2025,SESS902581,Organic Search,Mobile,Add to Cart,Haircare,486701
898422,511188,29-06-2025,SESS902581,Organic Search,Mobile,Checkout Started,Skincare,486701
832892,511188,29-06-2025,SESS902581,Organic Search,Mobile,Purchase,Skincare,486701
865661,509869,09-01-2024,SESS902582,Marketplace,Mobile,Website Visit,Haircare,
832900,509869,09-01-2024,SESS902582,Marketplace,Mobile,Product View,Colour Cosmetics,
832901,529102,11-02-2024,SESS902583,Google,Mobile,Website Visit,Colour Cosmetics,
865669,529102,11-02-2024,SESS902583,Google,Mobile,Product View,Colour Cosmetics,
898439,598366,15-10-2025,SESS902584,Instagram,Mobile,Website Visit,Colour Cosmetics,
800136,598366,15-10-2025,SESS902584,Instagram,Mobile,Product View,Colour Cosmetics,
898441,598366,15-10-2025,SESS902584,Instagram,Mobile,Add to Cart,Colour Cosmetics,
865679,598366,15-10-2025,SESS902584,Instagram,Mobile,Checkout Started,Colour Cosmetics,
832912,598366,15-10-2025,SESS902584,Instagram,Mobile,Purchase,Colour Cosmetics,
898454,572350,30-05-2024,SESS902585,Marketplace,Mobile,Website Visit,Skincare,
832920,572350,30-05-2024,SESS902585,Marketplace,Mobile,Product View,Haircare,
800152,525166,01-10-2025,SESS902586,Google,Unknown,Website Visit,Skincare,
865689,525166,01-10-2025,SESS902586,Google,Mobile,Product View,Skincare,
832923,527110,25-09-2024,SESS902587,Marketplace,Desktop,Website Visit,Colour Cosmetics,
865694,527110,25-09-2024,SESS902587,Marketplace,Desktop,Product View,Skincare,
898462,513006,05-05-2024,SESS902588,Instagram,Mobile,Website Visit,Colour Cosmetics,
800160,547526,26-07-2024,SESS902589,Marketplace,Mobile,Website Visit,Skincare,
832926,547526,26-07-2024,SESS902589,Marketplace,Mobile,Product View,Skincare,
898468,584675,06-05-2025,SESS902590,Google,Mobile,Website Visit,Skincare,438612
832934,584675,06-05-2025,SESS902590,Google,Mobile,Product View,Skincare,438612
898471,584675,06-05-2025,SESS902590,Google,Mobile,Add to Cart,Skincare,438612
865704,505778,10-06-2025,SESS902591,Google,Mobile,Website Visit,Skincare,429945
800170,523416,03-10-2025,SESS902592,Referral,Mobile,Website Visit,Colour Cosmetics,
832943,515525,12-03-2025,SESS902593,Google,Tablet,Website Visit,Skincare,
832946,591235,07-03-2025,SESS902594,Google,Mobile,Website Visit,Skincare,
865716,552386,19-01-2025,SESS902595,Marketplace,Mobile,Website Visit,Colour Cosmetics,
832948,531266,13-02-2025,SESS902596,Marketplace,Mobile,Website Visit,Colour Cosmetics,487438
865720,582978,21-09-2024,SESS902597,Instagram,Mobile,Website Visit,Colour Cosmetics,
865722,505726,29-03-2024,SESS902598,Google,Unknown,Website Visit,Skincare,
898491,505726,29-03-2024,SESS902598,Google,Mobile,Product View,Skincare,
832954,591384,06-04-2024,SESS902599,Marketplace,Desktop,Website Visit,Colour Cosmetics,430394
800189,591384,06-04-2024,SESS902599,Marketplace,Desktop,Product View,Colour Cosmetics,430394
800188,560521,15-04-2024,SESS902600,Instagram,Mobile,Website Visit,Skincare,
865726,560521,15-04-2024,SESS902600,Instagram,Mobile,Product View,Skincare,
898496,560521,15-04-2024,SESS902600,Instagram,Unknown,Add to Cart,Haircare,
898497,560521,15-04-2024,SESS902600,Instagram,Mobile,Checkout Started,Skincare,
832960,560521,15-04-2024,SESS902600,Instagram,Mobile,Purchase,Skincare,
800196,505817,30-01-2024,SESS902601,Referral,Mobile,Website Visit,Colour Cosmetics,442004
898500,505817,30-01-2024,SESS902601,Referral,Mobile,Product View,Colour Cosmetics,442004
898503,580931,10-08-2025,SESS902602,Google,Desktop,Website Visit,Skincare,448515
832968,520218,28-11-2024,SESS902603,Influencer,Mobile,Website Visit,Skincare,
865737,520218,28-11-2024,SESS902603,Influencer,Mobile,Product View,Haircare,
898504,520218,28-11-2024,SESS902603,Influencer,Mobile,Add to Cart,Colour Cosmetics,
865739,520218,28-11-2024,SESS902603,Influencer,Mobile,Checkout Started,Haircare,
865740,532706,29-10-2025,SESS902604,Instagram,Desktop,Website Visit,Skincare,
800209,532706,29-10-2025,SESS902604,Instagram,Desktop,Product View,Skincare,
898514,591905,20-11-2024,SESS902605,Referral,Desktop,Website Visit,Skincare,
865745,552487,23-05-2024,SESS902606,Instagram,Tablet,Website Visit,Colour Cosmetics,
800212,502671,16-08-2025,SESS902607,Marketplace,Desktop,Website Visit,Skincare,
865748,516299,12-07-2024,SESS902608,Organic Search,Mobile,Website Visit,Colour Cosmetics,
865747,516299,12-07-2024,SESS902608,Organic Search,Mobile,Product View,Colour Cosmetics,
800215,539608,20-05-2024,SESS902609,Organic Search,Mobile,Website Visit,Colour Cosmetics,
898522,515814,27-05-2025,SESS902610,Organic Search,Mobile,Website Visit,Skincare,437119
800219,523819,09-12-2024,SESS902611,Influencer,Desktop,Website Visit,Skincare,433381
898523,566562,01-07-2024,SESS902612,Google,Mobile,Website Visit,Skincare,
865758,566562,01-07-2024,SESS902612,Google,Mobile,Product View,Skincare,
800223,568937,11-01-2025,SESS902613,Marketplace,Mobile,Website Visit,Colour Cosmetics,474182
832992,549015,13-01-2024,SESS902614,Influencer,Unknown,Website Visit,Colour Cosmetics,431861
832991,549015,13-01-2024,SESS902614,Influencer,Desktop,Product View,Skincare,431861
865762,559087,08-06-2024,SESS902615,Instagram,Mobile,Website Visit,Haircare,438612
898534,559087,08-06-2024,SESS902615,Instagram,Mobile,Product View,Haircare,438612
865772,559087,08-06-2024,SESS902615,Instagram,Mobile,Add to Cart,Haircare,438612
865774,501607,24-11-2024,SESS902616,Instagram,Desktop,Website Visit,Skincare,
833008,531358,05-08-2024,SESS902617,Influencer,Mobile,Website Visit,Colour Cosmetics,
898545,531358,05-08-2024,SESS902617,Influencer,Mobile,Product View,Colour Cosmetics,
898544,531358,05-08-2024,SESS902617,Influencer,Mobile,Add to Cart,Colour Cosmetics,
898548,584246,08-04-2025,SESS902618,Google,Mobile,Website Visit,Colour Cosmetics,413440
898550,584246,08-04-2025,SESS902618,Google,Mobile,Product View,Haircare,413440
898552,584246,08-04-2025,SESS902618,Google,Mobile,Add to Cart,Haircare,413440
833019,570697,21-04-2024,SESS902619,Google,Mobile,Website Visit,Skincare,490211
833020,570697,21-04-2024,SESS902619,Google,Mobile,Product View,Skincare,490211
800252,570697,21-04-2024,SESS902619,Google,Mobile,Add to Cart,Skincare,490211
865790,570697,21-04-2024,SESS902619,Google,Mobile,Checkout Started,Skincare,490211
800253,570697,21-04-2024,SESS902619,Google,Mobile,Purchase,Skincare,490211
898560,513473,22-06-2024,SESS902620,Instagram,Desktop,Website Visit,Skincare,439826
800258,531365,02-06-2024,SESS902621,Google,Mobile,Website Visit,Skincare,407184
865794,531365,02-06-2024,SESS902621,Google,Mobile,Product View,Haircare,407184
865796,544541,18-04-2024,SESS902622,Marketplace,Mobile,Website Visit,Skincare,
800261,544541,18-04-2024,SESS902622,Marketplace,Mobile,Product View,Skincare,
800265,539251,16-08-2024,SESS902623,Referral,Desktop,Website Visit,Haircare,
865802,539251,16-08-2024,SESS902623,Referral,Desktop,Product View,Haircare,
800271,587684,04-11-2024,SESS902624,Marketplace,Desktop,Website Visit,Skincare,442004
898578,587684,04-11-2024,SESS902624,Marketplace,Desktop,Product View,Skincare,442004
898580,587684,04-11-2024,SESS902624,Marketplace,Desktop,Add to Cart,Skincare,442004
865812,587684,04-11-2024,SESS902624,Marketplace,Desktop,Checkout Started,Skincare,442004
865815,573526,31-10-2025,SESS902625,Organic Search,Mobile,Website Visit,Skincare,496899
800279,573526,31-10-2025,SESS902625,Organic Search,Mobile,Product View,Skincare,496899
833049,573526,31-10-2025,SESS902625,Organic Search,Mobile,Add to Cart,Skincare,496899
898586,598038,28-11-2024,SESS902626,Google,Mobile,Website Visit,Skincare,
833053,598038,28-11-2024,SESS902626,Google,Mobile,Product View,Skincare,
833056,598038,28-11-2024,SESS902626,Google,Mobile,Add to Cart,Skincare,
865827,520758,17-07-2025,SESS902627,Google,Desktop,Website Visit,Skincare,429945
865828,520758,17-07-2025,SESS902627,Google,Desktop,Product View,Skincare,429945
898598,502540,08-02-2024,SESS902628,Influencer,Mobile,Website Visit,Skincare,
865839,502540,08-02-2024,SESS902628,Influencer,Mobile,Product View,Skincare,
898608,535179,17-12-2025,SESS902629,Influencer,Mobile,Website Visit,Colour Cosmetics,406427
898612,535179,17-12-2025,SESS902629,Influencer,Mobile,Product View,Skincare,406427
865845,535179,17-12-2025,SESS902629,Influencer,Mobile,Add to Cart,Colour Cosmetics,406427
898614,535179,17-12-2025,SESS902629,Influencer,Mobile,Checkout Started,Haircare,406427
833076,535179,17-12-2025,SESS902629,Influencer,Mobile,Purchase,Skincare,406427
800312,529816,26-03-2024,SESS902630,Organic Search,Mobile,Website Visit,Haircare,
800319,529816,26-03-2024,SESS902630,Organic Search,Mobile,Product View,Haircare,
865858,585918,26-04-2024,SESS902631,Influencer,Mobile,Website Visit,Colour Cosmetics,463612
898627,585918,26-04-2024,SESS902631,Influencer,Mobile,Product View,Colour Cosmetics,463612
898628,555872,24-01-2025,SESS902632,Google,Mobile,Website Visit,Skincare,499229
833093,555872,24-01-2025,SESS902632,Google,Mobile,Product View,Skincare,499229
865862,511957,12-07-2025,SESS902633,Marketplace,Mobile,Website Visit,Skincare,471327
865867,511957,12-07-2025,SESS902633,Marketplace,Mobile,Product View,Skincare,471327
833100,511957,12-07-2025,SESS902633,Marketplace,Mobile,Add to Cart,Skincare,471327
898639,511957,12-07-2025,SESS902633,Marketplace,Mobile,Checkout Started,Colour Cosmetics,471327
833104,549857,20-07-2025,SESS902634,Referral,Mobile,Website Visit,Colour Cosmetics,484510
800338,549857,20-07-2025,SESS902634,Referral,Mobile,Product View,Skincare,484510
898642,537388,07-01-2025,SESS902635,Influencer,Mobile,Website Visit,Colour Cosmetics,487438
800340,505224,10-05-2024,SESS902636,Referral,Desktop,Website Visit,Colour Cosmetics,403719
800346,591917,28-09-2024,SESS902637,Influencer,Mobile,Website Visit,Skincare,
865884,585990,23-10-2024,SESS902638,Marketplace,Mobile,Website Visit,Colour Cosmetics,415565
833120,585990,23-10-2024,SESS902638,Marketplace,Mobile,Product View,Colour Cosmetics,415565
898660,566910,06-01-2024,SESS902639,Marketplace,Mobile,Website Visit,Colour Cosmetics,418813
865893,566910,06-01-2024,SESS902639,Marketplace,Mobile,Product View,Haircare,418813
800357,566910,06-01-2024,SESS902639,Marketplace,Mobile,Add to Cart,Colour Cosmetics,418813
898663,528074,07-04-2025,SESS902640,Influencer,Mobile,Website Visit,Colour Cosmetics,
898662,528074,07-04-2025,SESS902640,Influencer,Mobile,Product View,Haircare,
865901,504877,04-08-2025,SESS902641,Referral,Mobile,Website Visit,Skincare,437119
898669,536458,23-10-2025,SESS902642,Influencer,Mobile,Website Visit,Skincare,413440
865902,536458,23-10-2025,SESS902642,Influencer,Mobile,Product View,Skincare,413440
833133,536458,23-10-2025,SESS902642,Influencer,Mobile,Add to Cart,Skincare,413440
800372,536458,23-10-2025,SESS902642,Influencer,Mobile,Checkout Started,Skincare,413440
898679,528361,04-12-2025,SESS902643,Google,Mobile,Website Visit,Skincare,406900
833144,528361,04-12-2025,SESS902643,Google,Mobile,Product View,Colour Cosmetics,406900
865911,577182,31-03-2024,SESS902644,Influencer,Mobile,Website Visit,Skincare,490081
800375,505376,01-08-2024,SESS902645,Referral,Mobile,Website Visit,Skincare,479647
865915,586474,30-03-2025,SESS902646,Google,Mobile,Website Visit,Skincare,
800381,539535,21-10-2025,SESS902647,Google,Desktop,Website Visit,Skincare,408197
865918,569352,13-06-2024,SESS902648,Instagram,Mobile,Website Visit,Haircare,405376
898685,532591,03-01-2024,SESS902649,Google,Mobile,Website Visit,Haircare,
865921,532591,03-01-2024,SESS902649,Google,Mobile,Product View,Haircare,
833154,519597,15-12-2025,SESS902650,Instagram,Mobile,Website Visit,Skincare,418813
800390,505952,04-01-2024,SESS902651,Marketplace,Mobile,Website Visit,Skincare,
865929,505952,04-01-2024,SESS902651,Marketplace,Mobile,Product View,Skincare,
800395,525485,21-11-2025,SESS902652,Referral,Mobile,Website Visit,Skincare,
800396,525485,21-11-2025,SESS902652,Referral,Mobile,Product View,Skincare,
800397,525485,21-11-2025,SESS902652,Referral,Mobile,Add to Cart,Skincare,
865934,525485,21-11-2025,SESS902652,Referral,Mobile,Checkout Started,Skincare,
898702,525485,21-11-2025,SESS902652,Referral,Mobile,Purchase,Skincare,
833168,513446,24-11-2025,SESS902653,Marketplace,Mobile,Website Visit,Skincare,
800400,513446,24-11-2025,SESS902653,Marketplace,Mobile,Product View,Skincare,
833169,513446,24-11-2025,SESS902653,Marketplace,Mobile,Add to Cart,Skincare,
865937,513446,24-11-2025,SESS902653,Marketplace,Mobile,Checkout Started,Colour Cosmetics,
833166,540685,04-10-2024,SESS902654,Google,Desktop,Website Visit,Colour Cosmetics,
865944,540685,04-10-2024,SESS902654,Google,Desktop,Product View,Colour Cosmetics,
865945,540685,04-10-2024,SESS902654,Google,Desktop,Add to Cart,Colour Cosmetics,
898714,540685,04-10-2024,SESS902654,Google,Desktop,Checkout Started,Colour Cosmetics,
800409,540685,04-10-2024,SESS902654,Google,Desktop,Purchase,Colour Cosmetics,
865949,598174,30-09-2024,SESS902655,Influencer,Mobile,Website Visit,Colour Cosmetics,473590
865950,598174,30-09-2024,SESS902655,Influencer,Mobile,Product View,Colour Cosmetics,473590
833181,598174,30-09-2024,SESS902655,Influencer,Mobile,Add to Cart,Colour Cosmetics,473590
833185,598174,30-09-2024,SESS902655,Influencer,Mobile,Checkout Started,Colour Cosmetics,473590
865953,598951,22-03-2024,SESS902656,Influencer,Mobile,Website Visit,Colour Cosmetics,423132
898723,533550,06-04-2025,SESS902657,Instagram,Mobile,Website Visit,Haircare,
898724,526896,04-12-2025,SESS902658,Influencer,Mobile,Website Visit,Colour Cosmetics,437119
800420,526896,04-12-2025,SESS902658,Influencer,Mobile,Product View,Colour Cosmetics,437119
865958,526896,04-12-2025,SESS902658,Influencer,Mobile,Add to Cart,Haircare,437119
800423,526896,04-12-2025,SESS902658,Influencer,Mobile,Checkout Started,Haircare,437119
833192,526896,04-12-2025,SESS902658,Influencer,Mobile,Purchase,Haircare,437119
800425,535954,05-06-2024,SESS902659,Organic Search,Mobile,Website Visit,Haircare,483171
800426,535954,05-06-2024,SESS902659,Organic Search,Mobile,Product View,Haircare,483171
833194,585918,23-10-2024,SESS902660,Influencer,Mobile,Website Visit,Colour Cosmetics,
898734,585918,23-10-2024,SESS902660,Influencer,Mobile,Product View,Colour Cosmetics,
898736,539618,13-10-2025,SESS902661,Influencer,Mobile,Website Visit,Haircare,
800432,539618,13-10-2025,SESS902661,Influencer,Mobile,Product View,Haircare,
898739,539618,13-10-2025,SESS902661,Influencer,Mobile,Add to Cart,Haircare,
800438,539618,13-10-2025,SESS902661,Influencer,Unknown,Checkout Started,Haircare,
898743,539618,13-10-2025,SESS902661,Influencer,Mobile,Purchase,Haircare,
865978,519358,23-02-2024,SESS902662,Offline Store,Mobile,Website Visit,Colour Cosmetics,
833215,513473,24-07-2024,SESS902663,Instagram,Desktop,Website Visit,Skincare,
865984,513473,24-07-2024,SESS902663,Instagram,Desktop,Product View,Colour Cosmetics,
898752,527549,21-10-2025,SESS902664,Instagram,Desktop,Website Visit,Skincare,
898756,527549,21-10-2025,SESS902664,Instagram,Desktop,Product View,Haircare,
833220,527802,17-07-2025,SESS902665,Instagram,Desktop,Website Visit,Skincare,
833222,527802,17-07-2025,SESS902665,Instagram,Desktop,Product View,Colour Cosmetics,
865992,588895,19-04-2024,SESS902666,Google,Mobile,Website Visit,Skincare,
833225,588895,19-04-2024,SESS902666,Google,Mobile,Product View,Skincare,
800458,519887,13-10-2025,SESS902667,Organic Search,Mobile,Website Visit,Skincare,480372
833227,519887,13-10-2025,SESS902667,Organic Search,Mobile,Product View,Skincare,480372
898761,519887,13-10-2025,SESS902667,Organic Search,Mobile,Add to Cart,Skincare,480372
800461,529015,21-08-2025,SESS902668,Instagram,Mobile,Website Visit,Colour Cosmetics,481026
898767,529015,21-08-2025,SESS902668,Instagram,Mobile,Product View,Colour Cosmetics,481026
898768,546112,07-07-2025,SESS902669,Organic Search,Mobile,Website Visit,Skincare,
800466,535774,25-06-2025,SESS902670,Instagram,Mobile,Website Visit,Skincare,424613
898777,592493,11-05-2024,SESS902671,Instagram,Mobile,Website Visit,Colour Cosmetics,
866009,592493,11-05-2024,SESS902671,Instagram,Mobile,Product View,Colour Cosmetics,
833247,528197,01-04-2024,SESS902672,Offline Store,Desktop,Website Visit,Colour Cosmetics,423132
898784,528197,01-04-2024,SESS902672,Offline Store,Desktop,Product View,Skincare,423132
800480,507456,07-03-2024,SESS902673,Organic Search,Mobile,Website Visit,Haircare,485929
898785,507456,07-03-2024,SESS902673,Organic Search,Mobile,Product View,Colour Cosmetics,485929
833251,581381,13-09-2025,SESS902674,Organic Search,Mobile,Website Visit,Skincare,
898787,581381,13-09-2025,SESS902674,Organic Search,Mobile,Product View,Skincare,
800488,519786,14-06-2025,SESS902675,Influencer,Desktop,Website Visit,Skincare,481026
898793,519786,14-06-2025,SESS902675,Influencer,Desktop,Product View,Skincare,481026
866030,504082,30-01-2025,SESS902676,Instagram,Mobile,Website Visit,Haircare,
800495,504082,30-01-2025,SESS902676,Instagram,Mobile,Product View,Haircare,
898801,515157,21-09-2025,SESS902677,Instagram,Mobile,Website Visit,Colour Cosmetics,490081
800498,515157,21-09-2025,SESS902677,Instagram,Mobile,Product View,Colour Cosmetics,490081
866037,582242,14-04-2024,SESS902678,Instagram,Mobile,Website Visit,Skincare,405510
898807,582242,14-04-2024,SESS902678,Instagram,Mobile,Product View,Skincare,405510
866040,501934,12-03-2024,SESS902679,Organic Search,Desktop,Website Visit,Colour Cosmetics,422227
898812,501934,12-03-2024,SESS902679,Organic Search,Desktop,Product View,Colour Cosmetics,422227
898813,501934,12-03-2024,SESS902679,Organic Search,Desktop,Add to Cart,Colour Cosmetics,422227
833279,501934,12-03-2024,SESS902679,Organic Search,Desktop,Checkout Started,Skincare,422227
800512,583307,19-08-2024,SESS902680,Marketplace,Mobile,Website Visit,Skincare,405376
833287,593244,23-09-2025,SESS902681,Google,Desktop,Website Visit,Colour Cosmetics,473590
866055,593244,23-09-2025,SESS902681,Google,Desktop,Product View,Colour Cosmetics,473590
800521,523519,22-10-2024,SESS902682,Influencer,Desktop,Website Visit,Skincare,474182
866057,577110,01-07-2024,SESS902683,Referral,Desktop,Website Visit,Skincare,403658
833294,563242,03-01-2025,SESS902684,Influencer,Mobile,Website Visit,Colour Cosmetics,492044
898830,563242,03-01-2025,SESS902684,Influencer,Mobile,Product View,Colour Cosmetics,492044
898836,561433,01-02-2024,SESS902685,Google,Mobile,Website Visit,Colour Cosmetics,466062
866073,533289,21-05-2025,SESS902686,Organic Search,Mobile,Website Visit,Haircare,447990
800540,559459,15-03-2025,SESS902687,Google,Desktop,Website Visit,Skincare,446351
833310,559459,15-03-2025,SESS902687,Google,Desktop,Product View,Skincare,446351
898846,572972,16-11-2025,SESS902688,Google,Mobile,Website Visit,Skincare,413440
800544,572972,16-11-2025,SESS902688,Google,Mobile,Product View,Skincare,413440
833312,558222,22-06-2024,SESS902689,Instagram,Desktop,Website Visit,Skincare,417878
833314,558222,22-06-2024,SESS902689,Instagram,Desktop,Product View,Haircare,417878
898851,537606,19-12-2025,SESS902690,Influencer,Desktop,Website Visit,Colour Cosmetics,471327
833324,591382,14-02-2024,SESS902691,Marketplace,Mobile,Website Visit,Colour Cosmetics,457829
800557,591382,14-02-2024,SESS902691,Marketplace,Mobile,Product View,Colour Cosmetics,457829
833327,582960,19-12-2024,SESS902692,Google,Mobile,Website Visit,Haircare,400573
898866,582960,19-12-2024,SESS902692,Google,Mobile,Product View,Haircare,400573
833330,535720,01-12-2025,SESS902693,Google,Mobile,Website Visit,Skincare,415565
800565,535720,01-12-2025,SESS902693,Google,Mobile,Product View,Skincare,415565
898870,557377,30-06-2025,SESS902694,Instagram,Desktop,Website Visit,Colour Cosmetics,477009
833334,557377,30-06-2025,SESS902694,Instagram,Desktop,Product View,Colour Cosmetics,477009
833337,524931,07-08-2025,SESS902695,Instagram,Mobile,Website Visit,Colour Cosmetics,463612
866105,524931,07-08-2025,SESS902695,Instagram,Mobile,Product View,Colour Cosmetics,463612
898876,590573,29-12-2025,SESS902696,Google,Mobile,Website Visit,Colour Cosmetics,
866109,590573,29-12-2025,SESS902696,Google,Mobile,Product View,Colour Cosmetics,
866110,590573,29-12-2025,SESS902696,Google,Mobile,Add to Cart,Colour Cosmetics,
898879,593343,19-08-2024,SESS902697,Google,Mobile,Website Visit,Colour Cosmetics,492837
898880,593343,19-08-2024,SESS902697,Google,Mobile,Product View,Colour Cosmetics,492837
898881,579129,02-08-2025,SESS902698,Instagram,Mobile,Website Visit,Skincare,
833346,530311,15-05-2025,SESS902699,Offline Store,Desktop,Website Visit,Colour Cosmetics,464819
800580,530311,15-05-2025,SESS902699,Offline Store,Desktop,Product View,Haircare,464819
833349,504288,24-01-2025,SESS902700,Organic Search,Mobile,Website Visit,Colour Cosmetics,433089
800582,529831,03-06-2024,SESS902701,Instagram,Mobile,Website Visit,Colour Cosmetics,
800585,565771,24-01-2024,SESS902702,Instagram,Mobile,Website Visit,Colour Cosmetics,485381
898890,548843,24-07-2024,SESS902703,Instagram,Tablet,Website Visit,Skincare,
800586,548843,24-07-2024,SESS902703,Instagram,Tablet,Product View,Skincare,
833356,548843,24-07-2024,SESS902703,Instagram,Tablet,Add to Cart,Skincare,
898894,548843,24-07-2024,SESS902703,Instagram,Tablet,Checkout Started,Skincare,
898896,548843,24-07-2024,SESS902703,Instagram,Tablet,Purchase,Skincare,
898897,594466,14-01-2024,SESS902704,Referral,Mobile,Website Visit,Colour Cosmetics,
800592,565612,09-05-2024,SESS902705,Instagram,Desktop,Website Visit,Colour Cosmetics,440309
898901,565612,09-05-2024,SESS902705,Instagram,Desktop,Product View,Colour Cosmetics,440309
833369,598059,09-10-2025,SESS902706,Influencer,Mobile,Website Visit,Colour Cosmetics,
866137,598059,09-10-2025,SESS902706,Influencer,Mobile,Product View,Colour Cosmetics,
898908,598059,09-10-2025,SESS902706,Influencer,Mobile,Add to Cart,Colour Cosmetics,
898911,531891,07-09-2025,SESS902707,Influencer,Mobile,Website Visit,Colour Cosmetics,
833376,531891,07-09-2025,SESS902707,Influencer,Mobile,Product View,Skincare,
833378,572420,24-11-2025,SESS902708,Organic Search,Mobile,Website Visit,Haircare,436764
833379,572420,24-11-2025,SESS902708,Organic Search,Mobile,Product View,Haircare,436764
800610,546507,03-01-2025,SESS902709,Influencer,Mobile,Website Visit,Colour Cosmetics,442004
866149,546507,03-01-2025,SESS902709,Influencer,Mobile,Product View,Colour Cosmetics,442004
866151,546507,03-01-2025,SESS902709,Influencer,Mobile,Add to Cart,Colour Cosmetics,442004
800617,532951,05-07-2025,SESS902710,Organic Search,Mobile,Website Visit,Colour Cosmetics,
898921,532951,05-07-2025,SESS902710,Organic Search,Mobile,Product View,Colour Cosmetics,
898924,516901,23-06-2025,SESS902711,Organic Search,Mobile,Website Visit,Colour Cosmetics,
800624,561433,02-07-2025,SESS902712,Google,Mobile,Website Visit,Haircare,411691
898929,588815,31-07-2024,SESS902713,Google,Desktop,Website Visit,Skincare,442205
898930,588815,31-07-2024,SESS902713,Google,Desktop,Product View,Skincare,442205
898932,513473,31-07-2024,SESS902714,Instagram,Mobile,Website Visit,Skincare,403690
800629,513473,31-07-2024,SESS902714,Instagram,Mobile,Product View,Skincare,403690
800630,513473,31-07-2024,SESS902714,Instagram,Unknown,Add to Cart,Skincare,403690
800631,557125,17-02-2025,SESS902715,Instagram,Desktop,Website Visit,Colour Cosmetics,495209
833396,500074,17-06-2025,SESS902716,Google,Mobile,Website Visit,Colour Cosmetics,418071
800633,500074,17-06-2025,SESS902716,Google,Mobile,Product View,Haircare,418071
898938,547739,01-12-2025,SESS902717,Instagram,Mobile,Website Visit,Skincare,
833402,553269,01-11-2025,SESS902718,Google,Mobile,Website Visit,Skincare,463122
833401,506826,12-05-2024,SESS902719,Google,Mobile,Website Visit,Haircare,
898941,566562,02-09-2024,SESS902720,Google,Mobile,Website Visit,Skincare,
800641,566562,02-09-2024,SESS902720,Google,Mobile,Product View,Skincare,
898946,552386,12-04-2024,SESS902721,Marketplace,Desktop,Website Visit,Colour Cosmetics,
898947,552386,12-04-2024,SESS902721,Marketplace,Desktop,Product View,Colour Cosmetics,
866182,515814,28-04-2025,SESS902722,Organic Search,Mobile,Website Visit,Skincare,496905
898950,515814,28-04-2025,SESS902722,Organic Search,Mobile,Product View,Skincare,496905
833419,552386,11-05-2024,SESS902723,Marketplace,Mobile,Website Visit,Colour Cosmetics,408678
866192,598112,20-02-2025,SESS902724,Marketplace,Mobile,Website Visit,Haircare,463919
866193,598112,20-02-2025,SESS902724,Marketplace,Mobile,Product View,Haircare,463919
866194,586499,13-01-2025,SESS902725,Marketplace,Mobile,Website Visit,Colour Cosmetics,406955
833424,586499,13-01-2025,SESS902725,Marketplace,Mobile,Product View,Colour Cosmetics,406955
800661,531348,21-02-2025,SESS902726,Google,Mobile,Website Visit,Colour Cosmetics,488400
898965,531348,21-02-2025,SESS902726,Google,Mobile,Product View,Colour Cosmetics,488400
833432,552262,21-12-2025,SESS902727,Google,Desktop,Website Visit,Colour Cosmetics,403029
866207,552262,21-12-2025,SESS902727,Google,Desktop,Product View,Haircare,403029
800676,518320,28-07-2024,SESS902728,Instagram,Mobile,Website Visit,Skincare,498427
898981,509545,02-08-2024,SESS902729,Organic Search,Mobile,Website Visit,Haircare,
800680,509545,02-08-2024,SESS902729,Organic Search,Mobile,Product View,Haircare,
833450,588652,12-08-2025,SESS902730,Influencer,Desktop,Website Visit,Colour Cosmetics,463612
898986,588652,12-08-2025,SESS902730,Influencer,Desktop,Product View,Colour Cosmetics,463612
898988,520866,12-07-2025,SESS902731,Referral,Mobile,Website Visit,Haircare,
833451,579806,14-03-2024,SESS902732,Organic Search,Mobile,Website Visit,Skincare,
833457,532018,12-05-2025,SESS902733,Instagram,Desktop,Website Visit,Skincare,473590
866226,577992,28-06-2024,SESS902734,Marketplace,Desktop,Website Visit,Haircare,442004
833458,577992,28-06-2024,SESS902734,Marketplace,Desktop,Product View,Colour Cosmetics,442004
898994,533491,13-08-2024,SESS902735,Instagram,Mobile,Website Visit,Skincare,427155
800694,533491,13-08-2024,SESS902735,Instagram,Mobile,Product View,Skincare,427155
898998,503101,13-10-2024,SESS902736,Instagram,Mobile,Website Visit,Skincare,
866232,503101,13-10-2024,SESS902736,Instagram,Mobile,Product View,Skincare,
833466,513970,09-08-2024,SESS902737,Google,Desktop,Website Visit,Colour Cosmetics,412277
800700,513970,09-08-2024,SESS902737,Google,Desktop,Product View,Colour Cosmetics,412277
866237,586662,22-10-2025,SESS902738,Instagram,Mobile,Website Visit,Colour Cosmetics,
899004,516341,16-08-2024,SESS902739,Instagram,Desktop,Website Visit,Haircare,
800703,516341,16-08-2024,SESS902739,Instagram,Desktop,Product View,Haircare,
833472,534970,20-02-2024,SESS902740,Google,Mobile,Website Visit,Haircare,426724
866243,519597,21-09-2025,SESS902741,Instagram,Desktop,Website Visit,Skincare,474806
899013,559469,17-03-2024,SESS902742,Organic Search,Tablet,Website Visit,Colour Cosmetics,415402
866248,559469,17-03-2024,SESS902742,Organic Search,Tablet,Product View,Colour Cosmetics,415402
899017,554948,15-05-2024,SESS902743,Google,Mobile,Website Visit,Haircare,467288
866250,597609,07-05-2025,SESS902744,Referral,Mobile,Website Visit,Skincare,445539
800713,560513,02-09-2025,SESS902745,Google,Mobile,Website Visit,Colour Cosmetics,435644
899019,560513,02-09-2025,SESS902745,Google,Mobile,Product View,Colour Cosmetics,435644
866253,561592,06-07-2024,SESS902746,Google,Mobile,Website Visit,Skincare,
899021,516011,08-08-2025,SESS902747,Instagram,Mobile,Website Visit,Colour Cosmetics,
899024,516011,08-08-2025,SESS902747,Instagram,Mobile,Product View,Colour Cosmetics,
833490,516011,08-08-2025,SESS902747,Instagram,Mobile,Add to Cart,Colour Cosmetics,
866259,516011,08-08-2025,SESS902747,Instagram,Mobile,Checkout Started,Colour Cosmetics,
899029,516011,08-08-2025,SESS902747,Instagram,Mobile,Purchase,Skincare,
899030,502260,05-09-2024,SESS902748,Organic Search,Mobile,Website Visit,Skincare,
800726,542487,06-02-2025,SESS902749,Google,Tablet,Website Visit,Skincare,
800730,572309,03-11-2025,SESS902750,Instagram,Mobile,Website Visit,Colour Cosmetics,
800732,572309,03-11-2025,SESS902750,Instagram,Mobile,Product View,Colour Cosmetics,
899040,561669,10-08-2024,SESS902751,Influencer,Mobile,Website Visit,Skincare,405376
833506,561669,10-08-2024,SESS902751,Influencer,Mobile,Product View,Skincare,405376
866274,561669,10-08-2024,SESS902751,Influencer,Mobile,Add to Cart,Skincare,405376
866276,561669,10-08-2024,SESS902751,Influencer,Mobile,Checkout Started,Skincare,405376
833508,508232,19-02-2025,SESS902752,Instagram,Mobile,Website Visit,Skincare,433381
833509,508232,19-02-2025,SESS902752,Instagram,Mobile,Product View,Skincare,433381
899046,519773,05-01-2025,SESS902753,Referral,Unknown,Website Visit,Skincare,
800745,519773,05-01-2025,SESS902753,Referral,Mobile,Product View,Skincare,
800746,591422,14-12-2025,SESS902754,Google,Mobile,Website Visit,Skincare,
800747,591422,14-12-2025,SESS902754,Google,Mobile,Product View,Skincare,
800750,510693,05-05-2024,SESS902755,Google,Mobile,Website Visit,Haircare,
833519,510693,05-05-2024,SESS902755,Google,Mobile,Product View,Colour Cosmetics,
866288,510693,05-05-2024,SESS902755,Google,Mobile,Add to Cart,Colour Cosmetics,
800752,510693,05-05-2024,SESS902755,Google,Mobile,Checkout Started,Haircare,
833522,510693,05-05-2024,SESS902755,Google,Mobile,Purchase,Colour Cosmetics,
800755,559929,27-06-2024,SESS902756,Organic Search,Mobile,Website Visit,Colour Cosmetics,473590
866292,559929,27-06-2024,SESS902756,Organic Search,Mobile,Product View,Colour Cosmetics,473590
833523,559929,27-06-2024,SESS902756,Organic Search,Mobile,Add to Cart,Haircare,473590
899054,571643,23-04-2025,SESS902757,Referral,Mobile,Website Visit,Skincare,
800759,571643,23-04-2025,SESS902757,Referral,Mobile,Product View,Skincare,
800761,557422,01-07-2025,SESS902758,Instagram,Desktop,Website Visit,Haircare,
833530,557422,01-07-2025,SESS902758,Instagram,Desktop,Product View,Colour Cosmetics,
800762,582240,25-02-2025,SESS902759,Offline Store,Mobile,Website Visit,Colour Cosmetics,
833534,517275,24-07-2024,SESS902760,Influencer,Mobile,Website Visit,Skincare,448515
899071,517275,24-07-2024,SESS902760,Influencer,Mobile,Product View,Colour Cosmetics,448515
800771,536208,24-11-2025,SESS902761,Marketplace,Mobile,Website Visit,Skincare,488400
833542,536208,24-11-2025,SESS902761,Marketplace,Mobile,Product View,Skincare,488400
833544,536208,24-11-2025,SESS902761,Marketplace,Mobile,Add to Cart,Skincare,488400
866314,536208,24-11-2025,SESS902761,Marketplace,Mobile,Checkout Started,Haircare,488400
899082,563736,01-07-2024,SESS902762,Instagram,Mobile,Website Visit,Skincare,
866316,563736,01-07-2024,SESS902762,Instagram,Mobile,Product View,Skincare,
800782,563736,01-07-2024,SESS902762,Instagram,Mobile,Add to Cart,Colour Cosmetics,
866320,507592,24-07-2025,SESS902763,Organic Search,Mobile,Website Visit,Haircare,
866327,570855,26-09-2024,SESS902764,Instagram,Desktop,Website Visit,Colour Cosmetics,
899095,553225,11-08-2025,SESS902765,Instagram,Mobile,Website Visit,Skincare,
899096,566698,18-11-2024,SESS902766,Google,Tablet,Website Visit,Skincare,
800794,566698,18-11-2024,SESS902766,Google,Tablet,Product View,Skincare,
866332,528074,03-05-2025,SESS902767,Influencer,Desktop,Website Visit,Skincare,
833565,579569,12-01-2025,SESS902768,Influencer,Tablet,Website Visit,Haircare,489502
833566,542516,25-07-2025,SESS902769,Instagram,Mobile,Website Visit,Skincare,426390
833567,542516,25-07-2025,SESS902769,Instagram,Mobile,Product View,Colour Cosmetics,426390
833570,542516,25-07-2025,SESS902769,Instagram,Mobile,Add to Cart,Colour Cosmetics,426390
899107,542516,25-07-2025,SESS902769,Instagram,Mobile,Checkout Started,Skincare,426390
833572,597880,24-06-2024,SESS902770,Google,Mobile,Website Visit,Skincare,455343
866340,597880,24-06-2024,SESS902770,Google,Mobile,Product View,Skincare,455343
800806,597880,24-06-2024,SESS902770,Google,Mobile,Add to Cart,Skincare,455343
800808,597880,24-06-2024,SESS902770,Google,Mobile,Checkout Started,Skincare,455343
899113,536512,12-07-2024,SESS902771,Influencer,Mobile,Website Visit,Skincare,465408
899114,536512,12-07-2024,SESS902771,Influencer,Mobile,Product View,Skincare,465408
833579,513710,27-06-2024,SESS902772,Influencer,Mobile,Website Visit,Skincare,
899116,513710,27-06-2024,SESS902772,Influencer,Mobile,Product View,Skincare,
833580,503441,11-11-2025,SESS902773,Google,Mobile,Website Visit,Skincare,
866350,503441,11-11-2025,SESS902773,Google,Mobile,Product View,Skincare,
866355,586563,26-11-2024,SESS902774,Influencer,Mobile,Website Visit,Skincare,403690
866356,586563,26-11-2024,SESS902774,Influencer,Mobile,Product View,Skincare,403690
833592,586563,26-11-2024,SESS902774,Influencer,Mobile,Add to Cart,Skincare,403690
800825,586563,26-11-2024,SESS902774,Influencer,Mobile,Checkout Started,Skincare,403690
833595,586563,26-11-2024,SESS902774,Influencer,Mobile,Purchase,Skincare,403690
899135,552227,14-02-2025,SESS902775,Instagram,Desktop,Website Visit,Haircare,442205
800831,552227,14-02-2025,SESS902775,Instagram,Desktop,Product View,Colour Cosmetics,442205
800838,552227,14-02-2025,SESS902775,Instagram,Desktop,Add to Cart,Colour Cosmetics,442205
833606,549808,13-10-2025,SESS902776,Instagram,Mobile,Website Visit,Skincare,
899144,549808,13-10-2025,SESS902776,Instagram,Mobile,Product View,Skincare,
899145,575341,22-08-2025,SESS902777,Referral,Mobile,Website Visit,Colour Cosmetics,
866380,582998,01-10-2024,SESS902778,Organic Search,Tablet,Website Visit,Colour Cosmetics,
800848,584278,09-07-2024,SESS902779,Organic Search,Desktop,Website Visit,Skincare,403719
866385,584278,09-07-2024,SESS902779,Organic Search,Desktop,Product View,Colour Cosmetics,403719
800854,563654,28-09-2025,SESS902780,Marketplace,Mobile,Website Visit,Colour Cosmetics,405392
866394,563156,25-09-2025,SESS902781,Google,Mobile,Website Visit,Colour Cosmetics,486746
833628,563156,25-09-2025,SESS902781,Google,Mobile,Product View,Skincare,486746
833631,545236,16-05-2025,SESS902782,Instagram,Desktop,Website Visit,Skincare,455343
800864,545236,16-05-2025,SESS902782,Instagram,Desktop,Product View,Skincare,455343
899168,545236,16-05-2025,SESS902782,Instagram,Desktop,Add to Cart,Skincare,455343
833634,598167,06-02-2024,SESS902783,Google,Mobile,Website Visit,Haircare,
833636,598167,06-02-2024,SESS902783,Google,Mobile,Product View,Skincare,
899174,598167,06-02-2024,SESS902783,Google,Mobile,Add to Cart,Skincare,
833641,598886,05-12-2024,SESS902784,Instagram,Mobile,Website Visit,Skincare,
800877,598886,05-12-2024,SESS902784,Instagram,Mobile,Product View,Haircare,
833649,598886,05-12-2024,SESS902784,Instagram,Mobile,Add to Cart,Skincare,
866418,536160,30-06-2024,SESS902785,Instagram,Mobile,Website Visit,Colour Cosmetics,
866421,536160,30-06-2024,SESS902785,Instagram,Mobile,Product View,Colour Cosmetics,
800886,536160,30-06-2024,SESS902785,Instagram,Mobile,Add to Cart,Colour Cosmetics,
833654,597310,02-12-2024,SESS902786,Google,Mobile,Website Visit,Skincare,419863
800888,514208,26-08-2024,SESS902787,Google,Mobile,Website Visit,Skincare,436764
866425,514208,26-08-2024,SESS902787,Google,Mobile,Product View,Skincare,436764
899193,514208,26-08-2024,SESS902787,Google,Mobile,Add to Cart,Haircare,436764
833657,591680,03-09-2025,SESS902788,Instagram,Mobile,Website Visit,Haircare,
899196,544548,22-12-2025,SESS902789,Influencer,Desktop,Website Visit,Skincare,
899197,544548,22-12-2025,SESS902789,Influencer,Desktop,Product View,Skincare,
833660,544548,22-12-2025,SESS902789,Influencer,Desktop,Add to Cart,Skincare,
899199,544548,22-12-2025,SESS902789,Influencer,Desktop,Checkout Started,Skincare,
866431,544548,22-12-2025,SESS902789,Influencer,Desktop,Purchase,Skincare,
833662,546898,30-11-2025,SESS902790,Marketplace,Tablet,Website Visit,Skincare,489502
800898,533466,17-09-2025,SESS902791,Referral,Mobile,Website Visit,Skincare,
899202,513069,26-04-2024,SESS902792,Marketplace,Desktop,Website Visit,Skincare,407184
866436,513069,26-04-2024,SESS902792,Marketplace,Desktop,Product View,Skincare,407184
800896,516334,06-11-2025,SESS902793,Instagram,Mobile,Website Visit,Colour Cosmetics,
899206,516334,06-11-2025,SESS902793,Instagram,Mobile,Product View,Skincare,
866439,535992,24-06-2024,SESS902794,Referral,Mobile,Website Visit,Skincare,
833663,535992,24-06-2024,SESS902794,Referral,Mobile,Product View,Skincare,
866441,579507,11-04-2025,SESS902795,Influencer,Desktop,Website Visit,Skincare,
800909,579507,11-04-2025,SESS902795,Influencer,Desktop,Product View,Skincare,
899214,579507,11-04-2025,SESS902795,Influencer,Desktop,Add to Cart,Skincare,
866447,513979,17-11-2024,SESS902796,Google,Mobile,Website Visit,Haircare,412905
866448,513979,17-11-2024,SESS902796,Google,Mobile,Product View,Haircare,412905
833687,510561,26-08-2024,SESS902797,Instagram,Mobile,Website Visit,Skincare,496899
866455,553264,25-02-2024,SESS902798,Instagram,Mobile,Website Visit,Colour Cosmetics,454313
833689,553264,25-02-2024,SESS902798,Instagram,Mobile,Product View,Skincare,454313
800923,553264,25-02-2024,SESS902798,Instagram,Mobile,Add to Cart,Colour Cosmetics,454313
833693,565909,26-06-2024,SESS902799,Instagram,Mobile,Website Visit,Skincare,
866461,538829,04-01-2024,SESS902800,Instagram,Desktop,Website Visit,Haircare,490993
866465,538829,04-01-2024,SESS902800,Instagram,Desktop,Product View,Haircare,490993
899233,538829,04-01-2024,SESS902800,Instagram,Desktop,Add to Cart,Haircare,490993
899235,538829,04-01-2024,SESS902800,Instagram,Desktop,Checkout Started,Haircare,490993
800933,538829,04-01-2024,SESS902800,Instagram,Desktop,Purchase,Haircare,490993
899237,517146,26-02-2024,SESS902801,Instagram,Mobile,Website Visit,Colour Cosmetics,
800936,517146,26-02-2024,SESS902801,Instagram,Mobile,Product View,Skincare,
833706,517146,26-02-2024,SESS902801,Instagram,Mobile,Add to Cart,Skincare,
800941,594919,10-01-2025,SESS902802,Google,Mobile,Website Visit,Colour Cosmetics,400060
899246,594919,10-01-2025,SESS902802,Google,Mobile,Product View,Colour Cosmetics,400060
800944,511915,01-04-2024,SESS902803,Marketplace,Mobile,Website Visit,Skincare,412905
899248,517927,28-06-2024,SESS902804,Google,Mobile,Website Visit,Haircare,
800947,517927,28-06-2024,SESS902804,Google,Mobile,Product View,Haircare,
833717,517927,28-06-2024,SESS902804,Google,Mobile,Add to Cart,Haircare,
800951,517927,28-06-2024,SESS902804,Google,Mobile,Checkout Started,Haircare,
833721,532177,26-06-2025,SESS902805,Influencer,Desktop,Website Visit,Skincare,
866489,532177,26-06-2025,SESS902805,Influencer,Desktop,Product View,Skincare,
833723,532177,26-06-2025,SESS902805,Influencer,Desktop,Add to Cart,Skincare,
800955,532177,26-06-2025,SESS902805,Influencer,Desktop,Checkout Started,Skincare,
833727,597594,18-02-2025,SESS902806,Instagram,Mobile,Website Visit,Haircare,429945
800960,597594,18-02-2025,SESS902806,Instagram,Mobile,Product View,Haircare,429945
800964,597594,18-02-2025,SESS902806,Instagram,Mobile,Add to Cart,Haircare,429945
833732,597594,18-02-2025,SESS902806,Instagram,Mobile,Checkout Started,Haircare,429945
866502,597594,18-02-2025,SESS902806,Instagram,Mobile,Purchase,Haircare,429945
800969,527659,10-04-2024,SESS902807,Google,Mobile,Website Visit,Colour Cosmetics,
800972,523416,09-09-2025,SESS902808,Referral,Mobile,Website Visit,Colour Cosmetics,403690
800973,523416,09-09-2025,SESS902808,Referral,Mobile,Product View,Colour Cosmetics,403690
800974,523416,09-09-2025,SESS902808,Referral,Mobile,Add to Cart,Colour Cosmetics,403690
866511,523416,09-09-2025,SESS902808,Referral,Mobile,Checkout Started,Colour Cosmetics,403690
800975,551876,22-09-2025,SESS902809,Influencer,Mobile,Website Visit,Haircare,476385
899279,551876,22-09-2025,SESS902809,Influencer,Mobile,Product View,Colour Cosmetics,476385
833742,551876,22-09-2025,SESS902809,Influencer,Mobile,Add to Cart,Haircare,476385
899276,551876,22-09-2025,SESS902809,Influencer,Mobile,Checkout Started,Haircare,476385
866517,551876,22-09-2025,SESS902809,Influencer,Unknown,Purchase,Haircare,476385
833750,558028,17-07-2025,SESS902810,Influencer,Mobile,Website Visit,Skincare,
866520,553523,13-09-2024,SESS902811,Referral,Mobile,Website Visit,Skincare,
866521,579928,25-04-2024,SESS902812,Instagram,Mobile,Website Visit,Skincare,463612
833756,579928,25-04-2024,SESS902812,Instagram,Mobile,Product View,Haircare,463612
833757,547576,12-08-2025,SESS902813,Organic Search,Mobile,Website Visit,Skincare,494148
800989,547576,12-08-2025,SESS902813,Organic Search,Mobile,Product View,Skincare,494148
899292,552044,05-08-2025,SESS902814,Marketplace,Mobile,Website Visit,Skincare,438136
866528,587900,21-05-2025,SESS902815,Instagram,Desktop,Website Visit,Colour Cosmetics,491749
800997,587900,21-05-2025,SESS902815,Instagram,Desktop,Product View,Colour Cosmetics,491749
899302,534741,18-06-2025,SESS902816,Instagram,Mobile,Website Visit,Colour Cosmetics,
899303,564178,10-07-2024,SESS902817,Influencer,Desktop,Website Visit,Skincare,464028
899305,516750,25-05-2024,SESS902818,Instagram,Desktop,Website Visit,Colour Cosmetics,467288
866537,588835,12-08-2025,SESS902819,Google,Mobile,Website Visit,Haircare,497049
801007,520218,20-12-2025,SESS902820,Influencer,Desktop,Website Visit,Haircare,
899312,520218,20-12-2025,SESS902820,Influencer,Desktop,Product View,Haircare,
801010,539240,29-09-2024,SESS902821,Instagram,Mobile,Website Visit,Haircare,
899314,539240,29-09-2024,SESS902821,Instagram,Mobile,Product View,Haircare,
866548,504117,30-01-2025,SESS902822,Marketplace,Mobile,Website Visit,Skincare,444911
801013,504117,30-01-2025,SESS902822,Marketplace,Mobile,Product View,Skincare,444911
866551,504117,30-01-2025,SESS902822,Marketplace,Mobile,Add to Cart,Skincare,444911
866552,505014,22-05-2024,SESS902823,Organic Search,Mobile,Website Visit,Skincare,432195
899322,534816,25-07-2025,SESS902824,Offline Store,Tablet,Website Visit,Haircare,
801018,534816,25-07-2025,SESS902824,Offline Store,Tablet,Product View,Haircare,
866559,551873,16-10-2025,SESS902825,Offline Store,Mobile,Website Visit,Haircare,425635
866560,551873,16-10-2025,SESS902825,Offline Store,Mobile,Product View,Haircare,425635
833793,515012,29-01-2025,SESS902826,Google,Mobile,Website Visit,Haircare,
899329,515012,29-01-2025,SESS902826,Google,Mobile,Product View,Skincare,
801027,515012,29-01-2025,SESS902826,Google,Mobile,Add to Cart,Haircare,
899332,525825,19-07-2025,SESS902827,Referral,Desktop,Website Visit,Haircare,
801029,556881,08-06-2024,SESS902828,Instagram,Mobile,Website Visit,Skincare,424613
833797,556881,08-06-2024,SESS902828,Instagram,Mobile,Product View,Skincare,424613
801031,586760,09-12-2025,SESS902829,Organic Search,Mobile,Website Visit,Colour Cosmetics,481953
833799,537606,25-11-2024,SESS902830,Influencer,Mobile,Website Visit,Colour Cosmetics,
801032,537606,25-11-2024,SESS902830,Influencer,Mobile,Product View,Colour Cosmetics,
899338,537606,25-11-2024,SESS902830,Influencer,Mobile,Add to Cart,Colour Cosmetics,
866573,537606,25-11-2024,SESS902830,Influencer,Mobile,Checkout Started,Colour Cosmetics,
899342,539608,18-07-2024,SESS902831,Organic Search,Desktop,Website Visit,Colour Cosmetics,422227
801043,539608,18-07-2024,SESS902831,Organic Search,Desktop,Product View,Colour Cosmetics,422227
899348,543309,08-11-2025,SESS902832,Google,Mobile,Website Visit,Colour Cosmetics,415511
801046,543309,08-11-2025,SESS902832,Google,Mobile,Product View,Colour Cosmetics,415511
899350,566540,06-03-2024,SESS902833,Google,Mobile,Website Visit,Skincare,
801049,501220,24-02-2025,SESS902834,Referral,Unknown,Website Visit,Colour Cosmetics,454313
801052,597818,09-09-2024,SESS902835,Instagram,Tablet,Website Visit,Skincare,425635
866592,597818,09-09-2024,SESS902835,Instagram,Tablet,Product View,Skincare,425635
899362,597818,09-09-2024,SESS902835,Instagram,Tablet,Add to Cart,Skincare,425635
866596,597818,09-09-2024,SESS902835,Instagram,Tablet,Checkout Started,Skincare,425635
833828,597818,09-09-2024,SESS902835,Instagram,Tablet,Purchase,Haircare,425635
899366,514029,03-12-2025,SESS902836,Google,Mobile,Website Visit,Colour Cosmetics,
866600,588039,11-12-2025,SESS902837,Marketplace,Mobile,Website Visit,Colour Cosmetics,489502
866601,588039,11-12-2025,SESS902837,Marketplace,Mobile,Product View,Colour Cosmetics,489502
899371,588039,11-12-2025,SESS902837,Marketplace,Mobile,Add to Cart,Colour Cosmetics,489502
833836,588039,11-12-2025,SESS902837,Marketplace,Mobile,Checkout Started,Colour Cosmetics,489502
899372,527659,17-02-2025,SESS902838,Google,Desktop,Website Visit,Haircare,497553
833838,561993,03-12-2024,SESS902839,Influencer,Mobile,Website Visit,Haircare,493341
899373,561993,03-12-2024,SESS902839,Influencer,Mobile,Product View,Haircare,493341
801069,587580,04-07-2025,SESS902840,Google,Mobile,Website Visit,Skincare,
833842,587580,04-07-2025,SESS902840,Google,Mobile,Product View,Haircare,
866611,587580,04-07-2025,SESS902840,Google,Mobile,Add to Cart,Haircare,
866612,587580,04-07-2025,SESS902840,Google,Mobile,Checkout Started,Haircare,
833843,587580,04-07-2025,SESS902840,Google,Mobile,Purchase,Skincare,
899378,563156,10-09-2024,SESS902841,Google,Mobile,Website Visit,Skincare,
899383,535179,31-03-2024,SESS902842,Influencer,Mobile,Website Visit,Colour Cosmetics,
833848,566910,10-12-2025,SESS902843,Marketplace,Desktop,Website Visit,Colour Cosmetics,473151
801086,566910,10-12-2025,SESS902843,Marketplace,Desktop,Product View,Colour Cosmetics,473151
866623,579507,10-01-2024,SESS902844,Influencer,Mobile,Website Visit,Skincare,434464
866622,573889,28-04-2025,SESS902845,Instagram,Unknown,Website Visit,Haircare,
833858,537777,21-08-2025,SESS902846,Instagram,Tablet,Website Visit,Colour Cosmetics,442004
899394,537777,21-08-2025,SESS902846,Instagram,Tablet,Product View,Skincare,442004
866626,560236,12-10-2025,SESS902847,Organic Search,Desktop,Website Visit,Haircare,
801093,556959,29-08-2025,SESS902848,Referral,Mobile,Website Visit,Skincare,
899395,556959,29-08-2025,SESS902848,Referral,Mobile,Product View,Skincare,
801095,539446,17-11-2024,SESS902849,Google,Mobile,Website Visit,Skincare,
833864,539446,17-11-2024,SESS902849,Google,Mobile,Product View,Skincare,
801092,539446,17-11-2024,SESS902849,Google,Mobile,Add to Cart,Haircare,
801100,560513,04-02-2025,SESS902850,Google,Tablet,Website Visit,Colour Cosmetics,451803
801106,506980,25-01-2025,SESS902851,Google,Mobile,Website Visit,Colour Cosmetics,464819
833875,506980,25-01-2025,SESS902851,Google,Mobile,Product View,Colour Cosmetics,464819
801116,506980,25-01-2025,SESS902851,Google,Mobile,Add to Cart,Colour Cosmetics,464819
801120,504947,23-06-2024,SESS902852,Influencer,Mobile,Website Visit,Colour Cosmetics,
801122,588381,26-07-2024,SESS902853,Influencer,Mobile,Website Visit,Haircare,483171
801124,588381,26-07-2024,SESS902853,Influencer,Mobile,Product View,Skincare,483171
833900,549308,03-12-2025,SESS902854,Referral,Mobile,Website Visit,Skincare,
801138,572340,09-03-2024,SESS902855,Instagram,Mobile,Website Visit,Skincare,435644
833906,572340,09-03-2024,SESS902855,Instagram,Mobile,Product View,Skincare,435644
866678,594646,08-07-2025,SESS902856,Instagram,Mobile,Website Visit,Colour Cosmetics,408391
801142,594646,08-07-2025,SESS902856,Instagram,Mobile,Product View,Skincare,408391
899449,594646,08-07-2025,SESS902856,Instagram,Mobile,Add to Cart,Skincare,408391
801146,594646,08-07-2025,SESS902856,Instagram,Mobile,Checkout Started,Skincare,408391
866683,594646,08-07-2025,SESS902856,Instagram,Mobile,Purchase,Skincare,408391
866685,536585,23-04-2024,SESS902857,Referral,Mobile,Website Visit,Colour Cosmetics,473151
801150,536585,23-04-2024,SESS902857,Referral,Mobile,Product View,Skincare,473151
866686,521643,20-07-2024,SESS902858,Instagram,Mobile,Website Visit,Skincare,447990
866693,599943,04-08-2024,SESS902859,Instagram,Mobile,Website Visit,Haircare,
899463,589838,26-04-2024,SESS902860,Influencer,Desktop,Website Visit,Skincare,432195
866697,589838,26-04-2024,SESS902860,Influencer,Desktop,Product View,Skincare,432195
866705,540577,22-08-2025,SESS902861,Referral,Mobile,Website Visit,Skincare,
866706,540577,22-08-2025,SESS902861,Referral,Mobile,Product View,Skincare,
866709,514293,14-01-2024,SESS902862,Organic Search,Mobile,Website Visit,Skincare,
866711,586079,21-11-2025,SESS902863,Influencer,Mobile,Website Visit,Skincare,405472
866712,569541,10-02-2025,SESS902864,Instagram,Mobile,Website Visit,Haircare,408678
866716,569541,10-02-2025,SESS902864,Instagram,Mobile,Product View,Haircare,408678
833948,554524,15-12-2025,SESS902865,Instagram,Mobile,Website Visit,Colour Cosmetics,438612
866719,554524,15-12-2025,SESS902865,Instagram,Mobile,Product View,Colour Cosmetics,438612
833953,554524,15-12-2025,SESS902865,Instagram,Mobile,Add to Cart,Haircare,438612
801186,553545,27-11-2024,SESS902866,Organic Search,Mobile,Website Visit,Skincare,
866722,527686,13-10-2024,SESS902867,Influencer,Mobile,Website Visit,Colour Cosmetics,489502
899489,527686,13-10-2024,SESS902867,Influencer,Mobile,Product View,Colour Cosmetics,489502
899502,511813,09-08-2025,SESS902868,Marketplace,Mobile,Website Visit,Skincare,418071
833967,511813,09-08-2025,SESS902868,Marketplace,Mobile,Product View,Skincare,418071
801200,595491,10-02-2025,SESS902869,Instagram,Desktop,Website Visit,Skincare,
833969,573920,11-10-2025,SESS902870,Google,Desktop,Website Visit,Skincare,
899510,510500,23-11-2024,SESS902871,Instagram,Mobile,Website Visit,Skincare,
801207,514208,05-04-2025,SESS902872,Google,Mobile,Website Visit,Colour Cosmetics,448515
866742,514208,05-04-2025,SESS902872,Google,Mobile,Product View,Colour Cosmetics,448515
833977,514208,05-04-2025,SESS902872,Google,Mobile,Add to Cart,Colour Cosmetics,448515
833975,514208,05-04-2025,SESS902872,Google,Mobile,Checkout Started,Colour Cosmetics,448515
866748,514208,05-04-2025,SESS902872,Google,Mobile,Purchase,Colour Cosmetics,448515
833981,599871,25-06-2024,SESS902873,Referral,Mobile,Website Visit,Skincare,474998
866752,599871,25-06-2024,SESS902873,Referral,Mobile,Product View,Skincare,474998
833995,543933,09-09-2025,SESS902874,Offline Store,Desktop,Website Visit,Colour Cosmetics,
899532,543933,09-09-2025,SESS902874,Offline Store,Desktop,Product View,Colour Cosmetics,
866764,543933,09-09-2025,SESS902874,Offline Store,Desktop,Add to Cart,Colour Cosmetics,
899535,543933,09-09-2025,SESS902874,Offline Store,Desktop,Checkout Started,Colour Cosmetics,
834002,543933,09-09-2025,SESS902874,Offline Store,Desktop,Purchase,Colour Cosmetics,
801235,516505,30-05-2024,SESS902875,Influencer,Desktop,Website Visit,Colour Cosmetics,485381
866772,584080,03-09-2025,SESS902876,Marketplace,Desktop,Website Visit,Skincare,476238
899539,584080,03-09-2025,SESS902876,Marketplace,Desktop,Product View,Skincare,476238
899543,583819,29-06-2025,SESS902877,Organic Search,Mobile,Website Visit,Skincare,446351
866778,584843,24-04-2025,SESS902878,Instagram,Mobile,Website Visit,Skincare,415565
801246,582213,07-09-2025,SESS902879,Marketplace,Desktop,Website Visit,Skincare,477009
801249,582213,07-09-2025,SESS902879,Marketplace,Desktop,Product View,Colour Cosmetics,477009
834018,505276,30-07-2024,SESS902880,Marketplace,Mobile,Website Visit,Skincare,486746
866788,505276,30-07-2024,SESS902880,Marketplace,Mobile,Product View,Skincare,486746
834021,505276,30-07-2024,SESS902880,Marketplace,Mobile,Add to Cart,Skincare,486746
899556,505276,30-07-2024,SESS902880,Marketplace,Mobile,Checkout Started,Haircare,486746
834020,582502,05-12-2025,SESS902881,Influencer,Desktop,Website Visit,Skincare,497553
834024,542992,23-10-2025,SESS902882,Influencer,Desktop,Website Visit,Skincare,427155
834025,542992,23-10-2025,SESS902882,Influencer,Desktop,Product View,Skincare,427155
801258,533681,25-09-2025,SESS902883,Marketplace,Mobile,Website Visit,Skincare,
866797,511135,19-10-2025,SESS902884,Google,Mobile,Website Visit,Skincare,495209
899567,519358,27-12-2024,SESS902885,Offline Store,Desktop,Website Visit,Skincare,403690
834032,586363,05-03-2025,SESS902886,Organic Search,Mobile,Website Visit,Skincare,405376
834034,586363,05-03-2025,SESS902886,Organic Search,Mobile,Product View,Skincare,405376
866803,586363,05-03-2025,SESS902886,Organic Search,Mobile,Add to Cart,Skincare,405376
899571,586363,05-03-2025,SESS902886,Organic Search,Mobile,Checkout Started,Skincare,405376
834037,586363,05-03-2025,SESS902886,Organic Search,Mobile,Purchase,Skincare,405376
866806,554496,14-04-2024,SESS902887,Marketplace,Mobile,Website Visit,Colour Cosmetics,
899575,554496,14-04-2024,SESS902887,Marketplace,Mobile,Product View,Colour Cosmetics,
801272,556626,22-10-2024,SESS902888,Google,Mobile,Website Visit,Colour Cosmetics,412905
899577,567154,20-01-2024,SESS902889,Google,Desktop,Website Visit,Skincare,454313
834046,502733,11-11-2024,SESS902890,Instagram,Mobile,Website Visit,Colour Cosmetics,
801278,502733,11-11-2024,SESS902890,Instagram,Mobile,Product View,Colour Cosmetics,
801280,589065,12-05-2024,SESS902891,Organic Search,Desktop,Website Visit,Haircare,422227
801282,589065,12-05-2024,SESS902891,Organic Search,Unknown,Product View,Haircare,422227
834051,563532,04-07-2024,SESS902892,Instagram,Mobile,Website Visit,Colour Cosmetics,490081
899594,563532,04-07-2024,SESS902892,Instagram,Mobile,Product View,Colour Cosmetics,490081
899595,563532,04-07-2024,SESS902892,Instagram,Mobile,Add to Cart,Colour Cosmetics,490081
834068,554008,22-06-2024,SESS902893,Marketplace,Desktop,Website Visit,Colour Cosmetics,
801301,525995,17-12-2025,SESS902894,Instagram,Mobile,Website Visit,Skincare,
834071,588815,20-01-2024,SESS902895,Google,Mobile,Website Visit,Skincare,432195
834073,588815,20-01-2024,SESS902895,Google,Mobile,Product View,Skincare,432195
834078,544681,14-10-2025,SESS902896,Influencer,Mobile,Website Visit,Skincare,
899614,544681,14-10-2025,SESS902896,Influencer,Mobile,Product View,Skincare,
801313,544681,14-10-2025,SESS902896,Influencer,Mobile,Add to Cart,Skincare,
801316,544681,14-10-2025,SESS902896,Influencer,Mobile,Checkout Started,Skincare,
899620,512704,20-10-2025,SESS902897,Google,Mobile,Website Visit,Skincare,
866852,597310,06-02-2025,SESS902898,Google,Mobile,Website Visit,Haircare,415402
801319,511836,04-01-2025,SESS902899,Influencer,Mobile,Website Visit,Haircare,
899624,598858,12-02-2024,SESS902900,Google,Mobile,Website Visit,Skincare,
866857,598858,12-02-2024,SESS902900,Google,Mobile,Product View,Skincare,
866858,586200,14-05-2025,SESS902901,Google,Mobile,Website Visit,Skincare,441065
801323,598992,08-01-2024,SESS902902,Organic Search,Mobile,Website Visit,Skincare,
866860,553269,01-04-2024,SESS902903,Google,Mobile,Website Visit,Skincare,406955
834087,519597,14-11-2025,SESS902904,Instagram,Desktop,Website Visit,Skincare,
899632,519597,14-11-2025,SESS902904,Instagram,Desktop,Product View,Haircare,
801330,549060,06-09-2024,SESS902905,Organic Search,Mobile,Website Visit,Colour Cosmetics,
899636,532853,02-02-2025,SESS902906,Marketplace,Mobile,Website Visit,Colour Cosmetics,406536
834101,532853,02-02-2025,SESS902906,Marketplace,Mobile,Product View,Colour Cosmetics,406536
899638,585394,27-05-2025,SESS902907,Instagram,Unknown,Website Visit,Skincare,
899637,559614,06-04-2024,SESS902908,Instagram,Mobile,Website Visit,Haircare,474182
866872,559614,06-04-2024,SESS902908,Instagram,Mobile,Product View,Skincare,474182
834107,565323,20-09-2025,SESS902909,Instagram,Desktop,Website Visit,Skincare,425487
866876,538829,22-06-2025,SESS902910,Instagram,Desktop,Website Visit,Haircare,430634
899646,550615,10-04-2025,SESS902911,Referral,Mobile,Website Visit,Skincare,
866879,550615,10-04-2025,SESS902911,Referral,Mobile,Product View,Skincare,
866878,550615,10-04-2025,SESS902911,Referral,Mobile,Add to Cart,Skincare,
866883,507716,28-12-2025,SESS902912,Marketplace,Desktop,Website Visit,Colour Cosmetics,437086
834115,507716,28-12-2025,SESS902912,Marketplace,Desktop,Product View,Colour Cosmetics,437086
866892,536160,15-12-2025,SESS902913,Instagram,Mobile,Website Visit,Colour Cosmetics,
866894,507592,29-02-2024,SESS902914,Organic Search,Mobile,Website Visit,Skincare,451803
899663,507592,29-02-2024,SESS902914,Organic Search,Mobile,Product View,Haircare,451803
866895,507592,29-02-2024,SESS902914,Organic Search,Mobile,Add to Cart,Haircare,451803
834126,507592,29-02-2024,SESS902914,Organic Search,Mobile,Checkout Started,Haircare,451803
899668,589539,02-04-2024,SESS902915,Influencer,Mobile,Website Visit,Haircare,440309
834134,589539,02-04-2024,SESS902915,Influencer,Mobile,Product View,Haircare,440309
899674,542600,17-08-2025,SESS902916,Google,Desktop,Website Visit,Skincare,
866908,542600,17-08-2025,SESS902916,Google,Desktop,Product View,Skincare,
801373,501267,18-11-2025,SESS902917,Google,Desktop,Website Visit,Haircare,435644
801375,501267,18-11-2025,SESS902917,Google,Desktop,Product View,Haircare,435644
801376,501267,18-11-2025,SESS902917,Google,Desktop,Add to Cart,Colour Cosmetics,435644
801377,501267,18-11-2025,SESS902917,Google,Desktop,Checkout Started,Colour Cosmetics,435644
899683,501267,18-11-2025,SESS902917,Google,Unknown,Purchase,Colour Cosmetics,435644
866916,530947,11-05-2024,SESS902918,Instagram,Desktop,Website Visit,Skincare,
899686,570686,12-10-2024,SESS902919,Marketplace,Mobile,Website Visit,Colour Cosmetics,
866922,570686,12-10-2024,SESS902919,Marketplace,Mobile,Product View,Colour Cosmetics,
801389,570686,12-10-2024,SESS902919,Marketplace,Mobile,Add to Cart,Colour Cosmetics,
801393,570686,12-10-2024,SESS902919,Marketplace,Mobile,Checkout Started,Colour Cosmetics,
834161,570010,03-09-2024,SESS902920,Organic Search,Mobile,Website Visit,Colour Cosmetics,
866931,570010,03-09-2024,SESS902920,Organic Search,Mobile,Product View,Colour Cosmetics,
834164,570010,03-09-2024,SESS902920,Organic Search,Mobile,Add to Cart,Haircare,
834165,586374,30-09-2025,SESS902921,Instagram,Mobile,Website Visit,Haircare,498427
899700,505817,24-09-2024,SESS902922,Referral,Mobile,Website Visit,Colour Cosmetics,425487
801400,517601,19-03-2025,SESS902923,Organic Search,Mobile,Website Visit,Haircare,426390
834170,557654,05-08-2024,SESS902924,Google,Tablet,Website Visit,Skincare,433089
834173,557654,05-08-2024,SESS902924,Google,Tablet,Product View,Skincare,433089
899710,509961,10-12-2024,SESS902925,Offline Store,Mobile,Website Visit,Skincare,485929
801410,509961,10-12-2024,SESS902925,Offline Store,Mobile,Product View,Skincare,485929
899714,509961,10-12-2024,SESS902925,Offline Store,Mobile,Add to Cart,Skincare,485929
801412,509880,17-04-2024,SESS902926,Instagram,Mobile,Website Visit,Colour Cosmetics,
834178,509880,17-04-2024,SESS902926,Instagram,Mobile,Product View,Colour Cosmetics,
866953,593718,29-01-2024,SESS902927,Instagram,Desktop,Website Visit,Skincare,487438
834185,593718,29-01-2024,SESS902927,Instagram,Desktop,Product View,Skincare,487438
801420,593718,29-01-2024,SESS902927,Instagram,Desktop,Add to Cart,Colour Cosmetics,487438
801421,593718,29-01-2024,SESS902927,Instagram,Desktop,Checkout Started,Skincare,487438
834190,572350,12-11-2024,SESS902928,Marketplace,Mobile,Website Visit,Haircare,419863
834191,572350,12-11-2024,SESS902928,Marketplace,Mobile,Product View,Haircare,419863
866959,552089,02-03-2024,SESS902929,Instagram,Mobile,Website Visit,Colour Cosmetics,
801425,598059,01-09-2025,SESS902930,Influencer,Mobile,Website Visit,Colour Cosmetics,
801428,598059,01-09-2025,SESS902930,Influencer,Mobile,Product View,Colour Cosmetics,
866965,598059,01-09-2025,SESS902930,Influencer,Mobile,Add to Cart,Colour Cosmetics,
899734,598059,01-09-2025,SESS902930,Influencer,Mobile,Checkout Started,Skincare,
899735,598548,24-09-2025,SESS902931,Organic Search,Mobile,Website Visit,Colour Cosmetics,
801433,598548,24-09-2025,SESS902931,Organic Search,Mobile,Product View,Colour Cosmetics,
866972,582691,12-08-2025,SESS902932,Offline Store,Mobile,Website Visit,Skincare,476695
834206,552487,25-01-2025,SESS902933,Instagram,Mobile,Website Visit,Colour Cosmetics,412905
834207,577812,11-01-2025,SESS902934,Influencer,Mobile,Website Visit,Colour Cosmetics,465408
801442,577812,11-01-2025,SESS902934,Influencer,Mobile,Product View,Colour Cosmetics,465408
834215,520635,19-08-2025,SESS902935,Google,Desktop,Website Visit,Colour Cosmetics,410081
866985,528266,26-01-2024,SESS902936,Organic Search,Mobile,Website Visit,Skincare,481006
899754,544140,20-12-2024,SESS902937,Referral,Desktop,Website Visit,Skincare,
801451,544140,20-12-2024,SESS902937,Referral,Desktop,Product View,Skincare,
801455,588555,06-12-2025,SESS902938,Instagram,Mobile,Website Visit,Skincare,476238
834224,588555,06-12-2025,SESS902938,Instagram,Mobile,Product View,Skincare,476238
801456,593032,19-07-2025,SESS902939,Instagram,Mobile,Website Visit,Colour Cosmetics,
899763,593032,19-07-2025,SESS902939,Instagram,Mobile,Product View,Colour Cosmetics,
866996,515043,26-06-2025,SESS902940,Google,Mobile,Website Visit,Skincare,483731
866999,515043,26-06-2025,SESS902940,Google,Mobile,Product View,Skincare,483731
867000,588470,20-09-2024,SESS902941,Marketplace,Mobile,Website Visit,Colour Cosmetics,467288
899769,555476,02-10-2025,SESS902942,Marketplace,Mobile,Website Visit,Skincare,
834234,555476,02-10-2025,SESS902942,Marketplace,Mobile,Product View,Skincare,
899771,512097,30-03-2024,SESS902943,Google,Mobile,Website Visit,Colour Cosmetics,446351
867004,512097,30-03-2024,SESS902943,Google,Mobile,Product View,Colour Cosmetics,446351
899772,512097,30-03-2024,SESS902943,Google,Mobile,Add to Cart,Colour Cosmetics,446351
899774,586900,29-05-2024,SESS902944,Organic Search,Mobile,Website Visit,Colour Cosmetics,
867006,586900,29-05-2024,SESS902944,Organic Search,Mobile,Product View,Haircare,
801472,586900,29-05-2024,SESS902944,Organic Search,Mobile,Add to Cart,Haircare,
801473,586900,29-05-2024,SESS902944,Organic Search,Mobile,Checkout Started,Haircare,
899778,586900,29-05-2024,SESS902944,Organic Search,Mobile,Purchase,Haircare,
867008,512735,21-03-2024,SESS902945,Influencer,Mobile,Website Visit,Haircare,
899780,566162,19-01-2024,SESS902946,Organic Search,Mobile,Website Visit,Haircare,463442
834247,566162,19-01-2024,SESS902946,Organic Search,Mobile,Product View,Colour Cosmetics,463442
801482,566162,19-01-2024,SESS902946,Organic Search,Mobile,Add to Cart,Colour Cosmetics,463442
801483,566162,19-01-2024,SESS902946,Organic Search,Mobile,Checkout Started,Colour Cosmetics,463442
867020,543713,23-06-2025,SESS902947,Organic Search,Mobile,Website Visit,Skincare,494148
899794,543713,23-06-2025,SESS902947,Organic Search,Mobile,Product View,Skincare,494148
801491,553578,26-06-2025,SESS902948,Organic Search,Mobile,Website Visit,Haircare,438612
899798,553578,26-06-2025,SESS902948,Organic Search,Mobile,Product View,Haircare,438612
867032,573519,23-11-2025,SESS902949,Marketplace,Mobile,Website Visit,Colour Cosmetics,492273
867034,573519,23-11-2025,SESS902949,Marketplace,Mobile,Product View,Colour Cosmetics,492273
899805,508981,25-07-2025,SESS902950,Organic Search,Mobile,Website Visit,Skincare,
801502,584607,08-04-2024,SESS902951,Referral,Mobile,Website Visit,Colour Cosmetics,438136
801503,584607,08-04-2024,SESS902951,Referral,Mobile,Product View,Colour Cosmetics,438136
867040,584607,08-04-2024,SESS902951,Referral,Mobile,Add to Cart,Colour Cosmetics,438136
834275,584607,08-04-2024,SESS902951,Referral,Mobile,Checkout Started,Colour Cosmetics,438136
801508,596815,27-04-2025,SESS902952,Instagram,Desktop,Website Visit,Colour Cosmetics,
867045,596815,27-04-2025,SESS902952,Instagram,Desktop,Product View,Skincare,
834278,596815,27-04-2025,SESS902952,Instagram,Desktop,Add to Cart,Skincare,
834277,596815,27-04-2025,SESS902952,Instagram,Desktop,Checkout Started,Skincare,
834280,596815,27-04-2025,SESS902952,Instagram,Desktop,Purchase,Haircare,
899818,561261,05-09-2024,SESS902953,Google,Mobile,Website Visit,Skincare,481953
834282,561261,05-09-2024,SESS902953,Google,Mobile,Product View,Skincare,481953
867053,584599,11-02-2024,SESS902954,Google,Desktop,Website Visit,Skincare,406536
867054,515713,12-07-2025,SESS902955,Instagram,Mobile,Website Visit,Skincare,
834286,503365,15-01-2024,SESS902956,Organic Search,Desktop,Website Visit,Skincare,
834289,503365,15-01-2024,SESS902956,Organic Search,Desktop,Product View,Skincare,
867059,503365,15-01-2024,SESS902956,Organic Search,Desktop,Add to Cart,Skincare,
899828,501607,01-11-2025,SESS902957,Instagram,Desktop,Website Visit,Skincare,
834293,501607,01-11-2025,SESS902957,Instagram,Desktop,Product View,Skincare,
899831,572924,02-11-2024,SESS902958,Influencer,Mobile,Website Visit,Skincare,
899834,572924,02-11-2024,SESS902958,Influencer,Mobile,Product View,Skincare,
801531,586511,19-04-2024,SESS902959,Influencer,Mobile,Website Visit,Skincare,
899836,564451,17-10-2024,SESS902960,Offline Store,Mobile,Website Visit,Colour Cosmetics,429945
834303,511915,25-07-2024,SESS902961,Marketplace,Mobile,Website Visit,Skincare,411539
867072,551990,20-08-2025,SESS902962,Marketplace,Desktop,Website Visit,Colour Cosmetics,432195
834304,551990,20-08-2025,SESS902962,Marketplace,Desktop,Product View,Skincare,432195
834307,551990,20-08-2025,SESS902962,Marketplace,Unknown,Add to Cart,Skincare,432195
834309,551990,20-08-2025,SESS902962,Marketplace,Desktop,Checkout Started,Skincare,432195
899857,513446,19-07-2025,SESS902963,Marketplace,Desktop,Website Visit,Skincare,438136
834321,513446,19-07-2025,SESS902963,Marketplace,Desktop,Product View,Skincare,438136
801555,513446,19-07-2025,SESS902963,Marketplace,Desktop,Add to Cart,Skincare,438136
834323,513446,19-07-2025,SESS902963,Marketplace,Desktop,Checkout Started,Skincare,438136
801557,513446,19-07-2025,SESS902963,Marketplace,Desktop,Purchase,Skincare,438136
867094,587500,29-05-2024,SESS902964,Organic Search,Mobile,Website Visit,Haircare,
867095,587500,29-05-2024,SESS902964,Organic Search,Mobile,Product View,Skincare,
899865,560258,23-10-2025,SESS902965,Instagram,Mobile,Website Visit,Haircare,437086
834329,560258,23-10-2025,SESS902965,Instagram,Mobile,Product View,Haircare,437086
899867,560258,23-10-2025,SESS902965,Instagram,Mobile,Add to Cart,Colour Cosmetics,437086
899866,560258,23-10-2025,SESS902965,Instagram,Mobile,Checkout Started,Skincare,437086
867107,560258,23-10-2025,SESS902965,Instagram,Mobile,Purchase,Colour Cosmetics,437086
801575,527110,06-10-2025,SESS902966,Marketplace,Mobile,Website Visit,Skincare,457829
867112,528043,11-08-2024,SESS902967,Influencer,Mobile,Website Visit,Colour Cosmetics,438136
899883,528043,11-08-2024,SESS902967,Influencer,Mobile,Product View,Colour Cosmetics,438136
899884,570748,10-02-2024,SESS902968,Instagram,Mobile,Website Visit,Colour Cosmetics,474998
867117,570748,10-02-2024,SESS902968,Instagram,Mobile,Product View,Skincare,474998
867123,581973,13-10-2024,SESS902969,Instagram,Mobile,Website Visit,Haircare,
867128,581973,13-10-2024,SESS902969,Instagram,Mobile,Product View,Haircare,
867132,579415,27-09-2025,SESS902970,Google,Mobile,Website Visit,Colour Cosmetics,
899901,579415,27-09-2025,SESS902970,Google,Mobile,Product View,Colour Cosmetics,
834364,530735,01-06-2024,SESS902971,Google,Mobile,Website Visit,Skincare,412905
801600,524586,03-05-2024,SESS902972,Instagram,Mobile,Website Visit,Haircare,
867139,594317,14-08-2025,SESS902973,Referral,Mobile,Website Visit,Skincare,464028
801604,594317,14-08-2025,SESS902973,Referral,Mobile,Product View,Skincare,464028
899909,594317,14-08-2025,SESS902973,Referral,Mobile,Add to Cart,Skincare,464028
834381,594317,14-08-2025,SESS902973,Referral,Mobile,Checkout Started,Skincare,464028
899919,594317,14-08-2025,SESS902973,Referral,Mobile,Purchase,Haircare,464028
867152,575529,27-04-2024,SESS902974,Organic Search,Mobile,Website Visit,Skincare,432195
867157,575529,27-04-2024,SESS902974,Organic Search,Mobile,Product View,Skincare,432195
801622,530671,04-12-2024,SESS902975,Instagram,Mobile,Website Visit,Skincare,
834389,530671,04-12-2024,SESS902975,Instagram,Mobile,Product View,Skincare,
899928,531195,11-09-2025,SESS902976,Google,Desktop,Website Visit,Skincare,447990
834394,535665,31-01-2025,SESS902977,Referral,Desktop,Website Visit,Skincare,474182
801631,535665,31-01-2025,SESS902977,Referral,Desktop,Product View,Haircare,474182
867167,535665,31-01-2025,SESS902977,Referral,Desktop,Add to Cart,Skincare,474182
801633,535665,31-01-2025,SESS902977,Referral,Desktop,Checkout Started,Skincare,474182
834403,535665,31-01-2025,SESS902977,Referral,Desktop,Purchase,Skincare,474182
867174,512739,21-06-2025,SESS902978,Instagram,Mobile,Website Visit,Skincare,
867175,528183,05-12-2024,SESS902979,Influencer,Mobile,Website Visit,Skincare,467288
867178,555176,04-08-2024,SESS902980,Google,Desktop,Website Visit,Skincare,438097
834411,555176,04-08-2024,SESS902980,Google,Desktop,Product View,Skincare,438097
801644,525105,13-12-2024,SESS902981,Instagram,Mobile,Website Visit,Colour Cosmetics,
834412,525105,13-12-2024,SESS902981,Instagram,Mobile,Product View,Colour Cosmetics,
801646,510057,17-12-2024,SESS902982,Organic Search,Mobile,Website Visit,Skincare,
899950,510057,17-12-2024,SESS902982,Organic Search,Mobile,Product View,Skincare,
867184,541770,09-12-2025,SESS902983,Organic Search,Mobile,Website Visit,Skincare,
867185,541770,09-12-2025,SESS902983,Organic Search,Mobile,Product View,Skincare,
801649,594339,24-12-2024,SESS902984,Organic Search,Mobile,Website Visit,Skincare,
867187,591382,30-05-2025,SESS902985,Marketplace,Mobile,Website Visit,Colour Cosmetics,
834417,591382,30-05-2025,SESS902985,Marketplace,Mobile,Product View,Colour Cosmetics,
899954,591382,30-05-2025,SESS902985,Marketplace,Mobile,Add to Cart,Colour Cosmetics,
801654,520253,25-06-2024,SESS902986,Google,Desktop,Website Visit,Haircare,
899951,520253,25-06-2024,SESS902986,Google,Desktop,Product View,Haircare,
834424,586079,17-10-2024,SESS902987,Influencer,Mobile,Website Visit,Skincare,405510
899961,541033,20-10-2025,SESS902988,Google,Desktop,Website Visit,Colour Cosmetics,431540
834426,529831,18-06-2025,SESS902989,Instagram,Desktop,Website Visit,Colour Cosmetics,411691
834429,529831,18-06-2025,SESS902989,Instagram,Desktop,Product View,Skincare,411691
899968,507180,06-10-2025,SESS902990,Influencer,Mobile,Website Visit,Skincare,403658
834434,507180,06-10-2025,SESS902990,Influencer,Mobile,Product View,Skincare,403658
867203,507180,06-10-2025,SESS902990,Influencer,Mobile,Add to Cart,Colour Cosmetics,403658
834435,552640,17-05-2025,SESS902991,Marketplace,Mobile,Website Visit,Colour Cosmetics,
834440,552640,17-05-2025,SESS902991,Marketplace,Mobile,Product View,Colour Cosmetics,
899979,599642,19-10-2024,SESS902992,Google,Mobile,Website Visit,Skincare,400060
801675,516011,22-02-2025,SESS902993,Instagram,Mobile,Website Visit,Colour Cosmetics,
899981,564799,19-06-2024,SESS902994,Instagram,Mobile,Website Visit,Skincare,458427
867218,564799,19-06-2024,SESS902994,Instagram,Mobile,Product View,Skincare,458427
801684,516614,23-04-2025,SESS902995,Marketplace,Mobile,Website Visit,Colour Cosmetics,
899989,516614,23-04-2025,SESS902995,Marketplace,Mobile,Product View,Colour Cosmetics,
834453,516614,23-04-2025,SESS902995,Marketplace,Mobile,Add to Cart,Skincare,
899993,516614,23-04-2025,SESS902995,Marketplace,Mobile,Checkout Started,Colour Cosmetics,
867226,522241,24-01-2024,SESS902996,Influencer,Mobile,Website Visit,Skincare,
899994,555576,03-03-2024,SESS902997,Organic Search,Mobile,Website Visit,Colour Cosmetics,
834460,555576,03-03-2024,SESS902997,Organic Search,Mobile,Product View,Colour Cosmetics,
834462,569013,16-06-2024,SESS902998,Instagram,Mobile,Website Visit,Skincare,405392
834467,599061,24-10-2024,SESS902999,Marketplace,Mobile,Website Visit,Skincare,
867235,578172,16-11-2025,SESS903000,Organic Search,Mobile,Website Visit,Haircare,
801706,590388,09-08-2025,SESS903001,Organic Search,Tablet,Website Visit,Skincare,
801712,590388,09-08-2025,SESS903001,Organic Search,Tablet,Product View,Skincare,
867249,590388,09-08-2025,SESS903001,Organic Search,Tablet,Add to Cart,Skincare,
801714,589399,27-05-2025,SESS903002,Organic Search,Mobile,Website Visit,Haircare,491749
867251,582727,08-11-2025,SESS903003,Instagram,Mobile,Website Visit,Colour Cosmetics,425635
834484,544424,06-01-2025,SESS903004,Influencer,Mobile,Website Visit,Skincare,439826
801718,595991,08-09-2025,SESS903005,Referral,Desktop,Website Visit,Skincare,425487
867254,595991,08-09-2025,SESS903005,Referral,Desktop,Product View,Skincare,425487
801724,538290,30-05-2024,SESS903006,Instagram,Mobile,Website Visit,Haircare,466062
834492,538290,30-05-2024,SESS903006,Instagram,Mobile,Product View,Haircare,466062
834494,538290,30-05-2024,SESS903006,Instagram,Mobile,Add to Cart,Haircare,466062
867272,599035,18-09-2025,SESS903007,Organic Search,Desktop,Website Visit,Skincare,
834505,534663,19-11-2025,SESS903008,Marketplace,Mobile,Website Visit,Skincare,406536
867274,534663,19-11-2025,SESS903008,Marketplace,Mobile,Product View,Skincare,406536
801738,534663,19-11-2025,SESS903008,Marketplace,Mobile,Add to Cart,Haircare,406536
801751,534663,19-11-2025,SESS903008,Marketplace,Mobile,Checkout Started,Skincare,406536
834520,534663,19-11-2025,SESS903008,Marketplace,Mobile,Purchase,Skincare,406536
834521,542517,20-11-2024,SESS903009,Referral,Mobile,Website Visit,Colour Cosmetics,466062
834527,542517,20-11-2024,SESS903009,Referral,Mobile,Product View,Colour Cosmetics,466062
834530,563788,09-12-2024,SESS903010,Instagram,Mobile,Website Visit,Colour Cosmetics,
867305,563788,09-12-2024,SESS903010,Instagram,Mobile,Product View,Colour Cosmetics,
801769,564178,29-10-2025,SESS903011,Influencer,Mobile,Website Visit,Colour Cosmetics,497049
801771,518758,01-12-2025,SESS903012,Influencer,Desktop,Website Visit,Skincare,437165
867307,518758,01-12-2025,SESS903012,Influencer,Desktop,Product View,Skincare,437165
867311,518758,01-12-2025,SESS903012,Influencer,Desktop,Add to Cart,Skincare,437165
834545,557104,01-12-2024,SESS903013,Referral,Mobile,Website Visit,Skincare,
867318,557104,01-12-2024,SESS903013,Referral,Mobile,Product View,Skincare,
834550,554524,12-08-2024,SESS903014,Instagram,Mobile,Website Visit,Colour Cosmetics,
834553,511104,27-08-2024,SESS903015,Google,Tablet,Website Visit,Colour Cosmetics,
867323,511104,27-08-2024,SESS903015,Google,Tablet,Product View,Colour Cosmetics,
867324,511104,27-08-2024,SESS903015,Google,Tablet,Add to Cart,Colour Cosmetics,
801794,599871,07-09-2024,SESS903016,Referral,Desktop,Website Visit,Skincare,441642
834563,599871,07-09-2024,SESS903016,Referral,Desktop,Product View,Skincare,441642
801799,542143,29-08-2025,SESS903017,Marketplace,Desktop,Website Visit,Colour Cosmetics,450092
801801,542143,29-08-2025,SESS903017,Marketplace,Desktop,Product View,Colour Cosmetics,450092
801807,520635,08-06-2025,SESS903018,Google,Mobile,Website Visit,Colour Cosmetics,426390
867344,520635,08-06-2025,SESS903018,Google,Mobile,Product View,Colour Cosmetics,426390
867345,570236,29-03-2024,SESS903019,Referral,Mobile,Website Visit,Skincare,422227
867347,570236,29-03-2024,SESS903019,Referral,Mobile,Product View,Colour Cosmetics,422227
834581,514168,04-11-2025,SESS903020,Instagram,Mobile,Website Visit,Colour Cosmetics,
867350,514168,04-11-2025,SESS903020,Instagram,Mobile,Product View,Colour Cosmetics,
834584,514168,04-11-2025,SESS903020,Instagram,Mobile,Add to Cart,Colour Cosmetics,
834585,589687,19-12-2025,SESS903021,Instagram,Mobile,Website Visit,Haircare,455343
867354,589687,19-12-2025,SESS903021,Instagram,Mobile,Product View,Haircare,455343
801820,573233,24-01-2025,SESS903022,Google,Mobile,Website Visit,Skincare,
834593,573233,24-01-2025,SESS903022,Google,Mobile,Product View,Skincare,
867362,573233,24-01-2025,SESS903022,Google,Mobile,Add to Cart,Skincare,
834594,573233,24-01-2025,SESS903022,Google,Mobile,Checkout Started,Skincare,
801828,573233,24-01-2025,SESS903022,Google,Mobile,Purchase,Skincare,
867365,566244,10-10-2025,SESS903023,Influencer,Tablet,Website Visit,Haircare,
867366,566244,10-10-2025,SESS903023,Influencer,Tablet,Product View,Haircare,
834599,566244,10-10-2025,SESS903023,Influencer,Tablet,Add to Cart,Haircare,
801835,540668,22-07-2025,SESS903024,Referral,Desktop,Website Visit,Haircare,417878
867373,540668,22-07-2025,SESS903024,Referral,Desktop,Product View,Colour Cosmetics,417878
834606,538680,24-09-2024,SESS903025,Instagram,Mobile,Website Visit,Colour Cosmetics,
801839,538680,24-09-2024,SESS903025,Instagram,Mobile,Product View,Skincare,
834613,504705,24-05-2024,SESS903026,Influencer,Mobile,Website Visit,Colour Cosmetics,453161
801845,504705,24-05-2024,SESS903026,Influencer,Mobile,Product View,Colour Cosmetics,453161
801848,504705,24-05-2024,SESS903026,Influencer,Mobile,Add to Cart,Colour Cosmetics,453161
834620,588895,11-05-2025,SESS903027,Google,Mobile,Website Visit,Skincare,
801853,597370,12-12-2024,SESS903028,Marketplace,Mobile,Website Visit,Skincare,
834629,597370,12-12-2024,SESS903028,Marketplace,Mobile,Product View,Colour Cosmetics,
801862,500350,02-10-2024,SESS903029,Organic Search,Desktop,Website Visit,Colour Cosmetics,442205
801869,500350,02-10-2024,SESS903029,Organic Search,Desktop,Product View,Colour Cosmetics,442205
834638,502260,30-03-2025,SESS903030,Organic Search,Mobile,Website Visit,Skincare,
867405,502260,30-03-2025,SESS903030,Organic Search,Unknown,Product View,Skincare,
801880,519769,11-06-2024,SESS903031,Influencer,Mobile,Website Visit,Colour Cosmetics,463612
801883,525144,29-11-2025,SESS903032,Google,Tablet,Website Visit,Skincare,
834656,516334,27-12-2025,SESS903033,Instagram,Mobile,Website Visit,Skincare,496905
867425,516334,27-12-2025,SESS903033,Instagram,Mobile,Product View,Skincare,496905
867431,566317,06-05-2024,SESS903034,Referral,Mobile,Website Visit,Haircare,
834665,585316,04-07-2025,SESS903035,Google,Mobile,Website Visit,Skincare,
801898,565612,27-08-2024,SESS903036,Instagram,Desktop,Website Visit,Haircare,
801905,565612,27-08-2024,SESS903036,Instagram,Desktop,Product View,Colour Cosmetics,
801906,559878,07-06-2025,SESS903037,Google,Mobile,Website Visit,Skincare,464028
801908,559878,07-06-2025,SESS903037,Google,Mobile,Product View,Skincare,464028
834686,559878,07-06-2025,SESS903037,Google,Mobile,Add to Cart,Skincare,464028
867460,509305,22-12-2025,SESS903038,Instagram,Mobile,Website Visit,Colour Cosmetics,400573
834693,592121,12-03-2024,SESS903039,Google,Desktop,Website Visit,Colour Cosmetics,415565
867462,592121,12-03-2024,SESS903039,Google,Desktop,Product View,Colour Cosmetics,415565
801931,586363,22-03-2025,SESS903040,Organic Search,Desktop,Website Visit,Skincare,446351
801932,586363,22-03-2025,SESS903040,Organic Search,Desktop,Product View,Skincare,446351
834700,558446,06-12-2024,SESS903041,Google,Desktop,Website Visit,Skincare,466062
867468,558446,06-12-2024,SESS903041,Google,Desktop,Product View,Colour Cosmetics,466062
834703,501607,25-08-2025,SESS903042,Instagram,Desktop,Website Visit,Skincare,437119
834705,501607,25-08-2025,SESS903042,Instagram,Desktop,Product View,Skincare,437119
867473,501607,25-08-2025,SESS903042,Instagram,Desktop,Add to Cart,Skincare,437119
867475,543007,26-04-2025,SESS903043,Referral,Mobile,Website Visit,Skincare,438398
834708,543007,26-04-2025,SESS903043,Referral,Mobile,Product View,Haircare,438398
867483,572924,20-10-2025,SESS903044,Influencer,Mobile,Website Visit,Skincare,441065
801950,572924,20-10-2025,SESS903044,Influencer,Unknown,Product View,Skincare,441065
867488,536211,29-05-2025,SESS903045,Organic Search,Mobile,Website Visit,Skincare,
867490,559929,07-12-2025,SESS903046,Organic Search,Desktop,Website Visit,Colour Cosmetics,
801957,559929,07-12-2025,SESS903046,Organic Search,Desktop,Product View,Colour Cosmetics,
867497,559929,07-12-2025,SESS903046,Organic Search,Desktop,Add to Cart,Colour Cosmetics,
867498,559929,07-12-2025,SESS903046,Organic Search,Desktop,Checkout Started,Colour Cosmetics,
867504,559929,07-12-2025,SESS903046,Organic Search,Desktop,Purchase,Colour Cosmetics,
801968,530433,07-11-2025,SESS903047,Instagram,Desktop,Website Visit,Haircare,
867507,548331,05-05-2024,SESS903048,Google,Desktop,Website Visit,Skincare,
801973,547428,24-01-2025,SESS903049,Organic Search,Mobile,Website Visit,Skincare,
834742,577278,31-07-2024,SESS903050,Google,Mobile,Website Visit,Colour Cosmetics,425635
801975,577278,31-07-2024,SESS903050,Google,Mobile,Product View,Skincare,425635
834745,546357,08-09-2025,SESS903051,Referral,Mobile,Website Visit,Skincare,
801980,573975,17-03-2025,SESS903052,Google,Tablet,Website Visit,Colour Cosmetics,
867516,573975,17-03-2025,SESS903052,Google,Tablet,Product View,Skincare,
834750,520218,11-01-2024,SESS903053,Influencer,Mobile,Website Visit,Haircare,424613
867519,520218,11-01-2024,SESS903053,Influencer,Mobile,Product View,Skincare,424613
801983,565836,13-01-2024,SESS903054,Organic Search,Desktop,Website Visit,Colour Cosmetics,497049
834752,565836,13-01-2024,SESS903054,Organic Search,Desktop,Product View,Haircare,497049
867529,577580,17-11-2025,SESS903055,Influencer,Desktop,Website Visit,Colour Cosmetics,496899
801994,577580,17-11-2025,SESS903055,Influencer,Desktop,Product View,Skincare,496899
834765,577580,17-11-2025,SESS903055,Influencer,Desktop,Add to Cart,Skincare,496899
867534,577580,17-11-2025,SESS903055,Influencer,Desktop,Checkout Started,Skincare,496899
867533,577580,17-11-2025,SESS903055,Influencer,Desktop,Purchase,Skincare,496899
834770,579807,14-10-2025,SESS903056,Instagram,Mobile,Website Visit,Colour Cosmetics,
867539,579807,14-10-2025,SESS903056,Instagram,Mobile,Product View,Colour Cosmetics,
802006,542245,28-04-2025,SESS903057,Influencer,Mobile,Website Visit,Skincare,493447
834777,542245,28-04-2025,SESS903057,Influencer,Mobile,Product View,Skincare,493447
834778,542245,28-04-2025,SESS903057,Influencer,Mobile,Add to Cart,Skincare,493447
867547,542245,28-04-2025,SESS903057,Influencer,Mobile,Checkout Started,Haircare,493447
834781,542245,28-04-2025,SESS903057,Influencer,Mobile,Purchase,Skincare,493447
802013,505229,04-06-2024,SESS903058,Google,Mobile,Website Visit,Skincare,464819
834783,505229,04-06-2024,SESS903058,Google,Mobile,Product View,Skincare,464819
867554,505229,04-06-2024,SESS903058,Google,Mobile,Add to Cart,Colour Cosmetics,464819
867559,505229,04-06-2024,SESS903058,Google,Mobile,Checkout Started,Colour Cosmetics,464819
802025,505229,04-06-2024,SESS903058,Google,Mobile,Purchase,Colour Cosmetics,464819
802026,590964,24-03-2024,SESS903059,Referral,Mobile,Website Visit,Skincare,403690
834797,590964,24-03-2024,SESS903059,Referral,Mobile,Product View,Colour Cosmetics,403690
802032,564799,03-10-2025,SESS903060,Instagram,Desktop,Website Visit,Skincare,422227
834801,596542,02-09-2025,SESS903061,Organic Search,Mobile,Website Visit,Colour Cosmetics,440309
834800,532530,17-10-2025,SESS903062,Marketplace,Desktop,Website Visit,Colour Cosmetics,
867575,532530,17-10-2025,SESS903062,Marketplace,Desktop,Product View,Colour Cosmetics,
802044,532530,17-10-2025,SESS903062,Marketplace,Desktop,Add to Cart,Colour Cosmetics,
867581,532530,17-10-2025,SESS903062,Marketplace,Desktop,Checkout Started,Colour Cosmetics,
802046,532530,17-10-2025,SESS903062,Marketplace,Desktop,Purchase,Colour Cosmetics,
834821,576064,04-03-2024,SESS903063,Instagram,Mobile,Website Visit,Colour Cosmetics,407184
867590,576064,04-03-2024,SESS903063,Instagram,Mobile,Product View,Skincare,407184
802054,576064,04-03-2024,SESS903063,Instagram,Mobile,Add to Cart,Skincare,407184
802057,508993,19-10-2025,SESS903064,Organic Search,Desktop,Website Visit,Haircare,
834826,508993,19-10-2025,SESS903064,Organic Search,Desktop,Product View,Haircare,
867595,595748,15-12-2024,SESS903065,Influencer,Mobile,Website Visit,Colour Cosmetics,405510
867596,595748,15-12-2024,SESS903065,Influencer,Mobile,Product View,Colour Cosmetics,405510
867600,595748,15-12-2024,SESS903065,Influencer,Mobile,Add to Cart,Colour Cosmetics,405510
867603,595748,15-12-2024,SESS903065,Influencer,Mobile,Checkout Started,Colour Cosmetics,405510
867611,595748,15-12-2024,SESS903065,Influencer,Mobile,Purchase,Colour Cosmetics,405510
802083,587819,31-08-2024,SESS903066,Organic Search,Mobile,Website Visit,Haircare,484510
867619,584696,01-03-2024,SESS903067,Offline Store,Mobile,Website Visit,Haircare,413440
867623,584696,01-03-2024,SESS903067,Offline Store,Mobile,Product View,Skincare,413440
867626,512240,11-02-2024,SESS903068,Influencer,Mobile,Website Visit,Skincare,
834864,512240,11-02-2024,SESS903068,Influencer,Mobile,Product View,Haircare,
867634,540888,26-08-2024,SESS903069,Google,Mobile,Website Visit,Skincare,477009
802106,552098,19-01-2025,SESS903070,Marketplace,Mobile,Website Visit,Haircare,
834876,552098,19-01-2025,SESS903070,Marketplace,Mobile,Product View,Haircare,
802110,567000,14-12-2025,SESS903071,Google,Tablet,Website Visit,Colour Cosmetics,481026
834882,533408,20-12-2024,SESS903072,Instagram,Mobile,Website Visit,Colour Cosmetics,419863
834885,533408,20-12-2024,SESS903072,Instagram,Mobile,Product View,Colour Cosmetics,419863
802118,590461,17-06-2024,SESS903073,Referral,Mobile,Website Visit,Haircare,418071
834887,590461,17-06-2024,SESS903073,Referral,Mobile,Product View,Haircare,418071
867659,565715,22-08-2024,SESS903074,Marketplace,Mobile,Website Visit,Skincare,
802126,565715,22-08-2024,SESS903074,Marketplace,Mobile,Product View,Skincare,
834896,580931,05-12-2024,SESS903075,Google,Desktop,Website Visit,Skincare,476695
802133,586163,13-07-2025,SESS903076,Google,Mobile,Website Visit,Skincare,426390
834901,586163,13-07-2025,SESS903076,Google,Mobile,Product View,Colour Cosmetics,426390
867671,553271,19-03-2024,SESS903077,Instagram,Desktop,Website Visit,Haircare,
867677,553271,19-03-2024,SESS903077,Instagram,Desktop,Product View,Skincare,
867679,585461,18-10-2024,SESS903078,Offline Store,Desktop,Website Visit,Skincare,
834918,520585,21-04-2025,SESS903079,Instagram,Mobile,Website Visit,Colour Cosmetics,
867687,556959,01-09-2025,SESS903080,Referral,Mobile,Website Visit,Skincare,
802151,556959,01-09-2025,SESS903080,Referral,Mobile,Product View,Colour Cosmetics,
867691,532527,05-03-2025,SESS903081,Marketplace,Mobile,Website Visit,Skincare,485381
834925,532527,05-03-2025,SESS903081,Marketplace,Mobile,Product View,Skincare,485381
834929,532527,05-03-2025,SESS903081,Marketplace,Mobile,Add to Cart,Skincare,485381
802162,553271,17-04-2024,SESS903082,Instagram,Mobile,Website Visit,Skincare,
867698,553271,17-04-2024,SESS903082,Instagram,Mobile,Product View,Skincare,
802164,553271,17-04-2024,SESS903082,Instagram,Mobile,Add to Cart,Skincare,
834933,553271,17-04-2024,SESS903082,Instagram,Mobile,Checkout Started,Skincare,
867702,553271,17-04-2024,SESS903082,Instagram,Mobile,Purchase,Skincare,
802166,559890,07-02-2025,SESS903083,Instagram,Mobile,Website Visit,Skincare,
867697,559890,07-02-2025,SESS903083,Instagram,Mobile,Product View,Skincare,
834937,588647,05-12-2024,SESS903084,Instagram,Tablet,Website Visit,Colour Cosmetics,
834939,588647,05-12-2024,SESS903084,Instagram,Tablet,Product View,Colour Cosmetics,
834940,588647,05-12-2024,SESS903084,Instagram,Tablet,Add to Cart,Colour Cosmetics,
867711,588647,05-12-2024,SESS903084,Instagram,Tablet,Checkout Started,Haircare,
802180,588647,05-12-2024,SESS903084,Instagram,Tablet,Purchase,Colour Cosmetics,
802182,560811,14-09-2024,SESS903085,Marketplace,Mobile,Website Visit,Skincare,
834953,560811,14-09-2024,SESS903085,Marketplace,Mobile,Product View,Skincare,
834959,582306,13-09-2024,SESS903086,Google,Tablet,Website Visit,Colour Cosmetics,424613
867728,598235,13-02-2025,SESS903087,Instagram,Mobile,Website Visit,Skincare,431861
867730,593626,19-04-2024,SESS903088,Google,Mobile,Website Visit,Colour Cosmetics,466062
834967,562781,26-09-2024,SESS903089,Instagram,Desktop,Website Visit,Skincare,
802201,562781,26-09-2024,SESS903089,Instagram,Desktop,Product View,Skincare,
867738,562781,26-09-2024,SESS903089,Instagram,Desktop,Add to Cart,Skincare,
834985,562781,26-09-2024,SESS903089,Instagram,Desktop,Checkout Started,Skincare,
834988,562781,26-09-2024,SESS903089,Instagram,Desktop,Purchase,Skincare,
867763,516591,18-12-2025,SESS903090,Influencer,Desktop,Website Visit,Haircare,
867767,516591,18-12-2025,SESS903090,Influencer,Desktop,Product View,Haircare,
802237,516591,18-12-2025,SESS903090,Influencer,Desktop,Add to Cart,Haircare,
835009,516591,18-12-2025,SESS903090,Influencer,Desktop,Checkout Started,Colour Cosmetics,
835012,549372,17-08-2025,SESS903091,Marketplace,Mobile,Website Visit,Skincare,
835013,549372,17-08-2025,SESS903091,Marketplace,Mobile,Product View,Skincare,
867784,549372,17-08-2025,SESS903091,Marketplace,Mobile,Add to Cart,Skincare,
802252,568955,07-09-2025,SESS903092,Google,Desktop,Website Visit,Skincare,465408
802253,568955,07-09-2025,SESS903092,Google,Desktop,Product View,Skincare,465408
802255,542568,13-05-2025,SESS903093,Google,Mobile,Website Visit,Colour Cosmetics,463122
867791,542568,13-05-2025,SESS903093,Google,Mobile,Product View,Colour Cosmetics,463122
867792,569588,19-12-2024,SESS903094,Google,Mobile,Website Visit,Colour Cosmetics,
835027,508609,06-04-2025,SESS903095,Marketplace,Mobile,Website Visit,Colour Cosmetics,
802259,508609,06-04-2025,SESS903095,Marketplace,Mobile,Product View,Colour Cosmetics,
835033,508609,06-04-2025,SESS903095,Marketplace,Mobile,Add to Cart,Colour Cosmetics,
802268,508609,06-04-2025,SESS903095,Marketplace,Mobile,Checkout Started,Colour Cosmetics,
867808,581560,27-09-2025,SESS903096,Offline Store,Mobile,Website Visit,Colour Cosmetics,426192
802273,581560,27-09-2025,SESS903096,Offline Store,Mobile,Product View,Colour Cosmetics,426192
835044,581560,27-09-2025,SESS903096,Offline Store,Mobile,Add to Cart,Haircare,426192
802280,581560,27-09-2025,SESS903096,Offline Store,Mobile,Checkout Started,Colour Cosmetics,426192
867816,524356,16-12-2024,SESS903097,Organic Search,Mobile,Website Visit,Colour Cosmetics,
867824,589399,04-10-2024,SESS903098,Organic Search,Mobile,Website Visit,Haircare,464819
835056,589399,04-10-2024,SESS903098,Organic Search,Mobile,Product View,Haircare,464819
802291,588501,04-04-2024,SESS903099,Google,Desktop,Website Visit,Skincare,
867833,588501,04-04-2024,SESS903099,Google,Unknown,Product View,Skincare,
867834,588501,04-04-2024,SESS903099,Google,Desktop,Add to Cart,Skincare,
802301,588501,04-04-2024,SESS903099,Google,Desktop,Checkout Started,Skincare,
835070,588501,04-04-2024,SESS903099,Google,Desktop,Purchase,Skincare,
867839,517786,30-01-2025,SESS903100,Instagram,Mobile,Website Visit,Haircare,489502
835073,517786,30-01-2025,SESS903100,Instagram,Mobile,Product View,Haircare,489502
802309,517786,30-01-2025,SESS903100,Instagram,Mobile,Add to Cart,Haircare,489502
835079,517786,30-01-2025,SESS903100,Instagram,Mobile,Checkout Started,Haircare,489502
802314,517786,30-01-2025,SESS903100,Instagram,Mobile,Purchase,Haircare,489502
802318,512978,12-08-2025,SESS903101,Offline Store,Desktop,Website Visit,Colour Cosmetics,440309
802319,512978,12-08-2025,SESS903101,Offline Store,Desktop,Product View,Skincare,440309
867856,537700,17-03-2025,SESS903102,Instagram,Mobile,Website Visit,Colour Cosmetics,
867857,537700,17-03-2025,SESS903102,Instagram,Mobile,Product View,Skincare,
867858,505167,14-06-2024,SESS903103,Offline Store,Mobile,Website Visit,Colour Cosmetics,445210
867860,505167,14-06-2024,SESS903103,Offline Store,Mobile,Product View,Colour Cosmetics,445210
802325,505167,14-06-2024,SESS903103,Offline Store,Mobile,Add to Cart,Colour Cosmetics,445210
835093,505167,14-06-2024,SESS903103,Offline Store,Mobile,Checkout Started,Colour Cosmetics,445210
835094,525856,06-06-2024,SESS903104,Instagram,Mobile,Website Visit,Skincare,
835096,525856,06-06-2024,SESS903104,Instagram,Mobile,Product View,Skincare,
867867,525856,06-06-2024,SESS903104,Instagram,Mobile,Add to Cart,Skincare,
802332,568347,15-02-2024,SESS903105,Organic Search,Desktop,Website Visit,Colour Cosmetics,400573
867872,568347,15-02-2024,SESS903105,Organic Search,Desktop,Product View,Skincare,400573
802338,561348,22-08-2025,SESS903106,Instagram,Mobile,Website Visit,Colour Cosmetics,405472
835108,568386,05-09-2024,SESS903107,Marketplace,Mobile,Website Visit,Skincare,
802341,563783,31-03-2024,SESS903108,Referral,Mobile,Website Visit,Skincare,431861
835110,563783,31-03-2024,SESS903108,Referral,Mobile,Product View,Haircare,431861
867878,547823,12-06-2024,SESS903109,Instagram,Mobile,Website Visit,Colour Cosmetics,
835111,528864,06-02-2024,SESS903110,Organic Search,Mobile,Website Visit,Skincare,494148
867881,518958,22-10-2025,SESS903111,Marketplace,Desktop,Website Visit,Colour Cosmetics,463122
802345,518958,22-10-2025,SESS903111,Marketplace,Desktop,Product View,Skincare,463122
835115,535614,08-12-2024,SESS903112,Instagram,Mobile,Website Visit,Haircare,
867885,571582,09-01-2025,SESS903113,Organic Search,Mobile,Website Visit,Colour Cosmetics,450092
835118,571582,09-01-2025,SESS903113,Organic Search,Mobile,Product View,Colour Cosmetics,450092
835117,571582,09-01-2025,SESS903113,Organic Search,Mobile,Add to Cart,Colour Cosmetics,450092
802352,520706,25-03-2025,SESS903114,Google,Mobile,Website Visit,Skincare,496905
802355,501220,19-12-2025,SESS903115,Referral,Mobile,Website Visit,Skincare,403690
867893,501220,19-12-2025,SESS903115,Referral,Mobile,Product View,Skincare,403690
867894,515095,15-05-2025,SESS903116,Instagram,Mobile,Website Visit,Colour Cosmetics,432195
867899,515095,15-05-2025,SESS903116,Instagram,Mobile,Product View,Colour Cosmetics,432195
802364,561213,06-02-2024,SESS903117,Instagram,Mobile,Website Visit,Haircare,446351
867903,561213,06-02-2024,SESS903117,Instagram,Mobile,Product View,Colour Cosmetics,446351
802367,561213,06-02-2024,SESS903117,Instagram,Mobile,Add to Cart,Colour Cosmetics,446351
835138,561213,06-02-2024,SESS903117,Instagram,Mobile,Checkout Started,Haircare,446351
835139,578561,11-08-2024,SESS903118,Marketplace,Mobile,Website Visit,Skincare,435644
835144,578561,11-08-2024,SESS903118,Marketplace,Mobile,Product View,Skincare,435644
802378,509869,19-02-2024,SESS903119,Marketplace,Desktop,Website Visit,Colour Cosmetics,
867916,530217,27-12-2024,SESS903120,Organic Search,Mobile,Website Visit,Haircare,
835150,579507,31-05-2024,SESS903121,Influencer,Mobile,Website Visit,Skincare,425487
867920,579507,31-05-2024,SESS903121,Influencer,Mobile,Product View,Skincare,425487
802386,564799,29-08-2024,SESS903122,Instagram,Mobile,Website Visit,Skincare,
802388,564799,29-08-2024,SESS903122,Instagram,Mobile,Product View,Skincare,
867928,564799,29-08-2024,SESS903122,Instagram,Mobile,Add to Cart,Skincare,
835160,505952,17-03-2024,SESS903123,Marketplace,Mobile,Website Visit,Skincare,
802392,509071,03-08-2024,SESS903124,Marketplace,Mobile,Website Visit,Skincare,483171
802395,509071,03-08-2024,SESS903124,Marketplace,Mobile,Product View,Skincare,483171
867930,509071,03-08-2024,SESS903124,Marketplace,Unknown,Add to Cart,Skincare,483171
867938,509071,03-08-2024,SESS903124,Marketplace,Mobile,Checkout Started,Skincare,483171
835171,509071,03-08-2024,SESS903124,Marketplace,Mobile,Purchase,Skincare,483171
835178,510993,08-07-2024,SESS903125,Influencer,Mobile,Website Visit,Skincare,
802410,583202,10-09-2025,SESS903126,Instagram,Tablet,Website Visit,Colour Cosmetics,
867946,583202,10-09-2025,SESS903126,Instagram,Tablet,Product View,Colour Cosmetics,
867949,583202,10-09-2025,SESS903126,Instagram,Tablet,Add to Cart,Colour Cosmetics,
802415,583202,10-09-2025,SESS903126,Instagram,Tablet,Checkout Started,Colour Cosmetics,
802418,544500,28-09-2024,SESS903127,Offline Store,Mobile,Website Visit,Skincare,
802420,586846,20-10-2024,SESS903128,Organic Search,Mobile,Website Visit,Colour Cosmetics,483171
835199,588389,29-05-2024,SESS903129,Marketplace,Mobile,Website Visit,Colour Cosmetics,
835202,589277,07-08-2025,SESS903130,Influencer,Tablet,Website Visit,Skincare,
867971,589277,07-08-2025,SESS903130,Influencer,Tablet,Product View,Skincare,
835203,545745,23-05-2025,SESS903131,Instagram,Mobile,Website Visit,Colour Cosmetics,442004
835207,545745,23-05-2025,SESS903131,Instagram,Mobile,Product View,Colour Cosmetics,442004
835208,585813,08-10-2025,SESS903132,Instagram,Mobile,Website Visit,Haircare,
867978,539608,13-09-2024,SESS903133,Organic Search,Mobile,Website Visit,Skincare,
867983,539608,13-09-2024,SESS903133,Organic Search,Mobile,Product View,Haircare,
867986,598176,25-03-2025,SESS903134,Instagram,Mobile,Website Visit,Colour Cosmetics,496899
835221,598176,25-03-2025,SESS903134,Instagram,Mobile,Product View,Colour Cosmetics,496899
802465,536241,07-02-2025,SESS903135,Influencer,Desktop,Website Visit,Haircare,
868001,536241,07-02-2025,SESS903135,Influencer,Desktop,Product View,Haircare,
835235,536241,07-02-2025,SESS903135,Influencer,Desktop,Add to Cart,Colour Cosmetics,
868004,569547,30-01-2025,SESS903136,Marketplace,Mobile,Website Visit,Colour Cosmetics,
868005,594919,12-02-2025,SESS903137,Google,Desktop,Website Visit,Colour Cosmetics,
868006,505020,07-12-2024,SESS903138,Referral,Desktop,Website Visit,Skincare,405472
835239,505020,07-12-2024,SESS903138,Referral,Desktop,Product View,Skincare,405472
802472,523028,24-05-2024,SESS903139,Referral,Mobile,Website Visit,Haircare,427621
868012,523028,24-05-2024,SESS903139,Referral,Mobile,Product View,Haircare,427621
802490,523028,24-05-2024,SESS903139,Referral,Mobile,Add to Cart,Haircare,427621
802498,564722,24-05-2024,SESS903140,Instagram,Desktop,Website Visit,Skincare,455343
835267,505229,07-12-2024,SESS903141,Google,Mobile,Website Visit,Haircare,
802500,505229,07-12-2024,SESS903141,Google,Mobile,Product View,Colour Cosmetics,
835268,505229,07-12-2024,SESS903141,Google,Mobile,Add to Cart,Colour Cosmetics,
835275,550940,18-06-2024,SESS903142,Instagram,Mobile,Website Visit,Colour Cosmetics,473590
802511,550940,18-06-2024,SESS903142,Instagram,Mobile,Product View,Colour Cosmetics,473590
802515,504278,11-02-2024,SESS903143,Google,Mobile,Website Visit,Colour Cosmetics,491749
835287,504278,11-02-2024,SESS903143,Google,Mobile,Product View,Skincare,491749
868058,504278,11-02-2024,SESS903143,Google,Mobile,Add to Cart,Skincare,491749
802526,504278,11-02-2024,SESS903143,Google,Mobile,Checkout Started,Skincare,491749
802527,504278,11-02-2024,SESS903143,Google,Mobile,Purchase,Skincare,491749
802533,566462,09-06-2024,SESS903144,Google,Mobile,Website Visit,Colour Cosmetics,
802535,505273,16-01-2025,SESS903145,Influencer,Mobile,Website Visit,Colour Cosmetics,
835303,505273,16-01-2025,SESS903145,Influencer,Mobile,Product View,Colour Cosmetics,
868074,505273,16-01-2025,SESS903145,Influencer,Mobile,Add to Cart,Colour Cosmetics,
835307,505273,16-01-2025,SESS903145,Influencer,Mobile,Checkout Started,Colour Cosmetics,
802541,540768,18-06-2025,SESS903146,Instagram,Mobile,Website Visit,Skincare,
868080,540768,18-06-2025,SESS903146,Instagram,Mobile,Product View,Skincare,
835313,567952,31-07-2025,SESS903147,Referral,Mobile,Website Visit,Haircare,481455
802547,567952,31-07-2025,SESS903147,Referral,Mobile,Product View,Haircare,481455
868084,567952,31-07-2025,SESS903147,Referral,Mobile,Add to Cart,Haircare,481455
802548,567952,31-07-2025,SESS903147,Referral,Mobile,Checkout Started,Haircare,481455
835320,567952,31-07-2025,SESS903147,Referral,Mobile,Purchase,Haircare,481455
835321,588835,31-12-2025,SESS903148,Google,Mobile,Website Visit,Haircare,426724
835331,588835,31-12-2025,SESS903148,Google,Mobile,Product View,Skincare,426724
835333,590519,08-09-2025,SESS903149,Offline Store,Desktop,Website Visit,Colour Cosmetics,
802567,590519,08-09-2025,SESS903149,Offline Store,Desktop,Product View,Colour Cosmetics,
802570,512833,05-04-2025,SESS903150,Organic Search,Desktop,Website Visit,Skincare,
868107,512833,05-04-2025,SESS903150,Organic Search,Desktop,Product View,Skincare,
868108,553476,14-01-2025,SESS903151,Google,Desktop,Website Visit,Colour Cosmetics,484510
868113,553476,14-01-2025,SESS903151,Google,Desktop,Product View,Colour Cosmetics,484510
802579,576503,27-08-2024,SESS903152,Instagram,Desktop,Website Visit,Skincare,
868117,576503,27-08-2024,SESS903152,Instagram,Desktop,Product View,Haircare,
868119,548566,07-12-2025,SESS903153,Google,Mobile,Website Visit,Skincare,
835352,548566,07-12-2025,SESS903153,Google,Mobile,Product View,Skincare,
802585,548566,07-12-2025,SESS903153,Google,Mobile,Add to Cart,Skincare,
802586,548566,07-12-2025,SESS903153,Google,Mobile,Checkout Started,Skincare,
802590,548566,07-12-2025,SESS903153,Google,Mobile,Purchase,Colour Cosmetics,
868127,512987,01-10-2025,SESS903154,Instagram,Mobile,Website Visit,Haircare,
868126,512987,01-10-2025,SESS903154,Instagram,Mobile,Product View,Haircare,
802593,597912,02-06-2025,SESS903155,Marketplace,Mobile,Website Visit,Colour Cosmetics,463919
868131,549692,04-06-2025,SESS903156,Instagram,Mobile,Website Visit,Colour Cosmetics,
835365,549692,04-06-2025,SESS903156,Instagram,Mobile,Product View,Colour Cosmetics,
802600,549692,04-06-2025,SESS903156,Instagram,Mobile,Add to Cart,Colour Cosmetics,
835371,549692,04-06-2025,SESS903156,Instagram,Mobile,Checkout Started,Colour Cosmetics,
802607,595448,27-04-2025,SESS903157,Influencer,Mobile,Website Visit,Skincare,405376
868147,555255,16-06-2024,SESS903158,Instagram,Desktop,Website Visit,Skincare,
802620,555255,16-06-2024,SESS903158,Instagram,Desktop,Product View,Skincare,
835391,513446,28-10-2025,SESS903159,Marketplace,Mobile,Website Visit,Skincare,
835392,513446,28-10-2025,SESS903159,Marketplace,Mobile,Product View,Skincare,
802630,509602,14-09-2024,SESS903160,Google,Mobile,Website Visit,Colour Cosmetics,422227
868168,509602,14-09-2024,SESS903160,Google,Mobile,Product View,Haircare,422227
802636,554921,22-08-2025,SESS903161,Organic Search,Mobile,Website Visit,Colour Cosmetics,
835406,554921,22-08-2025,SESS903161,Organic Search,Mobile,Product View,Colour Cosmetics,
802638,554921,22-08-2025,SESS903161,Organic Search,Mobile,Add to Cart,Colour Cosmetics,
868178,536208,20-05-2024,SESS903162,Marketplace,Mobile,Website Visit,Skincare,
868183,536208,20-05-2024,SESS903162,Marketplace,Mobile,Product View,Colour Cosmetics,
868186,536208,20-05-2024,SESS903162,Marketplace,Mobile,Add to Cart,Skincare,
802655,536208,20-05-2024,SESS903162,Marketplace,Mobile,Checkout Started,Skincare,
835424,536208,20-05-2024,SESS903162,Marketplace,Mobile,Purchase,Skincare,
802657,516299,30-05-2025,SESS903163,Organic Search,Mobile,Website Visit,Colour Cosmetics,450092
868196,546090,25-09-2024,SESS903164,Influencer,Mobile,Website Visit,Colour Cosmetics,450092
868202,546090,25-09-2024,SESS903164,Influencer,Mobile,Product View,Colour Cosmetics,450092
802668,512219,04-02-2024,SESS903165,Google,Mobile,Website Visit,Colour Cosmetics,440309
835437,583442,05-11-2024,SESS903166,Marketplace,Mobile,Website Visit,Haircare,433089
835440,583442,05-11-2024,SESS903166,Marketplace,Mobile,Product View,Haircare,433089
868208,583442,05-11-2024,SESS903166,Marketplace,Mobile,Add to Cart,Haircare,433089
868209,599613,26-01-2024,SESS903167,Instagram,Mobile,Website Visit,Colour Cosmetics,406900
835442,599613,26-01-2024,SESS903167,Instagram,Mobile,Product View,Colour Cosmetics,406900
868217,575965,17-03-2025,SESS903168,Google,Mobile,Website Visit,Skincare,494148
835451,578193,05-06-2024,SESS903169,Google,Desktop,Website Visit,Skincare,488400
835463,546009,19-09-2024,SESS903170,Instagram,Mobile,Website Visit,Haircare,476238
802697,537093,02-06-2025,SESS903171,Referral,Mobile,Website Visit,Colour Cosmetics,
868242,537093,02-06-2025,SESS903171,Referral,Mobile,Product View,Colour Cosmetics,
802710,537093,02-06-2025,SESS903171,Referral,Mobile,Add to Cart,Colour Cosmetics,
835478,537093,02-06-2025,SESS903171,Referral,Mobile,Checkout Started,Colour Cosmetics,
868250,566462,01-02-2024,SESS903172,Google,Mobile,Website Visit,Colour Cosmetics,490081
868251,566462,01-02-2024,SESS903172,Google,Mobile,Product View,Colour Cosmetics,490081
868253,535804,16-05-2025,SESS903173,Organic Search,Mobile,Website Visit,Colour Cosmetics,464028
802718,535804,16-05-2025,SESS903173,Organic Search,Mobile,Product View,Colour Cosmetics,464028
802719,538684,02-05-2024,SESS903174,Influencer,Desktop,Website Visit,Skincare,441065
835488,527152,17-08-2025,SESS903175,Influencer,Mobile,Website Visit,Skincare,410081
802717,527152,17-08-2025,SESS903175,Influencer,Mobile,Product View,Skincare,410081
835492,528705,29-06-2025,SESS903176,Referral,Mobile,Website Visit,Skincare,
802728,597248,12-01-2024,SESS903177,Instagram,Mobile,Website Visit,Skincare,474806
802731,597248,12-01-2024,SESS903177,Instagram,Mobile,Product View,Skincare,474806
835502,597248,12-01-2024,SESS903177,Instagram,Mobile,Add to Cart,Skincare,474806
802735,597248,12-01-2024,SESS903177,Instagram,Mobile,Checkout Started,Haircare,474806
802736,528074,08-01-2025,SESS903178,Influencer,Desktop,Website Visit,Skincare,
835506,509287,21-07-2025,SESS903179,Instagram,Desktop,Website Visit,Skincare,400060
802740,509287,21-07-2025,SESS903179,Instagram,Desktop,Product View,Skincare,400060
868277,509287,21-07-2025,SESS903179,Instagram,Desktop,Add to Cart,Skincare,400060
802743,513833,31-07-2025,SESS903180,Marketplace,Mobile,Website Visit,Skincare,481006
835513,513833,31-07-2025,SESS903180,Marketplace,Mobile,Product View,Skincare,481006
802746,513833,31-07-2025,SESS903180,Marketplace,Mobile,Add to Cart,Skincare,481006
802747,592749,16-08-2025,SESS903181,Influencer,Mobile,Website Visit,Haircare,
835517,510589,08-12-2025,SESS903182,Instagram,Mobile,Website Visit,Skincare,
835521,542176,02-02-2025,SESS903183,Marketplace,Mobile,Website Visit,Colour Cosmetics,403719
835523,542176,02-02-2025,SESS903183,Marketplace,Mobile,Product View,Colour Cosmetics,403719
802759,542176,02-02-2025,SESS903183,Marketplace,Mobile,Add to Cart,Colour Cosmetics,403719
868296,542176,02-02-2025,SESS903183,Marketplace,Mobile,Checkout Started,Colour Cosmetics,403719
802761,542176,02-02-2025,SESS903183,Marketplace,Mobile,Purchase,Colour Cosmetics,403719
802764,530735,18-10-2025,SESS903184,Google,Mobile,Website Visit,Skincare,
835533,530735,18-10-2025,SESS903184,Google,Mobile,Product View,Colour Cosmetics,
868304,530735,18-10-2025,SESS903184,Google,Mobile,Add to Cart,Skincare,
868306,530735,18-10-2025,SESS903184,Google,Mobile,Checkout Started,Skincare,
835539,530735,18-10-2025,SESS903184,Google,Mobile,Purchase,Colour Cosmetics,
802771,530968,16-08-2024,SESS903185,Google,Tablet,Website Visit,Skincare,448515
868313,530968,16-08-2024,SESS903185,Google,Tablet,Product View,Skincare,448515
835549,530968,16-08-2024,SESS903185,Google,Tablet,Add to Cart,Skincare,448515
835551,530968,16-08-2024,SESS903185,Google,Tablet,Checkout Started,Skincare,448515
868319,530968,16-08-2024,SESS903185,Google,Tablet,Purchase,Skincare,448515
802785,527535,02-07-2025,SESS903186,Referral,Mobile,Website Visit,Haircare,437086
868323,594329,01-07-2024,SESS903187,Instagram,Mobile,Website Visit,Skincare,405867
802787,594329,01-07-2024,SESS903187,Instagram,Mobile,Product View,Skincare,405867
802790,594329,01-07-2024,SESS903187,Instagram,Mobile,Add to Cart,Skincare,405867
868327,592995,10-06-2024,SESS903188,Google,Desktop,Website Visit,Colour Cosmetics,410081
835558,592995,10-06-2024,SESS903188,Google,Desktop,Product View,Colour Cosmetics,410081
802795,579818,29-10-2024,SESS903189,Instagram,Mobile,Website Visit,Skincare,
802796,540319,26-06-2024,SESS903190,Influencer,Mobile,Website Visit,Skincare,416586
802797,540319,26-06-2024,SESS903190,Influencer,Mobile,Product View,Colour Cosmetics,416586
802800,503390,08-10-2025,SESS903191,Organic Search,Mobile,Website Visit,Haircare,484510
868337,503390,08-10-2025,SESS903191,Organic Search,Mobile,Product View,Haircare,484510
835570,503390,08-10-2025,SESS903191,Organic Search,Mobile,Add to Cart,Haircare,484510
802803,576556,23-11-2025,SESS903192,Instagram,Mobile,Website Visit,Skincare,492837
868341,576556,23-11-2025,SESS903192,Instagram,Mobile,Product View,Skincare,492837
868342,586474,17-07-2024,SESS903193,Google,Mobile,Website Visit,Colour Cosmetics,433089
868343,586474,17-07-2024,SESS903193,Google,Mobile,Product View,Skincare,433089
802809,504018,29-05-2024,SESS903194,Marketplace,Desktop,Website Visit,Colour Cosmetics,
835577,504018,29-05-2024,SESS903194,Marketplace,Desktop,Product View,Colour Cosmetics,
802810,549009,02-06-2024,SESS903195,Organic Search,Mobile,Website Visit,Colour Cosmetics,466062
802813,511003,09-05-2025,SESS903196,Instagram,Tablet,Website Visit,Colour Cosmetics,
868350,511003,09-05-2025,SESS903196,Instagram,Tablet,Product View,Colour Cosmetics,
868355,517176,25-11-2024,SESS903197,Referral,Mobile,Website Visit,Colour Cosmetics,
802822,517176,25-11-2024,SESS903197,Referral,Mobile,Product View,Haircare,
835591,586951,18-01-2024,SESS903198,Influencer,Mobile,Website Visit,Skincare,484510
835590,561694,23-11-2024,SESS903199,Instagram,Desktop,Website Visit,Skincare,
868363,561694,23-11-2024,SESS903199,Instagram,Desktop,Product View,Skincare,
835596,561694,23-11-2024,SESS903199,Instagram,Desktop,Add to Cart,Skincare,
802830,561694,23-11-2024,SESS903199,Instagram,Desktop,Checkout Started,Colour Cosmetics,
835600,561694,23-11-2024,SESS903199,Instagram,Desktop,Purchase,Colour Cosmetics,
835610,508968,04-11-2024,SESS903200,Influencer,Mobile,Website Visit,Haircare,
868378,533386,26-02-2024,SESS903201,Instagram,Mobile,Website Visit,Skincare,
835617,533386,26-02-2024,SESS903201,Instagram,Mobile,Product View,Skincare,
802849,533386,26-02-2024,SESS903201,Instagram,Mobile,Add to Cart,Skincare,
802851,533386,26-02-2024,SESS903201,Instagram,Mobile,Checkout Started,Skincare,
835627,533386,26-02-2024,SESS903201,Instagram,Mobile,Purchase,Haircare,
835628,584239,13-07-2025,SESS903202,Organic Search,Desktop,Website Visit,Skincare,
802864,584239,13-07-2025,SESS903202,Organic Search,Desktop,Product View,Skincare,
835634,584239,13-07-2025,SESS903202,Organic Search,Desktop,Add to Cart,Skincare,
802868,584239,13-07-2025,SESS903202,Organic Search,Desktop,Checkout Started,Skincare,
802870,526111,02-04-2024,SESS903203,Influencer,Desktop,Website Visit,Haircare,423132
868410,520308,05-10-2024,SESS903204,Google,Mobile,Website Visit,Haircare,
868411,529041,30-04-2024,SESS903205,Influencer,Tablet,Website Visit,Colour Cosmetics,463122
802877,529041,30-04-2024,SESS903205,Influencer,Tablet,Product View,Haircare,463122
868415,559048,12-09-2025,SESS903206,Marketplace,Mobile,Website Visit,Skincare,473151
802880,559048,12-09-2025,SESS903206,Marketplace,Mobile,Product View,Skincare,473151
835650,559048,12-09-2025,SESS903206,Marketplace,Mobile,Add to Cart,Skincare,473151
868420,559048,12-09-2025,SESS903206,Marketplace,Mobile,Checkout Started,Skincare,473151
835654,559048,12-09-2025,SESS903206,Marketplace,Mobile,Purchase,Haircare,473151
802888,543515,14-09-2025,SESS903207,Organic Search,Mobile,Website Visit,Haircare,
868425,515058,31-08-2025,SESS903208,Instagram,Tablet,Website Visit,Skincare,
835659,515058,31-08-2025,SESS903208,Instagram,Tablet,Product View,Skincare,
835663,586752,16-12-2024,SESS903209,Google,Mobile,Website Visit,Skincare,
868439,586752,16-12-2024,SESS903209,Google,Mobile,Product View,Skincare,
835673,557199,07-07-2024,SESS903210,Google,Mobile,Website Visit,Colour Cosmetics,418813
868442,557199,07-07-2024,SESS903210,Google,Mobile,Product View,Colour Cosmetics,418813
802906,557199,07-07-2024,SESS903210,Google,Mobile,Add to Cart,Colour Cosmetics,418813
868446,557199,07-07-2024,SESS903210,Google,Mobile,Checkout Started,Colour Cosmetics,418813
835679,573526,30-09-2024,SESS903211,Organic Search,Desktop,Website Visit,Colour Cosmetics,415565
802912,564032,12-10-2024,SESS903212,Instagram,Mobile,Website Visit,Colour Cosmetics,406955
868447,534675,23-07-2025,SESS903213,Offline Store,Tablet,Website Visit,Colour Cosmetics,492273
835681,589928,01-05-2025,SESS903214,Instagram,Tablet,Website Visit,Colour Cosmetics,481455
868451,589928,01-05-2025,SESS903214,Instagram,Tablet,Product View,Colour Cosmetics,481455
868460,589928,01-05-2025,SESS903214,Instagram,Tablet,Add to Cart,Colour Cosmetics,481455
835696,532780,02-05-2025,SESS903215,Organic Search,Mobile,Website Visit,Colour Cosmetics,
802929,532780,02-05-2025,SESS903215,Organic Search,Mobile,Product View,Skincare,
802930,532780,02-05-2025,SESS903215,Organic Search,Mobile,Add to Cart,Haircare,
868477,558743,29-11-2025,SESS903216,Marketplace,Desktop,Website Visit,Skincare,406955
835710,542219,18-05-2025,SESS903217,Instagram,Mobile,Website Visit,Skincare,
868484,542219,18-05-2025,SESS903217,Instagram,Mobile,Product View,Colour Cosmetics,
835717,542219,18-05-2025,SESS903217,Instagram,Mobile,Add to Cart,Skincare,
835721,598885,21-03-2024,SESS903218,Offline Store,Mobile,Website Visit,Colour Cosmetics,
802954,520028,09-06-2025,SESS903219,Influencer,Mobile,Website Visit,Colour Cosmetics,
835725,520028,09-06-2025,SESS903219,Influencer,Mobile,Product View,Skincare,
868494,555444,17-05-2025,SESS903220,Influencer,Mobile,Website Visit,Skincare,471327
835727,509329,25-08-2025,SESS903221,Instagram,Mobile,Website Visit,Haircare,417878
868496,509329,25-08-2025,SESS903221,Instagram,Mobile,Product View,Haircare,417878
868501,509329,25-08-2025,SESS903221,Instagram,Mobile,Add to Cart,Haircare,417878
835738,536585,29-08-2025,SESS903222,Referral,Mobile,Website Visit,Skincare,
868507,536585,29-08-2025,SESS903222,Referral,Mobile,Product View,Skincare,
802972,518537,22-03-2024,SESS903223,Instagram,Mobile,Website Visit,Colour Cosmetics,
835744,518537,22-03-2024,SESS903223,Instagram,Mobile,Product View,Colour Cosmetics,
868513,518537,22-03-2024,SESS903223,Instagram,Mobile,Add to Cart,Colour Cosmetics,
802981,545890,03-08-2025,SESS903224,Marketplace,Mobile,Website Visit,Colour Cosmetics,473870
835750,545890,03-08-2025,SESS903224,Marketplace,Mobile,Product View,Colour Cosmetics,473870
868520,510745,15-08-2025,SESS903225,Offline Store,Desktop,Website Visit,Colour Cosmetics,463612
835755,510745,15-08-2025,SESS903225,Offline Store,Desktop,Product View,Haircare,463612
835761,559459,19-02-2024,SESS903226,Google,Mobile,Website Visit,Skincare,476238
868531,559459,19-02-2024,SESS903226,Google,Mobile,Product View,Haircare,476238
835765,559459,19-02-2024,SESS903226,Google,Mobile,Add to Cart,Skincare,476238
835766,559459,19-02-2024,SESS903226,Google,Mobile,Checkout Started,Skincare,476238
802998,559459,19-02-2024,SESS903226,Google,Mobile,Purchase,Skincare,476238
802997,567952,30-01-2024,SESS903227,Referral,Mobile,Website Visit,Haircare,488400
835767,567952,30-01-2024,SESS903227,Referral,Mobile,Product View,Haircare,488400
803003,567952,30-01-2024,SESS903227,Referral,Mobile,Add to Cart,Haircare,488400
835783,545508,02-01-2024,SESS903228,Marketplace,Mobile,Website Visit,Skincare,419863
803017,545508,02-01-2024,SESS903228,Marketplace,Mobile,Product View,Haircare,419863
803022,545508,02-01-2024,SESS903228,Marketplace,Mobile,Add to Cart,Skincare,419863
835794,545508,02-01-2024,SESS903228,Marketplace,Mobile,Checkout Started,Haircare,419863
835803,545508,02-01-2024,SESS903228,Marketplace,Mobile,Purchase,Skincare,419863
868574,582719,15-08-2025,SESS903229,Instagram,Mobile,Website Visit,Colour Cosmetics,433381
803039,582719,15-08-2025,SESS903229,Instagram,Mobile,Product View,Colour Cosmetics,433381
803040,571200,14-10-2025,SESS903230,Instagram,Mobile,Website Visit,Colour Cosmetics,
803041,549672,04-03-2024,SESS903231,Instagram,Mobile,Website Visit,Skincare,433381
835811,549672,04-03-2024,SESS903231,Instagram,Mobile,Product View,Skincare,433381
803044,559245,15-09-2024,SESS903232,Referral,Mobile,Website Visit,Skincare,
803043,559245,15-09-2024,SESS903232,Referral,Mobile,Product View,Skincare,
868581,559245,15-09-2024,SESS903232,Referral,Mobile,Add to Cart,Skincare,
835812,561462,14-11-2025,SESS903233,Google,Desktop,Website Visit,Skincare,
868584,561462,14-11-2025,SESS903233,Google,Desktop,Product View,Haircare,
803054,517176,04-02-2024,SESS903234,Referral,Mobile,Website Visit,Colour Cosmetics,484510
868592,517176,04-02-2024,SESS903234,Referral,Mobile,Product View,Colour Cosmetics,484510
835825,517176,04-02-2024,SESS903234,Referral,Mobile,Add to Cart,Colour Cosmetics,484510
803058,556370,03-10-2025,SESS903235,Organic Search,Mobile,Website Visit,Skincare,
803060,564340,17-04-2024,SESS903236,Offline Store,Mobile,Website Visit,Skincare,455343
835830,564340,17-04-2024,SESS903236,Offline Store,Mobile,Product View,Skincare,455343
868602,564340,17-04-2024,SESS903236,Offline Store,Mobile,Add to Cart,Skincare,455343
868607,535018,27-10-2024,SESS903237,Marketplace,Mobile,Website Visit,Skincare,
803077,535018,27-10-2024,SESS903237,Marketplace,Mobile,Product View,Skincare,
803079,535018,27-10-2024,SESS903237,Marketplace,Mobile,Add to Cart,Skincare,
868616,535018,27-10-2024,SESS903237,Marketplace,Mobile,Checkout Started,Skincare,
803081,535018,27-10-2024,SESS903237,Marketplace,Unknown,Purchase,Skincare,
835849,599680,16-07-2025,SESS903238,Influencer,Mobile,Website Visit,Colour Cosmetics,400060
803091,599680,16-07-2025,SESS903238,Influencer,Mobile,Product View,Colour Cosmetics,400060
835860,599680,16-07-2025,SESS903238,Influencer,Unknown,Add to Cart,Colour Cosmetics,400060
803098,599680,16-07-2025,SESS903238,Influencer,Mobile,Checkout Started,Colour Cosmetics,400060
835874,599680,16-07-2025,SESS903238,Influencer,Mobile,Purchase,Colour Cosmetics,400060
868644,516932,19-02-2025,SESS903239,Instagram,Desktop,Website Visit,Haircare,411691
803110,516932,19-02-2025,SESS903239,Instagram,Desktop,Product View,Haircare,411691
835879,519080,25-09-2025,SESS903240,Instagram,Desktop,Website Visit,Skincare,
835880,519142,26-03-2024,SESS903241,Influencer,Mobile,Website Visit,Colour Cosmetics,
803119,519142,26-03-2024,SESS903241,Influencer,Mobile,Product View,Colour Cosmetics,
868662,542992,01-11-2024,SESS903242,Influencer,Mobile,Website Visit,Skincare,498427
835895,542992,01-11-2024,SESS903242,Influencer,Mobile,Product View,Skincare,498427
835896,557422,21-01-2024,SESS903243,Instagram,Tablet,Website Visit,Colour Cosmetics,474806
868665,557422,21-01-2024,SESS903243,Instagram,Tablet,Product View,Colour Cosmetics,474806
803128,557422,21-01-2024,SESS903243,Instagram,Tablet,Add to Cart,Colour Cosmetics,474806
835897,557422,21-01-2024,SESS903243,Instagram,Tablet,Checkout Started,Colour Cosmetics,474806
803141,557422,21-01-2024,SESS903243,Instagram,Tablet,Purchase,Colour Cosmetics,474806
868683,503248,20-04-2025,SESS903244,Google,Desktop,Website Visit,Skincare,
835917,503248,20-04-2025,SESS903244,Google,Desktop,Product View,Colour Cosmetics,
835918,503248,20-04-2025,SESS903244,Google,Desktop,Add to Cart,Skincare,
803153,565836,15-04-2024,SESS903245,Organic Search,Desktop,Website Visit,Skincare,483731
835924,565836,15-04-2024,SESS903245,Organic Search,Desktop,Product View,Colour Cosmetics,483731
835925,505075,08-04-2025,SESS903246,Organic Search,Desktop,Website Visit,Skincare,
803161,505075,08-04-2025,SESS903246,Organic Search,Desktop,Product View,Skincare,
868704,505075,08-04-2025,SESS903246,Organic Search,Desktop,Add to Cart,Skincare,
835937,505075,08-04-2025,SESS903246,Organic Search,Desktop,Checkout Started,Skincare,
835942,594540,29-06-2025,SESS903247,Organic Search,Mobile,Website Visit,Haircare,489502
835953,589364,12-02-2024,SESS903248,Marketplace,Mobile,Website Visit,Skincare,
868722,589364,12-02-2024,SESS903248,Marketplace,Mobile,Product View,Skincare,
868730,537346,09-05-2024,SESS903249,Google,Mobile,Website Visit,Colour Cosmetics,
835965,537346,09-05-2024,SESS903249,Google,Mobile,Product View,Colour Cosmetics,
803200,579516,22-05-2024,SESS903250,Google,Mobile,Website Visit,Colour Cosmetics,479647
835971,592435,05-05-2024,SESS903251,Google,Tablet,Website Visit,Skincare,454313
868741,583507,28-03-2024,SESS903252,Offline Store,Mobile,Website Visit,Skincare,
868742,583507,28-03-2024,SESS903252,Offline Store,Mobile,Product View,Haircare,
868744,515129,14-01-2024,SESS903253,Offline Store,Desktop,Website Visit,Haircare,
868745,515129,14-01-2024,SESS903253,Offline Store,Desktop,Product View,Haircare,
868746,515129,14-01-2024,SESS903253,Offline Store,Desktop,Add to Cart,Haircare,
803211,515129,14-01-2024,SESS903253,Offline Store,Desktop,Checkout Started,Haircare,
803212,515129,14-01-2024,SESS903253,Offline Store,Desktop,Purchase,Haircare,
803213,569013,20-11-2025,SESS903254,Instagram,Mobile,Website Visit,Skincare,
868748,569013,20-11-2025,SESS903254,Instagram,Mobile,Product View,Colour Cosmetics,
835980,514871,03-03-2025,SESS903255,Google,Desktop,Website Visit,Colour Cosmetics,430394
835985,514871,03-03-2025,SESS903255,Google,Desktop,Product View,Haircare,430394
868761,575465,30-05-2025,SESS903256,Instagram,Mobile,Website Visit,Skincare,497553
835994,559614,04-12-2024,SESS903257,Instagram,Mobile,Website Visit,Skincare,
835993,559614,04-12-2024,SESS903257,Instagram,Mobile,Product View,Skincare,
803228,559614,04-12-2024,SESS903257,Instagram,Mobile,Add to Cart,Skincare,
803227,590023,08-10-2024,SESS903258,Organic Search,Mobile,Website Visit,Haircare,463919
835999,511104,17-11-2025,SESS903259,Google,Tablet,Website Visit,Colour Cosmetics,
868768,511104,17-11-2025,SESS903259,Google,Tablet,Product View,Colour Cosmetics,
868769,511104,17-11-2025,SESS903259,Google,Tablet,Add to Cart,Colour Cosmetics,
868770,550205,13-05-2025,SESS903260,Google,Mobile,Website Visit,Skincare,
836005,550205,13-05-2025,SESS903260,Google,Mobile,Product View,Colour Cosmetics,
836006,510308,19-08-2024,SESS903261,Instagram,Mobile,Website Visit,Skincare,497049
868777,510308,19-08-2024,SESS903261,Instagram,Mobile,Product View,Colour Cosmetics,497049
803241,572264,23-12-2024,SESS903262,Offline Store,Desktop,Website Visit,Colour Cosmetics,
803252,572264,23-12-2024,SESS903262,Offline Store,Desktop,Product View,Colour Cosmetics,
836026,568327,14-07-2024,SESS903263,Instagram,Desktop,Website Visit,Colour Cosmetics,
803259,568327,14-07-2024,SESS903263,Instagram,Desktop,Product View,Skincare,
868796,555296,11-03-2025,SESS903264,Referral,Mobile,Website Visit,Colour Cosmetics,
803261,560552,12-12-2024,SESS903265,Instagram,Mobile,Website Visit,Colour Cosmetics,
803262,510693,20-04-2024,SESS903266,Google,Mobile,Website Visit,Colour Cosmetics,484510
803274,510693,20-04-2024,SESS903266,Google,Mobile,Product View,Colour Cosmetics,484510
868815,546179,15-03-2025,SESS903267,Referral,Desktop,Website Visit,Skincare,453161
868818,546179,15-03-2025,SESS903267,Referral,Desktop,Product View,Skincare,453161
803285,546179,15-03-2025,SESS903267,Referral,Desktop,Add to Cart,Skincare,453161
803286,546179,15-03-2025,SESS903267,Referral,Desktop,Checkout Started,Skincare,453161
836059,546179,15-03-2025,SESS903267,Referral,Desktop,Purchase,Skincare,453161
836062,513154,08-05-2024,SESS903268,Instagram,Mobile,Website Visit,Skincare,
868832,513154,08-05-2024,SESS903268,Instagram,Mobile,Product View,Skincare,
836064,513154,08-05-2024,SESS903268,Instagram,Mobile,Add to Cart,Skincare,
868836,513154,08-05-2024,SESS903268,Instagram,Mobile,Checkout Started,Skincare,
868841,530007,05-03-2025,SESS903269,Google,Mobile,Website Visit,Haircare,
868843,530007,05-03-2025,SESS903269,Google,Mobile,Product View,Skincare,
868844,530007,05-03-2025,SESS903269,Google,Mobile,Add to Cart,Haircare,
868846,515012,25-08-2025,SESS903270,Google,Mobile,Website Visit,Haircare,
868848,515012,25-08-2025,SESS903270,Google,Mobile,Product View,Haircare,
836082,515012,25-08-2025,SESS903270,Google,Mobile,Add to Cart,Haircare,
803315,515012,25-08-2025,SESS903270,Google,Mobile,Checkout Started,Haircare,
868850,515012,25-08-2025,SESS903270,Google,Mobile,Purchase,Haircare,
868858,519194,12-09-2025,SESS903271,Instagram,Mobile,Website Visit,Haircare,400060
836092,519194,12-09-2025,SESS903271,Instagram,Mobile,Product View,Haircare,400060
803326,553845,11-04-2024,SESS903272,Influencer,Mobile,Website Visit,Colour Cosmetics,
836095,553845,11-04-2024,SESS903272,Influencer,Mobile,Product View,Colour Cosmetics,
836096,572309,29-08-2025,SESS903273,Instagram,Mobile,Website Visit,Colour Cosmetics,497049
836098,572309,29-08-2025,SESS903273,Instagram,Mobile,Product View,Colour Cosmetics,497049
836099,591655,22-08-2025,SESS903274,Organic Search,Mobile,Website Visit,Colour Cosmetics,424613
868868,591655,22-08-2025,SESS903274,Organic Search,Mobile,Product View,Colour Cosmetics,424613
868869,572512,29-01-2025,SESS903275,Google,Desktop,Website Visit,Colour Cosmetics,476695
836105,534237,28-03-2025,SESS903276,Instagram,Mobile,Website Visit,Colour Cosmetics,
836106,506826,21-08-2024,SESS903277,Google,Mobile,Website Visit,Skincare,426724
803339,506826,21-08-2024,SESS903277,Google,Mobile,Product View,Colour Cosmetics,426724
803337,516505,13-09-2024,SESS903278,Influencer,Mobile,Website Visit,Haircare,445210
803342,503804,09-03-2024,SESS903279,Influencer,Mobile,Website Visit,Colour Cosmetics,439826
803343,503804,09-03-2024,SESS903279,Influencer,Mobile,Product View,Colour Cosmetics,439826
836114,503804,09-03-2024,SESS903279,Influencer,Mobile,Add to Cart,Colour Cosmetics,439826
868885,503804,09-03-2024,SESS903279,Influencer,Mobile,Checkout Started,Colour Cosmetics,439826
868889,503804,09-03-2024,SESS903279,Influencer,Mobile,Purchase,Colour Cosmetics,439826
803355,512021,06-06-2025,SESS903280,Marketplace,Desktop,Website Visit,Skincare,
868893,512021,06-06-2025,SESS903280,Marketplace,Desktop,Product View,Skincare,
803359,512021,06-06-2025,SESS903280,Marketplace,Desktop,Add to Cart,Skincare,
868898,512021,06-06-2025,SESS903280,Marketplace,Desktop,Checkout Started,Skincare,
803366,512021,06-06-2025,SESS903280,Marketplace,Desktop,Purchase,Skincare,
868904,566543,11-12-2025,SESS903281,Organic Search,Mobile,Website Visit,Colour Cosmetics,406955
836136,569827,24-02-2025,SESS903282,Google,Mobile,Website Visit,Skincare,
868911,594481,11-05-2025,SESS903283,Instagram,Mobile,Website Visit,Skincare,427155
803385,594481,11-05-2025,SESS903283,Instagram,Mobile,Product View,Colour Cosmetics,427155
803387,594481,11-05-2025,SESS903283,Instagram,Mobile,Add to Cart,Colour Cosmetics,427155
803391,557377,30-07-2025,SESS903284,Instagram,Mobile,Website Visit,Colour Cosmetics,
836165,557377,30-07-2025,SESS903284,Instagram,Mobile,Product View,Colour Cosmetics,
836168,546346,15-01-2024,SESS903285,Influencer,Mobile,Website Visit,Colour Cosmetics,481455
868937,546346,15-01-2024,SESS903285,Influencer,Mobile,Product View,Haircare,481455
836174,546346,15-01-2024,SESS903285,Influencer,Mobile,Add to Cart,Colour Cosmetics,481455
803408,519358,30-12-2025,SESS903286,Offline Store,Mobile,Website Visit,Colour Cosmetics,498427
836181,556498,26-08-2025,SESS903287,Instagram,Mobile,Website Visit,Skincare,405472
836187,556498,26-08-2025,SESS903287,Instagram,Mobile,Product View,Skincare,405472
803423,503248,19-06-2025,SESS903288,Google,Unknown,Website Visit,Skincare,496480
803425,503248,19-06-2025,SESS903288,Google,Desktop,Product View,Skincare,496480
868962,516544,26-10-2024,SESS903289,Referral,Mobile,Website Visit,Skincare,
803426,516544,26-10-2024,SESS903289,Referral,Mobile,Product View,Skincare,
803429,516544,26-10-2024,SESS903289,Referral,Mobile,Add to Cart,Skincare,
868974,516544,26-10-2024,SESS903289,Referral,Mobile,Checkout Started,Skincare,
836208,514662,13-08-2024,SESS903290,Google,Desktop,Website Visit,Skincare,448515
868978,505817,19-05-2025,SESS903291,Referral,Mobile,Website Visit,Colour Cosmetics,405392
803442,505817,19-05-2025,SESS903291,Referral,Mobile,Product View,Haircare,405392
803444,506522,22-12-2024,SESS903292,Instagram,Mobile,Website Visit,Haircare,
836213,506522,22-12-2024,SESS903292,Instagram,Mobile,Product View,Haircare,
836217,585990,23-05-2025,SESS903293,Marketplace,Mobile,Website Visit,Colour Cosmetics,
803450,585990,23-05-2025,SESS903293,Marketplace,Mobile,Product View,Colour Cosmetics,
803452,585990,23-05-2025,SESS903293,Marketplace,Mobile,Add to Cart,Colour Cosmetics,
836221,585990,23-05-2025,SESS903293,Marketplace,Mobile,Checkout Started,Colour Cosmetics,
803457,555771,10-09-2025,SESS903294,Google,Mobile,Website Visit,Colour Cosmetics,
868993,555771,10-09-2025,SESS903294,Google,Mobile,Product View,Skincare,
868994,574928,06-12-2024,SESS903295,Instagram,Mobile,Website Visit,Haircare,
803459,574928,06-12-2024,SESS903295,Instagram,Mobile,Product View,Colour Cosmetics,
868999,535720,27-10-2024,SESS903296,Google,Desktop,Website Visit,Skincare,
836232,535720,27-10-2024,SESS903296,Google,Desktop,Product View,Colour Cosmetics,
836234,571066,20-04-2025,SESS903297,Influencer,Mobile,Website Visit,Skincare,492044
869005,557898,24-10-2025,SESS903298,Instagram,Mobile,Website Visit,Colour Cosmetics,403690
836239,557898,24-10-2025,SESS903298,Instagram,Mobile,Product View,Colour Cosmetics,403690
869008,578697,08-03-2024,SESS903299,Marketplace,Tablet,Website Visit,Skincare,
803475,578697,08-03-2024,SESS903299,Marketplace,Tablet,Product View,Skincare,
836246,576569,01-07-2025,SESS903300,Instagram,Desktop,Website Visit,Skincare,
803482,576569,01-07-2025,SESS903300,Instagram,Desktop,Product View,Colour Cosmetics,
803484,576569,01-07-2025,SESS903300,Instagram,Desktop,Add to Cart,Colour Cosmetics,
803485,576569,01-07-2025,SESS903300,Instagram,Desktop,Checkout Started,Colour Cosmetics,
836256,576569,01-07-2025,SESS903300,Instagram,Desktop,Purchase,Colour Cosmetics,
803489,521643,20-01-2025,SESS903301,Instagram,Mobile,Website Visit,Skincare,
836259,553264,17-01-2025,SESS903302,Instagram,Desktop,Website Visit,Colour Cosmetics,
869028,506658,05-06-2025,SESS903303,Google,Mobile,Website Visit,Colour Cosmetics,473590
836260,566507,05-01-2024,SESS903304,Google,Mobile,Website Visit,Skincare,441065
869032,555057,23-12-2025,SESS903305,Instagram,Mobile,Website Visit,Haircare,445210
836265,555057,23-12-2025,SESS903305,Instagram,Mobile,Product View,Skincare,445210
869037,567000,16-02-2024,SESS903306,Google,Desktop,Website Visit,Colour Cosmetics,441642
869039,567000,16-02-2024,SESS903306,Google,Desktop,Product View,Colour Cosmetics,441642
869041,570855,13-11-2024,SESS903307,Instagram,Mobile,Website Visit,Haircare,463122
803506,570855,13-11-2024,SESS903307,Instagram,Mobile,Product View,Colour Cosmetics,463122
836275,570855,13-11-2024,SESS903307,Instagram,Mobile,Add to Cart,Colour Cosmetics,463122
803514,554935,01-09-2024,SESS903308,Referral,Desktop,Website Visit,Colour Cosmetics,
803526,533491,03-01-2025,SESS903309,Instagram,Mobile,Website Visit,Skincare,426192
836301,564038,28-06-2025,SESS903310,Google,Mobile,Website Visit,Colour Cosmetics,
869072,564038,28-06-2025,SESS903310,Google,Mobile,Product View,Skincare,
803541,564038,28-06-2025,SESS903310,Google,Mobile,Add to Cart,Skincare,
836310,540319,31-10-2024,SESS903311,Influencer,Mobile,Website Visit,Skincare,411691
869078,540319,31-10-2024,SESS903311,Influencer,Mobile,Product View,Skincare,411691
836311,557939,15-05-2024,SESS903312,Referral,Mobile,Website Visit,Skincare,406427
836309,509359,08-02-2024,SESS903313,Instagram,Mobile,Website Visit,Skincare,486746
803548,541467,29-06-2025,SESS903314,Organic Search,Desktop,Website Visit,Skincare,491749
803549,583611,09-08-2025,SESS903315,Google,Mobile,Website Visit,Colour Cosmetics,471307
869089,583611,09-08-2025,SESS903315,Google,Mobile,Product View,Colour Cosmetics,471307
836344,541436,03-06-2024,SESS903316,Instagram,Mobile,Website Visit,Haircare,410081
869114,541436,03-06-2024,SESS903316,Instagram,Mobile,Product View,Colour Cosmetics,410081
803597,515194,26-05-2024,SESS903317,Influencer,Desktop,Website Visit,Skincare,
836366,515194,26-05-2024,SESS903317,Influencer,Desktop,Product View,Skincare,
836371,599901,12-11-2025,SESS903318,Instagram,Desktop,Website Visit,Skincare,408391
803606,599901,12-11-2025,SESS903318,Instagram,Desktop,Product View,Skincare,408391
836375,599901,12-11-2025,SESS903318,Instagram,Desktop,Add to Cart,Colour Cosmetics,408391
869143,599901,12-11-2025,SESS903318,Instagram,Desktop,Checkout Started,Colour Cosmetics,408391
869149,599901,12-11-2025,SESS903318,Instagram,Desktop,Purchase,Skincare,408391
836383,569615,26-06-2024,SESS903319,Organic Search,Mobile,Website Visit,Skincare,453161
803616,569615,26-06-2024,SESS903319,Organic Search,Mobile,Product View,Skincare,453161
803618,515096,16-07-2024,SESS903320,Marketplace,Mobile,Website Visit,Skincare,
836388,515096,16-07-2024,SESS903320,Marketplace,Mobile,Product View,Skincare,
869169,552098,12-08-2024,SESS903321,Marketplace,Mobile,Website Visit,Haircare,476695
836406,552098,12-08-2024,SESS903321,Marketplace,Mobile,Product View,Haircare,476695
869174,542906,10-08-2025,SESS903322,Instagram,Desktop,Website Visit,Skincare,
869183,504852,03-10-2025,SESS903323,Marketplace,Tablet,Website Visit,Skincare,431861
869184,504852,03-10-2025,SESS903323,Marketplace,Tablet,Product View,Skincare,431861
869187,530771,25-04-2024,SESS903324,Influencer,Mobile,Website Visit,Skincare,
803655,530771,25-04-2024,SESS903324,Influencer,Mobile,Product View,Skincare,
803658,541505,15-01-2024,SESS903325,Instagram,Desktop,Website Visit,Colour Cosmetics,
869195,541505,15-01-2024,SESS903325,Instagram,Desktop,Product View,Colour Cosmetics,
803664,511836,10-05-2025,SESS903326,Influencer,Mobile,Website Visit,Haircare,480372
869205,511836,10-05-2025,SESS903326,Influencer,Mobile,Product View,Haircare,480372
836440,511836,10-05-2025,SESS903326,Influencer,Mobile,Add to Cart,Haircare,480372
836443,554935,05-01-2024,SESS903327,Referral,Mobile,Website Visit,Colour Cosmetics,
836444,554935,05-01-2024,SESS903327,Referral,Mobile,Product View,Colour Cosmetics,
803675,550940,30-10-2024,SESS903328,Instagram,Mobile,Website Visit,Colour Cosmetics,480858
803676,584659,06-03-2025,SESS903329,Instagram,Desktop,Website Visit,Haircare,
803678,541359,06-12-2024,SESS903330,Instagram,Desktop,Website Visit,Haircare,454313
836449,511053,16-08-2025,SESS903331,Offline Store,Mobile,Website Visit,Skincare,
803682,596851,27-11-2025,SESS903332,Instagram,Mobile,Website Visit,Colour Cosmetics,
836451,596851,27-11-2025,SESS903332,Instagram,Mobile,Product View,Colour Cosmetics,
869225,596851,27-11-2025,SESS903332,Instagram,Mobile,Add to Cart,Colour Cosmetics,
803689,596851,27-11-2025,SESS903332,Instagram,Mobile,Checkout Started,Colour Cosmetics,
869227,501934,05-11-2025,SESS903333,Organic Search,Desktop,Website Visit,Colour Cosmetics,
836459,501934,05-11-2025,SESS903333,Organic Search,Desktop,Product View,Colour Cosmetics,
869229,501934,05-11-2025,SESS903333,Organic Search,Desktop,Add to Cart,Colour Cosmetics,
869237,508799,02-03-2025,SESS903334,Organic Search,Mobile,Website Visit,Skincare,
869239,508799,02-03-2025,SESS903334,Organic Search,Mobile,Product View,Skincare,
836472,524983,21-04-2025,SESS903335,Offline Store,Mobile,Website Visit,Skincare,473870
803705,524983,21-04-2025,SESS903335,Offline Store,Mobile,Product View,Skincare,473870
803706,569942,02-05-2024,SESS903336,Influencer,Mobile,Website Visit,Colour Cosmetics,481953
869244,570457,28-07-2024,SESS903337,Referral,Desktop,Website Visit,Haircare,481006
836477,554287,08-02-2024,SESS903338,Instagram,Desktop,Website Visit,Colour Cosmetics,477009
869248,554287,08-02-2024,SESS903338,Instagram,Desktop,Product View,Colour Cosmetics,477009
869250,540404,05-01-2024,SESS903339,Instagram,Mobile,Website Visit,Colour Cosmetics,433381
836487,540404,05-01-2024,SESS903339,Instagram,Mobile,Product View,Colour Cosmetics,433381
803722,540404,05-01-2024,SESS903339,Instagram,Mobile,Add to Cart,Colour Cosmetics,433381
803724,540404,05-01-2024,SESS903339,Instagram,Mobile,Checkout Started,Colour Cosmetics,433381
869261,540404,05-01-2024,SESS903339,Instagram,Mobile,Purchase,Colour Cosmetics,433381
869262,592124,06-02-2025,SESS903340,Instagram,Mobile,Website Visit,Colour Cosmetics,
836495,592124,06-02-2025,SESS903340,Instagram,Mobile,Product View,Skincare,
803728,515014,22-12-2024,SESS903341,Influencer,Mobile,Website Visit,Haircare,438097
869266,515014,22-12-2024,SESS903341,Influencer,Mobile,Product View,Skincare,438097
803733,585437,18-10-2024,SESS903342,Instagram,Desktop,Website Visit,Skincare,
836503,522838,24-07-2025,SESS903343,Instagram,Tablet,Website Visit,Skincare,479647
803738,522838,24-07-2025,SESS903343,Instagram,Tablet,Product View,Skincare,479647
803739,560637,26-10-2024,SESS903344,Instagram,Mobile,Website Visit,Skincare,433648
869277,560637,26-10-2024,SESS903344,Instagram,Mobile,Product View,Skincare,433648
836512,520374,09-10-2025,SESS903345,Organic Search,Desktop,Website Visit,Colour Cosmetics,
803745,589166,17-12-2024,SESS903346,Marketplace,Mobile,Website Visit,Colour Cosmetics,
836516,589166,17-12-2024,SESS903346,Marketplace,Mobile,Product View,Colour Cosmetics,
836517,566768,28-09-2025,SESS903347,Referral,Unknown,Website Visit,Haircare,
803751,599503,19-01-2024,SESS903348,Organic Search,Desktop,Website Visit,Colour Cosmetics,418813
803755,599503,19-01-2024,SESS903348,Organic Search,Desktop,Product View,Haircare,418813
869294,599503,19-01-2024,SESS903348,Organic Search,Desktop,Add to Cart,Colour Cosmetics,418813
836529,509287,13-03-2024,SESS903349,Instagram,Mobile,Website Visit,Skincare,419863
803762,509862,22-05-2024,SESS903350,Referral,Desktop,Website Visit,Haircare,485929
869298,509862,22-05-2024,SESS903350,Referral,Desktop,Product View,Skincare,485929
836533,509862,22-05-2024,SESS903350,Referral,Desktop,Add to Cart,Colour Cosmetics,485929
803766,572684,13-12-2025,SESS903351,Influencer,Mobile,Website Visit,Haircare,473151
869311,572684,13-12-2025,SESS903351,Influencer,Mobile,Product View,Haircare,473151
836546,554524,08-03-2025,SESS903352,Instagram,Mobile,Website Visit,Colour Cosmetics,
803779,554524,08-03-2025,SESS903352,Instagram,Mobile,Product View,Colour Cosmetics,
803780,530947,07-01-2024,SESS903353,Instagram,Mobile,Website Visit,Skincare,417878
803784,516540,07-01-2025,SESS903354,Instagram,Desktop,Website Visit,Colour Cosmetics,489502
836554,516540,07-01-2025,SESS903354,Instagram,Desktop,Product View,Colour Cosmetics,489502
836559,575849,28-03-2024,SESS903355,Google,Mobile,Website Visit,Skincare,403658
869339,515129,21-10-2024,SESS903356,Offline Store,Mobile,Website Visit,Haircare,
869340,515129,21-10-2024,SESS903356,Offline Store,Mobile,Product View,Haircare,
836575,515129,21-10-2024,SESS903356,Offline Store,Mobile,Add to Cart,Haircare,
803808,513173,21-02-2024,SESS903357,Influencer,Mobile,Website Visit,Skincare,425635
803811,513173,21-02-2024,SESS903357,Influencer,Mobile,Product View,Skincare,425635
803813,532780,31-08-2024,SESS903358,Organic Search,Mobile,Website Visit,Skincare,
803814,532780,31-08-2024,SESS903358,Organic Search,Mobile,Product View,Skincare,
803818,596815,07-01-2024,SESS903359,Instagram,Mobile,Website Visit,Colour Cosmetics,486746
869355,556346,19-07-2024,SESS903360,Organic Search,Desktop,Website Visit,Colour Cosmetics,449380
869359,569822,13-04-2025,SESS903361,Organic Search,Mobile,Website Visit,Haircare,
836599,569822,13-04-2025,SESS903361,Organic Search,Mobile,Product View,Skincare,
803832,569822,13-04-2025,SESS903361,Organic Search,Mobile,Add to Cart,Colour Cosmetics,
803833,569822,13-04-2025,SESS903361,Organic Search,Mobile,Checkout Started,Skincare,
803836,569822,13-04-2025,SESS903361,Organic Search,Mobile,Purchase,Skincare,
836606,543207,21-04-2024,SESS903362,Instagram,Mobile,Website Visit,Colour Cosmetics,
869376,543207,21-04-2024,SESS903362,Instagram,Mobile,Product View,Colour Cosmetics,
836610,543207,21-04-2024,SESS903362,Instagram,Mobile,Add to Cart,Colour Cosmetics,
869379,543207,21-04-2024,SESS903362,Instagram,Mobile,Checkout Started,Colour Cosmetics,
836614,543207,21-04-2024,SESS903362,Instagram,Mobile,Purchase,Colour Cosmetics,
803847,561213,08-02-2024,SESS903363,Instagram,Desktop,Website Visit,Colour Cosmetics,
836621,523509,26-06-2025,SESS903364,Google,Tablet,Website Visit,Skincare,
869397,523509,26-06-2025,SESS903364,Google,Tablet,Product View,Skincare,
803863,522037,20-02-2025,SESS903365,Google,Mobile,Website Visit,Colour Cosmetics,
869401,509287,01-05-2024,SESS903366,Instagram,Mobile,Website Visit,Skincare,
836634,509287,01-05-2024,SESS903366,Instagram,Mobile,Product View,Skincare,
803871,565513,25-06-2024,SESS903367,Influencer,Mobile,Website Visit,Haircare,
836640,565513,25-06-2024,SESS903367,Influencer,Mobile,Product View,Haircare,
836643,524920,19-05-2025,SESS903368,Instagram,Mobile,Website Visit,Skincare,
803877,519773,12-02-2024,SESS903369,Referral,Mobile,Website Visit,Skincare,465408
803880,574766,24-03-2025,SESS903370,Google,Desktop,Website Visit,Haircare,474806
836651,574766,24-03-2025,SESS903370,Google,Desktop,Product View,Colour Cosmetics,474806
836652,500688,16-03-2025,SESS903371,Google,Mobile,Website Visit,Skincare,413440
836653,510682,06-02-2024,SESS903372,Marketplace,Mobile,Website Visit,Haircare,
803886,528080,04-09-2025,SESS903373,Google,Mobile,Website Visit,Colour Cosmetics,471307
836654,528080,04-09-2025,SESS903373,Google,Unknown,Product View,Colour Cosmetics,471307
836656,528080,04-09-2025,SESS903373,Google,Mobile,Add to Cart,Colour Cosmetics,471307
869423,528080,04-09-2025,SESS903373,Google,Mobile,Checkout Started,Colour Cosmetics,471307
869425,528080,04-09-2025,SESS903373,Google,Mobile,Purchase,Colour Cosmetics,471307
803895,591289,10-10-2025,SESS903374,Google,Desktop,Website Visit,Colour Cosmetics,415565
869434,591289,10-10-2025,SESS903374,Google,Desktop,Product View,Colour Cosmetics,415565
836668,535614,29-03-2025,SESS903375,Instagram,Desktop,Website Visit,Skincare,453161
836669,535614,29-03-2025,SESS903375,Instagram,Desktop,Product View,Haircare,453161
836670,535614,29-03-2025,SESS903375,Instagram,Desktop,Add to Cart,Haircare,453161
803908,535614,29-03-2025,SESS903375,Instagram,Desktop,Checkout Started,Haircare,453161
836677,535614,29-03-2025,SESS903375,Instagram,Desktop,Purchase,Haircare,453161
836678,514322,04-08-2024,SESS903376,Offline Store,Mobile,Website Visit,Skincare,437086
836676,514322,04-08-2024,SESS903376,Offline Store,Mobile,Product View,Skincare,437086
836682,557366,07-11-2025,SESS903377,Instagram,Mobile,Website Visit,Skincare,
803916,557366,07-11-2025,SESS903377,Instagram,Mobile,Product View,Skincare,
869454,511164,21-05-2025,SESS903378,Referral,Mobile,Website Visit,Haircare,429945
836687,511164,21-05-2025,SESS903378,Referral,Mobile,Product View,Skincare,429945
869458,547795,25-02-2024,SESS903379,Referral,Mobile,Website Visit,Skincare,
836690,558079,22-12-2025,SESS903380,Organic Search,Mobile,Website Visit,Skincare,
869460,531300,11-12-2025,SESS903381,Offline Store,Mobile,Website Visit,Colour Cosmetics,427621
836694,555176,14-01-2025,SESS903382,Google,Mobile,Website Visit,Skincare,
803926,589539,22-05-2024,SESS903383,Influencer,Mobile,Website Visit,Haircare,
836698,553545,11-12-2025,SESS903384,Organic Search,Mobile,Website Visit,Skincare,
836709,553545,11-12-2025,SESS903384,Organic Search,Mobile,Product View,Skincare,
803941,553545,11-12-2025,SESS903384,Organic Search,Mobile,Add to Cart,Skincare,
836710,553545,11-12-2025,SESS903384,Organic Search,Mobile,Checkout Started,Skincare,
836715,553545,11-12-2025,SESS903384,Organic Search,Mobile,Purchase,Skincare,
836719,572384,13-07-2025,SESS903385,Organic Search,Mobile,Website Visit,Colour Cosmetics,
836724,530007,03-04-2024,SESS903386,Google,Tablet,Website Visit,Colour Cosmetics,
869493,503201,23-08-2024,SESS903387,Instagram,Mobile,Website Visit,Colour Cosmetics,
836725,503201,23-08-2024,SESS903387,Instagram,Mobile,Product View,Colour Cosmetics,
869498,503201,23-08-2024,SESS903387,Instagram,Mobile,Add to Cart,Haircare,
869499,503201,23-08-2024,SESS903387,Instagram,Mobile,Checkout Started,Colour Cosmetics,
836734,503201,23-08-2024,SESS903387,Instagram,Mobile,Purchase,Colour Cosmetics,
836735,554008,22-03-2024,SESS903388,Marketplace,Mobile,Website Visit,Colour Cosmetics,462926
803968,554008,22-03-2024,SESS903388,Marketplace,Mobile,Product View,Colour Cosmetics,462926
869506,547472,31-12-2025,SESS903389,Influencer,Mobile,Website Visit,Colour Cosmetics,405867
803974,562402,09-09-2024,SESS903390,Instagram,Desktop,Website Visit,Skincare,
869515,562402,09-09-2024,SESS903390,Instagram,Desktop,Product View,Skincare,
869516,559914,17-06-2024,SESS903391,Organic Search,Desktop,Website Visit,Skincare,445539
803985,559914,17-06-2024,SESS903391,Organic Search,Desktop,Product View,Skincare,445539
803988,559914,17-06-2024,SESS903391,Organic Search,Desktop,Add to Cart,Skincare,445539
869526,559914,17-06-2024,SESS903391,Organic Search,Desktop,Checkout Started,Skincare,445539
803995,559914,17-06-2024,SESS903391,Organic Search,Desktop,Purchase,Skincare,445539
869533,579516,08-01-2024,SESS903392,Google,Mobile,Website Visit,Colour Cosmetics,479647
869534,579516,08-01-2024,SESS903392,Google,Mobile,Product View,Colour Cosmetics,479647
869536,513173,29-09-2025,SESS903393,Influencer,Desktop,Website Visit,Skincare,471327
804001,513173,29-09-2025,SESS903393,Influencer,Desktop,Product View,Colour Cosmetics,471327
836774,537938,11-11-2025,SESS903394,Organic Search,Desktop,Website Visit,Colour Cosmetics,406955
869544,537938,11-11-2025,SESS903394,Organic Search,Desktop,Product View,Colour Cosmetics,406955
836781,577924,25-06-2024,SESS903395,Instagram,Mobile,Website Visit,Haircare,405472
836782,577924,25-06-2024,SESS903395,Instagram,Mobile,Product View,Haircare,405472
804015,599061,18-07-2024,SESS903396,Marketplace,Mobile,Website Visit,Skincare,415565
869550,599061,18-07-2024,SESS903396,Marketplace,Mobile,Product View,Skincare,415565
869552,588188,29-01-2024,SESS903397,Google,Tablet,Website Visit,Skincare,
836786,532850,23-12-2025,SESS903398,Organic Search,Mobile,Website Visit,Haircare,441065
804019,532850,23-12-2025,SESS903398,Organic Search,Mobile,Product View,Skincare,441065
804028,543863,08-08-2024,SESS903399,Instagram,Desktop,Website Visit,Colour Cosmetics,424613
836797,543863,08-08-2024,SESS903399,Instagram,Desktop,Product View,Skincare,424613
836801,548870,12-06-2024,SESS903400,Instagram,Tablet,Website Visit,Skincare,
836803,564032,31-03-2024,SESS903401,Instagram,Mobile,Website Visit,Skincare,406427
869573,564032,31-03-2024,SESS903401,Instagram,Mobile,Product View,Colour Cosmetics,406427
869577,564032,31-03-2024,SESS903401,Instagram,Mobile,Add to Cart,Colour Cosmetics,406427
869579,579507,06-03-2025,SESS903402,Influencer,Mobile,Website Visit,Skincare,434464
836814,579507,06-03-2025,SESS903402,Influencer,Mobile,Product View,Skincare,434464
804047,579507,06-03-2025,SESS903402,Influencer,Mobile,Add to Cart,Skincare,434464
836816,579507,06-03-2025,SESS903402,Influencer,Mobile,Checkout Started,Skincare,434464
869590,579507,06-03-2025,SESS903402,Influencer,Mobile,Purchase,Skincare,434464
804057,538254,04-06-2024,SESS903403,Marketplace,Mobile,Website Visit,Skincare,
836827,538254,04-06-2024,SESS903403,Marketplace,Mobile,Product View,Skincare,
836828,538254,04-06-2024,SESS903403,Marketplace,Mobile,Add to Cart,Skincare,
804064,555872,22-02-2025,SESS903404,Google,Mobile,Website Visit,Skincare,
869610,555872,22-02-2025,SESS903404,Google,Mobile,Product View,Skincare,
804081,555872,22-02-2025,SESS903404,Google,Mobile,Add to Cart,Skincare,
869620,555872,22-02-2025,SESS903404,Google,Mobile,Checkout Started,Skincare,
804086,570261,24-12-2025,SESS903405,Google,Mobile,Website Visit,Haircare,416586
869628,529817,25-04-2024,SESS903406,Google,Desktop,Website Visit,Skincare,400060
804093,529817,25-04-2024,SESS903406,Google,Desktop,Product View,Colour Cosmetics,400060
836861,529817,25-04-2024,SESS903406,Google,Desktop,Add to Cart,Colour Cosmetics,400060
836863,529817,25-04-2024,SESS903406,Google,Desktop,Checkout Started,Colour Cosmetics,400060
869634,529817,25-04-2024,SESS903406,Google,Desktop,Purchase,Colour Cosmetics,400060
804100,514371,27-04-2025,SESS903407,Google,Mobile,Website Visit,Skincare,446351
804101,514371,27-04-2025,SESS903407,Google,Mobile,Product View,Skincare,446351
836868,549968,18-10-2024,SESS903408,Organic Search,Mobile,Website Visit,Skincare,438398
869637,549968,18-10-2024,SESS903408,Organic Search,Mobile,Product View,Skincare,438398
869638,537601,26-06-2025,SESS903409,Instagram,Mobile,Website Visit,Colour Cosmetics,485381
804108,537601,26-06-2025,SESS903409,Instagram,Mobile,Product View,Skincare,485381
836877,563335,10-03-2025,SESS903410,Offline Store,Mobile,Website Visit,Colour Cosmetics,441642
804112,535818,12-01-2025,SESS903411,Instagram,Mobile,Website Visit,Colour Cosmetics,439826
869649,535818,12-01-2025,SESS903411,Instagram,Mobile,Product View,Colour Cosmetics,439826
836888,535818,12-01-2025,SESS903411,Instagram,Mobile,Add to Cart,Colour Cosmetics,439826
836890,504852,21-05-2024,SESS903412,Marketplace,Mobile,Website Visit,Skincare,466062
804123,555444,05-05-2024,SESS903413,Influencer,Mobile,Website Visit,Colour Cosmetics,
869661,534973,26-01-2024,SESS903414,Referral,Mobile,Website Visit,Skincare,444911
836906,534973,26-01-2024,SESS903414,Referral,Mobile,Product View,Skincare,444911
804142,507456,21-06-2025,SESS903415,Organic Search,Mobile,Website Visit,Colour Cosmetics,490211
836911,570545,16-07-2024,SESS903416,Marketplace,Desktop,Website Visit,Skincare,
836913,570545,16-07-2024,SESS903416,Marketplace,Desktop,Product View,Skincare,
804147,517224,29-03-2024,SESS903417,Instagram,Mobile,Website Visit,Colour Cosmetics,427604
869683,579806,21-12-2025,SESS903418,Organic Search,Mobile,Website Visit,Skincare,
836925,579806,21-12-2025,SESS903418,Organic Search,Mobile,Product View,Skincare,
836929,586706,09-02-2024,SESS903419,Instagram,Desktop,Website Visit,Skincare,492273
869702,576556,10-03-2024,SESS903420,Instagram,Mobile,Website Visit,Skincare,435644
804173,576556,10-03-2024,SESS903420,Instagram,Mobile,Product View,Skincare,435644
869711,519528,25-04-2024,SESS903421,Referral,Mobile,Website Visit,Skincare,
804177,546025,16-04-2025,SESS903422,Google,Mobile,Website Visit,Colour Cosmetics,
804178,546025,16-04-2025,SESS903422,Google,Mobile,Product View,Colour Cosmetics,
804179,531029,18-05-2025,SESS903423,Marketplace,Mobile,Website Visit,Haircare,405867
869714,531029,18-05-2025,SESS903423,Marketplace,Mobile,Product View,Haircare,405867
869716,523086,26-12-2025,SESS903424,Organic Search,Desktop,Website Visit,Colour Cosmetics,
869719,523086,26-12-2025,SESS903424,Organic Search,Desktop,Product View,Colour Cosmetics,
836952,519786,01-07-2024,SESS903425,Influencer,Mobile,Website Visit,Skincare,
804185,519786,01-07-2024,SESS903425,Influencer,Mobile,Product View,Skincare,
869722,561261,21-11-2024,SESS903426,Google,Mobile,Website Visit,Skincare,
804187,523519,03-10-2025,SESS903427,Influencer,Mobile,Website Visit,Skincare,407184
836956,579807,10-05-2025,SESS903428,Instagram,Mobile,Website Visit,Skincare,
804188,579807,10-05-2025,SESS903428,Instagram,Mobile,Product View,Colour Cosmetics,
869727,527659,10-04-2025,SESS903429,Google,Unknown,Website Visit,Skincare,
804192,527659,10-04-2025,SESS903429,Google,Desktop,Product View,Haircare,
804195,527659,10-04-2025,SESS903429,Google,Desktop,Add to Cart,Skincare,
869731,527659,10-04-2025,SESS903429,Google,Desktop,Checkout Started,Haircare,
836967,558743,13-11-2024,SESS903430,Marketplace,Mobile,Website Visit,Haircare,480372
836968,558743,13-11-2024,SESS903430,Marketplace,Mobile,Product View,Skincare,480372
804200,558743,13-11-2024,SESS903430,Marketplace,Mobile,Add to Cart,Skincare,480372
869740,558743,13-11-2024,SESS903430,Marketplace,Mobile,Checkout Started,Skincare,480372
804208,558743,13-11-2024,SESS903430,Marketplace,Mobile,Purchase,Skincare,480372
869747,527549,23-10-2025,SESS903431,Instagram,Mobile,Website Visit,Haircare,463442
836980,527549,23-10-2025,SESS903431,Instagram,Mobile,Product View,Skincare,463442
804212,575952,19-06-2025,SESS903432,Influencer,Mobile,Website Visit,Haircare,
804216,575952,19-06-2025,SESS903432,Influencer,Mobile,Product View,Haircare,
869758,556148,25-01-2025,SESS903433,Marketplace,Desktop,Website Visit,Haircare,
869759,556148,25-01-2025,SESS903433,Marketplace,Desktop,Product View,Haircare,
836992,576503,19-07-2024,SESS903434,Instagram,Mobile,Website Visit,Skincare,486746
804225,576503,19-07-2024,SESS903434,Instagram,Mobile,Product View,Skincare,486746
836999,585215,01-06-2024,SESS903435,Influencer,Mobile,Website Visit,Colour Cosmetics,489502
869769,591384,10-02-2024,SESS903436,Marketplace,Desktop,Website Visit,Colour Cosmetics,438398
804240,591384,10-02-2024,SESS903436,Marketplace,Desktop,Product View,Colour Cosmetics,438398
869782,590964,04-10-2024,SESS903437,Referral,Desktop,Website Visit,Colour Cosmetics,492273
869789,590964,04-10-2024,SESS903437,Referral,Desktop,Product View,Skincare,492273
837022,558893,29-12-2025,SESS903438,Referral,Desktop,Website Visit,Colour Cosmetics,
869793,509869,12-09-2025,SESS903439,Marketplace,Mobile,Website Visit,Colour Cosmetics,439826
804263,509869,12-09-2025,SESS903439,Marketplace,Mobile,Product View,Colour Cosmetics,439826
869799,509869,12-09-2025,SESS903439,Marketplace,Mobile,Add to Cart,Colour Cosmetics,439826
837031,572309,06-09-2025,SESS903440,Instagram,Mobile,Website Visit,Colour Cosmetics,479647
869805,572309,06-09-2025,SESS903440,Instagram,Mobile,Product View,Colour Cosmetics,479647
837038,572309,06-09-2025,SESS903440,Instagram,Mobile,Add to Cart,Colour Cosmetics,479647
837049,594276,05-09-2024,SESS903441,Google,Mobile,Website Visit,Skincare,400060
837052,594276,05-09-2024,SESS903441,Google,Mobile,Product View,Skincare,400060
837057,500221,01-02-2024,SESS903442,Instagram,Desktop,Website Visit,Colour Cosmetics,422227
869831,519555,19-07-2025,SESS903443,Instagram,Mobile,Website Visit,Skincare,
869834,537056,20-04-2024,SESS903444,Google,Desktop,Website Visit,Haircare,
869836,537056,20-04-2024,SESS903444,Google,Desktop,Product View,Haircare,
837069,542823,17-10-2025,SESS903445,Google,Desktop,Website Visit,Colour Cosmetics,
869843,542823,17-10-2025,SESS903445,Google,Desktop,Product View,Colour Cosmetics,
837076,542247,31-01-2025,SESS903446,Influencer,Mobile,Website Visit,Colour Cosmetics,473289
804309,560513,20-01-2025,SESS903447,Google,Desktop,Website Visit,Colour Cosmetics,438136
804313,560513,20-01-2025,SESS903447,Google,Desktop,Product View,Colour Cosmetics,438136
837082,560513,20-01-2025,SESS903447,Google,Unknown,Add to Cart,Colour Cosmetics,438136
869854,560513,20-01-2025,SESS903447,Google,Desktop,Checkout Started,Haircare,438136
804319,560513,20-01-2025,SESS903447,Google,Desktop,Purchase,Colour Cosmetics,438136
869859,535683,25-06-2024,SESS903448,Influencer,Mobile,Website Visit,Skincare,
804325,559186,13-08-2025,SESS903449,Google,Desktop,Website Visit,Skincare,499229
837097,559186,13-08-2025,SESS903449,Google,Desktop,Product View,Skincare,499229
869866,551173,09-11-2024,SESS903450,Organic Search,Desktop,Website Visit,Skincare,
869871,578696,20-05-2025,SESS903451,Google,Mobile,Website Visit,Colour Cosmetics,486701
837108,578696,20-05-2025,SESS903451,Google,Mobile,Product View,Colour Cosmetics,486701
837114,578696,20-05-2025,SESS903451,Google,Mobile,Add to Cart,Colour Cosmetics,486701
837116,578696,20-05-2025,SESS903451,Google,Mobile,Checkout Started,Colour Cosmetics,486701
837119,578696,20-05-2025,SESS903451,Google,Mobile,Purchase,Colour Cosmetics,486701
837121,523519,27-02-2025,SESS903452,Influencer,Desktop,Website Visit,Skincare,463919
869890,523519,27-02-2025,SESS903452,Influencer,Desktop,Product View,Haircare,463919
869892,531266,20-07-2024,SESS903453,Marketplace,Desktop,Website Visit,Colour Cosmetics,444911
837126,531285,30-01-2025,SESS903454,Instagram,Desktop,Website Visit,Skincare,485381
804360,537268,31-05-2024,SESS903455,Google,Desktop,Website Visit,Haircare,448515
869899,537268,31-05-2024,SESS903455,Google,Desktop,Product View,Colour Cosmetics,448515
837134,513069,03-03-2024,SESS903456,Marketplace,Desktop,Website Visit,Skincare,438097
804373,513069,03-03-2024,SESS903456,Marketplace,Desktop,Product View,Skincare,438097
837146,508326,18-09-2025,SESS903457,Google,Mobile,Website Visit,Skincare,427621
804378,502456,08-07-2025,SESS903458,Google,Mobile,Website Visit,Colour Cosmetics,
869919,502456,08-07-2025,SESS903458,Google,Mobile,Product View,Colour Cosmetics,
869920,522962,13-12-2024,SESS903459,Referral,Mobile,Website Visit,Skincare,455343
804385,522962,13-12-2024,SESS903459,Referral,Mobile,Product View,Skincare,455343
804387,522962,13-12-2024,SESS903459,Referral,Mobile,Add to Cart,Skincare,455343
869931,580728,18-06-2025,SESS903460,Offline Store,Mobile,Website Visit,Colour Cosmetics,492273
837163,580728,18-06-2025,SESS903460,Offline Store,Mobile,Product View,Colour Cosmetics,492273
804397,580728,18-06-2025,SESS903460,Offline Store,Mobile,Add to Cart,Colour Cosmetics,492273
804398,512021,20-09-2024,SESS903461,Marketplace,Mobile,Website Visit,Skincare,
869936,587538,25-03-2025,SESS903462,Organic Search,Desktop,Website Visit,Haircare,406900
837169,587538,25-03-2025,SESS903462,Organic Search,Desktop,Product View,Skincare,406900
837171,587538,25-03-2025,SESS903462,Organic Search,Desktop,Add to Cart,Skincare,406900
804404,592901,25-04-2025,SESS903463,Referral,Mobile,Website Visit,Skincare,
804407,592901,25-04-2025,SESS903463,Referral,Mobile,Product View,Haircare,
837175,567889,02-10-2024,SESS903464,Google,Mobile,Website Visit,Skincare,
804413,515525,13-04-2024,SESS903465,Google,Mobile,Website Visit,Colour Cosmetics,489502
869954,529041,05-07-2025,SESS903466,Influencer,Mobile,Website Visit,Haircare,493341
837188,529041,05-07-2025,SESS903466,Influencer,Mobile,Product View,Skincare,493341
837197,529041,05-07-2025,SESS903466,Influencer,Mobile,Add to Cart,Haircare,493341
869971,529041,05-07-2025,SESS903466,Influencer,Mobile,Checkout Started,Haircare,493341
837205,529041,05-07-2025,SESS903466,Influencer,Mobile,Purchase,Haircare,493341
804438,509838,16-09-2024,SESS903467,Referral,Mobile,Website Visit,Haircare,488400
804439,502733,19-12-2025,SESS903468,Instagram,Desktop,Website Visit,Colour Cosmetics,
804442,582213,20-07-2024,SESS903469,Marketplace,Desktop,Website Visit,Skincare,
837213,582213,20-07-2024,SESS903469,Marketplace,Desktop,Product View,Skincare,
804449,582213,20-07-2024,SESS903469,Marketplace,Desktop,Add to Cart,Skincare,
869988,582213,20-07-2024,SESS903469,Marketplace,Desktop,Checkout Started,Skincare,
804455,582213,20-07-2024,SESS903469,Marketplace,Desktop,Purchase,Skincare,
869992,566162,27-03-2024,SESS903470,Organic Search,Mobile,Website Visit,Colour Cosmetics,406900
869993,590096,19-01-2025,SESS903471,Influencer,Desktop,Website Visit,Haircare,412905
869997,590096,19-01-2025,SESS903471,Influencer,Desktop,Product View,Haircare,412905
870000,500221,13-02-2024,SESS903472,Instagram,Mobile,Website Visit,Colour Cosmetics,437119
804465,508418,06-03-2024,SESS903473,Instagram,Desktop,Website Visit,Skincare,453495
870002,508418,06-03-2024,SESS903473,Instagram,Desktop,Product View,Skincare,453495
804464,579276,03-03-2024,SESS903474,Instagram,Desktop,Website Visit,Skincare,494148
804474,533289,14-05-2025,SESS903475,Organic Search,Mobile,Website Visit,Haircare,436764
870011,533289,14-05-2025,SESS903475,Organic Search,Mobile,Product View,Skincare,436764
870012,562031,05-12-2025,SESS903476,Google,Mobile,Website Visit,Skincare,497049
870014,594510,23-09-2025,SESS903477,Influencer,Desktop,Website Visit,Colour Cosmetics,
837246,534816,19-08-2024,SESS903478,Offline Store,Mobile,Website Visit,Haircare,458427
837248,534816,19-08-2024,SESS903478,Offline Store,Mobile,Product View,Haircare,458427
870019,556057,19-10-2025,SESS903479,Google,Mobile,Website Visit,Colour Cosmetics,
804490,556057,19-10-2025,SESS903479,Google,Mobile,Product View,Colour Cosmetics,
870028,584497,12-12-2024,SESS903480,Instagram,Desktop,Website Visit,Colour Cosmetics,479647
870029,543404,04-01-2024,SESS903481,Google,Mobile,Website Visit,Colour Cosmetics,
870031,525443,28-01-2024,SESS903482,Organic Search,Mobile,Website Visit,Skincare,426390
837275,525443,28-01-2024,SESS903482,Organic Search,Mobile,Product View,Skincare,426390
837278,525443,28-01-2024,SESS903482,Organic Search,Mobile,Add to Cart,Skincare,426390
804517,535697,15-01-2024,SESS903483,Influencer,Mobile,Website Visit,Skincare,486701
837288,538566,04-12-2024,SESS903484,Referral,Mobile,Website Visit,Colour Cosmetics,489502
804524,538566,04-12-2024,SESS903484,Referral,Mobile,Product View,Colour Cosmetics,489502
870062,538566,04-12-2024,SESS903484,Referral,Mobile,Add to Cart,Colour Cosmetics,489502
804527,585437,30-06-2024,SESS903485,Instagram,Desktop,Website Visit,Skincare,435644
870064,585437,30-06-2024,SESS903485,Instagram,Desktop,Product View,Skincare,435644
870071,568955,10-08-2025,SESS903486,Google,Mobile,Website Visit,Skincare,417878
804537,569013,01-05-2025,SESS903487,Instagram,Mobile,Website Visit,Colour Cosmetics,408391
837309,569013,01-05-2025,SESS903487,Instagram,Mobile,Product View,Skincare,408391
804546,538890,18-12-2025,SESS903488,Organic Search,Unknown,Website Visit,Skincare,
870083,538890,18-12-2025,SESS903488,Organic Search,Desktop,Product View,Skincare,
870084,538890,18-12-2025,SESS903488,Organic Search,Desktop,Add to Cart,Skincare,
837319,538890,18-12-2025,SESS903488,Organic Search,Desktop,Checkout Started,Skincare,
870096,538890,18-12-2025,SESS903488,Organic Search,Desktop,Purchase,Skincare,
870097,585191,30-07-2024,SESS903489,Instagram,Mobile,Website Visit,Skincare,
837334,510641,03-10-2024,SESS903490,Google,Desktop,Website Visit,Colour Cosmetics,455343
870102,587878,26-05-2025,SESS903491,Marketplace,Desktop,Website Visit,Colour Cosmetics,
870105,587878,26-05-2025,SESS903491,Marketplace,Desktop,Product View,Skincare,
804571,530007,05-09-2024,SESS903492,Google,Mobile,Website Visit,Haircare,
837342,591680,11-01-2024,SESS903493,Instagram,Mobile,Website Visit,Haircare,
804578,591680,11-01-2024,SESS903493,Instagram,Mobile,Product View,Haircare,
804580,541359,06-08-2024,SESS903494,Instagram,Mobile,Website Visit,Haircare,425487
804582,541359,06-08-2024,SESS903494,Instagram,Mobile,Product View,Haircare,425487
804584,541359,06-08-2024,SESS903494,Instagram,Mobile,Add to Cart,Haircare,425487
870121,541359,06-08-2024,SESS903494,Instagram,Mobile,Checkout Started,Haircare,425487
837355,541359,06-08-2024,SESS903494,Instagram,Mobile,Purchase,Haircare,425487
870124,508907,01-11-2025,SESS903495,Organic Search,Desktop,Website Visit,Skincare,458427
837358,508907,01-11-2025,SESS903495,Organic Search,Desktop,Product View,Skincare,458427
870128,584012,14-03-2025,SESS903496,Google,Mobile,Website Visit,Colour Cosmetics,474182
804595,565570,11-02-2024,SESS903497,Influencer,Tablet,Website Visit,Haircare,
870131,565570,11-02-2024,SESS903497,Influencer,Tablet,Product View,Haircare,
870133,569942,17-09-2025,SESS903498,Influencer,Mobile,Website Visit,Colour Cosmetics,
870136,583066,17-10-2025,SESS903499,Offline Store,Desktop,Website Visit,Skincare,
804600,583066,17-10-2025,SESS903499,Offline Store,Desktop,Product View,Skincare,
837368,597154,23-09-2025,SESS903500,Google,Tablet,Website Visit,Skincare,
837374,597154,23-09-2025,SESS903500,Google,Tablet,Product View,Skincare,
804610,597154,23-09-2025,SESS903500,Google,Tablet,Add to Cart,Skincare,
837378,597154,23-09-2025,SESS903500,Google,Tablet,Checkout Started,Haircare,
804612,597154,23-09-2025,SESS903500,Google,Tablet,Purchase,Skincare,
837386,514945,02-05-2025,SESS903501,Referral,Mobile,Website Visit,Skincare,463122
804621,514945,02-05-2025,SESS903501,Referral,Mobile,Product View,Haircare,463122
837390,509359,13-07-2024,SESS903502,Instagram,Mobile,Website Visit,Skincare,411691
837389,509359,13-07-2024,SESS903502,Instagram,Mobile,Product View,Skincare,411691
837395,543309,13-08-2025,SESS903503,Google,Mobile,Website Visit,Skincare,
837405,543309,13-08-2025,SESS903503,Google,Mobile,Product View,Colour Cosmetics,
870173,547576,28-05-2025,SESS903504,Organic Search,Mobile,Website Visit,Skincare,
837407,538974,08-04-2024,SESS903505,Instagram,Mobile,Website Visit,Skincare,
870179,538974,08-04-2024,SESS903505,Instagram,Mobile,Product View,Skincare,
837412,507972,07-04-2025,SESS903506,Marketplace,Desktop,Website Visit,Skincare,
837413,507972,07-04-2025,SESS903506,Marketplace,Desktop,Product View,Haircare,
804646,507972,07-04-2025,SESS903506,Marketplace,Desktop,Add to Cart,Skincare,
837415,507972,07-04-2025,SESS903506,Marketplace,Desktop,Checkout Started,Skincare,
804650,507972,07-04-2025,SESS903506,Marketplace,Desktop,Purchase,Skincare,
804652,577518,02-12-2025,SESS903507,Instagram,Desktop,Website Visit,Skincare,
870190,577518,02-12-2025,SESS903507,Instagram,Unknown,Product View,Skincare,
804657,577518,02-12-2025,SESS903507,Instagram,Desktop,Add to Cart,Skincare,
837434,579569,18-08-2024,SESS903508,Influencer,Mobile,Website Visit,Skincare,
804667,579569,18-08-2024,SESS903508,Influencer,Mobile,Product View,Haircare,
837437,579569,18-08-2024,SESS903508,Influencer,Mobile,Add to Cart,Haircare,
837438,522527,17-02-2025,SESS903509,Instagram,Mobile,Website Visit,Skincare,
870214,522527,17-02-2025,SESS903509,Instagram,Mobile,Product View,Skincare,
837448,581018,17-08-2025,SESS903510,Marketplace,Mobile,Website Visit,Colour Cosmetics,483731
804681,543064,16-05-2025,SESS903511,Google,Tablet,Website Visit,Skincare,
804683,543064,16-05-2025,SESS903511,Google,Tablet,Product View,Skincare,
804684,543064,16-05-2025,SESS903511,Google,Tablet,Add to Cart,Skincare,
804686,543064,16-05-2025,SESS903511,Google,Tablet,Checkout Started,Skincare,
837457,543064,16-05-2025,SESS903511,Google,Tablet,Purchase,Skincare,
870226,570010,13-02-2024,SESS903512,Organic Search,Mobile,Website Visit,Colour Cosmetics,496480
837461,591917,24-09-2024,SESS903513,Influencer,Desktop,Website Visit,Colour Cosmetics,
837464,591917,24-09-2024,SESS903513,Influencer,Desktop,Product View,Skincare,
804699,531029,09-01-2025,SESS903514,Marketplace,Desktop,Website Visit,Haircare,444911
804701,531029,09-01-2025,SESS903514,Marketplace,Desktop,Product View,Haircare,444911
870237,531029,09-01-2025,SESS903514,Marketplace,Desktop,Add to Cart,Haircare,444911
804707,532530,18-12-2025,SESS903515,Marketplace,Mobile,Website Visit,Colour Cosmetics,
870246,554948,31-10-2025,SESS903516,Google,Desktop,Website Visit,Skincare,477009
870248,554948,31-10-2025,SESS903516,Google,Desktop,Product View,Skincare,477009
804715,572529,08-12-2024,SESS903517,Influencer,Mobile,Website Visit,Haircare,
870252,575631,16-06-2024,SESS903518,Google,Mobile,Website Visit,Skincare,
870253,575631,16-06-2024,SESS903518,Google,Mobile,Product View,Colour Cosmetics,
837487,575631,16-06-2024,SESS903518,Google,Mobile,Add to Cart,Skincare,
804719,575631,16-06-2024,SESS903518,Google,Mobile,Checkout Started,Skincare,
804722,575631,16-06-2024,SESS903518,Google,Mobile,Purchase,Skincare,
870263,575156,03-01-2025,SESS903519,Instagram,Mobile,Website Visit,Skincare,437119
870265,583130,07-08-2024,SESS903520,Google,Desktop,Website Visit,Colour Cosmetics,
804733,583130,07-08-2024,SESS903520,Google,Desktop,Product View,Colour Cosmetics,
804735,583130,07-08-2024,SESS903520,Google,Desktop,Add to Cart,Colour Cosmetics,
870275,583130,07-08-2024,SESS903520,Google,Desktop,Checkout Started,Colour Cosmetics,
837520,583130,07-08-2024,SESS903520,Google,Desktop,Purchase,Colour Cosmetics,
804755,564042,28-10-2024,SESS903521,Referral,Mobile,Website Visit,Skincare,
837526,564042,28-10-2024,SESS903521,Referral,Mobile,Product View,Skincare,
870295,516551,04-09-2025,SESS903522,Influencer,Mobile,Website Visit,Skincare,
870297,525105,25-06-2024,SESS903523,Instagram,Desktop,Website Visit,Colour Cosmetics,408391
870298,545015,06-06-2024,SESS903524,Instagram,Mobile,Website Visit,Colour Cosmetics,445210
837531,512833,04-10-2024,SESS903525,Organic Search,Mobile,Website Visit,Skincare,
837532,512833,04-10-2024,SESS903525,Organic Search,Mobile,Product View,Skincare,
804764,557091,25-07-2025,SESS903526,Google,Mobile,Website Visit,Colour Cosmetics,406427
837534,557091,25-07-2025,SESS903526,Google,Mobile,Product View,Colour Cosmetics,406427
804763,534362,27-10-2025,SESS903527,Google,Mobile,Website Visit,Colour Cosmetics,
870300,534362,27-10-2025,SESS903527,Google,Mobile,Product View,Colour Cosmetics,
870306,519476,10-05-2025,SESS903528,Influencer,Mobile,Website Visit,Skincare,406900
837543,536002,04-12-2025,SESS903529,Organic Search,Mobile,Website Visit,Skincare,
837548,536002,04-12-2025,SESS903529,Organic Search,Mobile,Product View,Skincare,
804784,523218,12-05-2025,SESS903530,Influencer,Mobile,Website Visit,Colour Cosmetics,431861
870322,523218,12-05-2025,SESS903530,Influencer,Mobile,Product View,Colour Cosmetics,431861
837555,552976,01-05-2025,SESS903531,Influencer,Desktop,Website Visit,Skincare,405510
870323,552976,01-05-2025,SESS903531,Influencer,Desktop,Product View,Colour Cosmetics,405510
870325,566497,19-03-2025,SESS903532,Instagram,Mobile,Website Visit,Haircare,471327
870326,566497,19-03-2025,SESS903532,Instagram,Mobile,Product View,Haircare,471327
870340,566497,19-03-2025,SESS903532,Instagram,Mobile,Add to Cart,Haircare,471327
837580,523218,03-05-2025,SESS903533,Influencer,Mobile,Website Visit,Colour Cosmetics,442205
870350,550052,15-12-2024,SESS903534,Instagram,Mobile,Website Visit,Colour Cosmetics,
837585,550052,15-12-2024,SESS903534,Instagram,Mobile,Product View,Colour Cosmetics,
804824,560648,13-02-2024,SESS903535,Google,Tablet,Website Visit,Colour Cosmetics,493341
837596,560648,13-02-2024,SESS903535,Google,Tablet,Product View,Colour Cosmetics,493341
804828,560648,13-02-2024,SESS903535,Google,Tablet,Add to Cart,Colour Cosmetics,493341
870367,511970,02-03-2024,SESS903536,Marketplace,Desktop,Website Visit,Haircare,405392
870368,511970,02-03-2024,SESS903536,Marketplace,Desktop,Product View,Skincare,405392
870370,511970,02-03-2024,SESS903536,Marketplace,Desktop,Add to Cart,Haircare,405392
837604,546346,24-02-2025,SESS903537,Influencer,Mobile,Website Visit,Colour Cosmetics,
870372,586951,15-06-2024,SESS903538,Influencer,Desktop,Website Visit,Skincare,
804840,586951,15-06-2024,SESS903538,Influencer,Desktop,Product View,Skincare,
837609,589192,20-11-2024,SESS903539,Google,Mobile,Website Visit,Skincare,427621
837610,585316,13-05-2025,SESS903540,Google,Desktop,Website Visit,Skincare,
870376,585316,13-05-2025,SESS903540,Google,Desktop,Product View,Skincare,
870381,506743,12-11-2025,SESS903541,Organic Search,Mobile,Website Visit,Skincare,
804848,515525,26-03-2025,SESS903542,Google,Tablet,Website Visit,Haircare,493447
804854,515525,26-03-2025,SESS903542,Google,Tablet,Product View,Skincare,493447
870390,515525,26-03-2025,SESS903542,Google,Tablet,Add to Cart,Skincare,493447
804857,565323,25-03-2025,SESS903543,Instagram,Mobile,Website Visit,Haircare,492273
837630,565323,25-03-2025,SESS903543,Instagram,Mobile,Product View,Skincare,492273
870400,588647,13-08-2024,SESS903544,Instagram,Tablet,Website Visit,Colour Cosmetics,
804868,588647,13-08-2024,SESS903544,Instagram,Tablet,Product View,Colour Cosmetics,
837641,588647,13-08-2024,SESS903544,Instagram,Tablet,Add to Cart,Colour Cosmetics,
804873,555771,10-05-2025,SESS903545,Google,Tablet,Website Visit,Skincare,
870417,555771,10-05-2025,SESS903545,Google,Tablet,Product View,Skincare,
837649,572420,30-12-2025,SESS903546,Organic Search,Mobile,Website Visit,Haircare,453161
804885,572420,30-12-2025,SESS903546,Organic Search,Mobile,Product View,Haircare,453161
804891,537752,03-10-2024,SESS903547,Influencer,Mobile,Website Visit,Skincare,
837660,537752,03-10-2024,SESS903547,Influencer,Mobile,Product View,Skincare,
870432,537752,03-10-2024,SESS903547,Influencer,Mobile,Add to Cart,Skincare,
870441,537752,03-10-2024,SESS903547,Influencer,Mobile,Checkout Started,Skincare,
804906,537752,03-10-2024,SESS903547,Influencer,Mobile,Purchase,Skincare,
870443,579822,27-08-2025,SESS903548,Influencer,Mobile,Website Visit,Haircare,463919
837680,517038,09-08-2024,SESS903549,Referral,Mobile,Website Visit,Haircare,466062
804912,517038,09-08-2024,SESS903549,Referral,Mobile,Product View,Haircare,466062
870450,578554,18-02-2025,SESS903550,Referral,Mobile,Website Visit,Colour Cosmetics,
870451,578554,18-02-2025,SESS903550,Referral,Mobile,Product View,Colour Cosmetics,
870448,514953,11-08-2025,SESS903551,Organic Search,Mobile,Website Visit,Skincare,
870454,588117,11-04-2025,SESS903552,Google,Mobile,Website Visit,Colour Cosmetics,427604
804925,588117,11-04-2025,SESS903552,Google,Mobile,Product View,Colour Cosmetics,427604
870461,591655,19-06-2024,SESS903553,Organic Search,Desktop,Website Visit,Skincare,438398
870462,591655,19-06-2024,SESS903553,Organic Search,Desktop,Product View,Colour Cosmetics,438398
870464,591655,19-06-2024,SESS903553,Organic Search,Desktop,Add to Cart,Colour Cosmetics,438398
804936,591655,19-06-2024,SESS903553,Organic Search,Desktop,Checkout Started,Colour Cosmetics,438398
837707,591655,19-06-2024,SESS903553,Organic Search,Desktop,Purchase,Colour Cosmetics,438398
870480,520052,19-03-2025,SESS903554,Instagram,Tablet,Website Visit,Colour Cosmetics,400573
837714,520052,19-03-2025,SESS903554,Instagram,Tablet,Product View,Skincare,400573
870483,507492,21-08-2024,SESS903555,Influencer,Desktop,Website Visit,Colour Cosmetics,425635
837715,507492,21-08-2024,SESS903555,Influencer,Desktop,Product View,Skincare,425635
870486,540963,17-08-2024,SESS903556,Instagram,Tablet,Website Visit,Colour Cosmetics,493341
870490,540963,17-08-2024,SESS903556,Instagram,Tablet,Product View,Haircare,493341
870494,537700,22-11-2024,SESS903557,Instagram,Desktop,Website Visit,Skincare,
870497,537700,22-11-2024,SESS903557,Instagram,Desktop,Product View,Skincare,
837731,537700,22-11-2024,SESS903557,Instagram,Desktop,Add to Cart,Skincare,
837740,519142,25-06-2024,SESS903558,Influencer,Mobile,Website Visit,Colour Cosmetics,
870511,519142,25-06-2024,SESS903558,Influencer,Mobile,Product View,Colour Cosmetics,
804982,519142,25-06-2024,SESS903558,Influencer,Mobile,Add to Cart,Colour Cosmetics,
837753,519142,25-06-2024,SESS903558,Influencer,Mobile,Checkout Started,Colour Cosmetics,
804985,567033,15-11-2025,SESS903559,Marketplace,Mobile,Website Visit,Colour Cosmetics,427155
804988,531890,07-09-2025,SESS903560,Google,Desktop,Website Visit,Haircare,481455
870524,531890,07-09-2025,SESS903560,Google,Desktop,Product View,Haircare,481455
804989,531890,07-09-2025,SESS903560,Google,Desktop,Add to Cart,Haircare,481455
837756,531890,07-09-2025,SESS903560,Google,Desktop,Checkout Started,Colour Cosmetics,481455
837762,508907,06-09-2025,SESS903561,Organic Search,Desktop,Website Visit,Skincare,
837766,578385,14-02-2024,SESS903562,Marketplace,Mobile,Website Visit,Haircare,477009
870536,578385,14-02-2024,SESS903562,Marketplace,Mobile,Product View,Haircare,477009
870537,578385,14-02-2024,SESS903562,Marketplace,Mobile,Add to Cart,Skincare,477009
805003,523416,19-12-2025,SESS903563,Referral,Mobile,Website Visit,Colour Cosmetics,492837
805005,545793,28-10-2025,SESS903564,Organic Search,Mobile,Website Visit,Skincare,
870547,545793,28-10-2025,SESS903564,Organic Search,Mobile,Product View,Skincare,
805012,578047,05-05-2024,SESS903565,Instagram,Mobile,Website Visit,Colour Cosmetics,
870550,578047,05-05-2024,SESS903565,Instagram,Mobile,Product View,Colour Cosmetics,
870555,578047,05-05-2024,SESS903565,Instagram,Mobile,Add to Cart,Colour Cosmetics,
805020,536002,13-07-2024,SESS903566,Organic Search,Mobile,Website Visit,Skincare,
837804,536002,13-07-2024,SESS903566,Organic Search,Mobile,Product View,Skincare,
805040,536002,13-07-2024,SESS903566,Organic Search,Mobile,Add to Cart,Skincare,
837808,536002,13-07-2024,SESS903566,Organic Search,Mobile,Checkout Started,Skincare,
805042,536002,13-07-2024,SESS903566,Organic Search,Unknown,Purchase,Skincare,
870578,569547,29-04-2024,SESS903567,Marketplace,Desktop,Website Visit,Skincare,
837810,569547,29-04-2024,SESS903567,Marketplace,Desktop,Product View,Colour Cosmetics,
837815,564038,22-01-2025,SESS903568,Google,Mobile,Website Visit,Skincare,
870584,505943,27-06-2025,SESS903569,Organic Search,Tablet,Website Visit,Skincare,
870585,594811,04-08-2025,SESS903570,Instagram,Mobile,Website Visit,Haircare,463442
837818,594811,04-08-2025,SESS903570,Instagram,Mobile,Product View,Haircare,463442
837817,581018,17-12-2024,SESS903571,Marketplace,Mobile,Website Visit,Colour Cosmetics,
837819,581018,17-12-2024,SESS903571,Marketplace,Mobile,Product View,Colour Cosmetics,
837821,581018,17-12-2024,SESS903571,Marketplace,Mobile,Add to Cart,Colour Cosmetics,
870589,581018,17-12-2024,SESS903571,Marketplace,Mobile,Checkout Started,Skincare,
837820,581018,17-12-2024,SESS903571,Marketplace,Mobile,Purchase,Colour Cosmetics,
837825,543054,27-08-2025,SESS903572,Influencer,Mobile,Website Visit,Colour Cosmetics,
870593,543054,27-08-2025,SESS903572,Influencer,Mobile,Product View,Colour Cosmetics,
805058,543054,27-08-2025,SESS903572,Influencer,Mobile,Add to Cart,Colour Cosmetics,
805061,552640,18-09-2025,SESS903573,Marketplace,Desktop,Website Visit,Haircare,
837831,581006,31-01-2025,SESS903574,Instagram,Mobile,Website Visit,Skincare,
837834,567391,08-09-2024,SESS903575,Organic Search,Mobile,Website Visit,Haircare,477009
805072,567391,08-09-2024,SESS903575,Organic Search,Mobile,Product View,Haircare,477009
805076,567391,08-09-2024,SESS903575,Organic Search,Mobile,Add to Cart,Haircare,477009
870612,567391,08-09-2024,SESS903575,Organic Search,Mobile,Checkout Started,Haircare,477009
805081,567391,08-09-2024,SESS903575,Organic Search,Mobile,Purchase,Haircare,477009
870627,548566,07-02-2025,SESS903576,Google,Mobile,Website Visit,Skincare,
870631,586057,05-05-2024,SESS903577,Instagram,Desktop,Website Visit,Skincare,
870632,599930,11-02-2025,SESS903578,Instagram,Desktop,Website Visit,Colour Cosmetics,
805098,599930,11-02-2025,SESS903578,Instagram,Desktop,Product View,Colour Cosmetics,
870635,513566,23-11-2024,SESS903579,Influencer,Mobile,Website Visit,Skincare,
870637,513566,23-11-2024,SESS903579,Influencer,Mobile,Product View,Skincare,
837876,598992,30-08-2024,SESS903580,Organic Search,Mobile,Website Visit,Skincare,
805109,598992,30-08-2024,SESS903580,Organic Search,Mobile,Product View,Skincare,
805110,548503,19-11-2025,SESS903581,Instagram,Mobile,Website Visit,Colour Cosmetics,
837879,548503,19-11-2025,SESS903581,Instagram,Mobile,Product View,Haircare,
870648,534760,30-12-2025,SESS903582,Influencer,Mobile,Website Visit,Skincare,418813
805111,590573,30-03-2024,SESS903583,Google,Mobile,Website Visit,Colour Cosmetics,426192
870651,590573,30-03-2024,SESS903583,Google,Mobile,Product View,Colour Cosmetics,426192
805118,590573,30-03-2024,SESS903583,Google,Mobile,Add to Cart,Haircare,426192
805120,590573,30-03-2024,SESS903583,Google,Mobile,Checkout Started,Skincare,426192
837889,590573,30-03-2024,SESS903583,Google,Mobile,Purchase,Colour Cosmetics,426192
805121,510993,15-08-2024,SESS903584,Influencer,Mobile,Website Visit,Skincare,480372
805123,510993,15-08-2024,SESS903584,Influencer,Mobile,Product View,Skincare,480372
837892,510993,15-08-2024,SESS903584,Influencer,Mobile,Add to Cart,Skincare,480372
837896,510993,15-08-2024,SESS903584,Influencer,Mobile,Checkout Started,Skincare,480372
805128,591715,28-03-2024,SESS903585,Google,Desktop,Website Visit,Skincare,474806
837901,591715,28-03-2024,SESS903585,Google,Desktop,Product View,Skincare,474806
805136,591715,28-03-2024,SESS903585,Google,Desktop,Add to Cart,Skincare,474806
805139,526772,31-08-2025,SESS903586,Instagram,Unknown,Website Visit,Colour Cosmetics,
870677,526772,31-08-2025,SESS903586,Instagram,Mobile,Product View,Colour Cosmetics,
837910,526772,31-08-2025,SESS903586,Instagram,Mobile,Add to Cart,Colour Cosmetics,
805142,526772,31-08-2025,SESS903586,Instagram,Mobile,Checkout Started,Haircare,
805144,526772,31-08-2025,SESS903586,Instagram,Mobile,Purchase,Haircare,
805148,539618,19-03-2025,SESS903587,Influencer,Mobile,Website Visit,Haircare,
837919,539618,19-03-2025,SESS903587,Influencer,Mobile,Product View,Colour Cosmetics,
805152,579069,14-01-2024,SESS903588,Instagram,Mobile,Website Visit,Colour Cosmetics,
837921,579069,14-01-2024,SESS903588,Instagram,Mobile,Product View,Colour Cosmetics,
870687,529831,06-06-2024,SESS903589,Instagram,Desktop,Website Visit,Colour Cosmetics,476385
805155,529831,06-06-2024,SESS903589,Instagram,Desktop,Product View,Colour Cosmetics,476385
870692,516728,13-07-2024,SESS903590,Influencer,Mobile,Website Visit,Colour Cosmetics,481455
870695,516728,13-07-2024,SESS903590,Influencer,Mobile,Product View,Colour Cosmetics,481455
870698,539618,18-06-2024,SESS903591,Influencer,Mobile,Website Visit,Haircare,485381
837931,569621,27-03-2024,SESS903592,Google,Mobile,Website Visit,Colour Cosmetics,473590
805163,539599,02-02-2024,SESS903593,Google,Mobile,Website Visit,Skincare,405510
870700,507716,06-10-2024,SESS903594,Marketplace,Desktop,Website Visit,Colour Cosmetics,
837938,566910,05-01-2024,SESS903595,Marketplace,Desktop,Website Visit,Colour Cosmetics,448515
870713,566910,05-01-2024,SESS903595,Marketplace,Desktop,Product View,Skincare,448515
837948,550940,13-03-2024,SESS903596,Instagram,Mobile,Website Visit,Colour Cosmetics,
837949,526100,20-04-2024,SESS903597,Instagram,Mobile,Website Visit,Haircare,484510
870722,526100,20-04-2024,SESS903597,Instagram,Mobile,Product View,Skincare,484510
837955,565799,10-07-2024,SESS903598,Instagram,Mobile,Website Visit,Skincare,
805188,565799,10-07-2024,SESS903598,Instagram,Mobile,Product View,Skincare,
805191,565799,10-07-2024,SESS903598,Instagram,Mobile,Add to Cart,Haircare,
805194,594163,06-01-2024,SESS903599,Instagram,Mobile,Website Visit,Colour Cosmetics,
837963,594163,06-01-2024,SESS903599,Instagram,Mobile,Product View,Colour Cosmetics,
837964,544548,24-11-2025,SESS903600,Influencer,Tablet,Website Visit,Skincare,451803
805198,539139,05-05-2025,SESS903601,Instagram,Mobile,Website Visit,Skincare,
805199,549140,18-09-2025,SESS903602,Google,Mobile,Website Visit,Colour Cosmetics,481455
870737,524890,02-12-2024,SESS903603,Google,Mobile,Website Visit,Skincare,405472
870738,524890,02-12-2024,SESS903603,Google,Mobile,Product View,Skincare,405472
870741,550019,07-05-2025,SESS903604,Influencer,Tablet,Website Visit,Colour Cosmetics,
837978,589838,11-05-2025,SESS903605,Influencer,Mobile,Website Visit,Skincare,
805211,589838,11-05-2025,SESS903605,Influencer,Mobile,Product View,Skincare,
805217,558838,29-08-2025,SESS903606,Influencer,Mobile,Website Visit,Colour Cosmetics,
805218,558838,29-08-2025,SESS903606,Influencer,Mobile,Product View,Colour Cosmetics,
805219,558838,29-08-2025,SESS903606,Influencer,Mobile,Add to Cart,Colour Cosmetics,
870756,558800,15-05-2024,SESS903607,Google,Mobile,Website Visit,Haircare,425635
837990,550604,17-12-2025,SESS903608,Influencer,Mobile,Website Visit,Skincare,
870761,550604,17-12-2025,SESS903608,Influencer,Mobile,Product View,Skincare,
837993,550604,17-12-2025,SESS903608,Influencer,Mobile,Add to Cart,Skincare,
837997,550604,17-12-2025,SESS903608,Influencer,Mobile,Checkout Started,Skincare,
870771,550604,17-12-2025,SESS903608,Influencer,Mobile,Purchase,Skincare,
838006,581018,14-02-2025,SESS903609,Marketplace,Mobile,Website Visit,Colour Cosmetics,476385
805241,581018,14-02-2025,SESS903609,Marketplace,Mobile,Product View,Colour Cosmetics,476385
870778,581018,14-02-2025,SESS903609,Marketplace,Mobile,Add to Cart,Colour Cosmetics,476385
805243,581018,14-02-2025,SESS903609,Marketplace,Mobile,Checkout Started,Colour Cosmetics,476385
870781,505778,10-11-2024,SESS903610,Google,Mobile,Website Visit,Skincare,
838014,540562,27-01-2024,SESS903611,Organic Search,Mobile,Website Visit,Colour Cosmetics,433089
838015,577304,23-06-2025,SESS903612,Instagram,Mobile,Website Visit,Skincare,433648
838017,574085,17-05-2025,SESS903613,Instagram,Mobile,Website Visit,Skincare,498427
870787,572350,13-09-2024,SESS903614,Marketplace,Mobile,Website Visit,Haircare,488400
805254,572350,13-09-2024,SESS903614,Marketplace,Mobile,Product View,Colour Cosmetics,488400
838025,596463,16-07-2025,SESS903615,Google,Desktop,Website Visit,Haircare,
805257,572102,18-01-2025,SESS903616,Instagram,Mobile,Website Visit,Colour Cosmetics,438097
805258,572102,18-01-2025,SESS903616,Instagram,Mobile,Product View,Colour Cosmetics,438097
805260,597609,03-09-2025,SESS903617,Referral,Mobile,Website Visit,Haircare,
838032,510527,07-05-2025,SESS903618,Instagram,Desktop,Website Visit,Skincare,
838034,510527,07-05-2025,SESS903618,Instagram,Desktop,Product View,Skincare,
870803,579593,15-05-2024,SESS903619,Instagram,Mobile,Website Visit,Colour Cosmetics,
870807,579593,15-05-2024,SESS903619,Instagram,Mobile,Product View,Colour Cosmetics,
838039,561605,18-02-2024,SESS903620,Google,Mobile,Website Visit,Colour Cosmetics,496905
838040,561605,18-02-2024,SESS903620,Google,Mobile,Product View,Colour Cosmetics,496905
870812,561605,18-02-2024,SESS903620,Google,Mobile,Add to Cart,Colour Cosmetics,496905
838045,592104,05-04-2024,SESS903621,Influencer,Mobile,Website Visit,Skincare,486746
838048,592104,05-04-2024,SESS903621,Influencer,Mobile,Product View,Skincare,486746
870817,515713,16-09-2024,SESS903622,Instagram,Mobile,Website Visit,Skincare,437119
870819,515713,16-09-2024,SESS903622,Instagram,Mobile,Product View,Skincare,437119
805283,590461,20-12-2024,SESS903623,Referral,Mobile,Website Visit,Haircare,471307
870821,590461,20-12-2024,SESS903623,Referral,Mobile,Product View,Skincare,471307
838058,585437,19-08-2024,SESS903624,Instagram,Desktop,Website Visit,Skincare,
838062,585437,19-08-2024,SESS903624,Instagram,Desktop,Product View,Skincare,
870834,545820,19-03-2025,SESS903625,Instagram,Mobile,Website Visit,Skincare,403719
870835,545820,19-03-2025,SESS903625,Instagram,Mobile,Product View,Skincare,403719
805300,584689,13-03-2025,SESS903626,Instagram,Mobile,Website Visit,Skincare,425635
870838,508285,10-12-2024,SESS903627,Instagram,Mobile,Website Visit,Colour Cosmetics,
838072,508285,10-12-2024,SESS903627,Instagram,Mobile,Product View,Colour Cosmetics,
838075,508285,10-12-2024,SESS903627,Instagram,Mobile,Add to Cart,Colour Cosmetics,
870846,508285,10-12-2024,SESS903627,Instagram,Mobile,Checkout Started,Skincare,
838085,508285,10-12-2024,SESS903627,Instagram,Mobile,Purchase,Colour Cosmetics,
805318,546090,24-03-2024,SESS903628,Influencer,Mobile,Website Visit,Colour Cosmetics,
838090,520631,12-06-2025,SESS903629,Instagram,Desktop,Website Visit,Skincare,
805324,569615,29-10-2025,SESS903630,Organic Search,Mobile,Website Visit,Skincare,
805325,569615,29-10-2025,SESS903630,Organic Search,Mobile,Product View,Skincare,
870860,569615,29-10-2025,SESS903630,Organic Search,Mobile,Add to Cart,Skincare,
838096,569615,29-10-2025,SESS903630,Organic Search,Mobile,Checkout Started,Haircare,
838099,501607,22-08-2025,SESS903631,Instagram,Mobile,Website Visit,Skincare,
870867,535818,05-09-2024,SESS903632,Instagram,Desktop,Website Visit,Colour Cosmetics,
805337,535818,05-09-2024,SESS903632,Instagram,Desktop,Product View,Colour Cosmetics,
805339,582155,14-04-2025,SESS903633,Influencer,Mobile,Website Visit,Colour Cosmetics,
870881,524957,20-05-2024,SESS903634,Instagram,Mobile,Website Visit,Colour Cosmetics,427322
838114,524957,20-05-2024,SESS903634,Instagram,Mobile,Product View,Colour Cosmetics,427322
805347,524957,20-05-2024,SESS903634,Instagram,Mobile,Add to Cart,Colour Cosmetics,427322
870890,524957,20-05-2024,SESS903634,Instagram,Mobile,Checkout Started,Haircare,427322
838126,524957,20-05-2024,SESS903634,Instagram,Mobile,Purchase,Colour Cosmetics,427322
870894,568765,02-02-2025,SESS903635,Referral,Mobile,Website Visit,Skincare,466062
805362,568765,02-02-2025,SESS903635,Referral,Mobile,Product View,Skincare,466062
870901,568765,02-02-2025,SESS903635,Referral,Mobile,Add to Cart,Colour Cosmetics,466062
870902,596289,20-08-2024,SESS903636,Marketplace,Mobile,Website Visit,Haircare,
805366,596289,20-08-2024,SESS903636,Marketplace,Mobile,Product View,Skincare,
838136,512249,28-04-2024,SESS903637,Instagram,Mobile,Website Visit,Haircare,
870904,512249,28-04-2024,SESS903637,Instagram,Mobile,Product View,Haircare,
838139,512249,28-04-2024,SESS903637,Instagram,Mobile,Add to Cart,Haircare,
870907,512249,28-04-2024,SESS903637,Instagram,Mobile,Checkout Started,Haircare,
805375,560981,19-08-2024,SESS903638,Instagram,Mobile,Website Visit,Haircare,406900
838143,560981,19-08-2024,SESS903638,Instagram,Mobile,Product View,Haircare,406900
838144,514208,23-10-2024,SESS903639,Google,Desktop,Website Visit,Colour Cosmetics,
805378,514208,23-10-2024,SESS903639,Google,Desktop,Product View,Colour Cosmetics,
838147,518894,19-03-2024,SESS903640,Influencer,Desktop,Website Visit,Colour Cosmetics,
805377,518894,19-03-2024,SESS903640,Influencer,Desktop,Product View,Colour Cosmetics,
838149,588125,18-08-2024,SESS903641,Influencer,Mobile,Website Visit,Skincare,
870919,588125,18-08-2024,SESS903641,Influencer,Mobile,Product View,Colour Cosmetics,
838154,588125,18-08-2024,SESS903641,Influencer,Mobile,Add to Cart,Colour Cosmetics,
870924,588125,18-08-2024,SESS903641,Influencer,Mobile,Checkout Started,Colour Cosmetics,
870925,588125,18-08-2024,SESS903641,Influencer,Mobile,Purchase,Colour Cosmetics,
838157,509724,08-02-2024,SESS903642,Google,Mobile,Website Visit,Skincare,412277
870933,509724,08-02-2024,SESS903642,Google,Mobile,Product View,Skincare,412277
805400,540685,23-06-2024,SESS903643,Google,Desktop,Website Visit,Colour Cosmetics,471327
870940,540685,23-06-2024,SESS903643,Google,Desktop,Product View,Colour Cosmetics,471327
838175,563092,25-03-2024,SESS903644,Influencer,Mobile,Website Visit,Skincare,
805408,563092,25-03-2024,SESS903644,Influencer,Mobile,Product View,Skincare,
838177,563092,25-03-2024,SESS903644,Influencer,Mobile,Add to Cart,Skincare,
805411,563092,25-03-2024,SESS903644,Influencer,Mobile,Checkout Started,Skincare,
838182,563092,25-03-2024,SESS903644,Influencer,Mobile,Purchase,Colour Cosmetics,
870953,568937,18-04-2025,SESS903645,Marketplace,Mobile,Website Visit,Colour Cosmetics,411539
870956,512739,07-12-2025,SESS903646,Instagram,Mobile,Website Visit,Skincare,
870959,512739,07-12-2025,SESS903646,Instagram,Mobile,Product View,Skincare,
870966,512739,07-12-2025,SESS903646,Instagram,Mobile,Add to Cart,Skincare,
838203,512739,07-12-2025,SESS903646,Instagram,Mobile,Checkout Started,Skincare,
805438,512739,07-12-2025,SESS903646,Instagram,Mobile,Purchase,Skincare,
838207,562277,18-05-2025,SESS903647,Instagram,Mobile,Website Visit,Colour Cosmetics,
870975,562277,18-05-2025,SESS903647,Instagram,Unknown,Product View,Colour Cosmetics,
805442,582213,16-01-2024,SESS903648,Marketplace,Mobile,Website Visit,Colour Cosmetics,463442
805447,590520,13-12-2025,SESS903649,Instagram,Mobile,Website Visit,Colour Cosmetics,471307
805451,590520,13-12-2025,SESS903649,Instagram,Mobile,Product View,Colour Cosmetics,471307
838219,590520,13-12-2025,SESS903649,Instagram,Mobile,Add to Cart,Colour Cosmetics,471307
805454,518373,13-04-2025,SESS903650,Google,Desktop,Website Visit,Haircare,
870991,518373,13-04-2025,SESS903650,Google,Desktop,Product View,Haircare,
838224,518373,13-04-2025,SESS903650,Google,Desktop,Add to Cart,Haircare,
805461,518373,13-04-2025,SESS903650,Google,Desktop,Checkout Started,Haircare,
870998,580654,16-10-2024,SESS903651,Influencer,Tablet,Website Visit,Skincare,
838237,580654,16-10-2024,SESS903651,Influencer,Tablet,Product View,Skincare,
871008,521079,29-07-2024,SESS903652,Google,Mobile,Website Visit,Colour Cosmetics,
871013,521079,29-07-2024,SESS903652,Google,Mobile,Product View,Haircare,
871015,521079,29-07-2024,SESS903652,Google,Mobile,Add to Cart,Colour Cosmetics,
838248,521079,29-07-2024,SESS903652,Google,Mobile,Checkout Started,Colour Cosmetics,
805483,524164,05-01-2024,SESS903653,Instagram,Mobile,Website Visit,Colour Cosmetics,448515
838251,524164,05-01-2024,SESS903653,Instagram,Mobile,Product View,Skincare,448515
805486,530647,19-08-2025,SESS903654,Referral,Mobile,Website Visit,Skincare,492837
805492,512735,30-03-2024,SESS903655,Influencer,Desktop,Website Visit,Haircare,
871031,513256,02-12-2025,SESS903656,Instagram,Mobile,Website Visit,Skincare,
871033,554165,06-08-2025,SESS903657,Google,Desktop,Website Visit,Haircare,487438
871037,554165,06-08-2025,SESS903657,Google,Desktop,Product View,Skincare,487438
871038,554165,06-08-2025,SESS903657,Google,Desktop,Add to Cart,Skincare,487438
871040,585256,13-01-2024,SESS903658,Influencer,Mobile,Website Visit,Haircare,
805504,585256,13-01-2024,SESS903658,Influencer,Mobile,Product View,Haircare,
871041,553545,24-07-2024,SESS903659,Organic Search,Desktop,Website Visit,Skincare,
838274,553545,24-07-2024,SESS903659,Organic Search,Desktop,Product View,Skincare,
838280,553852,27-01-2025,SESS903660,Influencer,Mobile,Website Visit,Skincare,426390
805512,553852,27-01-2025,SESS903660,Influencer,Mobile,Product View,Colour Cosmetics,426390
871050,590096,06-06-2024,SESS903661,Influencer,Mobile,Website Visit,Haircare,457829
871053,590096,06-06-2024,SESS903661,Influencer,Mobile,Product View,Colour Cosmetics,457829
871059,590096,06-06-2024,SESS903661,Influencer,Mobile,Add to Cart,Haircare,457829
805524,533289,05-04-2025,SESS903662,Organic Search,Mobile,Website Visit,Haircare,427322
838293,502733,17-11-2025,SESS903663,Instagram,Tablet,Website Visit,Haircare,
871065,526111,30-05-2025,SESS903664,Influencer,Mobile,Website Visit,Colour Cosmetics,
838302,526111,30-05-2025,SESS903664,Influencer,Mobile,Product View,Colour Cosmetics,
838305,532493,14-11-2025,SESS903665,Google,Desktop,Website Visit,Colour Cosmetics,496899
838308,532493,14-11-2025,SESS903665,Google,Desktop,Product View,Colour Cosmetics,496899
805541,573147,14-10-2024,SESS903666,Organic Search,Mobile,Website Visit,Colour Cosmetics,457829
805544,518643,23-01-2025,SESS903667,Google,Desktop,Website Visit,Haircare,427322
838312,595817,13-08-2024,SESS903668,Google,Desktop,Website Visit,Haircare,
805550,595817,13-08-2024,SESS903668,Google,Desktop,Product View,Haircare,
838319,570381,13-01-2024,SESS903669,Marketplace,Tablet,Website Visit,Colour Cosmetics,499229
805554,570381,13-01-2024,SESS903669,Marketplace,Tablet,Product View,Colour Cosmetics,499229
838331,570381,13-01-2024,SESS903669,Marketplace,Tablet,Add to Cart,Colour Cosmetics,499229
805564,532092,01-03-2024,SESS903670,Google,Mobile,Website Visit,Colour Cosmetics,440309
838338,567889,19-09-2024,SESS903671,Google,Mobile,Website Visit,Skincare,431540
805572,567889,19-09-2024,SESS903671,Google,Mobile,Product View,Skincare,431540
805576,569616,12-06-2024,SESS903672,Instagram,Desktop,Website Visit,Skincare,406427
838345,569616,12-06-2024,SESS903672,Instagram,Desktop,Product View,Haircare,406427
805586,507861,24-12-2025,SESS903673,Offline Store,Mobile,Website Visit,Skincare,
805587,500350,14-10-2025,SESS903674,Organic Search,Mobile,Website Visit,Colour Cosmetics,479647
871124,572340,21-04-2025,SESS903675,Instagram,Desktop,Website Visit,Skincare,
871134,541359,30-05-2024,SESS903676,Instagram,Mobile,Website Visit,Haircare,
838367,541359,30-05-2024,SESS903676,Instagram,Mobile,Product View,Haircare,
871138,541359,30-05-2024,SESS903676,Instagram,Mobile,Add to Cart,Haircare,
871142,541359,30-05-2024,SESS903676,Instagram,Mobile,Checkout Started,Colour Cosmetics,
871145,584889,23-02-2025,SESS903677,Organic Search,Mobile,Website Visit,Skincare,426390
838380,584889,23-02-2025,SESS903677,Organic Search,Mobile,Product View,Skincare,426390
871151,584889,23-02-2025,SESS903677,Organic Search,Mobile,Add to Cart,Skincare,426390
805620,575248,19-09-2025,SESS903678,Instagram,Desktop,Website Visit,Colour Cosmetics,
805623,575248,19-09-2025,SESS903678,Instagram,Desktop,Product View,Colour Cosmetics,
871162,575248,19-09-2025,SESS903678,Instagram,Desktop,Add to Cart,Colour Cosmetics,
838398,575248,19-09-2025,SESS903678,Instagram,Desktop,Checkout Started,Colour Cosmetics,
871171,575248,19-09-2025,SESS903678,Instagram,Desktop,Purchase,Colour Cosmetics,
871176,503365,13-09-2025,SESS903679,Organic Search,Mobile,Website Visit,Skincare,
871177,529693,05-12-2024,SESS903680,Referral,Mobile,Website Visit,Skincare,415511
838410,529693,05-12-2024,SESS903680,Referral,Mobile,Product View,Colour Cosmetics,415511
838413,530007,22-11-2024,SESS903681,Google,Tablet,Website Visit,Haircare,477009
838414,570282,16-08-2024,SESS903682,Google,Mobile,Website Visit,Colour Cosmetics,406955
805647,570282,16-08-2024,SESS903682,Google,Mobile,Product View,Colour Cosmetics,406955
805646,549941,30-07-2024,SESS903683,Organic Search,Mobile,Website Visit,Skincare,426724
805653,579887,08-01-2024,SESS903684,Google,Desktop,Website Visit,Skincare,444911
838423,579887,08-01-2024,SESS903684,Google,Desktop,Product View,Colour Cosmetics,444911
838424,554874,25-05-2025,SESS903685,Instagram,Tablet,Website Visit,Colour Cosmetics,437316
805655,554874,25-05-2025,SESS903685,Instagram,Tablet,Product View,Colour Cosmetics,437316
871198,545793,14-03-2024,SESS903686,Organic Search,Mobile,Website Visit,Haircare,
805662,578697,08-07-2025,SESS903687,Marketplace,Mobile,Website Visit,Skincare,417878
805665,578697,08-07-2025,SESS903687,Marketplace,Mobile,Product View,Skincare,417878
805666,578697,08-07-2025,SESS903687,Marketplace,Mobile,Add to Cart,Skincare,417878
838437,578697,08-07-2025,SESS903687,Marketplace,Mobile,Checkout Started,Skincare,417878
838438,578697,08-07-2025,SESS903687,Marketplace,Mobile,Purchase,Skincare,417878
871208,589364,23-07-2025,SESS903688,Marketplace,Mobile,Website Visit,Skincare,453161
838441,585823,21-05-2025,SESS903689,Influencer,Desktop,Website Visit,Skincare,445539
805673,538254,30-08-2025,SESS903690,Marketplace,Mobile,Website Visit,Skincare,
871211,538254,30-08-2025,SESS903690,Marketplace,Mobile,Product View,Colour Cosmetics,
871210,538254,30-08-2025,SESS903690,Marketplace,Mobile,Add to Cart,Skincare,
838446,586511,25-12-2024,SESS903691,Influencer,Mobile,Website Visit,Skincare,425635
871215,586511,25-12-2024,SESS903691,Influencer,Mobile,Product View,Colour Cosmetics,425635
805679,557939,15-12-2024,SESS903692,Referral,Desktop,Website Visit,Skincare,422227
805684,586363,26-10-2025,SESS903693,Organic Search,Mobile,Website Visit,Skincare,496480
838453,586363,26-10-2025,SESS903693,Organic Search,Mobile,Product View,Skincare,496480
838455,553523,22-03-2024,SESS903694,Referral,Desktop,Website Visit,Skincare,
871225,553523,22-03-2024,SESS903694,Referral,Desktop,Product View,Colour Cosmetics,
871227,571376,06-10-2025,SESS903695,Organic Search,Desktop,Website Visit,Colour Cosmetics,446648
838460,571376,06-10-2025,SESS903695,Organic Search,Desktop,Product View,Colour Cosmetics,446648
871231,535018,11-10-2025,SESS903696,Marketplace,Mobile,Website Visit,Colour Cosmetics,
805696,535018,11-10-2025,SESS903696,Marketplace,Mobile,Product View,Skincare,
871234,500282,01-10-2025,SESS903697,Marketplace,Mobile,Website Visit,Skincare,403029
838469,500282,01-10-2025,SESS903697,Marketplace,Mobile,Product View,Skincare,403029
871237,585717,20-01-2024,SESS903698,Organic Search,Desktop,Website Visit,Haircare,411539
805704,529949,07-04-2024,SESS903699,Google,Mobile,Website Visit,Skincare,434464
838474,529949,07-04-2024,SESS903699,Google,Mobile,Product View,Skincare,434464
871245,529949,07-04-2024,SESS903699,Google,Mobile,Add to Cart,Skincare,434464
838483,529949,07-04-2024,SESS903699,Google,Mobile,Checkout Started,Skincare,434464
871252,529949,07-04-2024,SESS903699,Google,Mobile,Purchase,Skincare,434464
805716,587012,17-01-2025,SESS903700,Google,Mobile,Website Visit,Skincare,
871254,520730,18-02-2024,SESS903701,Influencer,Mobile,Website Visit,Skincare,406900
838487,520730,18-02-2024,SESS903701,Influencer,Mobile,Product View,Skincare,406900
838492,578957,14-02-2025,SESS903702,Marketplace,Mobile,Website Visit,Colour Cosmetics,400573
838493,589687,25-03-2025,SESS903703,Instagram,Mobile,Website Visit,Haircare,431540
838494,589687,25-03-2025,SESS903703,Instagram,Mobile,Product View,Haircare,431540
838496,584659,20-10-2024,SESS903704,Instagram,Mobile,Website Visit,Haircare,
871266,575574,14-02-2024,SESS903705,Influencer,Mobile,Website Visit,Skincare,
871269,575574,14-02-2024,SESS903705,Influencer,Mobile,Product View,Skincare,
838503,569541,29-08-2024,SESS903706,Instagram,Mobile,Website Visit,Haircare,439826
805738,507180,27-06-2024,SESS903707,Influencer,Mobile,Website Visit,Haircare,453495
871276,556179,05-05-2025,SESS903708,Instagram,Desktop,Website Visit,Skincare,
838509,583606,20-06-2025,SESS903709,Organic Search,Mobile,Website Visit,Colour Cosmetics,496480
838520,583606,20-06-2025,SESS903709,Organic Search,Mobile,Product View,Skincare,496480
805753,514208,26-02-2024,SESS903710,Google,Mobile,Website Visit,Colour Cosmetics,481455
805756,514208,26-02-2024,SESS903710,Google,Mobile,Product View,Colour Cosmetics,481455
805764,592435,15-04-2024,SESS903711,Google,Desktop,Website Visit,Skincare,
838533,562746,19-11-2025,SESS903712,Instagram,Mobile,Website Visit,Skincare,403029
871301,562746,19-11-2025,SESS903712,Instagram,Mobile,Product View,Skincare,403029
871307,520635,01-02-2024,SESS903713,Google,Desktop,Website Visit,Colour Cosmetics,
805773,520635,01-02-2024,SESS903713,Google,Desktop,Product View,Colour Cosmetics,
871315,536265,22-09-2025,SESS903714,Marketplace,Desktop,Website Visit,Skincare,
805779,576503,28-02-2025,SESS903715,Instagram,Mobile,Website Visit,Skincare,
871320,576503,28-02-2025,SESS903715,Instagram,Mobile,Product View,Skincare,
805785,549372,09-02-2024,SESS903716,Marketplace,Desktop,Website Visit,Skincare,436764
805787,573519,04-05-2024,SESS903717,Marketplace,Mobile,Website Visit,Haircare,445539
838556,573519,04-05-2024,SESS903717,Marketplace,Mobile,Product View,Haircare,445539
871326,545056,20-05-2025,SESS903718,Influencer,Mobile,Website Visit,Colour Cosmetics,436764
838559,545056,20-05-2025,SESS903718,Influencer,Mobile,Product View,Colour Cosmetics,436764
871328,563624,03-01-2024,SESS903719,Influencer,Desktop,Website Visit,Colour Cosmetics,415511
838561,563624,03-01-2024,SESS903719,Influencer,Desktop,Product View,Colour Cosmetics,415511
838563,592493,11-11-2024,SESS903720,Instagram,Desktop,Website Visit,Colour Cosmetics,
805796,592493,11-11-2024,SESS903720,Instagram,Desktop,Product View,Colour Cosmetics,
838567,520676,14-09-2025,SESS903721,Referral,Mobile,Website Visit,Skincare,
838568,560305,31-01-2025,SESS903722,Organic Search,Mobile,Website Visit,Haircare,451803
871338,514168,14-06-2025,SESS903723,Instagram,Mobile,Website Visit,Colour Cosmetics,410081
805804,514168,14-06-2025,SESS903723,Instagram,Mobile,Product View,Colour Cosmetics,410081
838572,514168,14-06-2025,SESS903723,Instagram,Mobile,Add to Cart,Colour Cosmetics,410081
838578,548571,05-04-2025,SESS903724,Influencer,Tablet,Website Visit,Skincare,419863
871354,548571,05-04-2025,SESS903724,Influencer,Tablet,Product View,Haircare,419863
838587,548571,05-04-2025,SESS903724,Influencer,Tablet,Add to Cart,Skincare,419863
805820,524957,18-05-2025,SESS903725,Instagram,Mobile,Website Visit,Colour Cosmetics,423506
805824,536512,09-06-2024,SESS903726,Influencer,Desktop,Website Visit,Skincare,471307
805828,536512,09-06-2024,SESS903726,Influencer,Desktop,Product View,Skincare,471307
871365,536512,09-06-2024,SESS903726,Influencer,Desktop,Add to Cart,Skincare,471307
871367,536512,09-06-2024,SESS903726,Influencer,Desktop,Checkout Started,Skincare,471307
805832,536512,09-06-2024,SESS903726,Influencer,Desktop,Purchase,Skincare,471307
805833,591655,23-07-2024,SESS903727,Organic Search,Mobile,Website Visit,Colour Cosmetics,423132
871368,591655,23-07-2024,SESS903727,Organic Search,Mobile,Product View,Colour Cosmetics,423132
838603,590266,10-09-2024,SESS903728,Google,Mobile,Website Visit,Skincare,
838606,590266,10-09-2024,SESS903728,Google,Mobile,Product View,Skincare,
871374,532018,30-06-2025,SESS903729,Instagram,Tablet,Website Visit,Haircare,473151
838608,599536,17-08-2024,SESS903730,Google,Mobile,Website Visit,Skincare,476385
805843,529219,06-08-2024,SESS903731,Referral,Mobile,Website Visit,Skincare,434464
871382,511221,02-07-2025,SESS903732,Influencer,Mobile,Website Visit,Skincare,486701
805847,511221,02-07-2025,SESS903732,Influencer,Mobile,Product View,Colour Cosmetics,486701
871384,513833,23-05-2024,SESS903733,Marketplace,Tablet,Website Visit,Haircare,
871385,513833,23-05-2024,SESS903733,Marketplace,Tablet,Product View,Skincare,
805858,543007,10-09-2025,SESS903734,Referral,Mobile,Website Visit,Haircare,
871397,543007,10-09-2025,SESS903734,Referral,Mobile,Product View,Haircare,
871399,520032,12-12-2024,SESS903735,Organic Search,Mobile,Website Visit,Colour Cosmetics,
871402,520032,12-12-2024,SESS903735,Organic Search,Mobile,Product View,Colour Cosmetics,
838642,515860,05-09-2025,SESS903736,Organic Search,Mobile,Website Visit,Skincare,451803
805875,515860,05-09-2025,SESS903736,Organic Search,Mobile,Product View,Skincare,451803
805877,587012,19-12-2025,SESS903737,Google,Desktop,Website Visit,Skincare,442004
838653,587012,19-12-2025,SESS903737,Google,Desktop,Product View,Haircare,442004
838661,576435,23-10-2024,SESS903738,Instagram,Desktop,Website Visit,Haircare,437119
838662,598669,26-04-2025,SESS903739,Instagram,Mobile,Website Visit,Colour Cosmetics,
871429,539210,28-04-2024,SESS903740,Referral,Mobile,Website Visit,Skincare,463612
871433,539210,28-04-2024,SESS903740,Referral,Mobile,Product View,Skincare,463612
838666,539210,28-04-2024,SESS903740,Referral,Mobile,Add to Cart,Haircare,463612
871435,526365,25-05-2025,SESS903741,Marketplace,Mobile,Website Visit,Colour Cosmetics,
838668,526365,25-05-2025,SESS903741,Marketplace,Mobile,Product View,Colour Cosmetics,
871442,532853,30-06-2024,SESS903742,Marketplace,Mobile,Website Visit,Colour Cosmetics,
805907,532853,30-06-2024,SESS903742,Marketplace,Mobile,Product View,Colour Cosmetics,
805908,553736,09-12-2025,SESS903743,Google,Mobile,Website Visit,Colour Cosmetics,
805909,553736,09-12-2025,SESS903743,Google,Mobile,Product View,Colour Cosmetics,
838678,553736,09-12-2025,SESS903743,Google,Mobile,Add to Cart,Colour Cosmetics,
838679,560648,01-03-2025,SESS903744,Google,Mobile,Website Visit,Colour Cosmetics,471327
871447,560648,01-03-2025,SESS903744,Google,Mobile,Product View,Colour Cosmetics,471327
805913,577110,28-11-2025,SESS903745,Referral,Mobile,Website Visit,Skincare,
838684,577110,28-11-2025,SESS903745,Referral,Mobile,Product View,Skincare,
805916,581399,17-03-2024,SESS903746,Organic Search,Desktop,Website Visit,Skincare,
838689,532493,29-06-2025,SESS903747,Google,Mobile,Website Visit,Skincare,441642
805922,532493,29-06-2025,SESS903747,Google,Mobile,Product View,Skincare,441642
871463,532493,29-06-2025,SESS903747,Google,Mobile,Add to Cart,Skincare,441642
838699,587062,11-04-2025,SESS903748,Marketplace,Mobile,Website Visit,Skincare,438136
871470,516551,10-06-2025,SESS903749,Influencer,Desktop,Website Visit,Skincare,418239
871471,516551,10-06-2025,SESS903749,Influencer,Desktop,Product View,Skincare,418239
838704,542143,23-10-2025,SESS903750,Marketplace,Mobile,Website Visit,Haircare,
871472,542143,23-10-2025,SESS903750,Marketplace,Mobile,Product View,Colour Cosmetics,
871477,543228,22-12-2025,SESS903751,Google,Mobile,Website Visit,Colour Cosmetics,
871478,543228,22-12-2025,SESS903751,Google,Mobile,Product View,Colour Cosmetics,
838709,516828,13-05-2024,SESS903752,Referral,Desktop,Website Visit,Colour Cosmetics,498427
871481,550422,20-06-2024,SESS903753,Google,Mobile,Website Visit,Colour Cosmetics,
838713,550422,20-06-2024,SESS903753,Google,Mobile,Product View,Colour Cosmetics,
805947,505726,29-03-2025,SESS903754,Google,Mobile,Website Visit,Skincare,
805950,505726,29-03-2025,SESS903754,Google,Mobile,Product View,Skincare,
805951,505726,29-03-2025,SESS903754,Google,Mobile,Add to Cart,Skincare,
805955,538890,04-04-2024,SESS903755,Organic Search,Mobile,Website Visit,Skincare,453161
838724,538890,04-04-2024,SESS903755,Organic Search,Mobile,Product View,Skincare,453161
805956,538890,04-04-2024,SESS903755,Organic Search,Mobile,Add to Cart,Skincare,453161
871494,510308,13-09-2025,SESS903756,Instagram,Desktop,Website Visit,Colour Cosmetics,405376
871495,510308,13-09-2025,SESS903756,Instagram,Desktop,Product View,Colour Cosmetics,405376
871501,501792,13-10-2025,SESS903757,Organic Search,Desktop,Website Visit,Colour Cosmetics,
871502,501792,13-10-2025,SESS903757,Organic Search,Desktop,Product View,Colour Cosmetics,
871503,501792,13-10-2025,SESS903757,Organic Search,Desktop,Add to Cart,Skincare,
871505,501792,13-10-2025,SESS903757,Organic Search,Desktop,Checkout Started,Colour Cosmetics,
805970,501792,13-10-2025,SESS903757,Organic Search,Desktop,Purchase,Colour Cosmetics,
838739,597120,07-06-2025,SESS903758,Instagram,Mobile,Website Visit,Colour Cosmetics,419863
838740,597120,07-06-2025,SESS903758,Instagram,Mobile,Product View,Colour Cosmetics,419863
838742,586079,15-04-2024,SESS903759,Influencer,Desktop,Website Visit,Skincare,405392
805980,586079,15-04-2024,SESS903759,Influencer,Desktop,Product View,Skincare,405392
805982,545870,17-08-2024,SESS903760,Organic Search,Desktop,Website Visit,Haircare,497049
838754,504082,25-12-2025,SESS903761,Instagram,Mobile,Website Visit,Haircare,
838757,588501,08-11-2025,SESS903762,Google,Mobile,Website Visit,Skincare,412277
805990,588501,08-11-2025,SESS903762,Google,Mobile,Product View,Skincare,412277
805991,588501,08-11-2025,SESS903762,Google,Mobile,Add to Cart,Skincare,412277
871527,542840,11-04-2024,SESS903763,Google,Mobile,Website Visit,Colour Cosmetics,423506
838767,542840,11-04-2024,SESS903763,Google,Mobile,Product View,Haircare,423506
871538,542840,11-04-2024,SESS903763,Google,Mobile,Add to Cart,Colour Cosmetics,423506
871542,505209,15-06-2024,SESS903764,Google,Mobile,Website Visit,Skincare,
871547,531365,31-05-2024,SESS903765,Google,Desktop,Website Visit,Skincare,
838785,512987,03-09-2025,SESS903766,Instagram,Desktop,Website Visit,Haircare,463612
838786,512987,03-09-2025,SESS903766,Instagram,Desktop,Product View,Haircare,463612
806018,512987,03-09-2025,SESS903766,Instagram,Desktop,Add to Cart,Haircare,463612
806020,513474,14-12-2025,SESS903767,Organic Search,Mobile,Website Visit,Skincare,442205
838788,513474,14-12-2025,SESS903767,Organic Search,Mobile,Product View,Skincare,442205
806022,570678,25-10-2025,SESS903768,Organic Search,Mobile,Website Visit,Colour Cosmetics,
871559,570678,25-10-2025,SESS903768,Organic Search,Mobile,Product View,Colour Cosmetics,
806025,570678,25-10-2025,SESS903768,Organic Search,Mobile,Add to Cart,Colour Cosmetics,
838794,570678,25-10-2025,SESS903768,Organic Search,Mobile,Checkout Started,Colour Cosmetics,
838799,570678,25-10-2025,SESS903768,Organic Search,Mobile,Purchase,Colour Cosmetics,
806031,587782,13-09-2024,SESS903769,Referral,Desktop,Website Visit,Skincare,
838801,587782,13-09-2024,SESS903769,Referral,Desktop,Product View,Skincare,
871569,587782,13-09-2024,SESS903769,Referral,Desktop,Add to Cart,Skincare,
871572,526318,06-06-2024,SESS903770,Instagram,Mobile,Website Visit,Skincare,
838804,550779,20-12-2025,SESS903771,Google,Mobile,Website Visit,Colour Cosmetics,
806038,550779,20-12-2025,SESS903771,Google,Mobile,Product View,Colour Cosmetics,
838807,534795,30-08-2024,SESS903772,Instagram,Mobile,Website Visit,Colour Cosmetics,408391
806037,573526,16-01-2025,SESS903773,Organic Search,Mobile,Website Visit,Skincare,
871574,508639,03-01-2024,SESS903774,Influencer,Tablet,Website Visit,Colour Cosmetics,412277
806046,542245,18-06-2024,SESS903775,Influencer,Mobile,Website Visit,Skincare,438398
871584,530947,10-08-2025,SESS903776,Instagram,Mobile,Website Visit,Haircare,
871586,540662,25-09-2024,SESS903777,Google,Mobile,Website Visit,Skincare,
806052,507355,05-08-2024,SESS903778,Influencer,Mobile,Website Visit,Skincare,
806053,507355,05-08-2024,SESS903778,Influencer,Mobile,Product View,Skincare,
838822,531348,15-10-2024,SESS903779,Google,Mobile,Website Visit,Colour Cosmetics,
806060,598419,23-03-2024,SESS903780,Influencer,Mobile,Website Visit,Haircare,481455
871602,598419,23-03-2024,SESS903780,Influencer,Mobile,Product View,Skincare,481455
871604,526794,25-03-2024,SESS903781,Google,Mobile,Website Visit,Skincare,496899
871606,599642,06-09-2024,SESS903782,Google,Mobile,Website Visit,Colour Cosmetics,
871608,599642,06-09-2024,SESS903782,Google,Mobile,Product View,Colour Cosmetics,
806074,599642,06-09-2024,SESS903782,Google,Mobile,Add to Cart,Colour Cosmetics,
806080,528016,08-10-2025,SESS903783,Instagram,Desktop,Website Visit,Skincare,476695
871616,559048,16-04-2024,SESS903784,Marketplace,Mobile,Website Visit,Skincare,405376
806084,559048,16-04-2024,SESS903784,Marketplace,Mobile,Product View,Skincare,405376
806087,539691,27-01-2024,SESS903785,Influencer,Mobile,Website Visit,Haircare,
838855,539691,27-01-2024,SESS903785,Influencer,Mobile,Product View,Haircare,
806090,502490,09-12-2024,SESS903786,Instagram,Mobile,Website Visit,Colour Cosmetics,
806092,502490,09-12-2024,SESS903786,Instagram,Mobile,Product View,Colour Cosmetics,
838861,502490,09-12-2024,SESS903786,Instagram,Mobile,Add to Cart,Colour Cosmetics,
871633,502490,09-12-2024,SESS903786,Instagram,Mobile,Checkout Started,Colour Cosmetics,
838868,596815,12-05-2025,SESS903787,Instagram,Tablet,Website Visit,Skincare,
806103,596815,12-05-2025,SESS903787,Instagram,Tablet,Product View,Skincare,
838877,531979,12-06-2024,SESS903788,Referral,Desktop,Website Visit,Colour Cosmetics,
838881,531979,12-06-2024,SESS903788,Referral,Desktop,Product View,Haircare,
838885,500350,02-01-2024,SESS903789,Organic Search,Tablet,Website Visit,Colour Cosmetics,427604
806119,500350,02-01-2024,SESS903789,Organic Search,Tablet,Product View,Colour Cosmetics,427604
838889,536509,02-01-2025,SESS903790,Influencer,Mobile,Website Visit,Colour Cosmetics,
838891,501854,07-04-2024,SESS903791,Google,Mobile,Website Visit,Skincare,
838896,501854,07-04-2024,SESS903791,Google,Mobile,Product View,Skincare,
871668,586846,05-08-2024,SESS903792,Organic Search,Mobile,Website Visit,Skincare,
806133,586846,05-08-2024,SESS903792,Organic Search,Mobile,Product View,Skincare,
871672,586846,05-08-2024,SESS903792,Organic Search,Mobile,Add to Cart,Skincare,
806136,542516,05-09-2025,SESS903793,Instagram,Mobile,Website Visit,Colour Cosmetics,411539
838914,542516,05-09-2025,SESS903793,Instagram,Mobile,Product View,Colour Cosmetics,411539
806146,543054,10-04-2024,SESS903794,Influencer,Desktop,Website Visit,Colour Cosmetics,431540
838917,543369,06-04-2024,SESS903795,Organic Search,Mobile,Website Visit,Skincare,
838918,543369,06-04-2024,SESS903795,Organic Search,Mobile,Product View,Skincare,
838922,543369,06-04-2024,SESS903795,Organic Search,Mobile,Add to Cart,Skincare,
806156,585990,17-10-2025,SESS903796,Marketplace,Desktop,Website Visit,Colour Cosmetics,
806161,585990,17-10-2025,SESS903796,Marketplace,Desktop,Product View,Colour Cosmetics,
806162,558138,20-11-2024,SESS903797,Influencer,Mobile,Website Visit,Skincare,400060
806167,558138,20-11-2024,SESS903797,Influencer,Mobile,Product View,Skincare,400060
806169,514945,20-05-2024,SESS903798,Referral,Mobile,Website Visit,Skincare,
806171,530647,03-06-2024,SESS903799,Referral,Mobile,Website Visit,Skincare,492273
838940,530647,03-06-2024,SESS903799,Referral,Mobile,Product View,Skincare,492273
838942,553545,26-01-2024,SESS903800,Organic Search,Mobile,Website Visit,Skincare,
838945,540668,23-08-2025,SESS903801,Referral,Mobile,Website Visit,Skincare,
806178,540668,23-08-2025,SESS903801,Referral,Mobile,Product View,Haircare,
806179,588039,18-08-2024,SESS903802,Marketplace,Tablet,Website Visit,Skincare,
871716,588039,18-08-2024,SESS903802,Marketplace,Tablet,Product View,Colour Cosmetics,
871717,588039,18-08-2024,SESS903802,Marketplace,Tablet,Add to Cart,Colour Cosmetics,
806182,513356,05-09-2025,SESS903803,Influencer,Desktop,Website Visit,Skincare,420046
871719,513356,05-09-2025,SESS903803,Influencer,Desktop,Product View,Skincare,420046
806180,513356,05-09-2025,SESS903803,Influencer,Desktop,Add to Cart,Colour Cosmetics,420046
871718,564251,20-07-2024,SESS903804,Instagram,Unknown,Website Visit,Colour Cosmetics,
806189,564251,20-07-2024,SESS903804,Instagram,Mobile,Product View,Colour Cosmetics,
871726,564251,20-07-2024,SESS903804,Instagram,Mobile,Add to Cart,Colour Cosmetics,
806191,582345,23-10-2024,SESS903805,Instagram,Mobile,Website Visit,Skincare,495209
806193,582345,23-10-2024,SESS903805,Instagram,Mobile,Product View,Skincare,495209
806199,566263,11-06-2025,SESS903806,Instagram,Desktop,Website Visit,Haircare,490081
806200,568676,20-03-2024,SESS903807,Organic Search,Mobile,Website Visit,Haircare,429945
806201,505683,01-05-2025,SESS903808,Google,Mobile,Website Visit,Haircare,
806204,503694,20-12-2025,SESS903809,Organic Search,Mobile,Website Visit,Skincare,
871742,503694,20-12-2025,SESS903809,Organic Search,Mobile,Product View,Skincare,
838976,503694,20-12-2025,SESS903809,Organic Search,Mobile,Add to Cart,Skincare,
871748,503694,20-12-2025,SESS903809,Organic Search,Mobile,Checkout Started,Skincare,
806215,542219,24-06-2024,SESS903810,Instagram,Desktop,Website Visit,Skincare,431861
806217,517987,07-05-2025,SESS903811,Instagram,Desktop,Website Visit,Skincare,448515
806220,517987,07-05-2025,SESS903811,Instagram,Desktop,Product View,Skincare,448515
806221,514201,05-08-2025,SESS903812,Influencer,Mobile,Website Visit,Skincare,487438
871760,559871,28-08-2025,SESS903813,Instagram,Desktop,Website Visit,Haircare,
838994,559871,28-08-2025,SESS903813,Instagram,Desktop,Product View,Haircare,
871762,559871,28-08-2025,SESS903813,Instagram,Desktop,Add to Cart,Skincare,
871765,559871,28-08-2025,SESS903813,Instagram,Desktop,Checkout Started,Skincare,
871768,559871,28-08-2025,SESS903813,Instagram,Desktop,Purchase,Skincare,
871769,574364,17-04-2025,SESS903814,Offline Store,Mobile,Website Visit,Colour Cosmetics,405867
839000,549131,17-02-2024,SESS903815,Google,Mobile,Website Visit,Colour Cosmetics,481953
806236,549131,17-02-2024,SESS903815,Google,Mobile,Product View,Colour Cosmetics,481953
839005,549131,17-02-2024,SESS903815,Google,Mobile,Add to Cart,Colour Cosmetics,481953
871774,501231,10-05-2024,SESS903816,Google,Mobile,Website Visit,Colour Cosmetics,
871775,501231,10-05-2024,SESS903816,Google,Mobile,Product View,Colour Cosmetics,
871780,549925,27-08-2024,SESS903817,Organic Search,Mobile,Website Visit,Haircare,
806247,513173,09-06-2025,SESS903818,Influencer,Tablet,Website Visit,Skincare,435644
806251,538829,31-10-2024,SESS903819,Instagram,Mobile,Website Visit,Haircare,
806256,538829,31-10-2024,SESS903819,Instagram,Mobile,Product View,Haircare,
806258,538829,31-10-2024,SESS903819,Instagram,Mobile,Add to Cart,Haircare,
839033,538829,31-10-2024,SESS903819,Instagram,Mobile,Checkout Started,Haircare,
839035,594163,17-06-2024,SESS903820,Instagram,Mobile,Website Visit,Colour Cosmetics,423132
806270,594163,17-06-2024,SESS903820,Instagram,Unknown,Product View,Colour Cosmetics,423132
806274,576099,18-03-2025,SESS903821,Google,Desktop,Website Visit,Skincare,
839044,523788,31-08-2024,SESS903822,Google,Desktop,Website Visit,Skincare,433381
871818,523788,31-08-2024,SESS903822,Google,Desktop,Product View,Skincare,433381
871820,553883,17-12-2024,SESS903823,Influencer,Mobile,Website Visit,Colour Cosmetics,
806285,574766,23-11-2024,SESS903824,Google,Mobile,Website Visit,Colour Cosmetics,
871825,574766,23-11-2024,SESS903824,Google,Mobile,Product View,Colour Cosmetics,
871828,598536,22-01-2025,SESS903825,Instagram,Mobile,Website Visit,Colour Cosmetics,
806298,598536,22-01-2025,SESS903825,Instagram,Mobile,Product View,Haircare,
871835,598536,22-01-2025,SESS903825,Instagram,Mobile,Add to Cart,Colour Cosmetics,
839068,598536,22-01-2025,SESS903825,Instagram,Mobile,Checkout Started,Colour Cosmetics,
806301,598536,22-01-2025,SESS903825,Instagram,Mobile,Purchase,Colour Cosmetics,
871838,552743,27-06-2024,SESS903826,Marketplace,Mobile,Website Visit,Skincare,471307
806304,552743,27-06-2024,SESS903826,Marketplace,Mobile,Product View,Skincare,471307
806311,581439,09-11-2025,SESS903827,Organic Search,Mobile,Website Visit,Haircare,
839081,560305,02-07-2025,SESS903828,Organic Search,Desktop,Website Visit,Colour Cosmetics,
871850,560305,02-07-2025,SESS903828,Organic Search,Desktop,Product View,Colour Cosmetics,
806315,557961,24-02-2024,SESS903829,Offline Store,Mobile,Website Visit,Colour Cosmetics,488400
871852,557961,24-02-2024,SESS903829,Offline Store,Mobile,Product View,Colour Cosmetics,488400
871849,512656,06-06-2024,SESS903830,Google,Mobile,Website Visit,Skincare,448515
871855,512656,06-06-2024,SESS903830,Google,Mobile,Product View,Skincare,448515
839093,528305,19-10-2024,SESS903831,Referral,Mobile,Website Visit,Colour Cosmetics,
871862,535720,19-12-2024,SESS903832,Google,Mobile,Website Visit,Skincare,437316
871867,535720,19-12-2024,SESS903832,Google,Mobile,Product View,Skincare,437316
806332,587782,29-10-2025,SESS903833,Referral,Tablet,Website Visit,Skincare,431861
871870,587782,29-10-2025,SESS903833,Referral,Tablet,Product View,Haircare,431861
839103,557424,26-09-2025,SESS903834,Google,Mobile,Website Visit,Skincare,
839107,557424,26-09-2025,SESS903834,Google,Mobile,Product View,Skincare,
839117,577867,09-05-2024,SESS903835,Instagram,Desktop,Website Visit,Haircare,
806350,505273,02-04-2024,SESS903836,Influencer,Mobile,Website Visit,Colour Cosmetics,447990
839121,505273,02-04-2024,SESS903836,Influencer,Mobile,Product View,Colour Cosmetics,447990
839122,505273,02-04-2024,SESS903836,Influencer,Mobile,Add to Cart,Colour Cosmetics,447990
839126,529816,16-07-2025,SESS903837,Organic Search,Mobile,Website Visit,Haircare,449380
806358,573608,03-06-2025,SESS903838,Influencer,Mobile,Website Visit,Colour Cosmetics,491749
839129,583579,09-06-2025,SESS903839,Instagram,Mobile,Website Visit,Skincare,481006
806365,583579,09-06-2025,SESS903839,Instagram,Mobile,Product View,Skincare,481006
871902,536458,01-11-2024,SESS903840,Influencer,Desktop,Website Visit,Skincare,438097
871914,596815,17-04-2024,SESS903841,Instagram,Mobile,Website Visit,Skincare,
871917,596815,17-04-2024,SESS903841,Instagram,Mobile,Product View,Skincare,
806383,546507,14-10-2024,SESS903842,Influencer,Mobile,Website Visit,Colour Cosmetics,406427
839152,520631,21-06-2025,SESS903843,Instagram,Tablet,Website Visit,Skincare,
871921,556148,15-05-2024,SESS903844,Marketplace,Mobile,Website Visit,Haircare,
839154,565909,29-06-2025,SESS903845,Instagram,Desktop,Website Visit,Colour Cosmetics,
839159,590027,31-12-2025,SESS903846,Marketplace,Desktop,Website Visit,Haircare,
839162,590027,31-12-2025,SESS903846,Marketplace,Desktop,Product View,Haircare,
871932,518140,19-09-2025,SESS903847,Influencer,Mobile,Website Visit,Haircare,
839165,521805,23-11-2025,SESS903848,Influencer,Desktop,Website Visit,Skincare,
871934,555444,04-03-2024,SESS903849,Influencer,Mobile,Website Visit,Colour Cosmetics,
806397,540492,21-12-2024,SESS903850,Marketplace,Desktop,Website Visit,Skincare,
839171,540492,21-12-2024,SESS903850,Marketplace,Desktop,Product View,Skincare,
839175,540492,21-12-2024,SESS903850,Marketplace,Desktop,Add to Cart,Skincare,
839178,566462,03-08-2024,SESS903851,Google,Tablet,Website Visit,Colour Cosmetics,
871948,566462,03-08-2024,SESS903851,Google,Tablet,Product View,Colour Cosmetics,
839181,578148,01-09-2025,SESS903852,Google,Mobile,Website Visit,Haircare,430394
839182,597120,13-03-2025,SESS903853,Instagram,Desktop,Website Visit,Colour Cosmetics,436764
871950,597120,13-03-2025,SESS903853,Instagram,Desktop,Product View,Colour Cosmetics,436764
806416,581490,24-07-2024,SESS903854,Instagram,Tablet,Website Visit,Skincare,434464
871949,581490,24-07-2024,SESS903854,Instagram,Tablet,Product View,Colour Cosmetics,434464
871956,581490,24-07-2024,SESS903854,Instagram,Tablet,Add to Cart,Skincare,434464
871959,581490,24-07-2024,SESS903854,Instagram,Tablet,Checkout Started,Skincare,434464
839192,581490,24-07-2024,SESS903854,Instagram,Tablet,Purchase,Skincare,434464
871964,525144,04-01-2025,SESS903855,Google,Desktop,Website Visit,Skincare,440309
839198,504082,19-05-2024,SESS903856,Instagram,Mobile,Website Visit,Colour Cosmetics,487438
806431,504082,19-05-2024,SESS903856,Instagram,Mobile,Product View,Haircare,487438
839202,548331,14-01-2024,SESS903857,Google,Mobile,Website Visit,Skincare,432195
871972,548331,14-01-2024,SESS903857,Google,Mobile,Product View,Skincare,432195
871977,548331,14-01-2024,SESS903857,Google,Mobile,Add to Cart,Skincare,432195
839210,548331,14-01-2024,SESS903857,Google,Mobile,Checkout Started,Skincare,432195
871979,546025,06-09-2025,SESS903858,Google,Mobile,Website Visit,Colour Cosmetics,
806444,546025,06-09-2025,SESS903858,Google,Mobile,Product View,Colour Cosmetics,
839213,542081,16-05-2024,SESS903859,Instagram,Mobile,Website Visit,Skincare,
806446,542081,16-05-2024,SESS903859,Instagram,Mobile,Product View,Skincare,
871982,524050,25-04-2025,SESS903860,Organic Search,Desktop,Website Visit,Skincare,492837
806451,524050,25-04-2025,SESS903860,Organic Search,Desktop,Product View,Skincare,492837
839220,524050,25-04-2025,SESS903860,Organic Search,Desktop,Add to Cart,Skincare,492837
806456,524050,25-04-2025,SESS903860,Organic Search,Desktop,Checkout Started,Skincare,492837
806457,565771,13-06-2024,SESS903861,Instagram,Mobile,Website Visit,Colour Cosmetics,434464
839227,565771,13-06-2024,SESS903861,Instagram,Mobile,Product View,Colour Cosmetics,434464
839229,561069,25-02-2025,SESS903862,Google,Mobile,Website Visit,Skincare,
806461,562163,22-12-2024,SESS903863,Organic Search,Mobile,Website Visit,Colour Cosmetics,
839230,562163,22-12-2024,SESS903863,Organic Search,Mobile,Product View,Colour Cosmetics,
806464,562163,22-12-2024,SESS903863,Organic Search,Mobile,Add to Cart,Colour Cosmetics,
839234,561462,03-06-2025,SESS903864,Google,Mobile,Website Visit,Skincare,450092
806469,561462,03-06-2025,SESS903864,Google,Mobile,Product View,Skincare,450092
806472,516544,18-03-2025,SESS903865,Referral,Mobile,Website Visit,Skincare,473870
872009,516544,18-03-2025,SESS903865,Referral,Mobile,Product View,Skincare,473870
839242,505726,06-06-2024,SESS903866,Google,Mobile,Website Visit,Skincare,481026
806475,540319,23-10-2025,SESS903867,Influencer,Mobile,Website Visit,Haircare,485381
839244,540319,23-10-2025,SESS903867,Influencer,Mobile,Product View,Skincare,485381
872010,540319,23-10-2025,SESS903867,Influencer,Mobile,Add to Cart,Skincare,485381
806482,556333,28-06-2025,SESS903868,Google,Mobile,Website Visit,Haircare,463442
872029,510384,28-05-2025,SESS903869,Organic Search,Mobile,Website Visit,Skincare,
839262,529102,10-10-2025,SESS903870,Google,Mobile,Website Visit,Colour Cosmetics,
839266,529102,10-10-2025,SESS903870,Google,Mobile,Product View,Colour Cosmetics,
806502,529102,10-10-2025,SESS903870,Google,Mobile,Add to Cart,Colour Cosmetics,
806503,529102,10-10-2025,SESS903870,Google,Mobile,Checkout Started,Colour Cosmetics,
806506,529102,10-10-2025,SESS903870,Google,Mobile,Purchase,Colour Cosmetics,
839275,514663,14-11-2025,SESS903871,Organic Search,Mobile,Website Visit,Skincare,
872042,514663,14-11-2025,SESS903871,Organic Search,Mobile,Product View,Haircare,
839277,539529,20-08-2024,SESS903872,Referral,Mobile,Website Visit,Skincare,474998
806513,502540,11-07-2024,SESS903873,Influencer,Desktop,Website Visit,Skincare,479647
806514,502540,11-07-2024,SESS903873,Influencer,Desktop,Product View,Haircare,479647
872051,539529,14-01-2025,SESS903874,Referral,Mobile,Website Visit,Haircare,431540
872060,539529,14-01-2025,SESS903874,Referral,Mobile,Product View,Skincare,431540
839292,539529,14-01-2025,SESS903874,Referral,Mobile,Add to Cart,Skincare,431540
872062,533544,09-09-2025,SESS903875,Instagram,Mobile,Website Visit,Colour Cosmetics,
806533,525856,22-06-2024,SESS903876,Instagram,Desktop,Website Visit,Skincare,
872069,594481,09-04-2025,SESS903877,Instagram,Mobile,Website Visit,Colour Cosmetics,486746
872071,594481,09-04-2025,SESS903877,Instagram,Mobile,Product View,Haircare,486746
839317,579730,30-03-2024,SESS903878,Instagram,Mobile,Website Visit,Skincare,
806551,546105,23-09-2025,SESS903879,Google,Tablet,Website Visit,Skincare,
839321,546105,23-09-2025,SESS903879,Google,Tablet,Product View,Colour Cosmetics,
806554,580610,31-05-2025,SESS903880,Organic Search,Mobile,Website Visit,Haircare,433381
839324,580610,31-05-2025,SESS903880,Organic Search,Mobile,Product View,Haircare,433381
839325,580610,31-05-2025,SESS903880,Organic Search,Mobile,Add to Cart,Haircare,433381
839329,580610,31-05-2025,SESS903880,Organic Search,Mobile,Checkout Started,Colour Cosmetics,433381
806564,580610,31-05-2025,SESS903880,Organic Search,Mobile,Purchase,Haircare,433381
839332,599930,09-04-2024,SESS903881,Instagram,Mobile,Website Visit,Colour Cosmetics,445539
839334,599930,09-04-2024,SESS903881,Instagram,Mobile,Product View,Colour Cosmetics,445539
839338,599930,09-04-2024,SESS903881,Instagram,Mobile,Add to Cart,Skincare,445539
872106,599930,09-04-2024,SESS903881,Instagram,Mobile,Checkout Started,Colour Cosmetics,445539
806572,599930,09-04-2024,SESS903881,Instagram,Mobile,Purchase,Colour Cosmetics,445539
872109,589705,05-07-2025,SESS903882,Offline Store,Mobile,Website Visit,Haircare,483731
806578,555444,17-08-2025,SESS903883,Influencer,Mobile,Website Visit,Colour Cosmetics,
839348,566840,18-12-2024,SESS903884,Organic Search,Mobile,Website Visit,Skincare,465408
806580,566840,18-12-2024,SESS903884,Organic Search,Mobile,Product View,Colour Cosmetics,465408
839354,536930,14-03-2024,SESS903885,Influencer,Mobile,Website Visit,Skincare,
872130,536930,14-03-2024,SESS903885,Influencer,Mobile,Product View,Haircare,
839363,536930,14-03-2024,SESS903885,Influencer,Mobile,Add to Cart,Haircare,
872131,536930,14-03-2024,SESS903885,Influencer,Mobile,Checkout Started,Haircare,
806594,524878,13-03-2025,SESS903886,Google,Tablet,Website Visit,Skincare,
872134,524878,13-03-2025,SESS903886,Google,Tablet,Product View,Skincare,
806600,563788,19-02-2025,SESS903887,Instagram,Mobile,Website Visit,Colour Cosmetics,
806605,563788,19-02-2025,SESS903887,Instagram,Mobile,Product View,Colour Cosmetics,
806606,590027,07-08-2025,SESS903888,Marketplace,Mobile,Website Visit,Haircare,447520
839379,590027,07-08-2025,SESS903888,Marketplace,Mobile,Product View,Haircare,447520
872148,514663,14-10-2025,SESS903889,Organic Search,Mobile,Website Visit,Skincare,
839382,516547,19-07-2024,SESS903890,Instagram,Mobile,Website Visit,Skincare,
806614,516547,19-07-2024,SESS903890,Instagram,Mobile,Product View,Skincare,
806617,542176,06-06-2024,SESS903891,Marketplace,Mobile,Website Visit,Colour Cosmetics,488400
806622,542176,06-06-2024,SESS903891,Marketplace,Mobile,Product View,Colour Cosmetics,488400
839391,542176,06-06-2024,SESS903891,Marketplace,Mobile,Add to Cart,Colour Cosmetics,488400
839396,542176,06-06-2024,SESS903891,Marketplace,Mobile,Checkout Started,Colour Cosmetics,488400
839397,542176,06-06-2024,SESS903891,Marketplace,Mobile,Purchase,Colour Cosmetics,488400
839401,577184,28-09-2024,SESS903892,Marketplace,Mobile,Website Visit,Colour Cosmetics,446648
872169,577184,28-09-2024,SESS903892,Marketplace,Mobile,Product View,Haircare,446648
872175,577184,28-09-2024,SESS903892,Marketplace,Mobile,Add to Cart,Colour Cosmetics,446648
872176,577184,28-09-2024,SESS903892,Marketplace,Mobile,Checkout Started,Colour Cosmetics,446648
806639,563517,02-08-2024,SESS903893,Instagram,Mobile,Website Visit,Skincare,406427
839410,524164,17-08-2025,SESS903894,Instagram,Mobile,Website Visit,Skincare,438097
839413,518320,17-04-2024,SESS903895,Instagram,Desktop,Website Visit,Skincare,462926
806648,518320,17-04-2024,SESS903895,Instagram,Desktop,Product View,Skincare,462926
872185,555519,16-08-2025,SESS903896,Marketplace,Mobile,Website Visit,Skincare,
872186,500053,04-01-2024,SESS903897,Google,Mobile,Website Visit,Skincare,418239
839420,505224,09-06-2024,SESS903898,Referral,Desktop,Website Visit,Colour Cosmetics,
872190,505224,09-06-2024,SESS903898,Referral,Desktop,Product View,Colour Cosmetics,
839426,505224,09-06-2024,SESS903898,Referral,Desktop,Add to Cart,Colour Cosmetics,
839428,561348,01-11-2025,SESS903899,Instagram,Mobile,Website Visit,Colour Cosmetics,
872198,561348,01-11-2025,SESS903899,Instagram,Mobile,Product View,Colour Cosmetics,
872199,567033,07-07-2024,SESS903900,Marketplace,Mobile,Website Visit,Colour Cosmetics,
806667,532914,11-11-2024,SESS903901,Influencer,Mobile,Website Visit,Skincare,476238
806669,532914,11-11-2024,SESS903901,Influencer,Mobile,Product View,Skincare,476238
839438,503495,24-08-2025,SESS903902,Google,Mobile,Website Visit,Colour Cosmetics,465408
839439,503495,24-08-2025,SESS903902,Google,Mobile,Product View,Colour Cosmetics,465408
839440,503495,24-08-2025,SESS903902,Google,Mobile,Add to Cart,Haircare,465408
872209,507685,08-06-2025,SESS903903,Instagram,Desktop,Website Visit,Skincare,466062
872214,507685,08-06-2025,SESS903903,Instagram,Desktop,Product View,Skincare,466062
806684,515525,03-03-2025,SESS903904,Google,Mobile,Website Visit,Skincare,
839455,515525,03-03-2025,SESS903904,Google,Mobile,Product View,Skincare,
839465,542437,17-11-2025,SESS903905,Instagram,Mobile,Website Visit,Haircare,410081
806699,540577,18-06-2025,SESS903906,Referral,Mobile,Website Visit,Skincare,
839470,547419,11-12-2025,SESS903907,Referral,Desktop,Website Visit,Skincare,
839471,547419,11-12-2025,SESS903907,Referral,Desktop,Product View,Skincare,
839472,526111,02-06-2024,SESS903908,Influencer,Mobile,Website Visit,Colour Cosmetics,
839479,560258,29-11-2024,SESS903909,Instagram,Mobile,Website Visit,Colour Cosmetics,
839480,550667,22-12-2025,SESS903910,Instagram,Mobile,Website Visit,Colour Cosmetics,473590
872250,559459,06-07-2025,SESS903911,Google,Desktop,Website Visit,Colour Cosmetics,403029
806719,577139,28-08-2025,SESS903912,Referral,Desktop,Website Visit,Haircare,403690
806720,531499,03-07-2024,SESS903913,Google,Desktop,Website Visit,Skincare,
872259,531499,03-07-2024,SESS903913,Google,Desktop,Product View,Colour Cosmetics,
839492,531566,24-06-2024,SESS903914,Google,Mobile,Website Visit,Skincare,444911
839494,531566,24-06-2024,SESS903914,Google,Mobile,Product View,Skincare,444911
839495,531566,24-06-2024,SESS903914,Google,Mobile,Add to Cart,Skincare,444911
806728,549968,18-07-2024,SESS903915,Organic Search,Mobile,Website Visit,Skincare,
872267,549968,18-07-2024,SESS903915,Organic Search,Mobile,Product View,Skincare,
839502,549968,18-07-2024,SESS903915,Organic Search,Mobile,Add to Cart,Skincare,
839503,592124,18-02-2025,SESS903916,Instagram,Mobile,Website Visit,Colour Cosmetics,
872273,501824,13-12-2024,SESS903917,Instagram,Desktop,Website Visit,Haircare,400573
872274,504288,24-07-2024,SESS903918,Organic Search,Mobile,Website Visit,Colour Cosmetics,480858
839508,504288,24-07-2024,SESS903918,Organic Search,Mobile,Product View,Colour Cosmetics,480858
806741,504288,24-07-2024,SESS903918,Organic Search,Mobile,Add to Cart,Colour Cosmetics,480858
806742,504288,24-07-2024,SESS903918,Organic Search,Mobile,Checkout Started,Haircare,480858
872282,504288,24-07-2024,SESS903918,Organic Search,Mobile,Purchase,Colour Cosmetics,480858
839515,545830,22-04-2024,SESS903919,Organic Search,Desktop,Website Visit,Colour Cosmetics,
806749,532742,02-06-2024,SESS903920,Offline Store,Mobile,Website Visit,Skincare,419863
806752,532742,02-06-2024,SESS903920,Offline Store,Mobile,Product View,Skincare,419863
839521,532742,02-06-2024,SESS903920,Offline Store,Mobile,Add to Cart,Colour Cosmetics,419863
806754,536666,10-12-2025,SESS903921,Instagram,Desktop,Website Visit,Skincare,
806755,536666,10-12-2025,SESS903921,Instagram,Desktop,Product View,Skincare,
872293,536666,10-12-2025,SESS903921,Instagram,Desktop,Add to Cart,Haircare,
872294,512656,17-11-2025,SESS903922,Google,Mobile,Website Visit,Skincare,484510
839528,512656,17-11-2025,SESS903922,Google,Mobile,Product View,Skincare,484510
872298,512656,17-11-2025,SESS903922,Google,Mobile,Add to Cart,Skincare,484510
806765,512656,17-11-2025,SESS903922,Google,Mobile,Checkout Started,Skincare,484510
872302,588907,25-04-2025,SESS903923,Instagram,Mobile,Website Visit,Skincare,
872303,531147,02-05-2024,SESS903924,Google,Mobile,Website Visit,Skincare,453495
872306,562341,21-11-2025,SESS903925,Instagram,Mobile,Website Visit,Skincare,449380
839540,590422,01-08-2025,SESS903926,Influencer,Mobile,Website Visit,Haircare,403719
839543,572309,30-12-2025,SESS903927,Instagram,Mobile,Website Visit,Colour Cosmetics,
872312,572309,30-12-2025,SESS903927,Instagram,Mobile,Product View,Colour Cosmetics,
839545,525485,02-02-2024,SESS903928,Referral,Mobile,Website Visit,Skincare,497553
872316,525485,02-02-2024,SESS903928,Referral,Mobile,Product View,Skincare,497553
872323,525485,02-02-2024,SESS903928,Referral,Mobile,Add to Cart,Colour Cosmetics,497553
806788,572264,09-02-2025,SESS903929,Offline Store,Mobile,Website Visit,Colour Cosmetics,
806789,588259,02-10-2025,SESS903930,Organic Search,Tablet,Website Visit,Skincare,
872336,588259,02-10-2025,SESS903930,Organic Search,Tablet,Product View,Haircare,
872337,588259,02-10-2025,SESS903930,Organic Search,Tablet,Add to Cart,Skincare,
839573,546112,28-01-2024,SESS903931,Organic Search,Unknown,Website Visit,Skincare,407184
839580,546112,28-01-2024,SESS903931,Organic Search,Mobile,Product View,Skincare,407184
839581,573385,30-03-2025,SESS903932,Instagram,Mobile,Website Visit,Skincare,
872351,557080,22-11-2024,SESS903933,Instagram,Mobile,Website Visit,Skincare,
839586,559087,16-04-2025,SESS903934,Instagram,Desktop,Website Visit,Haircare,
839593,559087,16-04-2025,SESS903934,Instagram,Desktop,Product View,Colour Cosmetics,
872362,541704,15-10-2024,SESS903935,Influencer,Tablet,Website Visit,Colour Cosmetics,481953
872365,541704,15-10-2024,SESS903935,Influencer,Tablet,Product View,Colour Cosmetics,481953
872366,541704,15-10-2024,SESS903935,Influencer,Tablet,Add to Cart,Colour Cosmetics,481953
872374,541704,15-10-2024,SESS903935,Influencer,Tablet,Checkout Started,Colour Cosmetics,481953
872375,564454,27-07-2024,SESS903936,Influencer,Mobile,Website Visit,Colour Cosmetics,
806840,599693,13-08-2025,SESS903937,Organic Search,Mobile,Website Visit,Skincare,
806841,560513,18-05-2025,SESS903938,Google,Mobile,Website Visit,Colour Cosmetics,438136
806842,546179,23-05-2025,SESS903939,Referral,Desktop,Website Visit,Skincare,
872379,546179,23-05-2025,SESS903939,Referral,Desktop,Product View,Skincare,
806843,581678,13-02-2024,SESS903940,Google,Desktop,Website Visit,Haircare,492837
839615,569942,22-05-2024,SESS903941,Influencer,Mobile,Website Visit,Colour Cosmetics,
872386,534179,21-06-2024,SESS903942,Organic Search,Mobile,Website Visit,Colour Cosmetics,454313
806856,568522,16-04-2025,SESS903943,Organic Search,Desktop,Website Visit,Skincare,485381
872394,568522,16-04-2025,SESS903943,Organic Search,Desktop,Product View,Skincare,485381
839629,553005,02-07-2024,SESS903944,Offline Store,Desktop,Website Visit,Haircare,430394
806865,553005,02-07-2024,SESS903944,Offline Store,Desktop,Product View,Haircare,430394
872405,553005,02-07-2024,SESS903944,Offline Store,Desktop,Add to Cart,Haircare,430394
806871,553005,02-07-2024,SESS903944,Offline Store,Desktop,Checkout Started,Haircare,430394
872412,553005,02-07-2024,SESS903944,Offline Store,Desktop,Purchase,Haircare,430394
839646,527659,13-12-2024,SESS903945,Google,Desktop,Website Visit,Haircare,
806878,527659,13-12-2024,SESS903945,Google,Desktop,Product View,Haircare,
872416,553841,15-06-2025,SESS903946,Marketplace,Mobile,Website Visit,Skincare,442205
839658,553841,15-06-2025,SESS903946,Marketplace,Unknown,Product View,Skincare,442205
806890,524586,20-01-2024,SESS903947,Instagram,Mobile,Website Visit,Haircare,
806892,516614,13-03-2024,SESS903948,Marketplace,Desktop,Website Visit,Colour Cosmetics,484510
806894,516614,13-03-2024,SESS903948,Marketplace,Desktop,Product View,Colour Cosmetics,484510
806898,557905,21-12-2024,SESS903949,Marketplace,Mobile,Website Visit,Colour Cosmetics,
806899,591983,13-03-2025,SESS903950,Instagram,Mobile,Website Visit,Skincare,
839666,591983,13-03-2025,SESS903950,Instagram,Mobile,Product View,Skincare,
839668,528760,06-12-2024,SESS903951,Influencer,Mobile,Website Visit,Skincare,426192
872443,528760,06-12-2024,SESS903951,Influencer,Mobile,Product View,Skincare,426192
806909,528760,06-12-2024,SESS903951,Influencer,Mobile,Add to Cart,Skincare,426192
806910,528760,06-12-2024,SESS903951,Influencer,Mobile,Checkout Started,Skincare,426192
839681,528760,06-12-2024,SESS903951,Influencer,Mobile,Purchase,Skincare,426192
872450,592801,29-10-2025,SESS903952,Referral,Mobile,Website Visit,Colour Cosmetics,418071
806915,515726,11-07-2024,SESS903953,Offline Store,Mobile,Website Visit,Skincare,
806918,515726,11-07-2024,SESS903953,Offline Store,Mobile,Product View,Skincare,
806920,536241,13-07-2024,SESS903954,Influencer,Mobile,Website Visit,Haircare,464819
872457,536241,13-07-2024,SESS903954,Influencer,Mobile,Product View,Haircare,464819
872463,570798,19-07-2024,SESS903955,Organic Search,Mobile,Website Visit,Haircare,
872470,528569,22-05-2024,SESS903956,Instagram,Mobile,Website Visit,Haircare,463122
806939,528569,22-05-2024,SESS903956,Instagram,Mobile,Product View,Haircare,463122
806944,517176,04-05-2024,SESS903957,Referral,Mobile,Website Visit,Colour Cosmetics,
872485,508639,07-12-2024,SESS903958,Influencer,Mobile,Website Visit,Colour Cosmetics,471307
806951,509171,25-09-2024,SESS903959,Offline Store,Mobile,Website Visit,Colour Cosmetics,
806952,509171,25-09-2024,SESS903959,Offline Store,Mobile,Product View,Haircare,
806955,509171,25-09-2024,SESS903959,Offline Store,Mobile,Add to Cart,Haircare,
839724,509171,25-09-2024,SESS903959,Offline Store,Mobile,Checkout Started,Haircare,
872500,523788,03-11-2025,SESS903960,Google,Desktop,Website Visit,Skincare,400573
806964,523788,03-11-2025,SESS903960,Google,Desktop,Product View,Skincare,400573
839735,523788,03-11-2025,SESS903960,Google,Desktop,Add to Cart,Skincare,400573
806970,523788,03-11-2025,SESS903960,Google,Desktop,Checkout Started,Skincare,400573
839738,523788,03-11-2025,SESS903960,Google,Desktop,Purchase,Skincare,400573
872508,539618,08-01-2025,SESS903961,Influencer,Mobile,Website Visit,Haircare,408197
806973,539618,08-01-2025,SESS903961,Influencer,Mobile,Product View,Haircare,408197
839742,539618,08-01-2025,SESS903961,Influencer,Mobile,Add to Cart,Haircare,408197
839739,528477,11-12-2025,SESS903962,Marketplace,Mobile,Website Visit,Skincare,448515
806976,528477,11-12-2025,SESS903962,Marketplace,Mobile,Product View,Skincare,448515
839746,528477,11-12-2025,SESS903962,Marketplace,Mobile,Add to Cart,Skincare,448515
839749,528477,11-12-2025,SESS903962,Marketplace,Mobile,Checkout Started,Skincare,448515
806982,528477,11-12-2025,SESS903962,Marketplace,Mobile,Purchase,Skincare,448515
839752,592260,17-07-2024,SESS903963,Instagram,Desktop,Website Visit,Skincare,418071
872520,592260,17-07-2024,SESS903963,Instagram,Desktop,Product View,Skincare,418071
806985,585175,24-03-2024,SESS903964,Instagram,Mobile,Website Visit,Colour Cosmetics,415511
839754,515906,09-12-2024,SESS903965,Influencer,Desktop,Website Visit,Haircare,427621
806990,515906,09-12-2024,SESS903965,Influencer,Desktop,Product View,Haircare,427621
806996,515906,09-12-2024,SESS903965,Influencer,Desktop,Add to Cart,Haircare,427621
872533,515906,09-12-2024,SESS903965,Influencer,Desktop,Checkout Started,Haircare,427621
839765,515906,09-12-2024,SESS903965,Influencer,Desktop,Purchase,Haircare,427621
806999,557733,08-05-2025,SESS903966,Organic Search,Mobile,Website Visit,Colour Cosmetics,
872541,576720,30-11-2025,SESS903967,Instagram,Desktop,Website Visit,Skincare,
839783,576720,30-11-2025,SESS903967,Instagram,Desktop,Product View,Haircare,
807019,556349,23-02-2025,SESS903968,Influencer,Mobile,Website Visit,Colour Cosmetics,441642
872557,556349,23-02-2025,SESS903968,Influencer,Mobile,Product View,Colour Cosmetics,441642
872562,540857,03-11-2024,SESS903969,Referral,Desktop,Website Visit,Haircare,
807034,540857,03-11-2024,SESS903969,Referral,Desktop,Product View,Colour Cosmetics,
872571,540857,03-11-2024,SESS903969,Referral,Desktop,Add to Cart,Colour Cosmetics,
839802,532411,18-09-2025,SESS903970,Marketplace,Desktop,Website Visit,Skincare,
872572,566543,11-08-2024,SESS903971,Organic Search,Desktop,Website Visit,Skincare,411691
839807,514953,30-12-2025,SESS903972,Organic Search,Mobile,Website Visit,Skincare,
807043,514953,30-12-2025,SESS903972,Organic Search,Mobile,Product View,Skincare,
839815,530784,01-01-2024,SESS903973,Instagram,Mobile,Website Visit,Skincare,
807049,530784,01-01-2024,SESS903973,Instagram,Mobile,Product View,Skincare,
872587,522280,08-05-2025,SESS903974,Instagram,Mobile,Website Visit,Skincare,
807055,522280,08-05-2025,SESS903974,Instagram,Mobile,Product View,Skincare,
807063,503248,14-05-2024,SESS903975,Google,Desktop,Website Visit,Skincare,410081
839832,548870,03-12-2024,SESS903976,Instagram,Mobile,Website Visit,Skincare,432195
872600,548870,03-12-2024,SESS903976,Instagram,Mobile,Product View,Skincare,432195
872602,580623,03-02-2024,SESS903977,Influencer,Mobile,Website Visit,Colour Cosmetics,488400
807070,580623,03-02-2024,SESS903977,Influencer,Mobile,Product View,Colour Cosmetics,488400
807073,580623,03-02-2024,SESS903977,Influencer,Mobile,Add to Cart,Haircare,488400
872614,594646,14-06-2025,SESS903978,Instagram,Mobile,Website Visit,Skincare,
839849,594646,14-06-2025,SESS903978,Instagram,Mobile,Product View,Skincare,
839850,561261,09-11-2025,SESS903979,Google,Mobile,Website Visit,Skincare,406427
839856,595320,09-06-2024,SESS903980,Organic Search,Desktop,Website Visit,Skincare,
872625,595320,09-06-2024,SESS903980,Organic Search,Desktop,Product View,Skincare,
839860,595320,09-06-2024,SESS903980,Organic Search,Desktop,Add to Cart,Colour Cosmetics,
872629,595320,09-06-2024,SESS903980,Organic Search,Desktop,Checkout Started,Skincare,
872630,574085,26-05-2025,SESS903981,Instagram,Mobile,Website Visit,Skincare,
839863,574085,26-05-2025,SESS903981,Instagram,Mobile,Product View,Skincare,
872632,571066,11-01-2025,SESS903982,Influencer,Desktop,Website Visit,Colour Cosmetics,442205
807098,571066,11-01-2025,SESS903982,Influencer,Desktop,Product View,Skincare,442205
839867,579807,05-12-2025,SESS903983,Instagram,Desktop,Website Visit,Colour Cosmetics,445539
839868,579807,05-12-2025,SESS903983,Instagram,Desktop,Product View,Colour Cosmetics,445539
807100,579807,05-12-2025,SESS903983,Instagram,Desktop,Add to Cart,Colour Cosmetics,445539
839871,579807,05-12-2025,SESS903983,Instagram,Desktop,Checkout Started,Colour Cosmetics,445539
807106,579807,05-12-2025,SESS903983,Instagram,Desktop,Purchase,Colour Cosmetics,445539
839874,596832,05-02-2024,SESS903984,Organic Search,Tablet,Website Visit,Skincare,400573
872643,564789,25-04-2024,SESS903985,Referral,Mobile,Website Visit,Skincare,406955
839883,564789,25-04-2024,SESS903985,Referral,Mobile,Product View,Skincare,406955
807121,584246,24-07-2025,SESS903986,Google,Mobile,Website Visit,Haircare,458427
807126,509447,28-05-2024,SESS903987,Organic Search,Mobile,Website Visit,Colour Cosmetics,
807127,509447,28-05-2024,SESS903987,Organic Search,Mobile,Product View,Colour Cosmetics,
807128,509447,28-05-2024,SESS903987,Organic Search,Mobile,Add to Cart,Colour Cosmetics,
839899,571819,06-05-2024,SESS903988,Referral,Mobile,Website Visit,Skincare,426390
839900,571819,06-05-2024,SESS903988,Referral,Mobile,Product View,Skincare,426390
807139,564260,09-10-2025,SESS903989,Google,Mobile,Website Visit,Skincare,
807143,564260,09-10-2025,SESS903989,Google,Unknown,Product View,Colour Cosmetics,
807144,592493,27-03-2025,SESS903990,Instagram,Mobile,Website Visit,Colour Cosmetics,
839919,592493,27-03-2025,SESS903990,Instagram,Mobile,Product View,Haircare,
839920,592493,27-03-2025,SESS903990,Instagram,Mobile,Add to Cart,Colour Cosmetics,
839923,570292,06-09-2024,SESS903991,Marketplace,Mobile,Website Visit,Haircare,435644
872693,570292,06-09-2024,SESS903991,Marketplace,Mobile,Product View,Skincare,435644
872697,570292,06-09-2024,SESS903991,Marketplace,Mobile,Add to Cart,Skincare,435644
807163,570292,06-09-2024,SESS903991,Marketplace,Mobile,Checkout Started,Skincare,435644
807164,570292,06-09-2024,SESS903991,Marketplace,Mobile,Purchase,Skincare,435644
872702,515906,12-12-2025,SESS903992,Influencer,Mobile,Website Visit,Haircare,
839935,515906,12-12-2025,SESS903992,Influencer,Mobile,Product View,Haircare,
839937,515906,12-12-2025,SESS903992,Influencer,Mobile,Add to Cart,Haircare,
839940,515906,12-12-2025,SESS903992,Influencer,Mobile,Checkout Started,Haircare,
872712,515906,12-12-2025,SESS903992,Influencer,Mobile,Purchase,Haircare,
872714,559087,12-03-2024,SESS903993,Instagram,Mobile,Website Visit,Haircare,403029
807178,530539,19-10-2024,SESS903994,Marketplace,Mobile,Website Visit,Colour Cosmetics,411691
839946,559929,08-09-2025,SESS903995,Organic Search,Mobile,Website Visit,Colour Cosmetics,483731
872717,559929,08-09-2025,SESS903995,Organic Search,Mobile,Product View,Colour Cosmetics,483731
807179,556626,09-02-2025,SESS903996,Google,Mobile,Website Visit,Colour Cosmetics,463612
807183,548351,20-06-2024,SESS903997,Instagram,Desktop,Website Visit,Haircare,
872719,514896,10-01-2024,SESS903998,Referral,Desktop,Website Visit,Haircare,476238
807184,514896,10-01-2024,SESS903998,Referral,Desktop,Product View,Haircare,476238
807188,524356,01-11-2024,SESS903999,Organic Search,Mobile,Website Visit,Colour Cosmetics,403029
807192,524356,01-11-2024,SESS903999,Organic Search,Mobile,Product View,Colour Cosmetics,403029
839965,521465,05-02-2024,SESS904000,Google,Mobile,Website Visit,Skincare,431540
807204,521465,05-02-2024,SESS904000,Google,Mobile,Product View,Skincare,431540
839973,534362,18-02-2024,SESS904001,Google,Desktop,Website Visit,Colour Cosmetics,
839978,534362,18-02-2024,SESS904001,Google,Desktop,Product View,Colour Cosmetics,
839979,534362,18-02-2024,SESS904001,Google,Desktop,Add to Cart,Haircare,
807213,534362,18-02-2024,SESS904001,Google,Desktop,Checkout Started,Colour Cosmetics,
807215,572684,08-07-2025,SESS904002,Influencer,Desktop,Website Visit,Skincare,
807216,572684,08-07-2025,SESS904002,Influencer,Desktop,Product View,Skincare,
839986,555519,30-09-2024,SESS904003,Marketplace,Mobile,Website Visit,Skincare,446648
839992,555519,30-09-2024,SESS904003,Marketplace,Mobile,Product View,Skincare,446648
807225,511053,11-08-2024,SESS904004,Offline Store,Tablet,Website Visit,Skincare,
807229,586057,08-06-2025,SESS904005,Instagram,Mobile,Website Visit,Colour Cosmetics,408197
840001,586057,08-06-2025,SESS904005,Instagram,Mobile,Product View,Skincare,408197
840006,523777,05-06-2025,SESS904006,Google,Mobile,Website Visit,Colour Cosmetics,453495
872775,523777,05-06-2025,SESS904006,Google,Mobile,Product View,Haircare,453495
807239,529466,12-10-2024,SESS904007,Influencer,Desktop,Website Visit,Colour Cosmetics,495722
872778,529466,12-10-2024,SESS904007,Influencer,Desktop,Product View,Colour Cosmetics,495722
807245,559048,20-07-2024,SESS904008,Marketplace,Desktop,Website Visit,Skincare,477009
807246,559048,20-07-2024,SESS904008,Marketplace,Desktop,Product View,Skincare,477009
807247,505683,18-11-2025,SESS904009,Google,Desktop,Website Visit,Haircare,
807252,505683,18-11-2025,SESS904009,Google,Desktop,Product View,Haircare,
840023,505683,18-11-2025,SESS904009,Google,Desktop,Add to Cart,Haircare,
807255,505683,18-11-2025,SESS904009,Google,Desktop,Checkout Started,Colour Cosmetics,
840025,505683,18-11-2025,SESS904009,Google,Desktop,Purchase,Haircare,
872794,528906,17-12-2024,SESS904010,Instagram,Desktop,Website Visit,Haircare,
840027,528906,17-12-2024,SESS904010,Instagram,Desktop,Product View,Haircare,
872801,572529,28-05-2025,SESS904011,Influencer,Desktop,Website Visit,Haircare,415511
807268,572529,28-05-2025,SESS904011,Influencer,Desktop,Product View,Haircare,415511
840037,572529,28-05-2025,SESS904011,Influencer,Desktop,Add to Cart,Haircare,415511
840038,530828,06-01-2025,SESS904012,Google,Mobile,Website Visit,Colour Cosmetics,405392
872808,530828,06-01-2025,SESS904012,Google,Mobile,Product View,Skincare,405392
840043,530828,06-01-2025,SESS904012,Google,Mobile,Add to Cart,Skincare,405392
872816,530828,06-01-2025,SESS904012,Google,Mobile,Checkout Started,Skincare,405392
807280,530828,06-01-2025,SESS904012,Google,Mobile,Purchase,Haircare,405392
872818,512978,21-10-2025,SESS904013,Offline Store,Desktop,Website Visit,Colour Cosmetics,
807283,512978,21-10-2025,SESS904013,Offline Store,Desktop,Product View,Colour Cosmetics,
807286,512978,21-10-2025,SESS904013,Offline Store,Desktop,Add to Cart,Colour Cosmetics,
840063,586706,11-03-2024,SESS904014,Instagram,Mobile,Website Visit,Skincare,413440
840068,586706,11-03-2024,SESS904014,Instagram,Mobile,Product View,Skincare,413440
840070,593626,17-06-2024,SESS904015,Google,Mobile,Website Visit,Colour Cosmetics,484510
807307,539618,05-01-2025,SESS904016,Influencer,Mobile,Website Visit,Colour Cosmetics,405392
807310,539618,05-01-2025,SESS904016,Influencer,Mobile,Product View,Haircare,405392
840079,511915,15-07-2024,SESS904017,Marketplace,Desktop,Website Visit,Skincare,427604
840078,511915,15-07-2024,SESS904017,Marketplace,Desktop,Product View,Haircare,427604
840082,579818,17-05-2025,SESS904018,Instagram,Desktop,Website Visit,Skincare,403658
872851,558082,07-04-2024,SESS904019,Instagram,Mobile,Website Visit,Skincare,
872856,576869,03-06-2024,SESS904020,Influencer,Mobile,Website Visit,Colour Cosmetics,
807326,576869,03-06-2024,SESS904020,Influencer,Mobile,Product View,Colour Cosmetics,
840096,576869,03-06-2024,SESS904020,Influencer,Mobile,Add to Cart,Colour Cosmetics,
807328,569993,20-11-2025,SESS904021,Instagram,Mobile,Website Visit,Skincare,476695
840099,569993,20-11-2025,SESS904021,Instagram,Mobile,Product View,Skincare,476695
807338,591411,14-12-2024,SESS904022,Instagram,Desktop,Website Visit,Colour Cosmetics,427621
872875,591411,14-12-2024,SESS904022,Instagram,Desktop,Product View,Colour Cosmetics,427621
807342,591411,14-12-2024,SESS904022,Instagram,Desktop,Add to Cart,Haircare,427621
840115,511053,01-07-2024,SESS904023,Offline Store,Mobile,Website Visit,Skincare,
840119,577304,29-06-2024,SESS904024,Instagram,Mobile,Website Visit,Skincare,437316
807352,577304,29-06-2024,SESS904024,Instagram,Mobile,Product View,Skincare,437316
872889,560332,23-05-2024,SESS904025,Marketplace,Mobile,Website Visit,Colour Cosmetics,467288
840124,560332,23-05-2024,SESS904025,Marketplace,Mobile,Product View,Colour Cosmetics,467288
872892,505720,19-06-2024,SESS904026,Google,Desktop,Website Visit,Colour Cosmetics,
872893,565612,29-11-2024,SESS904027,Instagram,Desktop,Website Visit,Haircare,415565
872897,586563,17-05-2024,SESS904028,Influencer,Desktop,Website Visit,Skincare,
840130,510155,02-11-2025,SESS904029,Influencer,Mobile,Website Visit,Skincare,
872901,510155,02-11-2025,SESS904029,Influencer,Mobile,Product View,Skincare,
807365,510155,02-11-2025,SESS904029,Influencer,Mobile,Add to Cart,Skincare,
840135,510155,02-11-2025,SESS904029,Influencer,Mobile,Checkout Started,Skincare,
872903,510155,02-11-2025,SESS904029,Influencer,Mobile,Purchase,Skincare,
807380,576569,03-05-2025,SESS904030,Instagram,Mobile,Website Visit,Colour Cosmetics,423506
807385,576569,03-05-2025,SESS904030,Instagram,Mobile,Product View,Colour Cosmetics,423506
872923,582240,10-05-2025,SESS904031,Offline Store,Desktop,Website Visit,Colour Cosmetics,
807393,582240,10-05-2025,SESS904031,Offline Store,Desktop,Product View,Haircare,
807399,544236,18-12-2024,SESS904032,Google,Desktop,Website Visit,Skincare,498427
807401,539210,01-05-2024,SESS904033,Referral,Mobile,Website Visit,Skincare,425635
807404,508992,09-02-2025,SESS904034,Google,Mobile,Website Visit,Haircare,415511
807407,508992,09-02-2025,SESS904034,Google,Mobile,Product View,Haircare,415511
807412,509961,17-09-2025,SESS904035,Offline Store,Mobile,Website Visit,Skincare,441065
840181,509961,17-09-2025,SESS904035,Offline Store,Mobile,Product View,Skincare,441065
872949,559600,02-07-2024,SESS904036,Referral,Mobile,Website Visit,Colour Cosmetics,
807415,587538,23-10-2025,SESS904037,Organic Search,Desktop,Website Visit,Skincare,464819
872950,587538,23-10-2025,SESS904037,Organic Search,Desktop,Product View,Skincare,464819
872956,572384,06-10-2025,SESS904038,Organic Search,Desktop,Website Visit,Colour Cosmetics,
807425,511551,28-10-2024,SESS904039,Instagram,Desktop,Website Visit,Skincare,438398
872962,511551,28-10-2024,SESS904039,Instagram,Desktop,Product View,Skincare,438398
840194,511551,28-10-2024,SESS904039,Instagram,Desktop,Add to Cart,Skincare,438398
872964,511551,28-10-2024,SESS904039,Instagram,Desktop,Checkout Started,Colour Cosmetics,438398
840202,511551,28-10-2024,SESS904039,Instagram,Desktop,Purchase,Colour Cosmetics,438398
807435,598235,23-01-2025,SESS904040,Instagram,Mobile,Website Visit,Skincare,406900
807438,598235,23-01-2025,SESS904040,Instagram,Mobile,Product View,Skincare,406900
807445,543207,05-02-2025,SESS904041,Instagram,Mobile,Website Visit,Colour Cosmetics,
807449,598174,25-03-2025,SESS904042,Influencer,Mobile,Website Visit,Colour Cosmetics,400060
840219,559233,05-03-2024,SESS904043,Marketplace,Mobile,Website Visit,Skincare,457829
807454,559233,05-03-2024,SESS904043,Marketplace,Mobile,Product View,Skincare,457829
872995,594329,25-08-2025,SESS904044,Instagram,Mobile,Website Visit,Haircare,
840227,594329,25-08-2025,SESS904044,Instagram,Mobile,Product View,Skincare,
840235,589192,09-11-2024,SESS904045,Google,Mobile,Website Visit,Haircare,400573
873006,589192,09-11-2024,SESS904045,Google,Mobile,Product View,Haircare,400573
840244,598038,08-06-2025,SESS904046,Google,Mobile,Website Visit,Skincare,
807480,598038,08-06-2025,SESS904046,Google,Mobile,Product View,Skincare,
873018,598886,15-08-2025,SESS904047,Instagram,Mobile,Website Visit,Skincare,
873023,555615,01-04-2024,SESS904048,Organic Search,Desktop,Website Visit,Skincare,
840261,519597,16-09-2024,SESS904049,Instagram,Mobile,Website Visit,Skincare,415565
873031,519597,16-09-2024,SESS904049,Instagram,Mobile,Product View,Skincare,415565
840268,519597,16-09-2024,SESS904049,Instagram,Mobile,Add to Cart,Skincare,415565
873036,537346,29-02-2024,SESS904050,Google,Tablet,Website Visit,Skincare,457829
807502,537346,29-02-2024,SESS904050,Google,Tablet,Product View,Colour Cosmetics,457829
873044,537346,29-02-2024,SESS904050,Google,Unknown,Add to Cart,Colour Cosmetics,457829
840278,549674,17-08-2025,SESS904051,Organic Search,Mobile,Website Visit,Skincare,474806
807516,549674,17-08-2025,SESS904051,Organic Search,Mobile,Product View,Haircare,474806
807521,559598,03-07-2024,SESS904052,Referral,Mobile,Website Visit,Skincare,
840290,546898,10-01-2024,SESS904053,Marketplace,Mobile,Website Visit,Skincare,
873061,546898,10-01-2024,SESS904053,Marketplace,Mobile,Product View,Skincare,
807525,546898,10-01-2024,SESS904053,Marketplace,Mobile,Add to Cart,Skincare,
840297,546898,10-01-2024,SESS904053,Marketplace,Mobile,Checkout Started,Skincare,
807530,546898,10-01-2024,SESS904053,Marketplace,Mobile,Purchase,Skincare,
840301,563464,09-01-2025,SESS904054,Influencer,Mobile,Website Visit,Skincare,
840304,563464,09-01-2025,SESS904054,Influencer,Mobile,Product View,Skincare,
840306,563464,09-01-2025,SESS904054,Influencer,Mobile,Add to Cart,Skincare,
807538,563464,09-01-2025,SESS904054,Influencer,Mobile,Checkout Started,Haircare,
873075,563464,09-01-2025,SESS904054,Influencer,Mobile,Purchase,Colour Cosmetics,
873077,554460,21-05-2024,SESS904055,Instagram,Mobile,Website Visit,Skincare,464028
873081,554460,21-05-2024,SESS904055,Instagram,Unknown,Product View,Skincare,464028
840313,554460,21-05-2024,SESS904055,Instagram,Mobile,Add to Cart,Skincare,464028
840314,554460,21-05-2024,SESS904055,Instagram,Mobile,Checkout Started,Skincare,464028
873091,554460,21-05-2024,SESS904055,Instagram,Mobile,Purchase,Skincare,464028
873102,558222,12-09-2024,SESS904056,Instagram,Mobile,Website Visit,Skincare,
840334,558222,12-09-2024,SESS904056,Instagram,Mobile,Product View,Haircare,
807573,558222,12-09-2024,SESS904056,Instagram,Mobile,Add to Cart,Skincare,
873113,558222,12-09-2024,SESS904056,Instagram,Mobile,Checkout Started,Skincare,
807579,558222,12-09-2024,SESS904056,Instagram,Mobile,Purchase,Skincare,
840350,526365,11-08-2024,SESS904057,Marketplace,Mobile,Website Visit,Colour Cosmetics,
807589,560811,06-10-2025,SESS904058,Marketplace,Mobile,Website Visit,Skincare,
840359,560811,06-10-2025,SESS904058,Marketplace,Mobile,Product View,Skincare,
840360,560811,06-10-2025,SESS904058,Marketplace,Mobile,Add to Cart,Skincare,
873127,560811,06-10-2025,SESS904058,Marketplace,Mobile,Checkout Started,Skincare,
840364,560811,06-10-2025,SESS904058,Marketplace,Mobile,Purchase,Skincare,
807601,581018,04-06-2025,SESS904059,Marketplace,Mobile,Website Visit,Colour Cosmetics,
873140,525042,14-09-2024,SESS904060,Google,Desktop,Website Visit,Skincare,
807604,568937,12-07-2024,SESS904061,Marketplace,Mobile,Website Visit,Colour Cosmetics,405867
873144,568937,12-07-2024,SESS904061,Marketplace,Mobile,Product View,Colour Cosmetics,405867
873145,568937,12-07-2024,SESS904061,Marketplace,Mobile,Add to Cart,Colour Cosmetics,405867
807608,568937,12-07-2024,SESS904061,Marketplace,Mobile,Checkout Started,Colour Cosmetics,405867
807613,568937,12-07-2024,SESS904061,Marketplace,Mobile,Purchase,Colour Cosmetics,405867
807614,557132,29-02-2024,SESS904062,Marketplace,Mobile,Website Visit,Skincare,445210
807617,557132,29-02-2024,SESS904062,Marketplace,Mobile,Product View,Skincare,445210
840390,557132,29-02-2024,SESS904062,Marketplace,Mobile,Add to Cart,Colour Cosmetics,445210
840392,557132,29-02-2024,SESS904062,Marketplace,Mobile,Checkout Started,Colour Cosmetics,445210
840393,557132,29-02-2024,SESS904062,Marketplace,Mobile,Purchase,Skincare,445210
840395,583066,07-05-2024,SESS904063,Offline Store,Mobile,Website Visit,Skincare,
807630,583066,07-05-2024,SESS904063,Offline Store,Mobile,Product View,Skincare,
807632,583066,07-05-2024,SESS904063,Offline Store,Mobile,Add to Cart,Skincare,
840401,583066,07-05-2024,SESS904063,Offline Store,Mobile,Checkout Started,Colour Cosmetics,
873172,581885,26-01-2025,SESS904064,Influencer,Mobile,Website Visit,Skincare,
807639,535755,27-02-2024,SESS904065,Google,Desktop,Website Visit,Skincare,481953
873176,535755,27-02-2024,SESS904065,Google,Desktop,Product View,Skincare,481953
840411,535755,27-02-2024,SESS904065,Google,Desktop,Add to Cart,Skincare,481953
873179,535755,27-02-2024,SESS904065,Google,Desktop,Checkout Started,Skincare,481953
873184,535755,27-02-2024,SESS904065,Google,Unknown,Purchase,Skincare,481953
807648,508950,30-09-2025,SESS904066,Instagram,Mobile,Website Visit,Haircare,
807650,564722,17-02-2025,SESS904067,Instagram,Mobile,Website Visit,Skincare,406427
840419,522527,31-08-2025,SESS904068,Instagram,Mobile,Website Visit,Skincare,422227
840420,522527,31-08-2025,SESS904068,Instagram,Mobile,Product View,Skincare,422227
807653,587835,16-11-2024,SESS904069,Instagram,Mobile,Website Visit,Haircare,471307
807652,587835,16-11-2024,SESS904069,Instagram,Mobile,Product View,Haircare,471307
840427,587835,16-11-2024,SESS904069,Instagram,Mobile,Add to Cart,Haircare,471307
873197,513979,09-02-2025,SESS904070,Google,Mobile,Website Visit,Haircare,491749
873200,513979,09-02-2025,SESS904070,Google,Mobile,Product View,Haircare,491749
840433,541904,17-04-2024,SESS904071,Instagram,Mobile,Website Visit,Skincare,
807666,541904,17-04-2024,SESS904071,Instagram,Mobile,Product View,Skincare,
873203,536002,24-11-2024,SESS904072,Organic Search,Mobile,Website Visit,Skincare,423506
840436,598669,10-10-2025,SESS904073,Instagram,Mobile,Website Visit,Colour Cosmetics,412277
873213,500688,05-07-2024,SESS904074,Google,Desktop,Website Visit,Skincare,
840448,530775,27-11-2025,SESS904075,Marketplace,Mobile,Website Visit,Skincare,405376
807681,530775,27-11-2025,SESS904075,Marketplace,Mobile,Product View,Skincare,405376
873222,541704,17-04-2024,SESS904076,Influencer,Mobile,Website Visit,Colour Cosmetics,467288
873227,538780,21-01-2025,SESS904077,Google,Desktop,Website Visit,Colour Cosmetics,436764
840460,538780,21-01-2025,SESS904077,Google,Desktop,Product View,Colour Cosmetics,436764
807693,538780,21-01-2025,SESS904077,Google,Desktop,Add to Cart,Colour Cosmetics,436764
840461,543719,29-04-2025,SESS904078,Instagram,Mobile,Website Visit,Haircare,410081
840462,506826,08-05-2025,SESS904079,Google,Mobile,Website Visit,Haircare,
840466,506826,08-05-2025,SESS904079,Google,Mobile,Product View,Haircare,
840469,506826,08-05-2025,SESS904079,Google,Mobile,Add to Cart,Haircare,
840474,506826,08-05-2025,SESS904079,Google,Mobile,Checkout Started,Colour Cosmetics,
807709,588039,05-02-2024,SESS904080,Marketplace,Mobile,Website Visit,Colour Cosmetics,
807712,588039,05-02-2024,SESS904080,Marketplace,Mobile,Product View,Colour Cosmetics,
807713,511959,23-01-2024,SESS904081,Marketplace,Mobile,Website Visit,Colour Cosmetics,493341
840484,511959,23-01-2024,SESS904081,Marketplace,Mobile,Product View,Colour Cosmetics,493341
873254,554387,05-11-2024,SESS904082,Influencer,Mobile,Website Visit,Colour Cosmetics,
873256,554387,05-11-2024,SESS904082,Influencer,Mobile,Product View,Colour Cosmetics,
807723,585841,17-12-2025,SESS904083,Instagram,Mobile,Website Visit,Skincare,437119
840493,585841,17-12-2025,SESS904083,Instagram,Mobile,Product View,Skincare,437119
807730,508564,07-12-2025,SESS904084,Organic Search,Mobile,Website Visit,Skincare,
840498,508564,07-12-2025,SESS904084,Organic Search,Mobile,Product View,Skincare,
840501,590023,26-10-2025,SESS904085,Organic Search,Mobile,Website Visit,Haircare,
840504,589687,10-11-2024,SESS904086,Instagram,Mobile,Website Visit,Haircare,497049
873273,589687,10-11-2024,SESS904086,Instagram,Mobile,Product View,Skincare,497049
873275,513833,15-05-2024,SESS904087,Marketplace,Desktop,Website Visit,Skincare,411539
807741,555069,04-12-2025,SESS904088,Organic Search,Mobile,Website Visit,Colour Cosmetics,406536
840509,555069,04-12-2025,SESS904088,Organic Search,Mobile,Product View,Colour Cosmetics,406536
840512,555069,04-12-2025,SESS904088,Organic Search,Mobile,Add to Cart,Colour Cosmetics,406536
807745,555069,04-12-2025,SESS904088,Organic Search,Mobile,Checkout Started,Colour Cosmetics,406536
873285,555069,04-12-2025,SESS904088,Organic Search,Mobile,Purchase,Colour Cosmetics,406536
840518,537627,04-07-2025,SESS904089,Influencer,Mobile,Website Visit,Skincare,426192
840519,551879,26-05-2024,SESS904090,Influencer,Tablet,Website Visit,Colour Cosmetics,
873293,545820,16-11-2025,SESS904091,Instagram,Mobile,Website Visit,Colour Cosmetics,423506
807764,553523,16-04-2025,SESS904092,Referral,Mobile,Website Visit,Skincare,
807766,553523,16-04-2025,SESS904092,Referral,Mobile,Product View,Skincare,
840537,570539,04-10-2024,SESS904093,Instagram,Mobile,Website Visit,Colour Cosmetics,431861
807771,570539,04-10-2024,SESS904093,Instagram,Mobile,Product View,Colour Cosmetics,431861
873309,541033,03-08-2025,SESS904094,Google,Mobile,Website Visit,Colour Cosmetics,458427
807779,579457,26-05-2024,SESS904095,Google,Mobile,Website Visit,Skincare,406955
807782,526896,28-02-2025,SESS904096,Influencer,Mobile,Website Visit,Haircare,496899
807783,526896,28-02-2025,SESS904096,Influencer,Mobile,Product View,Colour Cosmetics,496899
807784,539857,10-07-2025,SESS904097,Marketplace,Desktop,Website Visit,Colour Cosmetics,442004
840553,564569,21-05-2024,SESS904098,Google,Mobile,Website Visit,Skincare,481026
840556,581381,09-04-2025,SESS904099,Organic Search,Mobile,Website Visit,Skincare,
873333,599148,01-01-2025,SESS904100,Organic Search,Mobile,Website Visit,Skincare,462926
840569,599148,01-01-2025,SESS904100,Organic Search,Mobile,Product View,Skincare,462926
840570,579507,26-03-2025,SESS904101,Influencer,Mobile,Website Visit,Skincare,
873340,579507,26-03-2025,SESS904101,Influencer,Mobile,Product View,Skincare,
840575,528010,19-09-2024,SESS904102,Google,Mobile,Website Visit,Colour Cosmetics,447520
840576,579818,12-06-2025,SESS904103,Instagram,Desktop,Website Visit,Colour Cosmetics,
807809,579818,12-06-2025,SESS904103,Instagram,Desktop,Product View,Skincare,
840578,550968,07-05-2024,SESS904104,Organic Search,Desktop,Website Visit,Skincare,
840577,550968,07-05-2024,SESS904104,Organic Search,Desktop,Product View,Skincare,
873348,586646,18-11-2025,SESS904105,Influencer,Mobile,Website Visit,Colour Cosmetics,473151
873346,586646,18-11-2025,SESS904105,Influencer,Mobile,Product View,Colour Cosmetics,473151
807813,590388,01-01-2025,SESS904106,Organic Search,Mobile,Website Visit,Haircare,445539
873352,579254,17-08-2024,SESS904107,Instagram,Mobile,Website Visit,Skincare,429945
873353,579254,17-08-2024,SESS904107,Instagram,Mobile,Product View,Skincare,429945
840587,514208,26-02-2024,SESS904108,Google,Mobile,Website Visit,Colour Cosmetics,483731
873357,514208,26-02-2024,SESS904108,Google,Mobile,Product View,Colour Cosmetics,483731
873362,514208,26-02-2024,SESS904108,Google,Mobile,Add to Cart,Haircare,483731
840596,514208,26-02-2024,SESS904108,Google,Mobile,Checkout Started,Haircare,483731
840601,514208,26-02-2024,SESS904108,Google,Mobile,Purchase,Skincare,483731
873372,543655,04-05-2024,SESS904109,Influencer,Mobile,Website Visit,Skincare,413440
807838,543655,04-05-2024,SESS904109,Influencer,Mobile,Product View,Skincare,413440
873376,543655,04-05-2024,SESS904109,Influencer,Mobile,Add to Cart,Skincare,413440
873379,523416,06-06-2025,SESS904110,Referral,Mobile,Website Visit,Colour Cosmetics,403658
807846,523416,06-06-2025,SESS904110,Referral,Mobile,Product View,Colour Cosmetics,403658
840614,541588,22-11-2025,SESS904111,Instagram,Desktop,Website Visit,Skincare,473590
807847,541588,22-11-2025,SESS904111,Instagram,Desktop,Product View,Skincare,473590
807849,588652,16-05-2025,SESS904112,Influencer,Mobile,Website Visit,Colour Cosmetics,
840617,588652,16-05-2025,SESS904112,Influencer,Mobile,Product View,Colour Cosmetics,
807852,588652,16-05-2025,SESS904112,Influencer,Mobile,Add to Cart,Colour Cosmetics,
840631,591289,07-06-2024,SESS904113,Google,Mobile,Website Visit,Skincare,433648
807870,589399,29-09-2024,SESS904114,Organic Search,Desktop,Website Visit,Haircare,
873408,508993,18-02-2024,SESS904115,Organic Search,Mobile,Website Visit,Haircare,
873413,508993,18-02-2024,SESS904115,Organic Search,Mobile,Product View,Haircare,
807888,508993,18-02-2024,SESS904115,Organic Search,Mobile,Add to Cart,Haircare,
840659,563335,22-04-2025,SESS904116,Offline Store,Mobile,Website Visit,Colour Cosmetics,
840665,563335,22-04-2025,SESS904116,Offline Store,Mobile,Product View,Colour Cosmetics,
807898,569013,11-03-2024,SESS904117,Instagram,Mobile,Website Visit,Skincare,
840667,555333,11-11-2025,SESS904118,Referral,Mobile,Website Visit,Colour Cosmetics,
807900,555333,11-11-2025,SESS904118,Referral,Mobile,Product View,Colour Cosmetics,
840669,555333,11-11-2025,SESS904118,Referral,Mobile,Add to Cart,Colour Cosmetics,
840671,555333,11-11-2025,SESS904118,Referral,Mobile,Checkout Started,Colour Cosmetics,
840677,590573,26-04-2024,SESS904119,Google,Mobile,Website Visit,Colour Cosmetics,
873446,590573,26-04-2024,SESS904119,Google,Mobile,Product View,Colour Cosmetics,
807912,529392,27-09-2024,SESS904120,Marketplace,Desktop,Website Visit,Haircare,
840683,569806,10-02-2025,SESS904121,Offline Store,Desktop,Website Visit,Colour Cosmetics,495209
873452,569806,10-02-2025,SESS904121,Offline Store,Desktop,Product View,Colour Cosmetics,495209
873453,501220,24-11-2024,SESS904122,Referral,Mobile,Website Visit,Skincare,485929
840692,501220,24-11-2024,SESS904122,Referral,Mobile,Product View,Skincare,485929
807925,571364,22-05-2025,SESS904123,Google,Mobile,Website Visit,Haircare,464028
840694,564260,18-08-2025,SESS904124,Google,Unknown,Website Visit,Colour Cosmetics,
873460,569352,18-06-2025,SESS904125,Instagram,Desktop,Website Visit,Haircare,
873465,569352,18-06-2025,SESS904125,Instagram,Desktop,Product View,Haircare,
873471,581381,24-09-2024,SESS904126,Organic Search,Desktop,Website Visit,Colour Cosmetics,
807936,581381,24-09-2024,SESS904126,Organic Search,Desktop,Product View,Haircare,
840715,514573,24-12-2024,SESS904127,Instagram,Mobile,Website Visit,Haircare,403658
873483,514573,24-12-2024,SESS904127,Instagram,Mobile,Product View,Skincare,403658
840719,572641,09-05-2025,SESS904128,Instagram,Desktop,Website Visit,Haircare,426390
873489,511053,21-05-2024,SESS904129,Offline Store,Desktop,Website Visit,Skincare,
840724,511053,21-05-2024,SESS904129,Offline Store,Desktop,Product View,Skincare,
840725,572603,18-07-2025,SESS904130,Influencer,Mobile,Website Visit,Haircare,
873495,597472,29-08-2025,SESS904131,Marketplace,Mobile,Website Visit,Skincare,494148
807963,578385,22-02-2025,SESS904132,Marketplace,Mobile,Website Visit,Skincare,408197
840736,581973,25-04-2025,SESS904133,Instagram,Mobile,Website Visit,Haircare,
807969,581973,25-04-2025,SESS904133,Instagram,Mobile,Product View,Haircare,
840738,598992,22-09-2024,SESS904134,Organic Search,Mobile,Website Visit,Skincare,
873505,561524,26-10-2025,SESS904135,Referral,Mobile,Website Visit,Skincare,490081
807977,569013,29-07-2024,SESS904136,Instagram,Mobile,Website Visit,Skincare,
873515,599125,31-07-2025,SESS904137,Organic Search,Mobile,Website Visit,Skincare,492044
840750,569329,12-11-2025,SESS904138,Organic Search,Mobile,Website Visit,Skincare,
873520,569329,12-11-2025,SESS904138,Organic Search,Mobile,Product View,Skincare,
807985,584717,22-05-2025,SESS904139,Instagram,Mobile,Website Visit,Colour Cosmetics,
840754,584717,22-05-2025,SESS904139,Instagram,Mobile,Product View,Colour Cosmetics,
873523,584497,28-11-2025,SESS904140,Instagram,Mobile,Website Visit,Colour Cosmetics,490081
873524,546955,11-04-2025,SESS904141,Google,Tablet,Website Visit,Colour Cosmetics,
873526,557154,13-06-2025,SESS904142,Offline Store,Mobile,Website Visit,Skincare,483731
873528,557154,13-06-2025,SESS904142,Offline Store,Mobile,Product View,Skincare,483731
873530,572255,14-08-2024,SESS904143,Instagram,Mobile,Website Visit,Colour Cosmetics,
873537,572255,14-08-2024,SESS904143,Instagram,Unknown,Product View,Colour Cosmetics,
840769,572255,14-08-2024,SESS904143,Instagram,Mobile,Add to Cart,Colour Cosmetics,
840771,512903,31-03-2025,SESS904144,Google,Mobile,Website Visit,Colour Cosmetics,
840776,512903,31-03-2025,SESS904144,Google,Mobile,Product View,Skincare,
808008,512903,31-03-2025,SESS904144,Google,Mobile,Add to Cart,Colour Cosmetics,
840778,512903,31-03-2025,SESS904144,Google,Mobile,Checkout Started,Colour Cosmetics,
873548,531358,21-03-2025,SESS904145,Influencer,Desktop,Website Visit,Colour Cosmetics,
840785,553264,18-02-2025,SESS904146,Instagram,Mobile,Website Visit,Colour Cosmetics,476695
840787,553264,18-02-2025,SESS904146,Instagram,Mobile,Product View,Colour Cosmetics,476695
808019,557954,28-12-2025,SESS904147,Influencer,Mobile,Website Visit,Skincare,474182
873560,557954,28-12-2025,SESS904147,Influencer,Mobile,Product View,Skincare,474182
873562,557954,28-12-2025,SESS904147,Influencer,Mobile,Add to Cart,Colour Cosmetics,474182
840797,557954,28-12-2025,SESS904147,Influencer,Mobile,Checkout Started,Skincare,474182
840799,557954,28-12-2025,SESS904147,Influencer,Mobile,Purchase,Skincare,474182
808032,523703,31-01-2025,SESS904148,Instagram,Mobile,Website Visit,Colour Cosmetics,408197
840805,523703,31-01-2025,SESS904148,Instagram,Mobile,Product View,Skincare,408197
840807,591715,12-10-2025,SESS904149,Google,Desktop,Website Visit,Skincare,481006
873578,591715,12-10-2025,SESS904149,Google,Desktop,Product View,Skincare,481006
840814,538829,27-09-2024,SESS904150,Instagram,Desktop,Website Visit,Haircare,477009
808048,538829,27-09-2024,SESS904150,Instagram,Desktop,Product View,Haircare,477009
873587,555176,14-12-2025,SESS904151,Google,Mobile,Website Visit,Skincare,
808052,555176,14-12-2025,SESS904151,Google,Mobile,Product View,Skincare,
840823,579516,26-08-2025,SESS904152,Google,Mobile,Website Visit,Colour Cosmetics,490081
840824,579516,26-08-2025,SESS904152,Google,Mobile,Product View,Colour Cosmetics,490081
808060,596434,20-11-2025,SESS904153,Influencer,Desktop,Website Visit,Haircare,492837
840828,596434,20-11-2025,SESS904153,Influencer,Desktop,Product View,Colour Cosmetics,492837
840829,538829,27-02-2024,SESS904154,Instagram,Desktop,Website Visit,Haircare,
808062,597154,22-05-2025,SESS904155,Google,Mobile,Website Visit,Skincare,
873600,597154,22-05-2025,SESS904155,Google,Mobile,Product View,Skincare,
808065,505952,14-07-2025,SESS904156,Marketplace,Tablet,Website Visit,Skincare,499229
873602,505952,14-07-2025,SESS904156,Marketplace,Tablet,Product View,Skincare,499229
873603,565799,02-01-2024,SESS904157,Instagram,Desktop,Website Visit,Skincare,
840842,565799,02-01-2024,SESS904157,Instagram,Desktop,Product View,Skincare,
840843,565799,02-01-2024,SESS904157,Instagram,Desktop,Add to Cart,Haircare,
873611,565799,02-01-2024,SESS904157,Instagram,Desktop,Checkout Started,Skincare,
840845,565799,02-01-2024,SESS904157,Instagram,Desktop,Purchase,Skincare,
873614,505383,03-08-2025,SESS904158,Google,Mobile,Website Visit,Skincare,473289
840847,505383,03-08-2025,SESS904158,Google,Mobile,Product View,Skincare,473289
873618,598235,12-10-2025,SESS904159,Instagram,Desktop,Website Visit,Skincare,432195
808086,598235,12-10-2025,SESS904159,Instagram,Desktop,Product View,Skincare,432195
840857,531252,21-12-2024,SESS904160,Organic Search,Mobile,Website Visit,Skincare,
808091,570592,21-11-2024,SESS904161,Influencer,Mobile,Website Visit,Skincare,400060
840859,570592,21-11-2024,SESS904161,Influencer,Mobile,Product View,Skincare,400060
840863,536265,08-12-2025,SESS904162,Marketplace,Mobile,Website Visit,Skincare,
808097,572924,23-07-2024,SESS904163,Influencer,Desktop,Website Visit,Skincare,453495
873635,575392,06-11-2025,SESS904164,Instagram,Mobile,Website Visit,Skincare,415565
840869,571066,24-09-2025,SESS904165,Influencer,Desktop,Website Visit,Skincare,427155
873637,571066,24-09-2025,SESS904165,Influencer,Desktop,Product View,Skincare,427155
808104,571066,24-09-2025,SESS904165,Influencer,Desktop,Add to Cart,Skincare,427155
873641,595932,29-11-2024,SESS904166,Instagram,Mobile,Website Visit,Skincare,
808108,595932,29-11-2024,SESS904166,Instagram,Mobile,Product View,Skincare,
840877,516932,04-01-2025,SESS904167,Instagram,Tablet,Website Visit,Haircare,431540
840879,544092,23-09-2025,SESS904168,Offline Store,Mobile,Website Visit,Colour Cosmetics,427322
873652,544092,23-09-2025,SESS904168,Offline Store,Mobile,Product View,Colour Cosmetics,427322
808117,565612,15-09-2025,SESS904169,Instagram,Mobile,Website Visit,Colour Cosmetics,
873657,565612,15-09-2025,SESS904169,Instagram,Mobile,Product View,Colour Cosmetics,
840889,526174,09-02-2025,SESS904170,Offline Store,Mobile,Website Visit,Skincare,
873667,537762,15-04-2024,SESS904171,Influencer,Mobile,Website Visit,Skincare,
840901,567449,27-08-2024,SESS904172,Instagram,Desktop,Website Visit,Skincare,
840902,567449,27-08-2024,SESS904172,Instagram,Unknown,Product View,Skincare,
873673,599641,23-11-2025,SESS904173,Instagram,Mobile,Website Visit,Skincare,497049
873674,560981,09-01-2024,SESS904174,Instagram,Mobile,Website Visit,Haircare,408197
808142,560981,09-01-2024,SESS904174,Instagram,Mobile,Product View,Haircare,408197
873679,560981,09-01-2024,SESS904174,Instagram,Mobile,Add to Cart,Haircare,408197
840912,560981,09-01-2024,SESS904174,Instagram,Mobile,Checkout Started,Haircare,408197
840913,560981,09-01-2024,SESS904174,Instagram,Mobile,Purchase,Haircare,408197
808148,587410,16-10-2025,SESS904175,Instagram,Mobile,Website Visit,Skincare,447990
840917,587410,16-10-2025,SESS904175,Instagram,Mobile,Product View,Skincare,447990
840918,587026,25-09-2025,SESS904176,Google,Mobile,Website Visit,Colour Cosmetics,
808157,587026,25-09-2025,SESS904176,Google,Mobile,Product View,Colour Cosmetics,
840925,531195,22-09-2024,SESS904177,Google,Mobile,Website Visit,Skincare,412905
840927,531195,22-09-2024,SESS904177,Google,Mobile,Product View,Skincare,412905
840928,563335,10-08-2024,SESS904178,Offline Store,Mobile,Website Visit,Colour Cosmetics,480372
873700,563335,10-08-2024,SESS904178,Offline Store,Mobile,Product View,Colour Cosmetics,480372
873708,563335,10-08-2024,SESS904178,Offline Store,Mobile,Add to Cart,Colour Cosmetics,480372
808173,563335,10-08-2024,SESS904178,Offline Store,Mobile,Checkout Started,Skincare,480372
873713,580173,17-03-2024,SESS904179,Marketplace,Mobile,Website Visit,Haircare,438136
808178,580173,17-03-2024,SESS904179,Marketplace,Mobile,Product View,Haircare,438136
873715,523703,21-04-2025,SESS904180,Instagram,Tablet,Website Visit,Colour Cosmetics,438612
840949,520631,12-08-2025,SESS904181,Instagram,Mobile,Website Visit,Skincare,464819
808182,532914,06-12-2025,SESS904182,Influencer,Mobile,Website Visit,Skincare,473870
840952,559638,14-09-2025,SESS904183,Instagram,Mobile,Website Visit,Skincare,490081
808184,547537,08-12-2024,SESS904184,Instagram,Mobile,Website Visit,Skincare,489502
808187,547537,08-12-2024,SESS904184,Instagram,Mobile,Product View,Skincare,489502
808193,509508,15-06-2024,SESS904185,Organic Search,Desktop,Website Visit,Haircare,
873729,509508,15-06-2024,SESS904185,Organic Search,Desktop,Product View,Haircare,
808196,532411,02-03-2025,SESS904186,Marketplace,Tablet,Website Visit,Skincare,
808205,597004,02-02-2025,SESS904187,Influencer,Mobile,Website Visit,Colour Cosmetics,
808206,597004,02-02-2025,SESS904187,Influencer,Mobile,Product View,Skincare,
873743,555435,28-11-2025,SESS904188,Influencer,Mobile,Website Visit,Colour Cosmetics,444911
873745,559510,11-11-2025,SESS904189,Influencer,Mobile,Website Visit,Skincare,
873748,559510,11-11-2025,SESS904189,Influencer,Mobile,Product View,Skincare,
873752,549672,09-02-2025,SESS904190,Instagram,Mobile,Website Visit,Skincare,413440
873755,578504,02-08-2025,SESS904191,Google,Desktop,Website Visit,Colour Cosmetics,
873756,578504,02-08-2025,SESS904191,Google,Desktop,Product View,Skincare,
840997,594203,09-08-2025,SESS904192,Google,Desktop,Website Visit,Colour Cosmetics,405510
873769,594203,09-08-2025,SESS904192,Google,Desktop,Product View,Haircare,405510
808236,582756,11-03-2024,SESS904193,Influencer,Mobile,Website Visit,Colour Cosmetics,422227
873774,582756,11-03-2024,SESS904193,Influencer,Mobile,Product View,Colour Cosmetics,422227
841011,573526,06-07-2024,SESS904194,Organic Search,Mobile,Website Visit,Skincare,406536
808246,573526,06-07-2024,SESS904194,Organic Search,Mobile,Product View,Colour Cosmetics,406536
808251,509807,07-01-2024,SESS904195,Marketplace,Desktop,Website Visit,Skincare,
873788,509807,07-01-2024,SESS904195,Marketplace,Desktop,Product View,Skincare,
841022,540846,25-05-2024,SESS904196,Google,Mobile,Website Visit,Skincare,
841023,517154,03-09-2025,SESS904197,Influencer,Mobile,Website Visit,Colour Cosmetics,
808256,561462,05-08-2024,SESS904198,Google,Desktop,Website Visit,Skincare,497553
873793,561462,05-08-2024,SESS904198,Google,Desktop,Product View,Colour Cosmetics,497553
873794,523405,25-02-2024,SESS904199,Offline Store,Mobile,Website Visit,Haircare,430394
841027,523405,25-02-2024,SESS904199,Offline Store,Mobile,Product View,Haircare,430394
808260,501504,16-02-2025,SESS904200,Google,Mobile,Website Visit,Skincare,451803
808258,501504,16-02-2025,SESS904200,Google,Mobile,Product View,Skincare,451803
841031,526365,22-02-2025,SESS904201,Marketplace,Mobile,Website Visit,Colour Cosmetics,440309
808266,526365,22-02-2025,SESS904201,Marketplace,Mobile,Product View,Colour Cosmetics,440309
873808,526365,22-02-2025,SESS904201,Marketplace,Mobile,Add to Cart,Colour Cosmetics,440309
808274,526365,22-02-2025,SESS904201,Marketplace,Mobile,Checkout Started,Colour Cosmetics,440309
873812,526365,22-02-2025,SESS904201,Marketplace,Mobile,Purchase,Colour Cosmetics,440309
841044,529693,29-06-2025,SESS904202,Referral,Mobile,Website Visit,Skincare,
808279,529693,29-06-2025,SESS904202,Referral,Mobile,Product View,Colour Cosmetics,
873815,585215,03-03-2025,SESS904203,Influencer,Mobile,Website Visit,Colour Cosmetics,426390
841049,585215,03-03-2025,SESS904203,Influencer,Mobile,Product View,Haircare,426390
873819,560068,27-12-2025,SESS904204,Influencer,Mobile,Website Visit,Haircare,432195
841053,588815,23-04-2025,SESS904205,Google,Desktop,Website Visit,Skincare,
841055,573233,12-07-2025,SESS904206,Google,Mobile,Website Visit,Skincare,
808289,592104,03-08-2025,SESS904207,Influencer,Desktop,Website Visit,Skincare,431540
841057,592104,03-08-2025,SESS904207,Influencer,Desktop,Product View,Skincare,431540
841063,586760,07-06-2025,SESS904208,Organic Search,Mobile,Website Visit,Colour Cosmetics,
841066,586760,07-06-2025,SESS904208,Organic Search,Mobile,Product View,Colour Cosmetics,
808298,561605,03-02-2025,SESS904209,Google,Mobile,Website Visit,Colour Cosmetics,
873837,570329,25-12-2025,SESS904210,Google,Mobile,Website Visit,Colour Cosmetics,413440
873840,520028,02-07-2025,SESS904211,Influencer,Mobile,Website Visit,Skincare,
808305,520028,02-07-2025,SESS904211,Influencer,Mobile,Product View,Skincare,
841076,541441,09-06-2025,SESS904212,Influencer,Mobile,Website Visit,Colour Cosmetics,420046
873853,541441,09-06-2025,SESS904212,Influencer,Mobile,Product View,Skincare,420046
808322,541441,09-06-2025,SESS904212,Influencer,Mobile,Add to Cart,Colour Cosmetics,420046
841093,541441,09-06-2025,SESS904212,Influencer,Mobile,Checkout Started,Colour Cosmetics,420046
873863,541441,09-06-2025,SESS904212,Influencer,Mobile,Purchase,Colour Cosmetics,420046
841097,590964,25-12-2024,SESS904213,Referral,Desktop,Website Visit,Skincare,412277
808334,590964,25-12-2024,SESS904213,Referral,Desktop,Product View,Skincare,412277
808336,524050,13-01-2025,SESS904214,Organic Search,Mobile,Website Visit,Skincare,
873875,577656,12-09-2025,SESS904215,Instagram,Mobile,Website Visit,Haircare,
808341,577656,12-09-2025,SESS904215,Instagram,Mobile,Product View,Skincare,
873879,597218,25-06-2025,SESS904216,Referral,Mobile,Website Visit,Colour Cosmetics,
808346,576983,22-06-2024,SESS904217,Google,Mobile,Website Visit,Colour Cosmetics,471327
873883,543369,05-05-2025,SESS904218,Organic Search,Desktop,Website Visit,Colour Cosmetics,
808349,576099,04-04-2025,SESS904219,Google,Mobile,Website Visit,Skincare,463442
841117,563624,03-04-2025,SESS904220,Influencer,Mobile,Website Visit,Colour Cosmetics,
841119,563624,03-04-2025,SESS904220,Influencer,Mobile,Product View,Colour Cosmetics,
873888,570468,19-04-2024,SESS904221,Instagram,Tablet,Website Visit,Skincare,405392
841121,570468,19-04-2024,SESS904221,Instagram,Tablet,Product View,Skincare,405392
808357,570468,19-04-2024,SESS904221,Instagram,Tablet,Add to Cart,Skincare,405392
808361,570468,19-04-2024,SESS904221,Instagram,Tablet,Checkout Started,Skincare,405392
873903,542372,08-06-2024,SESS904222,Instagram,Mobile,Website Visit,Skincare,405867
808368,597671,10-08-2025,SESS904223,Instagram,Mobile,Website Visit,Colour Cosmetics,480372
841139,597671,10-08-2025,SESS904223,Instagram,Mobile,Product View,Colour Cosmetics,480372
873911,597671,10-08-2025,SESS904223,Instagram,Mobile,Add to Cart,Colour Cosmetics,480372
873912,597671,10-08-2025,SESS904223,Instagram,Unknown,Checkout Started,Colour Cosmetics,480372
873914,597671,10-08-2025,SESS904223,Instagram,Mobile,Purchase,Skincare,480372
873919,529444,14-10-2025,SESS904224,Google,Tablet,Website Visit,Colour Cosmetics,
841152,503783,10-01-2024,SESS904225,Marketplace,Tablet,Website Visit,Skincare,493341
841151,503783,10-01-2024,SESS904225,Marketplace,Tablet,Product View,Skincare,493341
873925,503783,10-01-2024,SESS904225,Marketplace,Tablet,Add to Cart,Colour Cosmetics,493341
841158,561261,13-09-2025,SESS904226,Google,Mobile,Website Visit,Colour Cosmetics,
873929,561261,13-09-2025,SESS904226,Google,Mobile,Product View,Skincare,
808393,561261,13-09-2025,SESS904226,Google,Mobile,Add to Cart,Skincare,
841164,561261,13-09-2025,SESS904226,Google,Mobile,Checkout Started,Skincare,
808397,568494,14-01-2025,SESS904227,Instagram,Mobile,Website Visit,Skincare,416586
841168,594317,14-04-2024,SESS904228,Referral,Mobile,Website Visit,Skincare,
808403,594317,14-04-2024,SESS904228,Referral,Mobile,Product View,Colour Cosmetics,
841171,594317,14-04-2024,SESS904228,Referral,Mobile,Add to Cart,Haircare,
873941,594317,14-04-2024,SESS904228,Referral,Mobile,Checkout Started,Skincare,
808406,594317,14-04-2024,SESS904228,Referral,Mobile,Purchase,Skincare,
808415,584109,21-06-2025,SESS904229,Organic Search,Mobile,Website Visit,Colour Cosmetics,473151
808416,584109,21-06-2025,SESS904229,Organic Search,Mobile,Product View,Skincare,473151
841187,538175,10-01-2024,SESS904230,Organic Search,Mobile,Website Visit,Skincare,
808421,538175,10-01-2024,SESS904230,Organic Search,Mobile,Product View,Skincare,
841190,513577,23-11-2025,SESS904231,Instagram,Mobile,Website Visit,Skincare,
808422,513577,23-11-2025,SESS904231,Instagram,Mobile,Product View,Colour Cosmetics,
808427,529571,13-03-2024,SESS904232,Influencer,Desktop,Website Visit,Skincare,408197
808428,529571,13-03-2024,SESS904232,Influencer,Desktop,Product View,Haircare,408197
808435,583130,29-10-2024,SESS904233,Google,Mobile,Website Visit,Colour Cosmetics,
873973,563656,12-10-2025,SESS904234,Referral,Desktop,Website Visit,Skincare,473870
808437,563656,12-10-2025,SESS904234,Referral,Desktop,Product View,Skincare,473870
873975,572641,18-12-2024,SESS904235,Instagram,Mobile,Website Visit,Haircare,412277
873981,514029,15-10-2024,SESS904236,Google,Mobile,Website Visit,Colour Cosmetics,441642
841214,584323,12-04-2025,SESS904237,Offline Store,Mobile,Website Visit,Skincare,490211
873983,584323,12-04-2025,SESS904237,Offline Store,Mobile,Product View,Haircare,490211
841216,537072,23-11-2024,SESS904238,Organic Search,Mobile,Website Visit,Skincare,493341
841220,537072,23-11-2024,SESS904238,Organic Search,Mobile,Product View,Skincare,493341
873988,537072,23-11-2024,SESS904238,Organic Search,Mobile,Add to Cart,Colour Cosmetics,493341
808454,537072,23-11-2024,SESS904238,Organic Search,Mobile,Checkout Started,Skincare,493341
841223,537072,23-11-2024,SESS904238,Organic Search,Mobile,Purchase,Skincare,493341
808460,505683,25-03-2024,SESS904239,Google,Mobile,Website Visit,Colour Cosmetics,
873997,503694,12-01-2025,SESS904240,Organic Search,Desktop,Website Visit,Haircare,419863
873998,503694,12-01-2025,SESS904240,Organic Search,Desktop,Product View,Skincare,419863
808465,570592,23-02-2024,SESS904241,Influencer,Desktop,Website Visit,Skincare,
841246,597004,18-11-2025,SESS904242,Influencer,Desktop,Website Visit,Skincare,473289
874016,597004,18-11-2025,SESS904242,Influencer,Desktop,Product View,Skincare,473289
808490,587410,25-02-2025,SESS904243,Instagram,Mobile,Website Visit,Skincare,
808492,587410,25-02-2025,SESS904243,Instagram,Mobile,Product View,Skincare,
841264,507456,22-06-2024,SESS904244,Organic Search,Mobile,Website Visit,Colour Cosmetics,
808497,507456,22-06-2024,SESS904244,Organic Search,Mobile,Product View,Colour Cosmetics,
841267,584343,25-08-2024,SESS904245,Referral,Mobile,Website Visit,Colour Cosmetics,490211
874039,584343,25-08-2024,SESS904245,Referral,Mobile,Product View,Colour Cosmetics,490211
874042,515096,02-03-2024,SESS904246,Marketplace,Mobile,Website Visit,Skincare,
874044,515096,02-03-2024,SESS904246,Marketplace,Mobile,Product View,Skincare,
841278,515096,02-03-2024,SESS904246,Marketplace,Mobile,Add to Cart,Skincare,
874050,515096,02-03-2024,SESS904246,Marketplace,Mobile,Checkout Started,Skincare,
874051,515096,02-03-2024,SESS904246,Marketplace,Mobile,Purchase,Haircare,
874055,587153,01-12-2025,SESS904247,Instagram,Mobile,Website Visit,Haircare,467288
841293,587153,01-12-2025,SESS904247,Instagram,Mobile,Product View,Colour Cosmetics,467288
808527,587153,01-12-2025,SESS904247,Instagram,Mobile,Add to Cart,Colour Cosmetics,467288
874065,587153,01-12-2025,SESS904247,Instagram,Mobile,Checkout Started,Colour Cosmetics,467288
808532,587153,01-12-2025,SESS904247,Instagram,Mobile,Purchase,Colour Cosmetics,467288
874069,509099,23-11-2024,SESS904248,Organic Search,Mobile,Website Visit,Colour Cosmetics,
874068,509099,23-11-2024,SESS904248,Organic Search,Mobile,Product View,Haircare,
808535,509099,23-11-2024,SESS904248,Organic Search,Mobile,Add to Cart,Haircare,
841301,509099,23-11-2024,SESS904248,Organic Search,Mobile,Checkout Started,Colour Cosmetics,
874075,509099,23-11-2024,SESS904248,Organic Search,Mobile,Purchase,Colour Cosmetics,
841307,520861,22-01-2025,SESS904249,Organic Search,Mobile,Website Visit,Skincare,405376
808541,519080,23-01-2024,SESS904250,Instagram,Mobile,Website Visit,Haircare,477009
841313,519080,23-01-2024,SESS904250,Instagram,Mobile,Product View,Skincare,477009
874086,592141,29-12-2024,SESS904251,Influencer,Desktop,Website Visit,Colour Cosmetics,
841320,586646,20-06-2024,SESS904252,Influencer,Desktop,Website Visit,Colour Cosmetics,423506
874089,570686,28-07-2025,SESS904253,Marketplace,Mobile,Website Visit,Colour Cosmetics,
874091,582960,18-12-2025,SESS904254,Google,Mobile,Website Visit,Haircare,
841324,582960,18-12-2025,SESS904254,Google,Mobile,Product View,Skincare,
841327,582960,18-12-2025,SESS904254,Google,Mobile,Add to Cart,Haircare,
808560,582960,18-12-2025,SESS904254,Google,Mobile,Checkout Started,Haircare,
808561,582960,18-12-2025,SESS904254,Google,Mobile,Purchase,Haircare,
874099,515043,04-10-2025,SESS904255,Google,Desktop,Website Visit,Skincare,486701
808564,515043,04-10-2025,SESS904255,Google,Desktop,Product View,Skincare,486701
841335,515043,04-10-2025,SESS904255,Google,Desktop,Add to Cart,Skincare,486701
874104,515043,04-10-2025,SESS904255,Google,Desktop,Checkout Started,Skincare,486701
841336,515043,04-10-2025,SESS904255,Google,Desktop,Purchase,Skincare,486701
808576,502540,12-09-2025,SESS904256,Influencer,Desktop,Website Visit,Skincare,
808577,502540,12-09-2025,SESS904256,Influencer,Desktop,Product View,Skincare,
874117,502540,12-09-2025,SESS904256,Influencer,Desktop,Add to Cart,Skincare,
874123,512363,02-10-2024,SESS904257,Instagram,Mobile,Website Visit,Skincare,489502
841356,512363,02-10-2024,SESS904257,Instagram,Mobile,Product View,Skincare,489502
841361,512363,02-10-2024,SESS904257,Instagram,Unknown,Add to Cart,Skincare,489502
808595,512363,02-10-2024,SESS904257,Instagram,Mobile,Checkout Started,Skincare,489502
874135,576983,25-07-2024,SESS904258,Google,Mobile,Website Visit,Colour Cosmetics,
841371,576983,25-07-2024,SESS904258,Google,Mobile,Product View,Colour Cosmetics,
808611,576983,25-07-2024,SESS904258,Google,Mobile,Add to Cart,Colour Cosmetics,
874148,549441,22-10-2025,SESS904259,Instagram,Mobile,Website Visit,Haircare,412905
808614,596289,06-01-2025,SESS904260,Marketplace,Mobile,Website Visit,Skincare,488400
808618,596289,06-01-2025,SESS904260,Marketplace,Mobile,Product View,Skincare,488400
808625,565597,14-10-2024,SESS904261,Google,Mobile,Website Visit,Haircare,
808629,565597,14-10-2024,SESS904261,Google,Mobile,Product View,Haircare,
874165,586223,14-10-2025,SESS904262,Marketplace,Mobile,Website Visit,Skincare,412277
874168,569135,09-03-2024,SESS904263,Google,Tablet,Website Visit,Haircare,447520
874169,569135,09-03-2024,SESS904263,Google,Tablet,Product View,Haircare,447520
874170,543309,25-08-2024,SESS904264,Google,Mobile,Website Visit,Colour Cosmetics,463122
874177,547739,07-08-2025,SESS904265,Instagram,Mobile,Website Visit,Colour Cosmetics,
808648,547739,07-08-2025,SESS904265,Instagram,Mobile,Product View,Colour Cosmetics,
874190,510350,01-06-2025,SESS904266,Influencer,Mobile,Website Visit,Haircare,483731
808657,586159,16-11-2024,SESS904267,Referral,Mobile,Website Visit,Skincare,
808658,575341,07-12-2024,SESS904268,Referral,Mobile,Website Visit,Haircare,484510
841427,578222,16-01-2024,SESS904269,Google,Desktop,Website Visit,Skincare,
841430,578222,16-01-2024,SESS904269,Google,Desktop,Product View,Colour Cosmetics,
874198,515713,26-02-2025,SESS904270,Instagram,Mobile,Website Visit,Skincare,
841435,571987,15-04-2024,SESS904271,Marketplace,Mobile,Website Visit,Skincare,
841437,568955,25-01-2025,SESS904272,Google,Mobile,Website Visit,Skincare,
874206,568955,25-01-2025,SESS904272,Google,Mobile,Product View,Skincare,
874205,568955,25-01-2025,SESS904272,Google,Mobile,Add to Cart,Skincare,
874212,568955,25-01-2025,SESS904272,Google,Mobile,Checkout Started,Skincare,
841444,568955,25-01-2025,SESS904272,Google,Mobile,Purchase,Haircare,
874214,548393,29-10-2024,SESS904273,Instagram,Mobile,Website Visit,Colour Cosmetics,
808681,584717,29-05-2024,SESS904274,Instagram,Mobile,Website Visit,Colour Cosmetics,
808682,584717,29-05-2024,SESS904274,Instagram,Mobile,Product View,Colour Cosmetics,
841452,581678,06-06-2024,SESS904275,Google,Mobile,Website Visit,Skincare,
874222,568517,13-11-2025,SESS904276,Referral,Mobile,Website Visit,Skincare,463442
808688,568517,13-11-2025,SESS904276,Referral,Mobile,Product View,Skincare,463442
874225,539599,13-06-2025,SESS904277,Google,Mobile,Website Visit,Skincare,
874227,539599,13-06-2025,SESS904277,Google,Mobile,Product View,Skincare,
808694,508907,12-05-2024,SESS904278,Organic Search,Desktop,Website Visit,Skincare,
808696,572692,11-10-2024,SESS904279,Influencer,Mobile,Website Visit,Colour Cosmetics,491749
841464,572692,11-10-2024,SESS904279,Influencer,Mobile,Product View,Skincare,491749
874233,549192,09-11-2025,SESS904280,Influencer,Mobile,Website Visit,Skincare,
874237,549192,09-11-2025,SESS904280,Influencer,Mobile,Product View,Skincare,
808701,549192,09-11-2025,SESS904280,Influencer,Mobile,Add to Cart,Skincare,
808702,549192,09-11-2025,SESS904280,Influencer,Mobile,Checkout Started,Skincare,
841473,549192,09-11-2025,SESS904280,Influencer,Mobile,Purchase,Skincare,
808712,587538,06-09-2025,SESS904281,Organic Search,Mobile,Website Visit,Skincare,
874254,553964,12-08-2024,SESS904282,Influencer,Tablet,Website Visit,Skincare,
874255,553964,12-08-2024,SESS904282,Influencer,Unknown,Product View,Haircare,
874256,534687,19-01-2025,SESS904283,Google,Tablet,Website Visit,Haircare,
874258,519442,24-03-2025,SESS904284,Referral,Mobile,Website Visit,Skincare,
874260,510993,21-01-2024,SESS904285,Influencer,Mobile,Website Visit,Skincare,
808733,510993,21-01-2024,SESS904285,Influencer,Mobile,Product View,Skincare,
874273,510993,21-01-2024,SESS904285,Influencer,Mobile,Add to Cart,Haircare,
808738,510993,21-01-2024,SESS904285,Influencer,Mobile,Checkout Started,Skincare,
874274,510993,21-01-2024,SESS904285,Influencer,Mobile,Purchase,Skincare,
808739,544057,18-07-2025,SESS904286,Referral,Desktop,Website Visit,Haircare,
808741,544057,18-07-2025,SESS904286,Referral,Desktop,Product View,Haircare,
841510,544057,18-07-2025,SESS904286,Referral,Desktop,Add to Cart,Haircare,
808743,544057,18-07-2025,SESS904286,Referral,Desktop,Checkout Started,Skincare,
874280,544057,18-07-2025,SESS904286,Referral,Desktop,Purchase,Haircare,
808744,509632,05-06-2024,SESS904287,Influencer,Desktop,Website Visit,Colour Cosmetics,464819
841514,509632,05-06-2024,SESS904287,Influencer,Desktop,Product View,Colour Cosmetics,464819
874282,564178,09-01-2024,SESS904288,Influencer,Mobile,Website Visit,Haircare,491749
874279,564178,09-01-2024,SESS904288,Influencer,Mobile,Product View,Colour Cosmetics,491749
808752,518136,04-04-2025,SESS904289,Google,Mobile,Website Visit,Skincare,463612
874294,533466,26-10-2024,SESS904290,Referral,Desktop,Website Visit,Skincare,406900
841527,528705,04-03-2025,SESS904291,Referral,Mobile,Website Visit,Skincare,436764
841529,528705,04-03-2025,SESS904291,Referral,Mobile,Product View,Haircare,436764
841530,554948,08-09-2024,SESS904292,Google,Mobile,Website Visit,Skincare,429945
874302,554948,08-09-2024,SESS904292,Google,Mobile,Product View,Skincare,429945
841539,579276,09-02-2024,SESS904293,Instagram,Mobile,Website Visit,Skincare,492837
874311,592662,31-12-2024,SESS904294,Referral,Mobile,Website Visit,Colour Cosmetics,481026
841545,523600,28-03-2025,SESS904295,Google,Mobile,Website Visit,Colour Cosmetics,445539
808777,561644,21-06-2024,SESS904296,Instagram,Mobile,Website Visit,Haircare,
874315,561644,21-06-2024,SESS904296,Instagram,Mobile,Product View,Haircare,
808782,570798,23-01-2025,SESS904297,Organic Search,Desktop,Website Visit,Haircare,437165
808785,531285,18-09-2025,SESS904298,Instagram,Mobile,Website Visit,Skincare,480372
808786,554381,20-02-2024,SESS904299,Google,Mobile,Website Visit,Colour Cosmetics,426192
841559,544541,04-06-2024,SESS904300,Marketplace,Desktop,Website Visit,Skincare,499229
874327,544541,04-06-2024,SESS904300,Marketplace,Desktop,Product View,Colour Cosmetics,499229
874329,543694,17-10-2025,SESS904301,Influencer,Mobile,Website Visit,Colour Cosmetics,416586
841563,543694,17-10-2025,SESS904301,Influencer,Mobile,Product View,Colour Cosmetics,416586
808795,518643,08-11-2025,SESS904302,Google,Mobile,Website Visit,Haircare,
874333,572350,24-05-2024,SESS904303,Marketplace,Desktop,Website Visit,Haircare,490081
874334,572350,24-05-2024,SESS904303,Marketplace,Desktop,Product View,Haircare,490081
808801,507100,04-11-2025,SESS904304,Influencer,Desktop,Website Visit,Colour Cosmetics,403690
841570,507100,04-11-2025,SESS904304,Influencer,Desktop,Product View,Haircare,403690
841571,577812,17-07-2025,SESS904305,Influencer,Mobile,Website Visit,Colour Cosmetics,498427
841569,577812,17-07-2025,SESS904305,Influencer,Mobile,Product View,Colour Cosmetics,498427
841573,594276,07-10-2024,SESS904306,Google,Mobile,Website Visit,Skincare,
841575,513970,08-02-2025,SESS904307,Google,Tablet,Website Visit,Colour Cosmetics,415402
808807,513970,08-02-2025,SESS904307,Google,Tablet,Product View,Colour Cosmetics,415402
841577,547526,06-01-2024,SESS904308,Marketplace,Mobile,Website Visit,Skincare,480858
808809,547526,06-01-2024,SESS904308,Marketplace,Mobile,Product View,Skincare,480858
874348,569616,09-10-2024,SESS904309,Instagram,Mobile,Website Visit,Colour Cosmetics,
874350,569616,09-10-2024,SESS904309,Instagram,Mobile,Product View,Colour Cosmetics,
808815,519555,04-03-2024,SESS904310,Instagram,Mobile,Website Visit,Skincare,476695
874351,507456,03-01-2025,SESS904311,Organic Search,Mobile,Website Visit,Colour Cosmetics,
841588,507456,03-01-2025,SESS904311,Organic Search,Mobile,Product View,Colour Cosmetics,
808822,520632,29-04-2025,SESS904312,Google,Desktop,Website Visit,Colour Cosmetics,
808825,518758,23-01-2025,SESS904313,Influencer,Mobile,Website Visit,Skincare,
841594,518758,23-01-2025,SESS904313,Influencer,Mobile,Product View,Skincare,
874366,550940,02-01-2025,SESS904314,Instagram,Desktop,Website Visit,Colour Cosmetics,400060
841599,550940,02-01-2025,SESS904314,Instagram,Desktop,Product View,Colour Cosmetics,400060
874369,550940,02-01-2025,SESS904314,Instagram,Desktop,Add to Cart,Haircare,400060
808834,590111,13-10-2024,SESS904315,Instagram,Mobile,Website Visit,Skincare,495722
874372,590111,13-10-2024,SESS904315,Instagram,Mobile,Product View,Skincare,495722
874374,590111,13-10-2024,SESS904315,Instagram,Mobile,Add to Cart,Skincare,495722
841607,529444,22-06-2025,SESS904316,Google,Mobile,Website Visit,Colour Cosmetics,
841617,529444,22-06-2025,SESS904316,Google,Mobile,Product View,Colour Cosmetics,
874392,529444,22-06-2025,SESS904316,Google,Mobile,Add to Cart,Colour Cosmetics,
874396,597794,04-10-2025,SESS904317,Instagram,Mobile,Website Visit,Haircare,
808861,597794,04-10-2025,SESS904317,Instagram,Mobile,Product View,Haircare,
808862,597794,04-10-2025,SESS904317,Instagram,Mobile,Add to Cart,Haircare,
808863,597794,04-10-2025,SESS904317,Instagram,Mobile,Checkout Started,Haircare,
841632,597794,04-10-2025,SESS904317,Instagram,Mobile,Purchase,Haircare,
874404,590480,29-03-2024,SESS904318,Google,Tablet,Website Visit,Skincare,
841636,552772,06-04-2024,SESS904319,Organic Search,Mobile,Website Visit,Colour Cosmetics,
841643,586223,06-08-2025,SESS904320,Marketplace,Desktop,Website Visit,Skincare,454313
874413,549377,07-11-2025,SESS904321,Marketplace,Mobile,Website Visit,Colour Cosmetics,434464
808878,549377,07-11-2025,SESS904321,Marketplace,Mobile,Product View,Colour Cosmetics,434464
874421,555435,08-07-2024,SESS904322,Influencer,Desktop,Website Visit,Colour Cosmetics,
874422,515670,23-01-2025,SESS904323,Google,Tablet,Website Visit,Haircare,471327
808885,589192,24-08-2024,SESS904324,Google,Mobile,Website Visit,Haircare,449380
874425,589192,24-08-2024,SESS904324,Google,Mobile,Product View,Haircare,449380
841658,578139,17-10-2024,SESS904325,Google,Mobile,Website Visit,Skincare,
808890,564764,02-12-2024,SESS904326,Offline Store,Desktop,Website Visit,Colour Cosmetics,480858
874432,564764,02-12-2024,SESS904326,Offline Store,Desktop,Product View,Colour Cosmetics,480858
808903,521579,29-11-2025,SESS904327,Instagram,Mobile,Website Visit,Colour Cosmetics,400060
841673,521579,29-11-2025,SESS904327,Instagram,Mobile,Product View,Colour Cosmetics,400060
841674,523777,19-03-2025,SESS904328,Google,Mobile,Website Visit,Colour Cosmetics,
808907,575748,01-04-2025,SESS904329,Instagram,Mobile,Website Visit,Haircare,415511
841679,575748,01-04-2025,SESS904329,Instagram,Mobile,Product View,Haircare,415511
808912,535976,02-08-2025,SESS904330,Influencer,Mobile,Website Visit,Skincare,
841681,559600,19-12-2024,SESS904331,Referral,Tablet,Website Visit,Colour Cosmetics,411691
808911,559600,19-12-2024,SESS904331,Referral,Tablet,Product View,Colour Cosmetics,411691
808916,506826,25-01-2024,SESS904332,Google,Desktop,Website Visit,Colour Cosmetics,476695
841687,506826,25-01-2024,SESS904332,Google,Desktop,Product View,Haircare,476695
808921,506826,25-01-2024,SESS904332,Google,Desktop,Add to Cart,Haircare,476695
841694,506826,25-01-2024,SESS904332,Google,Desktop,Checkout Started,Colour Cosmetics,476695
841696,506826,25-01-2024,SESS904332,Google,Desktop,Purchase,Haircare,476695
874465,540662,21-02-2024,SESS904333,Google,Desktop,Website Visit,Skincare,
841698,588381,08-09-2025,SESS904334,Influencer,Mobile,Website Visit,Colour Cosmetics,
808932,588381,08-09-2025,SESS904334,Influencer,Mobile,Product View,Skincare,
874469,542823,04-03-2024,SESS904335,Google,Mobile,Website Visit,Haircare,474806
841702,542823,04-03-2024,SESS904335,Google,Unknown,Product View,Colour Cosmetics,474806
808934,572199,04-03-2025,SESS904336,Organic Search,Desktop,Website Visit,Skincare,481026
841701,558287,08-04-2025,SESS904337,Organic Search,Desktop,Website Visit,Skincare,445210
874472,598419,20-11-2024,SESS904338,Influencer,Desktop,Website Visit,Haircare,457829
874480,502757,05-07-2025,SESS904339,Google,Mobile,Website Visit,Skincare,
808945,502757,05-07-2025,SESS904339,Google,Mobile,Product View,Skincare,
808948,512903,05-01-2025,SESS904340,Google,Mobile,Website Visit,Colour Cosmetics,424613
841717,557340,03-09-2025,SESS904341,Offline Store,Mobile,Website Visit,Skincare,486746
874486,557340,03-09-2025,SESS904341,Offline Store,Mobile,Product View,Skincare,486746
808951,557340,03-09-2025,SESS904341,Offline Store,Mobile,Add to Cart,Skincare,486746
808950,552227,04-12-2025,SESS904342,Instagram,Mobile,Website Visit,Colour Cosmetics,438398
841727,552227,04-12-2025,SESS904342,Instagram,Mobile,Product View,Colour Cosmetics,438398
874497,552227,04-12-2025,SESS904342,Instagram,Mobile,Add to Cart,Colour Cosmetics,438398
874498,531946,21-04-2025,SESS904343,Influencer,Mobile,Website Visit,Colour Cosmetics,
841730,531946,21-04-2025,SESS904343,Influencer,Mobile,Product View,Colour Cosmetics,
874500,531946,21-04-2025,SESS904343,Influencer,Mobile,Add to Cart,Colour Cosmetics,
841733,531946,21-04-2025,SESS904343,Influencer,Mobile,Checkout Started,Colour Cosmetics,
808969,531946,21-04-2025,SESS904343,Influencer,Mobile,Purchase,Colour Cosmetics,
808970,515043,11-01-2024,SESS904344,Google,Desktop,Website Visit,Skincare,
874507,515043,11-01-2024,SESS904344,Google,Desktop,Product View,Skincare,
874508,570282,14-05-2024,SESS904345,Google,Desktop,Website Visit,Colour Cosmetics,
874513,570282,14-05-2024,SESS904345,Google,Desktop,Product View,Colour Cosmetics,
841747,561474,20-06-2024,SESS904346,Referral,Tablet,Website Visit,Colour Cosmetics,492837
841748,518191,09-07-2024,SESS904347,Influencer,Mobile,Website Visit,Skincare,
874517,539363,12-02-2025,SESS904348,Instagram,Mobile,Website Visit,Skincare,
874518,530982,20-02-2024,SESS904349,Instagram,Mobile,Website Visit,Skincare,430634
808980,518595,05-10-2024,SESS904350,Influencer,Mobile,Website Visit,Skincare,
874522,548629,05-10-2025,SESS904351,Google,Mobile,Website Visit,Colour Cosmetics,476385
808989,548629,05-10-2025,SESS904351,Google,Mobile,Product View,Colour Cosmetics,476385
808994,508418,21-01-2024,SESS904352,Instagram,Mobile,Website Visit,Skincare,
841763,540404,12-12-2024,SESS904353,Instagram,Mobile,Website Visit,Colour Cosmetics,
874535,511957,13-08-2025,SESS904354,Marketplace,Desktop,Website Visit,Skincare,
809006,511957,13-08-2025,SESS904354,Marketplace,Desktop,Product View,Colour Cosmetics,
874542,511957,13-08-2025,SESS904354,Marketplace,Desktop,Add to Cart,Skincare,
809017,511957,13-08-2025,SESS904354,Marketplace,Desktop,Checkout Started,Colour Cosmetics,
874554,511957,13-08-2025,SESS904354,Marketplace,Desktop,Purchase,Haircare,
841788,534782,15-05-2025,SESS904355,Influencer,Mobile,Website Visit,Skincare,
874556,534782,15-05-2025,SESS904355,Influencer,Mobile,Product View,Haircare,
809025,528305,05-08-2024,SESS904356,Referral,Tablet,Website Visit,Colour Cosmetics,496480
841793,510500,01-11-2024,SESS904357,Instagram,Mobile,Website Visit,Skincare,
874563,584012,20-01-2024,SESS904358,Google,Mobile,Website Visit,Colour Cosmetics,457829
874567,520374,05-08-2025,SESS904359,Organic Search,Tablet,Website Visit,Colour Cosmetics,
809033,586662,24-11-2025,SESS904360,Instagram,Mobile,Website Visit,Colour Cosmetics,410081
809038,586662,24-11-2025,SESS904360,Instagram,Mobile,Product View,Colour Cosmetics,410081
874577,572340,06-09-2025,SESS904361,Instagram,Desktop,Website Visit,Skincare,
841810,572340,06-09-2025,SESS904361,Instagram,Desktop,Product View,Skincare,
809049,521567,19-11-2024,SESS904362,Organic Search,Mobile,Website Visit,Colour Cosmetics,415565
874589,521567,19-11-2024,SESS904362,Organic Search,Mobile,Product View,Colour Cosmetics,415565
809055,520730,04-04-2025,SESS904363,Influencer,Mobile,Website Visit,Skincare,
809056,591680,20-11-2024,SESS904364,Instagram,Mobile,Website Visit,Haircare,
874594,517176,25-08-2025,SESS904365,Referral,Desktop,Website Visit,Colour Cosmetics,
809061,517176,25-08-2025,SESS904365,Referral,Desktop,Product View,Colour Cosmetics,
841832,517176,25-08-2025,SESS904365,Referral,Desktop,Add to Cart,Colour Cosmetics,
809064,560952,22-04-2025,SESS904366,Organic Search,Mobile,Website Visit,Haircare,411691
841835,597605,20-11-2025,SESS904367,Influencer,Mobile,Website Visit,Skincare,
874604,533029,11-11-2024,SESS904368,Instagram,Mobile,Website Visit,Skincare,
841837,548566,12-09-2025,SESS904369,Google,Mobile,Website Visit,Haircare,441642
809076,511359,02-09-2024,SESS904370,Google,Mobile,Website Visit,Skincare,
841845,511359,02-09-2024,SESS904370,Google,Mobile,Product View,Skincare,
874615,511359,02-09-2024,SESS904370,Google,Mobile,Add to Cart,Skincare,
841853,537627,01-02-2024,SESS904371,Influencer,Mobile,Website Visit,Colour Cosmetics,
841856,537627,01-02-2024,SESS904371,Influencer,Mobile,Product View,Colour Cosmetics,
841857,581205,22-08-2024,SESS904372,Influencer,Mobile,Website Visit,Skincare,
874626,581205,22-08-2024,SESS904372,Influencer,Mobile,Product View,Skincare,
809094,582578,08-06-2024,SESS904373,Google,Mobile,Website Visit,Colour Cosmetics,437086
809096,582578,08-06-2024,SESS904373,Google,Mobile,Product View,Colour Cosmetics,437086
841865,582578,08-06-2024,SESS904373,Google,Mobile,Add to Cart,Colour Cosmetics,437086
874632,582578,08-06-2024,SESS904373,Google,Mobile,Checkout Started,Haircare,437086
841868,582578,08-06-2024,SESS904373,Google,Mobile,Purchase,Colour Cosmetics,437086
841872,530671,18-08-2025,SESS904374,Instagram,Mobile,Website Visit,Skincare,
809105,530671,18-08-2025,SESS904374,Instagram,Mobile,Product View,Skincare,
874643,530671,18-08-2025,SESS904374,Instagram,Mobile,Add to Cart,Skincare,
874644,530671,18-08-2025,SESS904374,Instagram,Mobile,Checkout Started,Colour Cosmetics,
874645,548213,15-01-2024,SESS904375,Instagram,Mobile,Website Visit,Skincare,
809109,548213,15-01-2024,SESS904375,Instagram,Mobile,Product View,Skincare,
874646,548213,15-01-2024,SESS904375,Instagram,Mobile,Add to Cart,Skincare,
841877,523834,05-11-2024,SESS904376,Google,Mobile,Website Visit,Skincare,465408
874651,537947,11-06-2024,SESS904377,Google,Mobile,Website Visit,Skincare,405510
841885,537947,11-06-2024,SESS904377,Google,Mobile,Product View,Skincare,405510
809118,537947,11-06-2024,SESS904377,Google,Mobile,Add to Cart,Haircare,405510
874655,537947,11-06-2024,SESS904377,Google,Mobile,Checkout Started,Skincare,405510
841887,585649,18-01-2025,SESS904378,Influencer,Mobile,Website Visit,Skincare,417878
809122,585649,18-01-2025,SESS904378,Influencer,Mobile,Product View,Haircare,417878
874668,585841,24-06-2024,SESS904379,Instagram,Mobile,Website Visit,Skincare,471307
809132,585841,24-06-2024,SESS904379,Instagram,Mobile,Product View,Skincare,471307
841901,556606,14-11-2025,SESS904380,Organic Search,Mobile,Website Visit,Skincare,408391
809134,506743,07-12-2024,SESS904381,Organic Search,Mobile,Website Visit,Skincare,
874673,506743,07-12-2024,SESS904381,Organic Search,Mobile,Product View,Skincare,
841910,523416,30-09-2025,SESS904382,Referral,Desktop,Website Visit,Colour Cosmetics,415565
841912,523416,30-09-2025,SESS904382,Referral,Desktop,Product View,Colour Cosmetics,415565
841916,523416,30-09-2025,SESS904382,Referral,Desktop,Add to Cart,Skincare,415565
841922,523416,30-09-2025,SESS904382,Referral,Desktop,Checkout Started,Colour Cosmetics,415565
809156,523416,30-09-2025,SESS904382,Referral,Desktop,Purchase,Colour Cosmetics,415565
841928,511551,21-11-2024,SESS904383,Instagram,Mobile,Website Visit,Skincare,
809164,511551,21-11-2024,SESS904383,Instagram,Mobile,Product View,Colour Cosmetics,
841933,511551,21-11-2024,SESS904383,Instagram,Mobile,Add to Cart,Colour Cosmetics,
809166,545793,17-06-2025,SESS904384,Organic Search,Desktop,Website Visit,Skincare,
809168,545793,17-06-2025,SESS904384,Organic Search,Desktop,Product View,Skincare,
874708,515292,18-02-2024,SESS904385,Influencer,Desktop,Website Visit,Colour Cosmetics,485929
809173,583746,24-07-2025,SESS904386,Influencer,Tablet,Website Visit,Colour Cosmetics,
841940,589705,23-02-2024,SESS904387,Offline Store,Mobile,Website Visit,Colour Cosmetics,
809172,589705,23-02-2024,SESS904387,Offline Store,Mobile,Product View,Haircare,
841946,535720,16-04-2025,SESS904388,Google,Desktop,Website Visit,Skincare,
841947,535720,16-04-2025,SESS904388,Google,Desktop,Product View,Skincare,
809184,535720,16-04-2025,SESS904388,Google,Desktop,Add to Cart,Skincare,
874724,535720,16-04-2025,SESS904388,Google,Desktop,Checkout Started,Skincare,
874725,583136,15-10-2025,SESS904389,Influencer,Mobile,Website Visit,Skincare,
874727,583136,15-10-2025,SESS904389,Influencer,Mobile,Product View,Skincare,
841960,578148,10-01-2025,SESS904390,Google,Mobile,Website Visit,Haircare,
841962,578148,10-01-2025,SESS904390,Google,Mobile,Product View,Haircare,
809195,585180,13-11-2024,SESS904391,Instagram,Mobile,Website Visit,Skincare,438097
809205,585180,13-11-2024,SESS904391,Instagram,Mobile,Product View,Skincare,438097
841975,590894,15-04-2024,SESS904392,Marketplace,Mobile,Website Visit,Haircare,
809210,590894,15-04-2024,SESS904392,Marketplace,Mobile,Product View,Skincare,
841978,590894,15-04-2024,SESS904392,Marketplace,Mobile,Add to Cart,Haircare,
841979,548566,21-04-2024,SESS904393,Google,Mobile,Website Visit,Skincare,492273
809216,548566,21-04-2024,SESS904393,Google,Mobile,Product View,Skincare,492273
841985,553476,17-03-2025,SESS904394,Google,Desktop,Website Visit,Colour Cosmetics,
841988,542516,24-06-2024,SESS904395,Instagram,Mobile,Website Visit,Colour Cosmetics,497049
809223,542516,24-06-2024,SESS904395,Instagram,Mobile,Product View,Skincare,497049
874760,542516,24-06-2024,SESS904395,Instagram,Mobile,Add to Cart,Colour Cosmetics,497049
841997,542516,24-06-2024,SESS904395,Instagram,Mobile,Checkout Started,Colour Cosmetics,497049
841998,521567,30-03-2025,SESS904396,Organic Search,Mobile,Website Visit,Colour Cosmetics,490211
842003,521567,30-03-2025,SESS904396,Organic Search,Mobile,Product View,Colour Cosmetics,490211
874772,521567,30-03-2025,SESS904396,Organic Search,Mobile,Add to Cart,Colour Cosmetics,490211
809238,545793,17-01-2024,SESS904397,Organic Search,Mobile,Website Visit,Skincare,491749
842007,530671,06-09-2025,SESS904398,Instagram,Mobile,Website Visit,Skincare,
809242,530671,06-09-2025,SESS904398,Instagram,Mobile,Product View,Skincare,
874779,598994,25-10-2025,SESS904399,Marketplace,Mobile,Website Visit,Skincare,
874781,547049,24-02-2024,SESS904400,Influencer,Mobile,Website Visit,Skincare,419863
809245,591983,21-04-2024,SESS904401,Instagram,Mobile,Website Visit,Skincare,
874782,591983,21-04-2024,SESS904401,Instagram,Mobile,Product View,Skincare,
842013,570592,08-02-2024,SESS904402,Influencer,Mobile,Website Visit,Skincare,
874793,570592,08-02-2024,SESS904402,Influencer,Mobile,Product View,Skincare,
809260,570592,08-02-2024,SESS904402,Influencer,Mobile,Add to Cart,Skincare,
809261,575470,01-02-2025,SESS904403,Instagram,Mobile,Website Visit,Colour Cosmetics,
874797,505943,02-09-2025,SESS904404,Organic Search,Mobile,Website Visit,Skincare,
842033,531979,17-08-2025,SESS904405,Referral,Mobile,Website Visit,Skincare,417878
809266,583130,28-05-2024,SESS904406,Google,Mobile,Website Visit,Colour Cosmetics,433381
874803,531147,31-03-2024,SESS904407,Google,Mobile,Website Visit,Skincare,429945
842034,538770,01-11-2025,SESS904408,Google,Mobile,Website Visit,Skincare,481026
874805,538770,01-11-2025,SESS904408,Google,Mobile,Product View,Skincare,481026
842038,538770,01-11-2025,SESS904408,Google,Mobile,Add to Cart,Colour Cosmetics,481026
874807,538770,01-11-2025,SESS904408,Google,Mobile,Checkout Started,Skincare,481026
874808,538770,01-11-2025,SESS904408,Google,Mobile,Purchase,Skincare,481026
842040,549674,01-08-2024,SESS904409,Organic Search,Mobile,Website Visit,Skincare,
842043,549674,01-08-2024,SESS904409,Organic Search,Mobile,Product View,Skincare,
809285,549674,01-08-2024,SESS904409,Organic Search,Mobile,Add to Cart,Skincare,
809287,549674,01-08-2024,SESS904409,Organic Search,Mobile,Checkout Started,Skincare,
842056,549674,01-08-2024,SESS904409,Organic Search,Mobile,Purchase,Skincare,
809288,597004,09-10-2025,SESS904410,Influencer,Mobile,Website Visit,Skincare,433648
809290,597004,09-10-2025,SESS904410,Influencer,Mobile,Product View,Skincare,433648
842059,597004,09-10-2025,SESS904410,Influencer,Mobile,Add to Cart,Skincare,433648
842058,597004,09-10-2025,SESS904410,Influencer,Mobile,Checkout Started,Skincare,433648
809293,597004,09-10-2025,SESS904410,Influencer,Mobile,Purchase,Haircare,433648
874827,575465,20-06-2025,SESS904411,Instagram,Mobile,Website Visit,Haircare,417878
809297,575465,20-06-2025,SESS904411,Instagram,Mobile,Product View,Skincare,417878
809298,575465,20-06-2025,SESS904411,Instagram,Mobile,Add to Cart,Skincare,417878
874836,512240,21-11-2025,SESS904412,Influencer,Tablet,Website Visit,Skincare,467288
809303,512240,21-11-2025,SESS904412,Influencer,Tablet,Product View,Skincare,467288
842073,558529,25-01-2024,SESS904413,Offline Store,Mobile,Website Visit,Skincare,427621
809309,558529,25-01-2024,SESS904413,Offline Store,Mobile,Product View,Haircare,427621
874849,588039,26-02-2025,SESS904414,Marketplace,Desktop,Website Visit,Colour Cosmetics,
874851,588039,26-02-2025,SESS904414,Marketplace,Desktop,Product View,Skincare,
842085,570292,06-12-2024,SESS904415,Marketplace,Mobile,Website Visit,Skincare,
874855,541114,27-05-2025,SESS904416,Google,Mobile,Website Visit,Skincare,
842087,541114,27-05-2025,SESS904416,Google,Mobile,Product View,Haircare,
874857,508609,10-09-2025,SESS904417,Marketplace,Mobile,Website Visit,Colour Cosmetics,473289
874858,508609,10-09-2025,SESS904417,Marketplace,Mobile,Product View,Colour Cosmetics,473289
874859,508609,10-09-2025,SESS904417,Marketplace,Mobile,Add to Cart,Colour Cosmetics,473289
809324,508609,10-09-2025,SESS904417,Marketplace,Mobile,Checkout Started,Colour Cosmetics,473289
842097,508609,10-09-2025,SESS904417,Marketplace,Mobile,Purchase,Colour Cosmetics,473289
809331,594481,01-12-2024,SESS904418,Instagram,Mobile,Website Visit,Colour Cosmetics,
874868,594481,01-12-2024,SESS904418,Instagram,Mobile,Product View,Skincare,
874867,538752,22-09-2025,SESS904419,Google,Mobile,Website Visit,Skincare,491749
809338,557154,06-01-2025,SESS904420,Offline Store,Mobile,Website Visit,Skincare,405510
874874,557154,06-01-2025,SESS904420,Offline Store,Mobile,Product View,Skincare,405510
809344,526130,22-09-2025,SESS904421,Marketplace,Mobile,Website Visit,Colour Cosmetics,430394
874881,526130,22-09-2025,SESS904421,Marketplace,Mobile,Product View,Colour Cosmetics,430394
809346,526130,22-09-2025,SESS904421,Marketplace,Mobile,Add to Cart,Colour Cosmetics,430394
842115,526130,22-09-2025,SESS904421,Marketplace,Mobile,Checkout Started,Skincare,430394
809351,526130,22-09-2025,SESS904421,Marketplace,Mobile,Purchase,Haircare,430394
809356,543064,20-10-2024,SESS904422,Google,Desktop,Website Visit,Haircare,405472
809358,531365,08-06-2024,SESS904423,Google,Mobile,Website Visit,Skincare,438612
809359,531365,08-06-2024,SESS904423,Google,Mobile,Product View,Colour Cosmetics,438612
874898,531365,08-06-2024,SESS904423,Google,Mobile,Add to Cart,Skincare,438612
842132,522782,02-05-2025,SESS904424,Influencer,Mobile,Website Visit,Colour Cosmetics,480858
874902,572544,03-03-2025,SESS904425,Instagram,Mobile,Website Visit,Skincare,412277
874903,572544,03-03-2025,SESS904425,Instagram,Mobile,Product View,Skincare,412277
809366,586991,06-08-2024,SESS904426,Instagram,Desktop,Website Visit,Colour Cosmetics,
874906,586991,06-08-2024,SESS904426,Instagram,Desktop,Product View,Colour Cosmetics,
809372,557595,09-05-2024,SESS904427,Google,Mobile,Website Visit,Skincare,442004
842149,557595,09-05-2024,SESS904427,Google,Mobile,Product View,Skincare,442004
842151,566698,02-11-2025,SESS904428,Google,Desktop,Website Visit,Skincare,405867
842152,587747,08-12-2024,SESS904429,Referral,Mobile,Website Visit,Haircare,
874922,587747,08-12-2024,SESS904429,Referral,Mobile,Product View,Skincare,
842154,520028,21-06-2025,SESS904430,Influencer,Mobile,Website Visit,Skincare,441642
809388,520028,21-06-2025,SESS904430,Influencer,Mobile,Product View,Skincare,441642
809396,577743,07-06-2025,SESS904431,Marketplace,Mobile,Website Visit,Colour Cosmetics,
809398,577743,07-06-2025,SESS904431,Marketplace,Mobile,Product View,Colour Cosmetics,
874935,592435,21-01-2024,SESS904432,Google,Mobile,Website Visit,Skincare,
842168,592435,21-01-2024,SESS904432,Google,Mobile,Product View,Skincare,
874938,538696,18-01-2024,SESS904433,Marketplace,Mobile,Website Visit,Colour Cosmetics,471307
809403,538696,18-01-2024,SESS904433,Marketplace,Mobile,Product View,Colour Cosmetics,471307
842171,537938,27-11-2025,SESS904434,Organic Search,Mobile,Website Visit,Colour Cosmetics,426192
842172,537938,27-11-2025,SESS904434,Organic Search,Mobile,Product View,Colour Cosmetics,426192
842175,537938,27-11-2025,SESS904434,Organic Search,Mobile,Add to Cart,Colour Cosmetics,426192
874944,598112,03-01-2025,SESS904435,Marketplace,Desktop,Website Visit,Haircare,436764
874948,598112,03-01-2025,SESS904435,Marketplace,Desktop,Product View,Haircare,436764
874951,586761,07-04-2024,SESS904436,Marketplace,Mobile,Website Visit,Skincare,
842184,503201,21-04-2024,SESS904437,Instagram,Mobile,Website Visit,Haircare,
842185,503201,21-04-2024,SESS904437,Instagram,Mobile,Product View,Colour Cosmetics,
874954,575880,23-06-2024,SESS904438,Instagram,Tablet,Website Visit,Colour Cosmetics,
809418,589277,23-11-2024,SESS904439,Influencer,Mobile,Website Visit,Skincare,
842188,552565,18-01-2024,SESS904440,Google,Mobile,Website Visit,Skincare,
842189,554379,26-03-2025,SESS904441,Instagram,Mobile,Website Visit,Skincare,490081
874958,554379,26-03-2025,SESS904441,Instagram,Mobile,Product View,Skincare,490081
842192,557961,04-06-2025,SESS904442,Offline Store,Mobile,Website Visit,Colour Cosmetics,446351
809425,557961,04-06-2025,SESS904442,Offline Store,Mobile,Product View,Colour Cosmetics,446351
842197,582502,16-02-2025,SESS904443,Influencer,Mobile,Website Visit,Skincare,
874972,582502,16-02-2025,SESS904443,Influencer,Mobile,Product View,Skincare,
842208,582502,16-02-2025,SESS904443,Influencer,Mobile,Add to Cart,Skincare,
842215,504705,01-03-2024,SESS904444,Influencer,Tablet,Website Visit,Colour Cosmetics,457829
842219,504705,01-03-2024,SESS904444,Influencer,Tablet,Product View,Colour Cosmetics,457829
842220,504705,01-03-2024,SESS904444,Influencer,Tablet,Add to Cart,Colour Cosmetics,457829
809458,504705,01-03-2024,SESS904444,Influencer,Tablet,Checkout Started,Colour Cosmetics,457829
874996,504705,01-03-2024,SESS904444,Influencer,Tablet,Purchase,Colour Cosmetics,457829
842228,534973,08-11-2025,SESS904445,Referral,Mobile,Website Visit,Colour Cosmetics,
842231,534973,08-11-2025,SESS904445,Referral,Mobile,Product View,Colour Cosmetics,
842236,586646,12-11-2024,SESS904446,Influencer,Mobile,Website Visit,Colour Cosmetics,490211
842237,565909,29-10-2025,SESS904447,Instagram,Desktop,Website Visit,Colour Cosmetics,
875008,501854,08-11-2025,SESS904448,Google,Desktop,Website Visit,Skincare,463919
842244,501854,08-11-2025,SESS904448,Google,Desktop,Product View,Skincare,463919
875015,501854,08-11-2025,SESS904448,Google,Desktop,Add to Cart,Skincare,463919
875018,501854,08-11-2025,SESS904448,Google,Desktop,Checkout Started,Skincare,463919
875020,501854,08-11-2025,SESS904448,Google,Desktop,Purchase,Skincare,463919
809487,561537,24-09-2025,SESS904449,Offline Store,Mobile,Website Visit,Skincare,450092
875029,561537,24-09-2025,SESS904449,Offline Store,Mobile,Product View,Skincare,450092
875043,507026,24-12-2024,SESS904450,Instagram,Mobile,Website Visit,Skincare,
842279,507026,24-12-2024,SESS904450,Instagram,Mobile,Product View,Skincare,
809522,539240,31-08-2024,SESS904451,Instagram,Desktop,Website Visit,Colour Cosmetics,442004
809523,539240,31-08-2024,SESS904451,Instagram,Desktop,Product View,Haircare,442004
842299,539240,31-08-2024,SESS904451,Instagram,Desktop,Add to Cart,Haircare,442004
809539,544942,26-04-2024,SESS904452,Referral,Desktop,Website Visit,Haircare,418813
842310,544942,26-04-2024,SESS904452,Referral,Desktop,Product View,Skincare,418813
875082,544942,26-04-2024,SESS904452,Referral,Desktop,Add to Cart,Skincare,418813
809546,537388,21-12-2024,SESS904453,Influencer,Mobile,Website Visit,Colour Cosmetics,
875090,537388,21-12-2024,SESS904453,Influencer,Mobile,Product View,Colour Cosmetics,
809558,537388,21-12-2024,SESS904453,Influencer,Mobile,Add to Cart,Colour Cosmetics,
875095,537388,21-12-2024,SESS904453,Influencer,Mobile,Checkout Started,Colour Cosmetics,
842326,537388,21-12-2024,SESS904453,Influencer,Mobile,Purchase,Colour Cosmetics,
842328,506839,14-10-2024,SESS904454,Organic Search,Mobile,Website Visit,Skincare,496480
875101,546090,04-07-2024,SESS904455,Influencer,Desktop,Website Visit,Colour Cosmetics,418813
809572,519536,29-11-2025,SESS904456,Influencer,Mobile,Website Visit,Colour Cosmetics,455343
875115,519536,29-11-2025,SESS904456,Influencer,Mobile,Product View,Colour Cosmetics,455343
875120,508109,26-03-2025,SESS904457,Instagram,Mobile,Website Visit,Colour Cosmetics,
809587,508109,26-03-2025,SESS904457,Instagram,Mobile,Product View,Colour Cosmetics,
842359,570804,17-07-2025,SESS904458,Instagram,Mobile,Website Visit,Skincare,481455
875131,516341,01-12-2024,SESS904459,Instagram,Mobile,Website Visit,Haircare,403719
842364,516341,01-12-2024,SESS904459,Instagram,Mobile,Product View,Haircare,403719
809597,509862,04-04-2025,SESS904460,Referral,Mobile,Website Visit,Skincare,432195
875139,509862,04-04-2025,SESS904460,Referral,Mobile,Product View,Skincare,432195
809603,514293,22-01-2024,SESS904461,Organic Search,Mobile,Website Visit,Skincare,
875141,566698,31-08-2024,SESS904462,Google,Mobile,Website Visit,Skincare,
842371,566698,31-08-2024,SESS904462,Google,Mobile,Product View,Skincare,
809608,566698,31-08-2024,SESS904462,Google,Mobile,Add to Cart,Skincare,
842379,566698,31-08-2024,SESS904462,Google,Mobile,Checkout Started,Skincare,
875149,566698,31-08-2024,SESS904462,Google,Mobile,Purchase,Skincare,
875154,556822,09-01-2025,SESS904463,Instagram,Mobile,Website Visit,Haircare,
809620,575880,28-10-2025,SESS904464,Instagram,Mobile,Website Visit,Colour Cosmetics,474998
875157,575880,28-10-2025,SESS904464,Instagram,Mobile,Product View,Colour Cosmetics,474998
842393,564340,03-12-2024,SESS904465,Offline Store,Desktop,Website Visit,Colour Cosmetics,
875162,564340,03-12-2024,SESS904465,Offline Store,Desktop,Product View,Skincare,
842397,559233,16-02-2024,SESS904466,Marketplace,Mobile,Website Visit,Haircare,476385
875167,590520,24-02-2025,SESS904467,Instagram,Mobile,Website Visit,Colour Cosmetics,
842411,590520,24-02-2025,SESS904467,Instagram,Mobile,Product View,Haircare,
875182,564923,10-11-2025,SESS904468,Marketplace,Mobile,Website Visit,Colour Cosmetics,
875189,500772,15-05-2025,SESS904469,Google,Mobile,Website Visit,Skincare,
842422,563956,04-08-2025,SESS904470,Instagram,Mobile,Website Visit,Skincare,
875191,563956,04-08-2025,SESS904470,Instagram,Mobile,Product View,Skincare,
809659,591715,29-03-2024,SESS904471,Google,Desktop,Website Visit,Skincare,
875195,591715,29-03-2024,SESS904471,Google,Desktop,Product View,Skincare,
875197,504117,19-12-2024,SESS904472,Marketplace,Desktop,Website Visit,Colour Cosmetics,446648
842431,504117,19-12-2024,SESS904472,Marketplace,Desktop,Product View,Skincare,446648
809665,588184,02-07-2025,SESS904473,Google,Desktop,Website Visit,Colour Cosmetics,411539
842434,597671,26-11-2025,SESS904474,Instagram,Desktop,Website Visit,Colour Cosmetics,437316
875215,565715,10-08-2024,SESS904475,Marketplace,Mobile,Website Visit,Skincare,477009
875218,565715,10-08-2024,SESS904475,Marketplace,Mobile,Product View,Skincare,477009
809683,565715,10-08-2024,SESS904475,Marketplace,Mobile,Add to Cart,Skincare,477009
875221,565715,10-08-2024,SESS904475,Marketplace,Mobile,Checkout Started,Skincare,477009
809686,565715,10-08-2024,SESS904475,Marketplace,Mobile,Purchase,Skincare,477009
875225,532271,06-05-2025,SESS904476,Influencer,Mobile,Website Visit,Skincare,
842464,553269,11-07-2025,SESS904477,Google,Desktop,Website Visit,Skincare,417878
875232,553269,11-07-2025,SESS904477,Google,Desktop,Product View,Skincare,417878
809697,553269,11-07-2025,SESS904477,Google,Desktop,Add to Cart,Skincare,417878
809700,553269,11-07-2025,SESS904477,Google,Desktop,Checkout Started,Skincare,417878
875236,553269,11-07-2025,SESS904477,Google,Desktop,Purchase,Skincare,417878
842470,586400,24-06-2024,SESS904478,Marketplace,Mobile,Website Visit,Colour Cosmetics,
809704,586400,24-06-2024,SESS904478,Marketplace,Mobile,Product View,Colour Cosmetics,
875243,552923,02-10-2024,SESS904479,Instagram,Tablet,Website Visit,Haircare,466062
875247,581416,04-06-2025,SESS904480,Influencer,Mobile,Website Visit,Colour Cosmetics,483171
809717,581416,04-06-2025,SESS904480,Influencer,Mobile,Product View,Colour Cosmetics,483171
875256,586991,20-06-2025,SESS904481,Instagram,Mobile,Website Visit,Colour Cosmetics,
842492,563904,25-07-2025,SESS904482,Organic Search,Mobile,Website Visit,Haircare,
875267,506590,17-09-2024,SESS904483,Influencer,Mobile,Website Visit,Colour Cosmetics,
809732,506590,17-09-2024,SESS904483,Influencer,Mobile,Product View,Colour Cosmetics,
809734,540953,16-01-2024,SESS904484,Google,Desktop,Website Visit,Haircare,480372
875270,540953,16-01-2024,SESS904484,Google,Desktop,Product View,Haircare,480372
842506,540953,16-01-2024,SESS904484,Google,Desktop,Add to Cart,Haircare,480372
842510,540953,16-01-2024,SESS904484,Google,Desktop,Checkout Started,Colour Cosmetics,480372
875283,545851,01-06-2024,SESS904485,Google,Mobile,Website Visit,Skincare,447990
842516,545851,01-06-2024,SESS904485,Google,Mobile,Product View,Skincare,447990
809749,545851,01-06-2024,SESS904485,Google,Mobile,Add to Cart,Skincare,447990
842520,545851,01-06-2024,SESS904485,Google,Mobile,Checkout Started,Skincare,447990
809752,545851,01-06-2024,SESS904485,Google,Mobile,Purchase,Skincare,447990
875291,588895,10-01-2025,SESS904486,Google,Mobile,Website Visit,Skincare,
875295,588895,10-01-2025,SESS904486,Google,Mobile,Product View,Skincare,
875299,536517,14-09-2025,SESS904487,Influencer,Mobile,Website Visit,Colour Cosmetics,454313
842533,584843,10-09-2025,SESS904488,Instagram,Desktop,Website Visit,Skincare,474182
875302,584843,10-09-2025,SESS904488,Instagram,Desktop,Product View,Skincare,474182
809769,558838,06-03-2025,SESS904489,Influencer,Mobile,Website Visit,Colour Cosmetics,464819
875313,558838,06-03-2025,SESS904489,Influencer,Mobile,Product View,Colour Cosmetics,464819
842549,558838,06-03-2025,SESS904489,Influencer,Mobile,Add to Cart,Colour Cosmetics,464819
842550,539829,16-12-2024,SESS904490,Offline Store,Mobile,Website Visit,Haircare,
875319,539829,16-12-2024,SESS904490,Offline Store,Mobile,Product View,Skincare,
842552,571364,09-06-2024,SESS904491,Google,Mobile,Website Visit,Haircare,474998
842553,571364,09-06-2024,SESS904491,Google,Mobile,Product View,Haircare,474998
842558,571364,09-06-2024,SESS904491,Google,Mobile,Add to Cart,Haircare,474998
875327,571364,09-06-2024,SESS904491,Google,Mobile,Checkout Started,Haircare,474998
842559,571364,09-06-2024,SESS904491,Google,Mobile,Purchase,Haircare,474998
809793,515129,24-10-2024,SESS904492,Offline Store,Desktop,Website Visit,Haircare,
809799,569514,22-12-2025,SESS904493,Instagram,Mobile,Website Visit,Skincare,496899
809804,569514,22-12-2025,SESS904493,Instagram,Mobile,Product View,Skincare,496899
842574,572384,15-08-2025,SESS904494,Organic Search,Mobile,Website Visit,Colour Cosmetics,
809811,572384,15-08-2025,SESS904494,Organic Search,Mobile,Product View,Colour Cosmetics,
875352,508285,26-03-2025,SESS904495,Instagram,Desktop,Website Visit,Colour Cosmetics,495722
842584,508285,26-03-2025,SESS904495,Instagram,Unknown,Product View,Colour Cosmetics,495722
842586,508285,26-03-2025,SESS904495,Instagram,Desktop,Add to Cart,Skincare,495722
875356,508285,26-03-2025,SESS904495,Instagram,Desktop,Checkout Started,Colour Cosmetics,495722
809825,508285,26-03-2025,SESS904495,Instagram,Desktop,Purchase,Colour Cosmetics,495722
809829,542906,14-10-2024,SESS904496,Instagram,Mobile,Website Visit,Skincare,412277
842599,515970,09-11-2025,SESS904497,Instagram,Mobile,Website Visit,Skincare,
875372,506658,07-02-2024,SESS904498,Google,Mobile,Website Visit,Colour Cosmetics,479647
809836,503617,06-06-2025,SESS904499,Marketplace,Desktop,Website Visit,Skincare,406955
842613,536585,18-03-2024,SESS904500,Referral,Mobile,Website Visit,Skincare,403658
842615,536585,18-03-2024,SESS904500,Referral,Mobile,Product View,Skincare,403658
809851,536585,18-03-2024,SESS904500,Referral,Mobile,Add to Cart,Skincare,403658
875389,536585,18-03-2024,SESS904500,Referral,Mobile,Checkout Started,Skincare,403658
842622,518758,03-07-2024,SESS904501,Influencer,Mobile,Website Visit,Colour Cosmetics,
842625,532914,14-09-2025,SESS904502,Influencer,Desktop,Website Visit,Skincare,
875395,532914,14-09-2025,SESS904502,Influencer,Desktop,Product View,Skincare,
809861,532914,14-09-2025,SESS904502,Influencer,Desktop,Add to Cart,Skincare,
842630,532914,14-09-2025,SESS904502,Influencer,Desktop,Checkout Started,Skincare,
842636,532914,14-09-2025,SESS904502,Influencer,Desktop,Purchase,Skincare,
875406,598235,17-06-2025,SESS904503,Instagram,Mobile,Website Visit,Skincare,449380
842642,598235,17-06-2025,SESS904503,Instagram,Mobile,Product View,Skincare,449380
875412,517176,16-04-2025,SESS904504,Referral,Mobile,Website Visit,Colour Cosmetics,427155
875416,532780,29-05-2025,SESS904505,Organic Search,Mobile,Website Visit,Haircare,467288
842654,554548,20-11-2024,SESS904506,Marketplace,Mobile,Website Visit,Colour Cosmetics,415511
809890,554548,20-11-2024,SESS904506,Marketplace,Mobile,Product View,Colour Cosmetics,415511
809891,554548,20-11-2024,SESS904506,Marketplace,Mobile,Add to Cart,Colour Cosmetics,415511
809895,571228,09-11-2024,SESS904507,Instagram,Mobile,Website Visit,Haircare,471307
809900,508109,06-08-2025,SESS904508,Instagram,Mobile,Website Visit,Haircare,
842673,508109,06-08-2025,SESS904508,Instagram,Mobile,Product View,Colour Cosmetics,
875442,525928,02-03-2024,SESS904509,Instagram,Desktop,Website Visit,Skincare,438398
842676,525928,02-03-2024,SESS904509,Instagram,Desktop,Product View,Skincare,438398
842677,563242,31-10-2025,SESS904510,Influencer,Mobile,Website Visit,Colour Cosmetics,
875445,515014,11-11-2024,SESS904511,Influencer,Desktop,Website Visit,Skincare,486746
875446,515014,11-11-2024,SESS904511,Influencer,Desktop,Product View,Skincare,486746
842681,581439,22-01-2025,SESS904512,Organic Search,Mobile,Website Visit,Colour Cosmetics,411539
875458,561261,30-11-2024,SESS904513,Google,Mobile,Website Visit,Skincare,466062
809924,597004,18-02-2025,SESS904514,Influencer,Mobile,Website Visit,Skincare,
842694,509447,07-07-2024,SESS904515,Organic Search,Mobile,Website Visit,Colour Cosmetics,445539
842695,598992,28-08-2025,SESS904516,Organic Search,Mobile,Website Visit,Skincare,
842696,598992,28-08-2025,SESS904516,Organic Search,Mobile,Product View,Skincare,
875465,560236,30-09-2025,SESS904517,Organic Search,Mobile,Website Visit,Colour Cosmetics,471307
842698,560236,30-09-2025,SESS904517,Organic Search,Mobile,Product View,Colour Cosmetics,471307
875467,515713,03-08-2024,SESS904518,Instagram,Desktop,Website Visit,Skincare,457829
875468,515713,03-08-2024,SESS904518,Instagram,Desktop,Product View,Skincare,457829
842700,598038,03-08-2024,SESS904519,Google,Desktop,Website Visit,Skincare,
875472,525042,31-03-2025,SESS904520,Google,Mobile,Website Visit,Skincare,408197
809938,525042,31-03-2025,SESS904520,Google,Mobile,Product View,Skincare,408197
809942,525042,31-03-2025,SESS904520,Google,Mobile,Add to Cart,Skincare,408197
875479,525042,31-03-2025,SESS904520,Google,Mobile,Checkout Started,Colour Cosmetics,408197
842712,558838,28-05-2024,SESS904521,Influencer,Desktop,Website Visit,Colour Cosmetics,
842713,558838,28-05-2024,SESS904521,Influencer,Desktop,Product View,Colour Cosmetics,
809943,525144,21-11-2025,SESS904522,Google,Desktop,Website Visit,Skincare,496905
809947,582240,01-12-2025,SESS904523,Offline Store,Mobile,Website Visit,Skincare,425487
875484,582240,01-12-2025,SESS904523,Offline Store,Mobile,Product View,Colour Cosmetics,425487
842722,519773,24-01-2025,SESS904524,Referral,Mobile,Website Visit,Skincare,483731
875492,519773,24-01-2025,SESS904524,Referral,Mobile,Product View,Colour Cosmetics,483731
842726,519773,24-01-2025,SESS904524,Referral,Mobile,Add to Cart,Skincare,483731
809959,519773,24-01-2025,SESS904524,Referral,Mobile,Checkout Started,Skincare,483731
842730,519773,24-01-2025,SESS904524,Referral,Mobile,Purchase,Skincare,483731
809963,567889,06-07-2024,SESS904525,Google,Tablet,Website Visit,Skincare,415402
809964,567889,06-07-2024,SESS904525,Google,Tablet,Product View,Haircare,415402
875498,529817,01-07-2025,SESS904526,Google,Mobile,Website Visit,Colour Cosmetics,406427
842734,529817,01-07-2025,SESS904526,Google,Mobile,Product View,Colour Cosmetics,406427
809971,529817,01-07-2025,SESS904526,Google,Mobile,Add to Cart,Colour Cosmetics,406427
809980,540953,02-11-2025,SESS904527,Google,Mobile,Website Visit,Haircare,471327
842749,540953,02-11-2025,SESS904527,Google,Mobile,Product View,Haircare,471327
809990,529154,01-12-2024,SESS904528,Organic Search,Desktop,Website Visit,Skincare,408391
875527,529154,01-12-2024,SESS904528,Organic Search,Desktop,Product View,Skincare,408391
842760,529154,01-12-2024,SESS904528,Organic Search,Desktop,Add to Cart,Skincare,408391
809991,529154,01-12-2024,SESS904528,Organic Search,Desktop,Checkout Started,Skincare,408391
875531,570686,28-11-2024,SESS904529,Marketplace,Unknown,Website Visit,Colour Cosmetics,497553
842764,521805,27-07-2024,SESS904530,Influencer,Mobile,Website Visit,Skincare,
875534,558028,25-12-2024,SESS904531,Influencer,Mobile,Website Visit,Colour Cosmetics,
842766,558028,25-12-2024,SESS904531,Influencer,Mobile,Product View,Colour Cosmetics,
810000,543025,09-10-2024,SESS904532,Referral,Mobile,Website Visit,Haircare,
810001,543025,09-10-2024,SESS904532,Referral,Mobile,Product View,Haircare,
842769,541180,15-08-2024,SESS904533,Instagram,Mobile,Website Visit,Skincare,
842773,506839,26-12-2025,SESS904534,Organic Search,Mobile,Website Visit,Skincare,
875542,567839,18-03-2024,SESS904535,Google,Mobile,Website Visit,Skincare,464028
842776,574364,07-10-2025,SESS904536,Offline Store,Mobile,Website Visit,Colour Cosmetics,495722
875547,574364,07-10-2025,SESS904536,Offline Store,Mobile,Product View,Colour Cosmetics,495722
810014,508330,26-01-2024,SESS904537,Referral,Unknown,Website Visit,Skincare,
875555,508330,26-01-2024,SESS904537,Referral,Mobile,Product View,Skincare,
810021,558841,22-09-2025,SESS904538,Marketplace,Desktop,Website Visit,Colour Cosmetics,
842797,558841,22-09-2025,SESS904538,Marketplace,Desktop,Product View,Colour Cosmetics,
810032,558841,22-09-2025,SESS904538,Marketplace,Desktop,Add to Cart,Colour Cosmetics,
875569,558841,22-09-2025,SESS904538,Marketplace,Desktop,Checkout Started,Colour Cosmetics,
842803,596835,05-01-2025,SESS904539,Influencer,Mobile,Website Visit,Colour Cosmetics,496480
810035,596835,05-01-2025,SESS904539,Influencer,Mobile,Product View,Colour Cosmetics,496480
875572,588984,14-02-2024,SESS904540,Instagram,Mobile,Website Visit,Skincare,438398
842804,588984,14-02-2024,SESS904540,Instagram,Mobile,Product View,Skincare,438398
810039,588984,14-02-2024,SESS904540,Instagram,Mobile,Add to Cart,Colour Cosmetics,438398
875576,556148,20-07-2025,SESS904541,Marketplace,Mobile,Website Visit,Haircare,
842808,556148,20-07-2025,SESS904541,Marketplace,Mobile,Product View,Haircare,
842810,556148,20-07-2025,SESS904541,Marketplace,Mobile,Add to Cart,Haircare,
810043,521632,01-09-2024,SESS904542,Instagram,Mobile,Website Visit,Colour Cosmetics,406955
810047,521632,01-09-2024,SESS904542,Instagram,Mobile,Product View,Colour Cosmetics,406955
875588,538680,08-02-2024,SESS904543,Instagram,Mobile,Website Visit,Skincare,492044
810053,538680,08-02-2024,SESS904543,Instagram,Mobile,Product View,Skincare,492044
810054,532768,07-06-2024,SESS904544,Influencer,Mobile,Website Visit,Colour Cosmetics,405376
842824,532768,07-06-2024,SESS904544,Influencer,Mobile,Product View,Colour Cosmetics,405376
842825,583442,29-04-2025,SESS904545,Marketplace,Desktop,Website Visit,Skincare,
875596,561953,28-03-2025,SESS904546,Offline Store,Mobile,Website Visit,Colour Cosmetics,
842829,538696,04-11-2025,SESS904547,Marketplace,Mobile,Website Visit,Colour Cosmetics,438136
810070,562021,22-06-2024,SESS904548,Instagram,Mobile,Website Visit,Skincare,442205
842839,562021,22-06-2024,SESS904548,Instagram,Mobile,Product View,Skincare,442205
875609,582831,08-08-2024,SESS904549,Google,Mobile,Website Visit,Skincare,
810075,582831,08-08-2024,SESS904549,Google,Mobile,Product View,Skincare,
842843,578135,18-03-2025,SESS904550,Instagram,Mobile,Website Visit,Skincare,458427
842846,578135,18-03-2025,SESS904550,Instagram,Mobile,Product View,Skincare,458427
875625,549192,14-12-2025,SESS904551,Influencer,Mobile,Website Visit,Skincare,442205
875628,537243,05-01-2025,SESS904552,Google,Mobile,Website Visit,Skincare,
875631,537243,05-01-2025,SESS904552,Google,Mobile,Product View,Skincare,
842868,502757,15-08-2024,SESS904553,Google,Mobile,Website Visit,Skincare,
810104,502757,15-08-2024,SESS904553,Google,Mobile,Product View,Skincare,
842872,501504,13-06-2025,SESS904554,Google,Mobile,Website Visit,Haircare,445210
842879,585215,20-12-2024,SESS904555,Influencer,Mobile,Website Visit,Colour Cosmetics,
810113,585215,20-12-2024,SESS904555,Influencer,Mobile,Product View,Haircare,
875655,585215,20-12-2024,SESS904555,Influencer,Mobile,Add to Cart,Colour Cosmetics,
810123,585215,20-12-2024,SESS904555,Influencer,Mobile,Checkout Started,Colour Cosmetics,
810124,530647,15-12-2025,SESS904556,Referral,Mobile,Website Visit,Skincare,473590
842899,530647,15-12-2025,SESS904556,Referral,Mobile,Product View,Skincare,473590
810132,535400,02-07-2025,SESS904557,Organic Search,Mobile,Website Visit,Colour Cosmetics,
842905,566768,12-07-2025,SESS904558,Referral,Mobile,Website Visit,Colour Cosmetics,462926
810138,566768,12-07-2025,SESS904558,Referral,Mobile,Product View,Haircare,462926
842907,598759,08-11-2024,SESS904559,Influencer,Mobile,Website Visit,Skincare,
875676,526111,05-08-2025,SESS904560,Influencer,Desktop,Website Visit,Colour Cosmetics,499229
842909,526111,05-08-2025,SESS904560,Influencer,Desktop,Product View,Colour Cosmetics,499229
842910,593677,13-02-2025,SESS904561,Google,Mobile,Website Visit,Colour Cosmetics,415402
810146,552994,08-04-2025,SESS904562,Organic Search,Mobile,Website Visit,Colour Cosmetics,492837
875683,552994,08-04-2025,SESS904562,Organic Search,Mobile,Product View,Colour Cosmetics,492837
875692,552994,08-04-2025,SESS904562,Organic Search,Mobile,Add to Cart,Colour Cosmetics,492837
875694,589838,01-07-2024,SESS904563,Influencer,Mobile,Website Visit,Skincare,
842927,599536,22-07-2024,SESS904564,Google,Desktop,Website Visit,Skincare,415565
810160,599536,22-07-2024,SESS904564,Google,Desktop,Product View,Skincare,415565
810161,520631,10-06-2024,SESS904565,Instagram,Mobile,Website Visit,Skincare,
875707,596434,21-05-2024,SESS904566,Influencer,Tablet,Website Visit,Skincare,445210
810172,596434,21-05-2024,SESS904566,Influencer,Tablet,Product View,Colour Cosmetics,445210
810174,519340,27-10-2025,SESS904567,Instagram,Desktop,Website Visit,Colour Cosmetics,
842942,501061,19-07-2024,SESS904568,Instagram,Mobile,Website Visit,Skincare,
875712,501061,19-07-2024,SESS904568,Instagram,Mobile,Product View,Skincare,
842945,599125,15-04-2024,SESS904569,Organic Search,Mobile,Website Visit,Skincare,
875710,599125,15-04-2024,SESS904569,Organic Search,Mobile,Product View,Skincare,
842947,599125,15-04-2024,SESS904569,Organic Search,Mobile,Add to Cart,Skincare,
875715,599125,15-04-2024,SESS904569,Organic Search,Mobile,Checkout Started,Skincare,
842949,502757,27-09-2025,SESS904570,Google,Mobile,Website Visit,Haircare,
810182,502757,27-09-2025,SESS904570,Google,Mobile,Product View,Skincare,
810183,502757,27-09-2025,SESS904570,Google,Mobile,Add to Cart,Skincare,
842951,529816,08-04-2025,SESS904571,Organic Search,Tablet,Website Visit,Haircare,405392
875719,529816,08-04-2025,SESS904571,Organic Search,Tablet,Product View,Haircare,405392
842955,516901,11-11-2025,SESS904572,Organic Search,Mobile,Website Visit,Colour Cosmetics,430634
842957,534760,09-11-2024,SESS904573,Influencer,Mobile,Website Visit,Skincare,
810191,537762,20-01-2024,SESS904574,Influencer,Desktop,Website Visit,Skincare,
842960,537762,20-01-2024,SESS904574,Influencer,Desktop,Product View,Skincare,
810195,537762,20-01-2024,SESS904574,Influencer,Desktop,Add to Cart,Skincare,
810196,535018,27-10-2024,SESS904575,Marketplace,Mobile,Website Visit,Skincare,489502
842965,547419,29-12-2024,SESS904576,Referral,Mobile,Website Visit,Skincare,
810203,547419,29-12-2024,SESS904576,Referral,Mobile,Product View,Colour Cosmetics,
875739,510693,18-02-2024,SESS904577,Google,Desktop,Website Visit,Colour Cosmetics,417878
875740,510693,18-02-2024,SESS904577,Google,Desktop,Product View,Colour Cosmetics,417878
810208,510693,18-02-2024,SESS904577,Google,Desktop,Add to Cart,Colour Cosmetics,417878
842976,544657,10-04-2025,SESS904578,Instagram,Desktop,Website Visit,Colour Cosmetics,425487
875746,544657,10-04-2025,SESS904578,Instagram,Desktop,Product View,Colour Cosmetics,425487
875747,508639,28-11-2024,SESS904579,Influencer,Mobile,Website Visit,Colour Cosmetics,
875748,508639,28-11-2024,SESS904579,Influencer,Mobile,Product View,Colour Cosmetics,
810214,508639,28-11-2024,SESS904579,Influencer,Mobile,Add to Cart,Colour Cosmetics,
810217,508639,28-11-2024,SESS904579,Influencer,Mobile,Checkout Started,Colour Cosmetics,
810218,536585,13-03-2024,SESS904580,Referral,Desktop,Website Visit,Skincare,
875753,567286,28-11-2025,SESS904581,Referral,Desktop,Website Visit,Skincare,
875754,567286,28-11-2025,SESS904581,Referral,Desktop,Product View,Skincare,
810222,554948,28-08-2025,SESS904582,Google,Mobile,Website Visit,Skincare,457829
810225,554948,28-08-2025,SESS904582,Google,Mobile,Product View,Haircare,457829
842993,554948,28-08-2025,SESS904582,Google,Mobile,Add to Cart,Skincare,457829
810230,540662,05-03-2024,SESS904583,Google,Mobile,Website Visit,Skincare,492273
843005,540662,05-03-2024,SESS904583,Google,Mobile,Product View,Skincare,492273
810238,540662,05-03-2024,SESS904583,Google,Mobile,Add to Cart,Haircare,492273
875773,544657,25-12-2024,SESS904584,Instagram,Mobile,Website Visit,Colour Cosmetics,445539
875778,544657,25-12-2024,SESS904584,Instagram,Mobile,Product View,Colour Cosmetics,445539
843012,544657,25-12-2024,SESS904584,Instagram,Mobile,Add to Cart,Colour Cosmetics,445539
810246,544657,25-12-2024,SESS904584,Instagram,Mobile,Checkout Started,Colour Cosmetics,445539
810247,544657,25-12-2024,SESS904584,Instagram,Mobile,Purchase,Colour Cosmetics,445539
875786,598366,19-12-2024,SESS904585,Instagram,Desktop,Website Visit,Colour Cosmetics,495209
810251,598366,19-12-2024,SESS904585,Instagram,Desktop,Product View,Haircare,495209
875787,577867,25-02-2024,SESS904586,Instagram,Desktop,Website Visit,Haircare,489502
875789,577867,25-02-2024,SESS904586,Instagram,Desktop,Product View,Haircare,489502
875792,555724,08-05-2024,SESS904587,Instagram,Tablet,Website Visit,Colour Cosmetics,
843025,555724,08-05-2024,SESS904587,Instagram,Tablet,Product View,Colour Cosmetics,
810258,509359,12-12-2025,SESS904588,Instagram,Mobile,Website Visit,Skincare,
810259,509359,12-12-2025,SESS904588,Instagram,Mobile,Product View,Skincare,
810260,509359,12-12-2025,SESS904588,Instagram,Mobile,Add to Cart,Skincare,
810262,509359,12-12-2025,SESS904588,Instagram,Mobile,Checkout Started,Skincare,
843030,509359,12-12-2025,SESS904588,Instagram,Mobile,Purchase,Skincare,
810269,553354,01-04-2025,SESS904589,Instagram,Mobile,Website Visit,Skincare,
875805,553354,01-04-2025,SESS904589,Instagram,Mobile,Product View,Skincare,
843038,553354,01-04-2025,SESS904589,Instagram,Mobile,Add to Cart,Skincare,
810275,567271,10-06-2025,SESS904590,Organic Search,Mobile,Website Visit,Haircare,405867
875813,567271,10-06-2025,SESS904590,Organic Search,Mobile,Product View,Haircare,405867
810282,540026,24-01-2024,SESS904591,Offline Store,Desktop,Website Visit,Colour Cosmetics,438398
843056,540026,24-01-2024,SESS904591,Offline Store,Desktop,Product View,Colour Cosmetics,438398
875824,540026,24-01-2024,SESS904591,Offline Store,Desktop,Add to Cart,Colour Cosmetics,438398
810290,555476,10-02-2024,SESS904592,Marketplace,Mobile,Website Visit,Skincare,437316
875825,555476,10-02-2024,SESS904592,Marketplace,Mobile,Product View,Skincare,437316
810293,559469,13-07-2024,SESS904593,Organic Search,Mobile,Website Visit,Colour Cosmetics,
843066,559469,13-07-2024,SESS904593,Organic Search,Mobile,Product View,Colour Cosmetics,
810298,559469,13-07-2024,SESS904593,Organic Search,Mobile,Add to Cart,Haircare,
810301,559469,13-07-2024,SESS904593,Organic Search,Mobile,Checkout Started,Colour Cosmetics,
875839,559469,13-07-2024,SESS904593,Organic Search,Mobile,Purchase,Colour Cosmetics,
810304,573385,19-11-2024,SESS904594,Instagram,Mobile,Website Visit,Haircare,480858
810305,573385,19-11-2024,SESS904594,Instagram,Mobile,Product View,Skincare,480858
843075,573385,19-11-2024,SESS904594,Instagram,Mobile,Add to Cart,Haircare,480858
843081,573385,19-11-2024,SESS904594,Instagram,Mobile,Checkout Started,Haircare,480858
810314,573385,19-11-2024,SESS904594,Instagram,Mobile,Purchase,Skincare,480858
843083,503495,10-05-2025,SESS904595,Google,Desktop,Website Visit,Colour Cosmetics,411691
875849,559049,12-09-2024,SESS904596,Organic Search,Tablet,Website Visit,Haircare,
810318,559049,12-09-2024,SESS904596,Organic Search,Tablet,Product View,Haircare,
810320,559049,12-09-2024,SESS904596,Organic Search,Tablet,Add to Cart,Haircare,
810324,559049,12-09-2024,SESS904596,Organic Search,Tablet,Checkout Started,Haircare,
843096,539210,04-03-2025,SESS904597,Referral,Desktop,Website Visit,Skincare,438398
875865,585180,27-10-2025,SESS904598,Instagram,Mobile,Website Visit,Skincare,
875864,585180,27-10-2025,SESS904598,Instagram,Mobile,Product View,Skincare,
875873,535665,28-08-2025,SESS904599,Referral,Desktop,Website Visit,Skincare,
810337,535665,28-08-2025,SESS904599,Referral,Desktop,Product View,Skincare,
810341,592908,28-02-2024,SESS904600,Referral,Mobile,Website Visit,Colour Cosmetics,
875883,592908,28-02-2024,SESS904600,Referral,Mobile,Product View,Colour Cosmetics,
843115,512387,22-12-2024,SESS904601,Organic Search,Mobile,Website Visit,Colour Cosmetics,464819
810352,598858,06-07-2025,SESS904602,Google,Mobile,Website Visit,Skincare,493447
810354,547942,23-04-2024,SESS904603,Instagram,Desktop,Website Visit,Colour Cosmetics,
810356,547942,23-04-2024,SESS904603,Instagram,Desktop,Product View,Colour Cosmetics,
875894,547942,23-04-2024,SESS904603,Instagram,Desktop,Add to Cart,Colour Cosmetics,
843127,547942,23-04-2024,SESS904603,Instagram,Desktop,Checkout Started,Colour Cosmetics,
843131,520632,29-05-2025,SESS904604,Google,Desktop,Website Visit,Skincare,
810365,520632,29-05-2025,SESS904604,Google,Desktop,Product View,Skincare,
875905,520632,29-05-2025,SESS904604,Google,Desktop,Add to Cart,Skincare,
810372,537093,31-12-2024,SESS904605,Referral,Desktop,Website Visit,Colour Cosmetics,438097
875909,537093,31-12-2024,SESS904605,Referral,Desktop,Product View,Colour Cosmetics,438097
810375,537093,31-12-2024,SESS904605,Referral,Desktop,Add to Cart,Colour Cosmetics,438097
810379,537093,31-12-2024,SESS904605,Referral,Desktop,Checkout Started,Skincare,438097
810380,582691,05-08-2025,SESS904606,Offline Store,Mobile,Website Visit,Skincare,480372
875917,582691,05-08-2025,SESS904606,Offline Store,Mobile,Product View,Skincare,480372
875919,504018,05-01-2025,SESS904607,Marketplace,Mobile,Website Visit,Colour Cosmetics,495722
843156,518964,14-07-2025,SESS904608,Google,Mobile,Website Visit,Skincare,430394
875926,518964,14-07-2025,SESS904608,Google,Mobile,Product View,Colour Cosmetics,430394
875934,513577,16-03-2025,SESS904609,Instagram,Tablet,Website Visit,Haircare,440309
843167,513577,16-03-2025,SESS904609,Instagram,Tablet,Product View,Colour Cosmetics,440309
810401,534741,28-04-2024,SESS904610,Instagram,Desktop,Website Visit,Colour Cosmetics,445539
843169,534741,28-04-2024,SESS904610,Instagram,Desktop,Product View,Colour Cosmetics,445539
875946,534741,28-04-2024,SESS904610,Instagram,Desktop,Add to Cart,Skincare,445539
843188,597771,06-11-2024,SESS904611,Instagram,Tablet,Website Visit,Skincare,
810423,597771,06-11-2024,SESS904611,Instagram,Tablet,Product View,Skincare,
810427,597771,06-11-2024,SESS904611,Instagram,Tablet,Add to Cart,Skincare,
843205,597771,06-11-2024,SESS904611,Instagram,Tablet,Checkout Started,Haircare,
875974,525112,21-06-2024,SESS904612,Instagram,Desktop,Website Visit,Colour Cosmetics,487438
810445,525112,21-06-2024,SESS904612,Instagram,Desktop,Product View,Colour Cosmetics,487438
843216,560852,31-05-2024,SESS904613,Instagram,Desktop,Website Visit,Skincare,
810449,560852,31-05-2024,SESS904613,Instagram,Desktop,Product View,Skincare,
810450,517038,05-03-2025,SESS904614,Referral,Mobile,Website Visit,Colour Cosmetics,473151
843218,517038,05-03-2025,SESS904614,Referral,Mobile,Product View,Colour Cosmetics,473151
875990,517038,05-03-2025,SESS904614,Referral,Mobile,Add to Cart,Haircare,473151
875998,584689,01-07-2025,SESS904615,Instagram,Desktop,Website Visit,Skincare,
843231,584689,01-07-2025,SESS904615,Instagram,Desktop,Product View,Skincare,
810464,517786,18-08-2025,SESS904616,Instagram,Mobile,Website Visit,Haircare,
843233,517786,18-08-2025,SESS904616,Instagram,Mobile,Product View,Haircare,
876008,553845,03-07-2024,SESS904617,Influencer,Mobile,Website Visit,Colour Cosmetics,
810472,527549,20-02-2024,SESS904618,Instagram,Desktop,Website Visit,Skincare,467288
843243,505130,14-04-2025,SESS904619,Organic Search,Mobile,Website Visit,Haircare,
810476,505130,14-04-2025,SESS904619,Organic Search,Mobile,Product View,Haircare,
876017,554460,01-07-2025,SESS904620,Instagram,Mobile,Website Visit,Skincare,
810483,554460,01-07-2025,SESS904620,Instagram,Mobile,Product View,Skincare,
876020,554460,01-07-2025,SESS904620,Instagram,Mobile,Add to Cart,Skincare,
876022,565909,23-06-2025,SESS904621,Instagram,Unknown,Website Visit,Colour Cosmetics,423132
843257,529451,27-07-2025,SESS904622,Google,Mobile,Website Visit,Colour Cosmetics,
843263,537601,01-12-2024,SESS904623,Instagram,Desktop,Website Visit,Skincare,408678
843268,534335,31-05-2024,SESS904624,Instagram,Desktop,Website Visit,Colour Cosmetics,473590
876041,523509,17-08-2024,SESS904625,Google,Desktop,Website Visit,Skincare,
876044,534522,17-02-2025,SESS904626,Referral,Desktop,Website Visit,Skincare,
810509,534522,17-02-2025,SESS904626,Referral,Desktop,Product View,Colour Cosmetics,
843280,578135,28-10-2025,SESS904627,Instagram,Mobile,Website Visit,Skincare,
876048,598453,25-03-2025,SESS904628,Instagram,Mobile,Website Visit,Haircare,
876050,598453,25-03-2025,SESS904628,Instagram,Mobile,Product View,Skincare,
810520,598453,25-03-2025,SESS904628,Instagram,Mobile,Add to Cart,Haircare,
876057,507026,16-09-2025,SESS904629,Instagram,Mobile,Website Visit,Haircare,464819
810523,507026,16-09-2025,SESS904629,Instagram,Mobile,Product View,Skincare,464819
810524,592231,11-12-2024,SESS904630,Instagram,Mobile,Website Visit,Colour Cosmetics,
843291,592231,11-12-2024,SESS904630,Instagram,Mobile,Product View,Haircare,
876063,524957,25-09-2024,SESS904631,Instagram,Desktop,Website Visit,Colour Cosmetics,
876065,524957,25-09-2024,SESS904631,Instagram,Desktop,Product View,Haircare,
843298,584607,28-11-2024,SESS904632,Referral,Desktop,Website Visit,Colour Cosmetics,417878
810531,584607,28-11-2024,SESS904632,Referral,Desktop,Product View,Colour Cosmetics,417878
876067,584607,28-11-2024,SESS904632,Referral,Desktop,Add to Cart,Colour Cosmetics,417878
810534,584607,28-11-2024,SESS904632,Referral,Desktop,Checkout Started,Colour Cosmetics,417878
810535,512704,17-02-2025,SESS904633,Google,Mobile,Website Visit,Skincare,435644
876072,512704,17-02-2025,SESS904633,Google,Mobile,Product View,Skincare,435644
810536,543694,20-11-2024,SESS904634,Influencer,Mobile,Website Visit,Colour Cosmetics,
810541,543694,20-11-2024,SESS904634,Influencer,Mobile,Product View,Colour Cosmetics,
843312,567033,09-12-2025,SESS904635,Marketplace,Mobile,Website Visit,Colour Cosmetics,
843313,594058,13-01-2025,SESS904636,Influencer,Mobile,Website Visit,Skincare,458427
843316,518758,26-12-2025,SESS904637,Influencer,Mobile,Website Visit,Skincare,429945
810548,510641,19-12-2024,SESS904638,Google,Mobile,Website Visit,Colour Cosmetics,
810550,508950,05-08-2024,SESS904639,Instagram,Mobile,Website Visit,Haircare,486701
843320,508950,05-08-2024,SESS904639,Instagram,Mobile,Product View,Haircare,486701
843321,508950,05-08-2024,SESS904639,Instagram,Mobile,Add to Cart,Haircare,486701
810553,508950,05-08-2024,SESS904639,Instagram,Mobile,Checkout Started,Haircare,486701
843324,508950,05-08-2024,SESS904639,Instagram,Mobile,Purchase,Skincare,486701
843326,548351,19-03-2025,SESS904640,Instagram,Mobile,Website Visit,Colour Cosmetics,
843337,553841,01-04-2024,SESS904641,Marketplace,Mobile,Website Visit,Skincare,483731
876106,553841,01-04-2024,SESS904641,Marketplace,Mobile,Product View,Skincare,483731
810572,519709,31-08-2025,SESS904642,Instagram,Mobile,Website Visit,Colour Cosmetics,
843341,549692,30-10-2025,SESS904643,Instagram,Desktop,Website Visit,Colour Cosmetics,
876108,549692,30-10-2025,SESS904643,Instagram,Desktop,Product View,Skincare,
810575,576011,19-02-2025,SESS904644,Referral,Mobile,Website Visit,Skincare,
810576,576011,19-02-2025,SESS904644,Referral,Mobile,Product View,Skincare,
843347,576011,19-02-2025,SESS904644,Referral,Mobile,Add to Cart,Skincare,
876115,576011,19-02-2025,SESS904644,Referral,Mobile,Checkout Started,Skincare,
810581,576011,19-02-2025,SESS904644,Referral,Mobile,Purchase,Skincare,
843358,512704,09-12-2024,SESS904645,Google,Desktop,Website Visit,Skincare,
810591,512704,09-12-2024,SESS904645,Google,Desktop,Product View,Skincare,
810594,521465,05-02-2024,SESS904646,Google,Desktop,Website Visit,Skincare,
876133,521465,05-02-2024,SESS904646,Google,Desktop,Product View,Skincare,
810598,521465,05-02-2024,SESS904646,Google,Desktop,Add to Cart,Skincare,
810600,578215,25-09-2025,SESS904647,Influencer,Mobile,Website Visit,Haircare,
876138,578215,25-09-2025,SESS904647,Influencer,Mobile,Product View,Colour Cosmetics,
876140,545508,27-05-2024,SESS904648,Marketplace,Mobile,Website Visit,Skincare,418071
810604,545508,27-05-2024,SESS904648,Marketplace,Mobile,Product View,Skincare,418071
810606,545508,27-05-2024,SESS904648,Marketplace,Unknown,Add to Cart,Skincare,418071
876142,545508,27-05-2024,SESS904648,Marketplace,Mobile,Checkout Started,Haircare,418071
876141,545508,27-05-2024,SESS904648,Marketplace,Mobile,Purchase,Skincare,418071
810609,594581,03-08-2024,SESS904649,Google,Mobile,Website Visit,Skincare,
843379,512833,20-07-2024,SESS904650,Organic Search,Mobile,Website Visit,Skincare,
876149,512833,20-07-2024,SESS904650,Organic Search,Mobile,Product View,Skincare,
876158,512833,20-07-2024,SESS904650,Organic Search,Mobile,Add to Cart,Skincare,
810623,551116,15-11-2024,SESS904651,Instagram,Mobile,Website Visit,Haircare,
810624,551116,15-11-2024,SESS904651,Instagram,Mobile,Product View,Haircare,
810625,555028,09-04-2024,SESS904652,Google,Mobile,Website Visit,Colour Cosmetics,
843394,555028,09-04-2024,SESS904652,Google,Mobile,Product View,Colour Cosmetics,
810627,555028,09-04-2024,SESS904652,Google,Mobile,Add to Cart,Colour Cosmetics,
876172,555028,09-04-2024,SESS904652,Google,Mobile,Checkout Started,Colour Cosmetics,
843404,505544,23-09-2024,SESS904653,Organic Search,Mobile,Website Visit,Colour Cosmetics,486701
876178,509724,17-12-2025,SESS904654,Google,Mobile,Website Visit,Skincare,
810645,509724,17-12-2025,SESS904654,Google,Mobile,Product View,Skincare,
810646,523218,25-08-2025,SESS904655,Influencer,Mobile,Website Visit,Haircare,
876181,581857,09-06-2024,SESS904656,Google,Mobile,Website Visit,Colour Cosmetics,
810652,511813,28-03-2024,SESS904657,Marketplace,Desktop,Website Visit,Skincare,
876193,511813,28-03-2024,SESS904657,Marketplace,Desktop,Product View,Skincare,
810658,588907,28-08-2025,SESS904658,Instagram,Mobile,Website Visit,Haircare,473590
876194,588907,28-08-2025,SESS904658,Instagram,Mobile,Product View,Skincare,473590
843428,571932,13-03-2024,SESS904659,Referral,Mobile,Website Visit,Colour Cosmetics,
810660,571932,13-03-2024,SESS904659,Referral,Mobile,Product View,Skincare,
810663,509632,29-04-2024,SESS904660,Influencer,Mobile,Website Visit,Colour Cosmetics,
843432,509632,29-04-2024,SESS904660,Influencer,Mobile,Product View,Colour Cosmetics,
876211,598536,09-01-2024,SESS904661,Instagram,Mobile,Website Visit,Colour Cosmetics,
843445,598536,09-01-2024,SESS904661,Instagram,Mobile,Product View,Haircare,
810679,558446,29-04-2025,SESS904662,Google,Mobile,Website Visit,Colour Cosmetics,
876216,578215,29-03-2024,SESS904663,Influencer,Desktop,Website Visit,Haircare,
876219,518776,23-07-2025,SESS904664,Instagram,Desktop,Website Visit,Skincare,
876221,518776,23-07-2025,SESS904664,Instagram,Desktop,Product View,Skincare,
876223,553271,26-12-2025,SESS904665,Instagram,Mobile,Website Visit,Haircare,481455
843456,591272,17-01-2024,SESS904666,Google,Mobile,Website Visit,Skincare,492273
810690,591272,17-01-2024,SESS904666,Google,Mobile,Product View,Skincare,492273
876226,559692,16-12-2024,SESS904667,Google,Mobile,Website Visit,Skincare,
810692,514184,18-06-2024,SESS904668,Marketplace,Mobile,Website Visit,Colour Cosmetics,
810694,514184,18-06-2024,SESS904668,Marketplace,Mobile,Product View,Colour Cosmetics,
843463,505683,12-12-2025,SESS904669,Google,Desktop,Website Visit,Haircare,487438
810700,505683,12-12-2025,SESS904669,Google,Desktop,Product View,Haircare,487438
810704,570855,22-12-2024,SESS904670,Instagram,Mobile,Website Visit,Colour Cosmetics,437165
843474,570855,22-12-2024,SESS904670,Instagram,Mobile,Product View,Colour Cosmetics,437165
810710,507894,02-04-2024,SESS904671,Marketplace,Mobile,Website Visit,Colour Cosmetics,457829
876247,519536,08-02-2024,SESS904672,Influencer,Unknown,Website Visit,Colour Cosmetics,438097
810711,519536,08-02-2024,SESS904672,Influencer,Desktop,Product View,Colour Cosmetics,438097
843481,529219,12-02-2025,SESS904673,Referral,Mobile,Website Visit,Colour Cosmetics,
843485,508950,15-06-2025,SESS904674,Instagram,Desktop,Website Visit,Haircare,
876253,569942,16-10-2024,SESS904675,Influencer,Mobile,Website Visit,Colour Cosmetics,433089
876256,569942,16-10-2024,SESS904675,Influencer,Mobile,Product View,Colour Cosmetics,433089
810729,506980,25-08-2025,SESS904676,Google,Mobile,Website Visit,Colour Cosmetics,
810731,577110,03-06-2024,SESS904677,Referral,Mobile,Website Visit,Skincare,
810732,577110,03-06-2024,SESS904677,Referral,Mobile,Product View,Skincare,
843504,577110,03-06-2024,SESS904677,Referral,Mobile,Add to Cart,Skincare,
876272,560443,25-04-2025,SESS904678,Influencer,Mobile,Website Visit,Skincare,406427
810740,543369,08-02-2025,SESS904679,Organic Search,Mobile,Website Visit,Skincare,
843509,543369,08-02-2025,SESS904679,Organic Search,Mobile,Product View,Skincare,
876278,553528,28-10-2024,SESS904680,Instagram,Desktop,Website Visit,Colour Cosmetics,431540
876279,553528,28-10-2024,SESS904680,Instagram,Desktop,Product View,Colour Cosmetics,431540
876280,553528,28-10-2024,SESS904680,Instagram,Desktop,Add to Cart,Colour Cosmetics,431540
810747,510527,12-03-2024,SESS904681,Instagram,Mobile,Website Visit,Skincare,411539
810748,506428,22-12-2024,SESS904682,Instagram,Mobile,Website Visit,Haircare,
876285,506428,22-12-2024,SESS904682,Instagram,Mobile,Product View,Colour Cosmetics,
810756,581927,11-06-2025,SESS904683,Influencer,Mobile,Website Visit,Colour Cosmetics,
876292,581927,11-06-2025,SESS904683,Influencer,Mobile,Product View,Haircare,
810761,596463,08-04-2025,SESS904684,Google,Mobile,Website Visit,Haircare,403690
876298,596463,08-04-2025,SESS904684,Google,Mobile,Product View,Skincare,403690
810762,596463,08-04-2025,SESS904684,Google,Mobile,Add to Cart,Haircare,403690
876300,596463,08-04-2025,SESS904684,Google,Mobile,Checkout Started,Haircare,403690
876306,596463,08-04-2025,SESS904684,Google,Mobile,Purchase,Haircare,403690
843538,598858,11-06-2024,SESS904685,Google,Desktop,Website Visit,Skincare,433089
876309,598858,11-06-2024,SESS904685,Google,Desktop,Product View,Skincare,433089
810778,535179,02-05-2024,SESS904686,Influencer,Desktop,Website Visit,Colour Cosmetics,
810782,509071,06-05-2024,SESS904687,Marketplace,Mobile,Website Visit,Skincare,
843551,509071,06-05-2024,SESS904687,Marketplace,Mobile,Product View,Skincare,
843550,567561,01-04-2025,SESS904688,Organic Search,Mobile,Website Visit,Skincare,405867
810787,509150,17-05-2024,SESS904689,Influencer,Mobile,Website Visit,Skincare,462926
810789,509150,17-05-2024,SESS904689,Influencer,Mobile,Product View,Skincare,462926
876325,534237,10-08-2025,SESS904690,Instagram,Mobile,Website Visit,Colour Cosmetics,477009
843567,534237,10-08-2025,SESS904690,Instagram,Mobile,Product View,Colour Cosmetics,477009
876335,534237,10-08-2025,SESS904690,Instagram,Mobile,Add to Cart,Skincare,477009
876338,534237,10-08-2025,SESS904690,Instagram,Mobile,Checkout Started,Colour Cosmetics,477009
843570,534237,10-08-2025,SESS904690,Instagram,Mobile,Purchase,Skincare,477009
810803,553271,25-04-2024,SESS904691,Instagram,Mobile,Website Visit,Skincare,439826
810806,553271,25-04-2024,SESS904691,Instagram,Mobile,Product View,Skincare,439826
810807,553271,25-04-2024,SESS904691,Instagram,Mobile,Add to Cart,Skincare,439826
843577,592778,05-09-2024,SESS904692,Instagram,Mobile,Website Visit,Skincare,
843579,592778,05-09-2024,SESS904692,Instagram,Mobile,Product View,Skincare,
810814,533386,20-03-2024,SESS904693,Instagram,Mobile,Website Visit,Skincare,
843583,533386,20-03-2024,SESS904693,Instagram,Mobile,Product View,Skincare,
843585,555936,26-03-2024,SESS904694,Organic Search,Desktop,Website Visit,Skincare,
810818,555936,26-03-2024,SESS904694,Organic Search,Desktop,Product View,Skincare,
876353,555255,26-04-2024,SESS904695,Instagram,Mobile,Website Visit,Colour Cosmetics,405472
876357,555255,26-04-2024,SESS904695,Instagram,Mobile,Product View,Haircare,405472
843597,555255,26-04-2024,SESS904695,Instagram,Mobile,Add to Cart,Skincare,405472
876365,555255,26-04-2024,SESS904695,Instagram,Mobile,Checkout Started,Skincare,405472
810829,547823,26-05-2024,SESS904696,Instagram,Mobile,Website Visit,Colour Cosmetics,
810832,547823,26-05-2024,SESS904696,Instagram,Mobile,Product View,Colour Cosmetics,
810837,548331,17-04-2024,SESS904697,Google,Mobile,Website Visit,Skincare,
876376,548331,17-04-2024,SESS904697,Google,Mobile,Product View,Skincare,
876380,541104,29-06-2024,SESS904698,Google,Mobile,Website Visit,Skincare,432195
843617,541104,29-06-2024,SESS904698,Google,Mobile,Product View,Colour Cosmetics,432195
843624,541104,29-06-2024,SESS904698,Google,Mobile,Add to Cart,Skincare,432195
876395,520374,08-12-2025,SESS904699,Organic Search,Desktop,Website Visit,Skincare,426390
810861,559929,16-08-2024,SESS904700,Organic Search,Mobile,Website Visit,Colour Cosmetics,
876398,596851,01-09-2024,SESS904701,Instagram,Mobile,Website Visit,Colour Cosmetics,438612
843629,507592,03-10-2025,SESS904702,Organic Search,Mobile,Website Visit,Skincare,
843630,507592,03-10-2025,SESS904702,Organic Search,Mobile,Product View,Haircare,
843633,566317,04-06-2025,SESS904703,Referral,Mobile,Website Visit,Colour Cosmetics,453495
876402,566317,04-06-2025,SESS904703,Referral,Mobile,Product View,Colour Cosmetics,453495
843631,515866,14-10-2025,SESS904704,Organic Search,Mobile,Website Visit,Skincare,430394
810868,515866,14-10-2025,SESS904704,Organic Search,Mobile,Product View,Skincare,430394
843638,581691,26-03-2025,SESS904705,Instagram,Desktop,Website Visit,Colour Cosmetics,448515
810871,581691,26-03-2025,SESS904705,Instagram,Desktop,Product View,Skincare,448515
876407,549672,24-07-2024,SESS904706,Instagram,Desktop,Website Visit,Skincare,
843641,549695,29-05-2024,SESS904707,Organic Search,Mobile,Website Visit,Skincare,
843639,565513,15-11-2024,SESS904708,Influencer,Mobile,Website Visit,Haircare,
876410,565513,15-11-2024,SESS904708,Influencer,Mobile,Product View,Haircare,
876412,517342,28-09-2025,SESS904709,Google,Mobile,Website Visit,Haircare,
876415,505943,22-04-2025,SESS904710,Organic Search,Desktop,Website Visit,Skincare,
876416,505943,22-04-2025,SESS904710,Organic Search,Desktop,Product View,Skincare,
843649,505943,22-04-2025,SESS904710,Organic Search,Desktop,Add to Cart,Skincare,
843652,505943,22-04-2025,SESS904710,Organic Search,Desktop,Checkout Started,Skincare,
876423,520257,27-09-2024,SESS904711,Google,Mobile,Website Visit,Colour Cosmetics,
810892,520257,27-09-2024,SESS904711,Google,Mobile,Product View,Colour Cosmetics,
843663,539321,03-02-2024,SESS904712,Influencer,Mobile,Website Visit,Colour Cosmetics,403029
810897,510500,06-06-2025,SESS904713,Instagram,Mobile,Website Visit,Skincare,
843667,556387,26-07-2025,SESS904714,Instagram,Mobile,Website Visit,Colour Cosmetics,425635
876436,557366,11-03-2025,SESS904715,Instagram,Mobile,Website Visit,Skincare,
843677,561592,10-07-2025,SESS904716,Google,Desktop,Website Visit,Skincare,
876446,561592,10-07-2025,SESS904716,Google,Desktop,Product View,Skincare,
876451,561592,10-07-2025,SESS904716,Google,Desktop,Add to Cart,Skincare,
810916,559929,06-03-2024,SESS904717,Organic Search,Desktop,Website Visit,Colour Cosmetics,
843686,559929,06-03-2024,SESS904717,Organic Search,Desktop,Product View,Colour Cosmetics,
843687,559929,06-03-2024,SESS904717,Organic Search,Desktop,Add to Cart,Colour Cosmetics,
810920,559929,06-03-2024,SESS904717,Organic Search,Desktop,Checkout Started,Colour Cosmetics,
876455,559929,06-03-2024,SESS904717,Organic Search,Desktop,Purchase,Colour Cosmetics,
810927,569541,05-11-2025,SESS904718,Instagram,Mobile,Website Visit,Haircare,
876464,569541,05-11-2025,SESS904718,Instagram,Mobile,Product View,Haircare,
843695,534782,25-09-2025,SESS904719,Influencer,Desktop,Website Visit,Skincare,403719
810930,534782,25-09-2025,SESS904719,Influencer,Desktop,Product View,Skincare,403719
843702,559469,12-02-2025,SESS904720,Organic Search,Desktop,Website Visit,Colour Cosmetics,
810937,559469,12-02-2025,SESS904720,Organic Search,Desktop,Product View,Colour Cosmetics,
810939,588470,21-01-2024,SESS904721,Marketplace,Mobile,Website Visit,Colour Cosmetics,
810940,588470,21-01-2024,SESS904721,Marketplace,Mobile,Product View,Colour Cosmetics,
810944,588470,21-01-2024,SESS904721,Marketplace,Mobile,Add to Cart,Colour Cosmetics,
843719,593244,15-04-2024,SESS904722,Google,Mobile,Website Visit,Skincare,429945
810952,596289,04-12-2024,SESS904723,Marketplace,Mobile,Website Visit,Skincare,488400
843723,596289,04-12-2024,SESS904723,Marketplace,Mobile,Product View,Colour Cosmetics,488400
843727,599901,01-01-2024,SESS904724,Instagram,Mobile,Website Visit,Skincare,
810961,508285,06-05-2024,SESS904725,Instagram,Mobile,Website Visit,Colour Cosmetics,
876498,508285,06-05-2024,SESS904725,Instagram,Mobile,Product View,Colour Cosmetics,
810963,537700,08-04-2025,SESS904726,Instagram,Mobile,Website Visit,Skincare,
843731,537700,08-04-2025,SESS904726,Instagram,Mobile,Product View,Skincare,
843733,537700,08-04-2025,SESS904726,Instagram,Mobile,Add to Cart,Skincare,
810965,537700,08-04-2025,SESS904726,Instagram,Mobile,Checkout Started,Skincare,
810966,537700,08-04-2025,SESS904726,Instagram,Mobile,Purchase,Skincare,
843734,579822,09-08-2024,SESS904727,Influencer,Mobile,Website Visit,Haircare,496899
810968,579822,09-08-2024,SESS904727,Influencer,Mobile,Product View,Haircare,496899
843738,548843,30-05-2025,SESS904728,Instagram,Desktop,Website Visit,Skincare,
876507,505817,30-01-2025,SESS904729,Referral,Desktop,Website Visit,Colour Cosmetics,492044
843742,579457,05-03-2025,SESS904730,Google,Mobile,Website Visit,Colour Cosmetics,405510
843744,514029,12-06-2024,SESS904731,Google,Mobile,Website Visit,Skincare,447520
810977,514029,12-06-2024,SESS904731,Google,Mobile,Product View,Colour Cosmetics,447520
876514,503783,20-01-2024,SESS904732,Marketplace,Desktop,Website Visit,Skincare,
843749,516021,09-10-2025,SESS904733,Instagram,Mobile,Website Visit,Colour Cosmetics,480372
843750,516021,09-10-2025,SESS904733,Instagram,Mobile,Product View,Colour Cosmetics,480372
810983,548434,30-03-2024,SESS904734,Google,Mobile,Website Visit,Haircare,492044
876519,548434,30-03-2024,SESS904734,Google,Mobile,Product View,Haircare,492044
876518,535720,09-01-2025,SESS904735,Google,Mobile,Website Visit,Skincare,415565
810987,535720,09-01-2025,SESS904735,Google,Mobile,Product View,Skincare,415565
810991,595339,22-08-2025,SESS904736,Instagram,Mobile,Website Visit,Colour Cosmetics,405392
876534,595339,22-08-2025,SESS904736,Instagram,Mobile,Product View,Colour Cosmetics,405392
810999,595339,22-08-2025,SESS904736,Instagram,Mobile,Add to Cart,Colour Cosmetics,405392
876540,595339,22-08-2025,SESS904736,Instagram,Mobile,Checkout Started,Colour Cosmetics,405392
876543,589241,27-06-2025,SESS904737,Influencer,Desktop,Website Visit,Skincare,405472
811007,589241,27-06-2025,SESS904737,Influencer,Desktop,Product View,Skincare,405472
843780,589241,27-06-2025,SESS904737,Influencer,Desktop,Add to Cart,Skincare,405472
811015,589241,27-06-2025,SESS904737,Influencer,Desktop,Checkout Started,Skincare,405472
843788,589241,27-06-2025,SESS904737,Influencer,Desktop,Purchase,Skincare,405472
876560,551374,10-05-2024,SESS904738,Referral,Desktop,Website Visit,Skincare,453161
843793,551374,10-05-2024,SESS904738,Referral,Desktop,Product View,Skincare,453161
811032,592708,07-07-2025,SESS904739,Google,Mobile,Website Visit,Skincare,485381
843802,585394,24-02-2024,SESS904740,Instagram,Mobile,Website Visit,Skincare,
876571,585394,24-02-2024,SESS904740,Instagram,Mobile,Product View,Colour Cosmetics,
876574,561953,07-02-2024,SESS904741,Offline Store,Desktop,Website Visit,Haircare,496905
843807,561953,07-02-2024,SESS904741,Offline Store,Desktop,Product View,Haircare,496905
811040,528255,21-09-2024,SESS904742,Influencer,Mobile,Website Visit,Skincare,
843809,528255,21-09-2024,SESS904742,Influencer,Mobile,Product View,Skincare,
811044,521465,18-12-2024,SESS904743,Google,Mobile,Website Visit,Skincare,
811054,521465,18-12-2024,SESS904743,Google,Mobile,Product View,Skincare,
843831,521465,18-12-2024,SESS904743,Google,Mobile,Add to Cart,Colour Cosmetics,
876600,521465,18-12-2024,SESS904743,Google,Mobile,Checkout Started,Skincare,
843832,521465,18-12-2024,SESS904743,Google,Mobile,Purchase,Skincare,
811068,570010,01-02-2025,SESS904744,Organic Search,Mobile,Website Visit,Colour Cosmetics,
876607,570010,01-02-2025,SESS904744,Organic Search,Mobile,Product View,Colour Cosmetics,
876608,570010,01-02-2025,SESS904744,Organic Search,Mobile,Add to Cart,Colour Cosmetics,
811072,597978,20-03-2024,SESS904745,Instagram,Mobile,Website Visit,Colour Cosmetics,437165
843847,557240,20-04-2024,SESS904746,Instagram,Mobile,Website Visit,Skincare,
811085,557240,20-04-2024,SESS904746,Instagram,Mobile,Product View,Skincare,
811087,557240,20-04-2024,SESS904746,Instagram,Mobile,Add to Cart,Skincare,
843857,584278,24-12-2024,SESS904747,Organic Search,Tablet,Website Visit,Skincare,
811092,579069,05-07-2025,SESS904748,Instagram,Desktop,Website Visit,Colour Cosmetics,473870
843864,579069,05-07-2025,SESS904748,Instagram,Desktop,Product View,Colour Cosmetics,473870
876633,592260,26-12-2025,SESS904749,Instagram,Mobile,Website Visit,Skincare,
843866,512899,06-02-2024,SESS904750,Influencer,Mobile,Website Visit,Skincare,
843873,590422,18-03-2024,SESS904751,Influencer,Mobile,Website Visit,Colour Cosmetics,
876644,590422,18-03-2024,SESS904751,Influencer,Mobile,Product View,Skincare,
843879,590422,18-03-2024,SESS904751,Influencer,Mobile,Add to Cart,Haircare,
876653,590422,18-03-2024,SESS904751,Influencer,Mobile,Checkout Started,Skincare,
811119,575952,28-03-2025,SESS904752,Influencer,Mobile,Website Visit,Haircare,463122
843889,575952,28-03-2025,SESS904752,Influencer,Mobile,Product View,Haircare,463122
811122,540953,30-09-2024,SESS904753,Google,Mobile,Website Visit,Haircare,
811123,540953,30-09-2024,SESS904753,Google,Mobile,Product View,Haircare,
843896,557424,06-05-2025,SESS904754,Google,Desktop,Website Visit,Skincare,427621
876664,557424,06-05-2025,SESS904754,Google,Desktop,Product View,Skincare,427621
811133,515814,22-10-2025,SESS904755,Organic Search,Mobile,Website Visit,Skincare,
843902,540538,10-10-2025,SESS904756,Google,Mobile,Website Visit,Skincare,439826
843904,540538,10-10-2025,SESS904756,Google,Mobile,Product View,Skincare,439826
843906,540538,10-10-2025,SESS904756,Google,Mobile,Add to Cart,Skincare,439826
843907,540538,10-10-2025,SESS904756,Google,Mobile,Checkout Started,Skincare,439826
876678,540538,10-10-2025,SESS904756,Google,Mobile,Purchase,Skincare,439826
843910,586870,26-08-2024,SESS904757,Marketplace,Desktop,Website Visit,Colour Cosmetics,450092
876680,586870,26-08-2024,SESS904757,Marketplace,Desktop,Product View,Colour Cosmetics,450092
843916,586870,26-08-2024,SESS904757,Marketplace,Desktop,Add to Cart,Colour Cosmetics,450092
811151,508834,24-02-2024,SESS904758,Instagram,Desktop,Website Visit,Skincare,431861
811152,544942,04-12-2025,SESS904759,Referral,Mobile,Website Visit,Skincare,446351
811153,544942,04-12-2025,SESS904759,Referral,Mobile,Product View,Skincare,446351
876694,552565,03-02-2025,SESS904760,Google,Mobile,Website Visit,Skincare,405867
876695,552565,03-02-2025,SESS904760,Google,Mobile,Product View,Colour Cosmetics,405867
843928,552565,03-02-2025,SESS904760,Google,Mobile,Add to Cart,Skincare,405867
843929,552565,03-02-2025,SESS904760,Google,Mobile,Checkout Started,Skincare,405867
876698,552565,03-02-2025,SESS904760,Google,Mobile,Purchase,Skincare,405867
843931,550968,05-12-2025,SESS904761,Organic Search,Mobile,Website Visit,Skincare,471307
876702,587580,27-01-2024,SESS904762,Google,Mobile,Website Visit,Haircare,426724
843936,515726,10-06-2025,SESS904763,Offline Store,Mobile,Website Visit,Skincare,
811172,503783,18-03-2024,SESS904764,Marketplace,Mobile,Website Visit,Skincare,
811173,547419,29-12-2025,SESS904765,Referral,Mobile,Website Visit,Skincare,
811175,566648,15-01-2024,SESS904766,Instagram,Desktop,Website Visit,Skincare,
843944,566648,15-01-2024,SESS904766,Instagram,Desktop,Product View,Skincare,
811180,566648,15-01-2024,SESS904766,Instagram,Desktop,Add to Cart,Skincare,
811182,566648,15-01-2024,SESS904766,Instagram,Desktop,Checkout Started,Skincare,
843952,516932,15-12-2025,SESS904767,Instagram,Mobile,Website Visit,Haircare,442004
811191,516932,15-12-2025,SESS904767,Instagram,Mobile,Product View,Haircare,442004
811192,527535,09-10-2025,SESS904768,Referral,Mobile,Website Visit,Skincare,405472
876729,562296,29-12-2025,SESS904769,Organic Search,Desktop,Website Visit,Skincare,
876730,562296,29-12-2025,SESS904769,Organic Search,Desktop,Product View,Skincare,
843963,566462,19-08-2024,SESS904770,Google,Mobile,Website Visit,Colour Cosmetics,464028
876732,566462,19-08-2024,SESS904770,Google,Mobile,Product View,Colour Cosmetics,464028
811193,547526,13-06-2025,SESS904771,Marketplace,Unknown,Website Visit,Skincare,
876731,547526,13-06-2025,SESS904771,Marketplace,Desktop,Product View,Skincare,
811199,547526,13-06-2025,SESS904771,Marketplace,Desktop,Add to Cart,Skincare,
843970,532527,10-01-2024,SESS904772,Marketplace,Mobile,Website Visit,Haircare,
876741,532527,10-01-2024,SESS904772,Marketplace,Mobile,Product View,Skincare,
876746,532527,10-01-2024,SESS904772,Marketplace,Mobile,Add to Cart,Skincare,
843983,532527,10-01-2024,SESS904772,Marketplace,Mobile,Checkout Started,Skincare,
876753,532527,10-01-2024,SESS904772,Marketplace,Mobile,Purchase,Skincare,
876768,575914,17-06-2024,SESS904773,Instagram,Desktop,Website Visit,Colour Cosmetics,432195
876774,575914,17-06-2024,SESS904773,Instagram,Desktop,Product View,Haircare,432195
844006,575914,17-06-2024,SESS904773,Instagram,Desktop,Add to Cart,Colour Cosmetics,432195
811240,592591,10-02-2024,SESS904774,Instagram,Desktop,Website Visit,Skincare,447520
844007,592591,10-02-2024,SESS904774,Instagram,Desktop,Product View,Skincare,447520
844010,554548,14-03-2024,SESS904775,Marketplace,Mobile,Website Visit,Skincare,
844013,554548,14-03-2024,SESS904775,Marketplace,Mobile,Product View,Colour Cosmetics,
811245,588907,07-06-2024,SESS904776,Instagram,Tablet,Website Visit,Skincare,415565
844014,588907,07-06-2024,SESS904776,Instagram,Tablet,Product View,Skincare,415565
876783,588907,07-06-2024,SESS904776,Instagram,Tablet,Add to Cart,Colour Cosmetics,415565
811257,507685,18-04-2024,SESS904777,Instagram,Mobile,Website Visit,Skincare,
844026,594861,24-11-2024,SESS904778,Google,Desktop,Website Visit,Haircare,408678
811258,594861,24-11-2024,SESS904778,Google,Desktop,Product View,Haircare,408678
876796,545015,02-04-2024,SESS904779,Instagram,Desktop,Website Visit,Colour Cosmetics,
844027,522810,06-07-2024,SESS904780,Referral,Desktop,Website Visit,Colour Cosmetics,403658
844035,528906,02-01-2025,SESS904781,Instagram,Mobile,Website Visit,Colour Cosmetics,
844037,528906,02-01-2025,SESS904781,Instagram,Mobile,Product View,Haircare,
811275,573975,29-09-2024,SESS904782,Google,Unknown,Website Visit,Colour Cosmetics,422227
844046,580422,31-03-2025,SESS904783,Instagram,Desktop,Website Visit,Colour Cosmetics,422227
876814,580422,31-03-2025,SESS904783,Instagram,Desktop,Product View,Colour Cosmetics,422227
844050,549857,31-08-2025,SESS904784,Referral,Mobile,Website Visit,Skincare,
844051,549857,31-08-2025,SESS904784,Referral,Mobile,Product View,Skincare,
844056,576064,01-12-2024,SESS904785,Instagram,Desktop,Website Visit,Skincare,410081
844064,533550,03-07-2024,SESS904786,Instagram,Mobile,Website Visit,Colour Cosmetics,438612
811297,533550,03-07-2024,SESS904786,Instagram,Mobile,Product View,Colour Cosmetics,438612
844066,533550,03-07-2024,SESS904786,Instagram,Mobile,Add to Cart,Colour Cosmetics,438612
844068,533550,03-07-2024,SESS904786,Instagram,Mobile,Checkout Started,Haircare,438612
876837,533550,03-07-2024,SESS904786,Instagram,Mobile,Purchase,Colour Cosmetics,438612
844073,555028,03-04-2025,SESS904787,Google,Mobile,Website Visit,Colour Cosmetics,415402
844074,564569,12-06-2025,SESS904788,Google,Mobile,Website Visit,Skincare,
811309,563736,15-03-2025,SESS904789,Instagram,Mobile,Website Visit,Skincare,429945
876846,563736,15-03-2025,SESS904789,Instagram,Mobile,Product View,Colour Cosmetics,429945
811312,569352,24-11-2024,SESS904790,Instagram,Desktop,Website Visit,Haircare,
844082,569352,24-11-2024,SESS904790,Instagram,Desktop,Product View,Haircare,
811315,558838,01-10-2025,SESS904791,Influencer,Mobile,Website Visit,Colour Cosmetics,
844085,504877,11-01-2025,SESS904792,Referral,Mobile,Website Visit,Skincare,481455
811323,504877,11-01-2025,SESS904792,Referral,Mobile,Product View,Colour Cosmetics,481455
811326,536512,26-07-2024,SESS904793,Influencer,Mobile,Website Visit,Skincare,
876863,586563,18-06-2024,SESS904794,Influencer,Mobile,Website Visit,Skincare,492044
811328,586563,18-06-2024,SESS904794,Influencer,Mobile,Product View,Skincare,492044
876865,507456,02-05-2024,SESS904795,Organic Search,Mobile,Website Visit,Colour Cosmetics,490211
811333,547537,12-07-2024,SESS904796,Instagram,Mobile,Website Visit,Skincare,
811335,536265,09-08-2025,SESS904797,Marketplace,Mobile,Website Visit,Skincare,
811338,566840,18-06-2025,SESS904798,Organic Search,Mobile,Website Visit,Colour Cosmetics,430634
811343,586846,06-08-2025,SESS904799,Organic Search,Mobile,Website Visit,Skincare,
811344,586846,06-08-2025,SESS904799,Organic Search,Mobile,Product View,Skincare,
844113,561524,25-07-2024,SESS904800,Referral,Desktop,Website Visit,Skincare,464819
876881,508109,04-05-2024,SESS904801,Instagram,Mobile,Website Visit,Colour Cosmetics,
844118,537243,28-05-2025,SESS904802,Google,Mobile,Website Visit,Skincare,
811351,566132,05-10-2024,SESS904803,Google,Desktop,Website Visit,Skincare,
876887,566132,05-10-2024,SESS904803,Google,Desktop,Product View,Haircare,
811356,537388,15-06-2024,SESS904804,Influencer,Mobile,Website Visit,Colour Cosmetics,
811357,537388,15-06-2024,SESS904804,Influencer,Mobile,Product View,Colour Cosmetics,
811358,556244,24-04-2025,SESS904805,Organic Search,Mobile,Website Visit,Skincare,
844127,511970,14-11-2025,SESS904806,Marketplace,Desktop,Website Visit,Haircare,426192
844124,511970,14-11-2025,SESS904806,Marketplace,Desktop,Product View,Haircare,426192
844125,536160,29-02-2024,SESS904807,Instagram,Desktop,Website Visit,Colour Cosmetics,
811364,536160,29-02-2024,SESS904807,Instagram,Desktop,Product View,Colour Cosmetics,
876901,536160,29-02-2024,SESS904807,Instagram,Desktop,Add to Cart,Colour Cosmetics,
844136,536160,29-02-2024,SESS904807,Instagram,Desktop,Checkout Started,Colour Cosmetics,
876906,570807,02-10-2025,SESS904808,Instagram,Mobile,Website Visit,Haircare,446648
844141,570807,02-10-2025,SESS904808,Instagram,Mobile,Product View,Skincare,446648
811374,564686,30-08-2024,SESS904809,Google,Mobile,Website Visit,Skincare,474998
876910,564686,30-08-2024,SESS904809,Google,Mobile,Product View,Skincare,474998
844149,564686,30-08-2024,SESS904809,Google,Mobile,Add to Cart,Skincare,474998
876917,564686,30-08-2024,SESS904809,Google,Mobile,Checkout Started,Skincare,474998
844151,564686,30-08-2024,SESS904809,Google,Mobile,Purchase,Skincare,474998
876921,537346,27-01-2024,SESS904810,Google,Mobile,Website Visit,Colour Cosmetics,405392
844155,537346,27-01-2024,SESS904810,Google,Mobile,Product View,Colour Cosmetics,405392
811389,544020,12-12-2024,SESS904811,Google,Tablet,Website Visit,Skincare,
844158,544020,12-12-2024,SESS904811,Google,Tablet,Product View,Haircare,
811391,544020,12-12-2024,SESS904811,Google,Tablet,Add to Cart,Skincare,
876928,544020,12-12-2024,SESS904811,Google,Tablet,Checkout Started,Skincare,
844161,547049,26-02-2025,SESS904812,Influencer,Desktop,Website Visit,Skincare,
876929,547049,26-02-2025,SESS904812,Influencer,Desktop,Product View,Skincare,
811397,547049,26-02-2025,SESS904812,Influencer,Desktop,Add to Cart,Skincare,
844170,594919,17-05-2025,SESS904813,Google,Mobile,Website Visit,Colour Cosmetics,
876940,560552,10-02-2025,SESS904814,Instagram,Desktop,Website Visit,Colour Cosmetics,412905
844182,560552,10-02-2025,SESS904814,Instagram,Desktop,Product View,Colour Cosmetics,412905
876950,560552,10-02-2025,SESS904814,Instagram,Desktop,Add to Cart,Colour Cosmetics,412905
811418,560552,10-02-2025,SESS904814,Instagram,Desktop,Checkout Started,Colour Cosmetics,412905
811419,560552,10-02-2025,SESS904814,Instagram,Desktop,Purchase,Haircare,412905
811420,532092,24-02-2024,SESS904815,Google,Mobile,Website Visit,Colour Cosmetics,
811423,514530,15-10-2025,SESS904816,Organic Search,Mobile,Website Visit,Colour Cosmetics,427155
876964,514530,15-10-2025,SESS904816,Organic Search,Mobile,Product View,Colour Cosmetics,427155
811431,514530,15-10-2025,SESS904816,Organic Search,Mobile,Add to Cart,Colour Cosmetics,427155
876969,514530,15-10-2025,SESS904816,Organic Search,Mobile,Checkout Started,Colour Cosmetics,427155
811433,514530,15-10-2025,SESS904816,Organic Search,Mobile,Purchase,Colour Cosmetics,427155
876972,520308,04-01-2025,SESS904817,Google,Mobile,Website Visit,Haircare,
811438,539829,10-02-2024,SESS904818,Offline Store,Desktop,Website Visit,Skincare,437165
844208,539829,10-02-2024,SESS904818,Offline Store,Desktop,Product View,Skincare,437165
844210,590023,06-08-2025,SESS904819,Organic Search,Mobile,Website Visit,Colour Cosmetics,492273
844211,590023,06-08-2025,SESS904819,Organic Search,Mobile,Product View,Colour Cosmetics,492273
876978,590023,06-08-2025,SESS904819,Organic Search,Mobile,Add to Cart,Haircare,492273
811445,590023,06-08-2025,SESS904819,Organic Search,Mobile,Checkout Started,Colour Cosmetics,492273
844216,590023,06-08-2025,SESS904819,Organic Search,Mobile,Purchase,Skincare,492273
876992,595817,17-11-2024,SESS904820,Google,Mobile,Website Visit,Haircare,
811456,595817,17-11-2024,SESS904820,Google,Mobile,Product View,Haircare,
844226,541224,22-12-2025,SESS904821,Organic Search,Mobile,Website Visit,Colour Cosmetics,433648
844228,541224,22-12-2025,SESS904821,Organic Search,Mobile,Product View,Colour Cosmetics,433648
844231,515726,09-11-2025,SESS904822,Offline Store,Mobile,Website Visit,Skincare,427155
877000,515726,09-11-2025,SESS904822,Offline Store,Mobile,Product View,Skincare,427155
876999,509876,01-04-2025,SESS904823,Marketplace,Mobile,Website Visit,Haircare,473590
877002,582991,05-10-2025,SESS904824,Instagram,Tablet,Website Visit,Skincare,
877009,582991,05-10-2025,SESS904824,Instagram,Tablet,Product View,Colour Cosmetics,
811475,536002,20-07-2024,SESS904825,Organic Search,Mobile,Website Visit,Skincare,491749
844244,536002,20-07-2024,SESS904825,Organic Search,Mobile,Product View,Skincare,491749
844249,536002,20-07-2024,SESS904825,Organic Search,Mobile,Add to Cart,Haircare,491749
877018,536002,20-07-2024,SESS904825,Organic Search,Mobile,Checkout Started,Colour Cosmetics,491749
844250,536002,20-07-2024,SESS904825,Organic Search,Mobile,Purchase,Haircare,491749
877020,531252,29-10-2024,SESS904826,Organic Search,Mobile,Website Visit,Haircare,415511
811483,578282,20-09-2024,SESS904827,Google,Tablet,Website Visit,Colour Cosmetics,445539
811486,507861,25-08-2025,SESS904828,Offline Store,Mobile,Website Visit,Skincare,418813
811487,507861,25-08-2025,SESS904828,Offline Store,Mobile,Product View,Skincare,418813
844251,507861,25-08-2025,SESS904828,Offline Store,Mobile,Add to Cart,Skincare,418813
877025,507861,25-08-2025,SESS904828,Offline Store,Mobile,Checkout Started,Skincare,418813
811490,507861,25-08-2025,SESS904828,Offline Store,Mobile,Purchase,Skincare,418813
811492,558079,22-10-2024,SESS904829,Organic Search,Desktop,Website Visit,Skincare,492044
844262,573385,21-11-2025,SESS904830,Instagram,Mobile,Website Visit,Skincare,
811497,599125,20-04-2024,SESS904831,Organic Search,Mobile,Website Visit,Skincare,
811498,563372,08-06-2024,SESS904832,Organic Search,Mobile,Website Visit,Colour Cosmetics,
811502,563372,08-06-2024,SESS904832,Organic Search,Mobile,Product View,Colour Cosmetics,
811508,536160,11-12-2025,SESS904833,Instagram,Desktop,Website Visit,Colour Cosmetics,473151
844280,536160,11-12-2025,SESS904833,Instagram,Desktop,Product View,Colour Cosmetics,473151
844282,567715,28-02-2025,SESS904834,Influencer,Mobile,Website Visit,Skincare,425635
844286,567715,28-02-2025,SESS904834,Influencer,Mobile,Product View,Haircare,425635
877055,509120,10-09-2025,SESS904835,Offline Store,Desktop,Website Visit,Skincare,
811525,585990,13-02-2024,SESS904836,Marketplace,Mobile,Website Visit,Haircare,
844293,584343,28-02-2025,SESS904837,Referral,Mobile,Website Visit,Colour Cosmetics,
811528,584343,28-02-2025,SESS904837,Referral,Mobile,Product View,Colour Cosmetics,
844298,584343,28-02-2025,SESS904837,Referral,Mobile,Add to Cart,Colour Cosmetics,
811533,500800,17-04-2024,SESS904838,Instagram,Mobile,Website Visit,Colour Cosmetics,
844302,500800,17-04-2024,SESS904838,Instagram,Mobile,Product View,Colour Cosmetics,
811536,563736,11-05-2024,SESS904839,Instagram,Mobile,Website Visit,Skincare,
877073,563736,11-05-2024,SESS904839,Instagram,Mobile,Product View,Skincare,
877075,549925,23-09-2024,SESS904840,Organic Search,Mobile,Website Visit,Haircare,498427
877077,549925,23-09-2024,SESS904840,Organic Search,Mobile,Product View,Haircare,498427
844315,549925,23-09-2024,SESS904840,Organic Search,Mobile,Add to Cart,Haircare,498427
811549,514621,06-09-2025,SESS904841,Organic Search,Mobile,Website Visit,Colour Cosmetics,
811553,514621,06-09-2025,SESS904841,Organic Search,Mobile,Product View,Colour Cosmetics,
811557,578148,20-08-2024,SESS904842,Google,Mobile,Website Visit,Haircare,483171
811559,578148,20-08-2024,SESS904842,Google,Mobile,Product View,Haircare,483171
877100,578148,20-08-2024,SESS904842,Google,Mobile,Add to Cart,Haircare,483171
844335,578148,20-08-2024,SESS904842,Google,Mobile,Checkout Started,Haircare,483171
811573,578148,20-08-2024,SESS904842,Google,Mobile,Purchase,Haircare,483171
844345,514168,03-11-2024,SESS904843,Instagram,Mobile,Website Visit,Colour Cosmetics,483171
811578,514168,03-11-2024,SESS904843,Instagram,Mobile,Product View,Colour Cosmetics,483171
811580,514168,03-11-2024,SESS904843,Instagram,Mobile,Add to Cart,Colour Cosmetics,483171
844355,527801,06-02-2024,SESS904844,Instagram,Mobile,Website Visit,Colour Cosmetics,495209
877125,564923,17-10-2025,SESS904845,Marketplace,Tablet,Website Visit,Colour Cosmetics,492044
844359,564923,17-10-2025,SESS904845,Marketplace,Tablet,Product View,Colour Cosmetics,492044
811594,564923,17-10-2025,SESS904845,Marketplace,Tablet,Add to Cart,Colour Cosmetics,492044
844363,564923,17-10-2025,SESS904845,Marketplace,Tablet,Checkout Started,Colour Cosmetics,492044
811600,564923,17-10-2025,SESS904845,Marketplace,Tablet,Purchase,Colour Cosmetics,492044
844373,526685,03-04-2024,SESS904846,Instagram,Mobile,Website Visit,Skincare,
844376,526685,03-04-2024,SESS904846,Instagram,Mobile,Product View,Skincare,
844382,566263,04-06-2024,SESS904847,Instagram,Mobile,Website Visit,Skincare,
811616,566263,04-06-2024,SESS904847,Instagram,Mobile,Product View,Skincare,
877162,573975,15-05-2025,SESS904848,Google,Mobile,Website Visit,Skincare,
844396,573975,15-05-2025,SESS904848,Google,Mobile,Product View,Skincare,
811628,564942,05-01-2024,SESS904849,Offline Store,Mobile,Website Visit,Skincare,442004
844398,564942,05-01-2024,SESS904849,Offline Store,Mobile,Product View,Skincare,442004
811631,564942,05-01-2024,SESS904849,Offline Store,Mobile,Add to Cart,Skincare,442004
877168,564942,05-01-2024,SESS904849,Offline Store,Mobile,Checkout Started,Skincare,442004
844402,564942,05-01-2024,SESS904849,Offline Store,Mobile,Purchase,Skincare,442004
877171,534237,06-09-2024,SESS904850,Instagram,Mobile,Website Visit,Colour Cosmetics,
877173,534237,06-09-2024,SESS904850,Instagram,Mobile,Product View,Colour Cosmetics,
877174,542176,27-10-2024,SESS904851,Marketplace,Mobile,Website Visit,Haircare,408197
877175,542176,27-10-2024,SESS904851,Marketplace,Mobile,Product View,Colour Cosmetics,408197
844408,542176,27-10-2024,SESS904851,Marketplace,Mobile,Add to Cart,Colour Cosmetics,408197
844410,551879,11-04-2024,SESS904852,Influencer,Mobile,Website Visit,Colour Cosmetics,
877180,551879,11-04-2024,SESS904852,Influencer,Mobile,Product View,Skincare,
844412,526680,22-04-2025,SESS904853,Instagram,Mobile,Website Visit,Colour Cosmetics,481455
811651,526680,22-04-2025,SESS904853,Instagram,Mobile,Product View,Haircare,481455
877187,594329,02-09-2025,SESS904854,Instagram,Mobile,Website Visit,Skincare,454313
877189,594329,02-09-2025,SESS904854,Instagram,Mobile,Product View,Skincare,454313
811652,559692,31-08-2025,SESS904855,Google,Mobile,Website Visit,Skincare,479647
844422,559692,31-08-2025,SESS904855,Google,Mobile,Product View,Skincare,479647
811656,559692,31-08-2025,SESS904855,Google,Mobile,Add to Cart,Skincare,479647
811658,559692,31-08-2025,SESS904855,Google,Mobile,Checkout Started,Skincare,479647
811661,507592,04-03-2024,SESS904856,Organic Search,Mobile,Website Visit,Haircare,481026
811664,507592,04-03-2024,SESS904856,Organic Search,Mobile,Product View,Haircare,481026
811667,507592,04-03-2024,SESS904856,Organic Search,Mobile,Add to Cart,Haircare,481026
844442,507592,04-03-2024,SESS904856,Organic Search,Mobile,Checkout Started,Haircare,481026
877214,507592,04-03-2024,SESS904856,Organic Search,Mobile,Purchase,Haircare,481026
811684,506258,22-08-2025,SESS904857,Influencer,Mobile,Website Visit,Skincare,
844452,579482,25-09-2024,SESS904858,Google,Desktop,Website Visit,Skincare,
811686,579482,25-09-2024,SESS904858,Google,Desktop,Product View,Skincare,
844455,579482,25-09-2024,SESS904858,Google,Desktop,Add to Cart,Haircare,
877230,579482,25-09-2024,SESS904858,Google,Desktop,Checkout Started,Skincare,
811699,579482,25-09-2024,SESS904858,Google,Desktop,Purchase,Skincare,
811702,534179,09-11-2024,SESS904859,Organic Search,Mobile,Website Visit,Skincare,467288
811703,534179,09-11-2024,SESS904859,Organic Search,Mobile,Product View,Colour Cosmetics,467288
844471,587900,28-01-2025,SESS904860,Instagram,Mobile,Website Visit,Colour Cosmetics,
844486,587900,28-01-2025,SESS904860,Instagram,Mobile,Product View,Colour Cosmetics,
877258,522280,13-11-2025,SESS904861,Instagram,Desktop,Website Visit,Skincare,
844494,522280,13-11-2025,SESS904861,Instagram,Desktop,Product View,Skincare,
844496,515118,07-12-2024,SESS904862,Offline Store,Desktop,Website Visit,Skincare,
844498,515118,07-12-2024,SESS904862,Offline Store,Desktop,Product View,Skincare,
844499,515118,07-12-2024,SESS904862,Offline Store,Desktop,Add to Cart,Haircare,
877267,515118,07-12-2024,SESS904862,Offline Store,Desktop,Checkout Started,Skincare,
877278,515118,07-12-2024,SESS904862,Offline Store,Desktop,Purchase,Colour Cosmetics,
877280,535018,18-07-2024,SESS904863,Marketplace,Mobile,Website Visit,Skincare,493341
877281,535018,18-07-2024,SESS904863,Marketplace,Mobile,Product View,Skincare,493341
844515,534362,08-01-2025,SESS904864,Google,Mobile,Website Visit,Colour Cosmetics,438398
811748,595236,25-11-2025,SESS904865,Google,Mobile,Website Visit,Haircare,405472
877287,533972,04-08-2024,SESS904866,Google,Mobile,Website Visit,Skincare,
844522,533972,04-08-2024,SESS904866,Google,Mobile,Product View,Colour Cosmetics,
877291,536666,31-03-2024,SESS904867,Instagram,Mobile,Website Visit,Skincare,
844525,536666,31-03-2024,SESS904867,Instagram,Mobile,Product View,Skincare,
877293,536666,31-03-2024,SESS904867,Instagram,Mobile,Add to Cart,Haircare,
811759,599693,18-11-2025,SESS904868,Organic Search,Mobile,Website Visit,Skincare,
844528,599693,18-11-2025,SESS904868,Organic Search,Mobile,Product View,Skincare,
877294,564454,09-09-2025,SESS904869,Influencer,Desktop,Website Visit,Colour Cosmetics,
811763,564454,09-09-2025,SESS904869,Influencer,Desktop,Product View,Colour Cosmetics,
844533,511003,12-09-2025,SESS904870,Instagram,Desktop,Website Visit,Colour Cosmetics,439826
877302,511003,12-09-2025,SESS904870,Instagram,Desktop,Product View,Colour Cosmetics,439826
844537,595339,04-10-2024,SESS904871,Instagram,Desktop,Website Visit,Colour Cosmetics,480372
811772,595339,04-10-2024,SESS904871,Instagram,Desktop,Product View,Colour Cosmetics,480372
877309,595339,04-10-2024,SESS904871,Instagram,Desktop,Add to Cart,Colour Cosmetics,480372
844547,595339,04-10-2024,SESS904871,Instagram,Desktop,Checkout Started,Colour Cosmetics,480372
811780,595339,04-10-2024,SESS904871,Instagram,Desktop,Purchase,Colour Cosmetics,480372
811783,505273,05-09-2025,SESS904872,Influencer,Mobile,Website Visit,Colour Cosmetics,426724
844553,505273,05-09-2025,SESS904872,Influencer,Mobile,Product View,Colour Cosmetics,426724
877322,578047,13-07-2025,SESS904873,Instagram,Desktop,Website Visit,Colour Cosmetics,427604
811799,578047,13-07-2025,SESS904873,Instagram,Desktop,Product View,Skincare,427604
811801,578047,13-07-2025,SESS904873,Instagram,Desktop,Add to Cart,Colour Cosmetics,427604
811804,586275,23-06-2025,SESS904874,Organic Search,Mobile,Website Visit,Skincare,457829
877342,586275,23-06-2025,SESS904874,Organic Search,Mobile,Product View,Skincare,457829
844576,536002,18-01-2025,SESS904875,Organic Search,Desktop,Website Visit,Skincare,
811809,572420,29-11-2025,SESS904876,Organic Search,Mobile,Website Visit,Haircare,445210
844580,587442,17-10-2025,SESS904877,Organic Search,Mobile,Website Visit,Colour Cosmetics,
877354,503761,17-10-2024,SESS904878,Instagram,Mobile,Website Visit,Skincare,406427
811819,542840,25-02-2024,SESS904879,Google,Desktop,Website Visit,Colour Cosmetics,406427
811826,559600,26-08-2025,SESS904880,Referral,Tablet,Website Visit,Colour Cosmetics,438398
877365,559600,26-08-2025,SESS904880,Referral,Tablet,Product View,Colour Cosmetics,438398
844599,500053,18-06-2024,SESS904881,Google,Mobile,Website Visit,Skincare,
811832,597594,29-08-2024,SESS904882,Instagram,Mobile,Website Visit,Haircare,437119
877376,550205,30-03-2024,SESS904883,Google,Mobile,Website Visit,Skincare,483171
844614,599613,15-08-2024,SESS904884,Instagram,Mobile,Website Visit,Colour Cosmetics,481006
811848,547301,25-01-2025,SESS904885,Offline Store,Mobile,Website Visit,Colour Cosmetics,415565
844617,576955,13-04-2024,SESS904886,Google,Desktop,Website Visit,Skincare,
844618,540687,16-10-2024,SESS904887,Influencer,Desktop,Website Visit,Haircare,
877389,584896,04-10-2025,SESS904888,Google,Mobile,Website Visit,Skincare,463122
844622,584896,04-10-2025,SESS904888,Google,Mobile,Product View,Skincare,463122
877390,551049,02-02-2024,SESS904889,Organic Search,Mobile,Website Visit,Skincare,471327
877393,551049,02-02-2024,SESS904889,Organic Search,Mobile,Product View,Skincare,471327
844628,551049,02-02-2024,SESS904889,Organic Search,Mobile,Add to Cart,Haircare,471327
844632,551049,02-02-2024,SESS904889,Organic Search,Mobile,Checkout Started,Colour Cosmetics,471327
844634,555519,15-11-2025,SESS904890,Marketplace,Mobile,Website Visit,Skincare,
877404,594646,03-02-2025,SESS904891,Instagram,Mobile,Website Visit,Skincare,426724
844639,594646,03-02-2025,SESS904891,Instagram,Mobile,Product View,Skincare,426724
877409,599663,17-10-2024,SESS904892,Instagram,Mobile,Website Visit,Skincare,435644
877410,587177,23-04-2025,SESS904893,Marketplace,Desktop,Website Visit,Skincare,
877414,515058,30-09-2025,SESS904894,Instagram,Mobile,Website Visit,Haircare,483171
811881,583695,06-04-2024,SESS904895,Organic Search,Mobile,Website Visit,Colour Cosmetics,
844650,583695,06-04-2024,SESS904895,Organic Search,Mobile,Product View,Colour Cosmetics,
811889,570697,07-01-2024,SESS904896,Google,Mobile,Website Visit,Skincare,434464
877428,570697,07-01-2024,SESS904896,Google,Mobile,Product View,Haircare,434464
844660,570697,07-01-2024,SESS904896,Google,Mobile,Add to Cart,Skincare,434464
877430,570697,07-01-2024,SESS904896,Google,Mobile,Checkout Started,Haircare,434464
811895,507026,07-02-2024,SESS904897,Instagram,Mobile,Website Visit,Skincare,497049
844667,507026,07-02-2024,SESS904897,Instagram,Mobile,Product View,Skincare,497049
811902,520028,09-08-2024,SESS904898,Influencer,Desktop,Website Visit,Skincare,419863
844678,520028,09-08-2024,SESS904898,Influencer,Desktop,Product View,Haircare,419863
877448,589016,03-04-2025,SESS904899,Instagram,Mobile,Website Visit,Skincare,458427
844687,518131,07-07-2024,SESS904900,Instagram,Mobile,Website Visit,Colour Cosmetics,
844697,558756,07-12-2024,SESS904901,Organic Search,Tablet,Website Visit,Skincare,474182
811933,558756,07-12-2024,SESS904901,Organic Search,Tablet,Product View,Skincare,474182
877471,558756,07-12-2024,SESS904901,Organic Search,Tablet,Add to Cart,Skincare,474182
811937,505726,02-12-2025,SESS904902,Google,Mobile,Website Visit,Skincare,
844711,569588,15-01-2025,SESS904903,Google,Mobile,Website Visit,Colour Cosmetics,405867
811944,557779,11-12-2024,SESS904904,Marketplace,Desktop,Website Visit,Skincare,418239
811951,564451,11-06-2024,SESS904905,Offline Store,Tablet,Website Visit,Haircare,430394
811953,554287,14-08-2024,SESS904906,Instagram,Mobile,Website Visit,Haircare,
877492,582155,21-04-2025,SESS904907,Influencer,Mobile,Website Visit,Colour Cosmetics,473590
844725,514168,18-06-2024,SESS904908,Instagram,Mobile,Website Visit,Colour Cosmetics,
844726,514168,18-06-2024,SESS904908,Instagram,Mobile,Product View,Colour Cosmetics,
844731,504018,29-05-2024,SESS904909,Marketplace,Mobile,Website Visit,Colour Cosmetics,
877502,504018,29-05-2024,SESS904909,Marketplace,Mobile,Product View,Colour Cosmetics,
811979,504018,29-05-2024,SESS904909,Marketplace,Mobile,Add to Cart,Colour Cosmetics,
877518,532914,12-07-2024,SESS904910,Influencer,Mobile,Website Visit,Skincare,
811984,532914,12-07-2024,SESS904910,Influencer,Mobile,Product View,Skincare,
811985,532914,12-07-2024,SESS904910,Influencer,Mobile,Add to Cart,Skincare,
877524,525242,29-05-2025,SESS904911,Referral,Mobile,Website Visit,Colour Cosmetics,485929
877533,525242,29-05-2025,SESS904911,Referral,Mobile,Product View,Colour Cosmetics,485929
877535,537828,23-06-2025,SESS904912,Organic Search,Mobile,Website Visit,Skincare,437119
844767,537828,23-06-2025,SESS904912,Organic Search,Mobile,Product View,Skincare,437119
812001,516932,08-09-2024,SESS904913,Instagram,Desktop,Website Visit,Skincare,
844771,516932,08-09-2024,SESS904913,Instagram,Desktop,Product View,Haircare,
844773,570686,22-03-2024,SESS904914,Marketplace,Desktop,Website Visit,Colour Cosmetics,480858
844778,570686,22-03-2024,SESS904914,Marketplace,Desktop,Product View,Colour Cosmetics,480858
877550,570686,22-03-2024,SESS904914,Marketplace,Desktop,Add to Cart,Colour Cosmetics,480858
844786,507026,02-09-2025,SESS904915,Instagram,Mobile,Website Visit,Skincare,484510
877558,507026,02-09-2025,SESS904915,Instagram,Mobile,Product View,Skincare,484510
877560,538829,19-05-2025,SESS904916,Instagram,Mobile,Website Visit,Haircare,485929
844808,561953,26-12-2025,SESS904917,Offline Store,Mobile,Website Visit,Haircare,481026
844809,561953,26-12-2025,SESS904917,Offline Store,Mobile,Product View,Haircare,481026
877581,585316,08-03-2025,SESS904918,Google,Mobile,Website Visit,Skincare,
812046,585316,08-03-2025,SESS904918,Google,Mobile,Product View,Skincare,
812048,585649,19-09-2025,SESS904919,Influencer,Mobile,Website Visit,Haircare,418071
877584,585649,19-09-2025,SESS904919,Influencer,Mobile,Product View,Skincare,418071
844829,535755,18-09-2024,SESS904920,Google,Mobile,Website Visit,Skincare,
844831,535755,18-09-2024,SESS904920,Google,Mobile,Product View,Skincare,
877600,509807,01-10-2024,SESS904921,Marketplace,Mobile,Website Visit,Skincare,438097
812064,509807,01-10-2024,SESS904921,Marketplace,Mobile,Product View,Skincare,438097
812067,548655,06-08-2025,SESS904922,Organic Search,Mobile,Website Visit,Skincare,449380
877605,548655,06-08-2025,SESS904922,Organic Search,Mobile,Product View,Colour Cosmetics,449380
812072,548655,06-08-2025,SESS904922,Organic Search,Mobile,Add to Cart,Colour Cosmetics,449380
877610,548655,06-08-2025,SESS904922,Organic Search,Mobile,Checkout Started,Colour Cosmetics,449380
844845,548655,06-08-2025,SESS904922,Organic Search,Mobile,Purchase,Colour Cosmetics,449380
812079,556626,25-04-2024,SESS904923,Google,Desktop,Website Visit,Colour Cosmetics,
877615,563335,06-09-2024,SESS904924,Offline Store,Tablet,Website Visit,Colour Cosmetics,
844849,592908,01-10-2024,SESS904925,Referral,Desktop,Website Visit,Colour Cosmetics,471327
877618,592908,01-10-2024,SESS904925,Referral,Desktop,Product View,Haircare,471327
877626,533466,16-09-2025,SESS904926,Referral,Mobile,Website Visit,Skincare,
812090,508232,10-09-2025,SESS904927,Instagram,Mobile,Website Visit,Skincare,474806
812091,548311,11-04-2024,SESS904928,Google,Mobile,Website Visit,Haircare,481953
877634,548311,11-04-2024,SESS904928,Google,Mobile,Product View,Haircare,481953
844867,548311,11-04-2024,SESS904928,Google,Mobile,Add to Cart,Haircare,481953
877639,548311,11-04-2024,SESS904928,Google,Mobile,Checkout Started,Haircare,481953
812105,548311,11-04-2024,SESS904928,Google,Mobile,Purchase,Haircare,481953
844873,594919,15-07-2025,SESS904929,Google,Desktop,Website Visit,Colour Cosmetics,
877644,594919,15-07-2025,SESS904929,Google,Desktop,Product View,Colour Cosmetics,
877648,503379,04-06-2024,SESS904930,Referral,Mobile,Website Visit,Skincare,441065
877649,565612,29-05-2024,SESS904931,Instagram,Mobile,Website Visit,Colour Cosmetics,476695
812119,598038,08-02-2025,SESS904932,Google,Desktop,Website Visit,Skincare,
812121,598038,08-02-2025,SESS904932,Google,Desktop,Product View,Skincare,
877658,520807,22-01-2024,SESS904933,Google,Tablet,Website Visit,Skincare,441065
812122,520807,22-01-2024,SESS904933,Google,Tablet,Product View,Haircare,441065
844892,548571,06-10-2025,SESS904934,Influencer,Mobile,Website Visit,Skincare,
812126,548571,06-10-2025,SESS904934,Influencer,Mobile,Product View,Haircare,
812128,548571,06-10-2025,SESS904934,Influencer,Mobile,Add to Cart,Skincare,
877665,548571,06-10-2025,SESS904934,Influencer,Mobile,Checkout Started,Skincare,
844907,520706,01-08-2025,SESS904935,Google,Desktop,Website Visit,Haircare,
812142,527802,03-08-2024,SESS904936,Instagram,Mobile,Website Visit,Skincare,425487
812144,527802,03-08-2024,SESS904936,Instagram,Mobile,Product View,Skincare,425487
877682,560981,03-05-2024,SESS904937,Instagram,Mobile,Website Visit,Haircare,
812146,560981,03-05-2024,SESS904937,Instagram,Mobile,Product View,Skincare,
844916,596434,10-12-2024,SESS904938,Influencer,Desktop,Website Visit,Colour Cosmetics,
877684,596434,10-12-2024,SESS904938,Influencer,Desktop,Product View,Colour Cosmetics,
877693,513356,30-10-2024,SESS904939,Influencer,Mobile,Website Visit,Colour Cosmetics,
844926,513356,30-10-2024,SESS904939,Influencer,Mobile,Product View,Colour Cosmetics,
877695,512833,26-10-2024,SESS904940,Organic Search,Mobile,Website Visit,Skincare,
877694,524586,10-03-2024,SESS904941,Instagram,Mobile,Website Visit,Haircare,473590
877697,524586,10-03-2024,SESS904941,Instagram,Mobile,Product View,Colour Cosmetics,473590
812167,573792,02-10-2024,SESS904942,Organic Search,Desktop,Website Visit,Skincare,
844935,531300,28-10-2024,SESS904943,Offline Store,Mobile,Website Visit,Haircare,
844937,531300,28-10-2024,SESS904943,Offline Store,Mobile,Product View,Haircare,
844938,531300,28-10-2024,SESS904943,Offline Store,Mobile,Add to Cart,Haircare,
812169,531300,28-10-2024,SESS904943,Offline Store,Mobile,Checkout Started,Haircare,
844939,570236,06-12-2024,SESS904944,Referral,Mobile,Website Visit,Colour Cosmetics,
877711,515906,28-01-2024,SESS904945,Influencer,Mobile,Website Visit,Haircare,
812178,575748,20-07-2024,SESS904946,Instagram,Mobile,Website Visit,Haircare,445210
844950,575748,20-07-2024,SESS904946,Instagram,Mobile,Product View,Haircare,445210
844951,575748,20-07-2024,SESS904946,Instagram,Mobile,Add to Cart,Haircare,445210
812189,575748,20-07-2024,SESS904946,Instagram,Mobile,Checkout Started,Haircare,445210
877726,575748,20-07-2024,SESS904946,Instagram,Mobile,Purchase,Skincare,445210
812196,530771,31-03-2024,SESS904947,Influencer,Desktop,Website Visit,Skincare,429945
844964,530771,31-03-2024,SESS904947,Influencer,Desktop,Product View,Skincare,429945
844974,530828,20-11-2025,SESS904948,Google,Mobile,Website Visit,Skincare,426390
877743,530828,20-11-2025,SESS904948,Google,Mobile,Product View,Skincare,426390
877746,529949,20-04-2025,SESS904949,Google,Mobile,Website Visit,Skincare,
812212,529949,20-04-2025,SESS904949,Google,Mobile,Product View,Skincare,
844981,529949,20-04-2025,SESS904949,Google,Mobile,Add to Cart,Haircare,
844982,529949,20-04-2025,SESS904949,Google,Mobile,Checkout Started,Skincare,
812216,529949,20-04-2025,SESS904949,Google,Mobile,Purchase,Skincare,
844986,569942,27-06-2024,SESS904950,Influencer,Mobile,Website Visit,Colour Cosmetics,
844987,569942,27-06-2024,SESS904950,Influencer,Mobile,Product View,Skincare,
844988,569942,27-06-2024,SESS904950,Influencer,Mobile,Add to Cart,Haircare,
812221,569942,27-06-2024,SESS904950,Influencer,Mobile,Checkout Started,Colour Cosmetics,
812223,569942,27-06-2024,SESS904950,Influencer,Mobile,Purchase,Haircare,
812225,533082,11-12-2024,SESS904951,Instagram,Desktop,Website Visit,Haircare,474182
844996,533082,11-12-2024,SESS904951,Instagram,Desktop,Product View,Skincare,474182
844998,533082,11-12-2024,SESS904951,Instagram,Desktop,Add to Cart,Skincare,474182
812233,530968,23-06-2025,SESS904952,Google,Mobile,Website Visit,Skincare,463122
812236,530968,23-06-2025,SESS904952,Google,Mobile,Product View,Skincare,463122
812238,526794,16-01-2024,SESS904953,Google,Desktop,Website Visit,Skincare,
877775,545890,26-12-2025,SESS904954,Marketplace,Desktop,Website Visit,Skincare,431540
812240,545890,26-12-2025,SESS904954,Marketplace,Desktop,Product View,Colour Cosmetics,431540
877774,585394,17-07-2024,SESS904955,Instagram,Mobile,Website Visit,Skincare,438136
877779,585394,17-07-2024,SESS904955,Instagram,Mobile,Product View,Colour Cosmetics,438136
877781,538974,25-01-2025,SESS904956,Instagram,Mobile,Website Visit,Skincare,
845014,534782,13-01-2025,SESS904957,Influencer,Mobile,Website Visit,Skincare,
812246,534782,13-01-2025,SESS904957,Influencer,Mobile,Product View,Skincare,
812253,506175,20-04-2025,SESS904958,Instagram,Mobile,Website Visit,Haircare,
845027,506175,20-04-2025,SESS904958,Instagram,Mobile,Product View,Haircare,
845029,582998,29-12-2025,SESS904959,Organic Search,Mobile,Website Visit,Colour Cosmetics,
877801,550328,02-05-2024,SESS904960,Instagram,Mobile,Website Visit,Skincare,436764
812271,512240,05-08-2024,SESS904961,Influencer,Mobile,Website Visit,Skincare,436764
812275,524914,22-06-2025,SESS904962,Influencer,Mobile,Website Visit,Haircare,481006
845044,575454,23-06-2025,SESS904963,Instagram,Mobile,Website Visit,Skincare,427621
845043,575454,23-06-2025,SESS904963,Instagram,Mobile,Product View,Skincare,427621
812283,597853,10-01-2025,SESS904964,Referral,Mobile,Website Visit,Skincare,
877820,573889,27-08-2025,SESS904965,Instagram,Mobile,Website Visit,Colour Cosmetics,435644
812288,508992,23-01-2024,SESS904966,Google,Mobile,Website Visit,Haircare,
812292,560648,29-03-2024,SESS904967,Google,Mobile,Website Visit,Colour Cosmetics,
812293,560648,29-03-2024,SESS904967,Google,Mobile,Product View,Colour Cosmetics,
812295,560648,29-03-2024,SESS904967,Google,Mobile,Add to Cart,Colour Cosmetics,
845065,560648,29-03-2024,SESS904967,Google,Mobile,Checkout Started,Colour Cosmetics,
845068,560648,29-03-2024,SESS904967,Google,Mobile,Purchase,Colour Cosmetics,
812300,537079,28-08-2025,SESS904968,Organic Search,Mobile,Website Visit,Skincare,
877839,537079,28-08-2025,SESS904968,Organic Search,Mobile,Product View,Skincare,
812306,537079,28-08-2025,SESS904968,Organic Search,Mobile,Add to Cart,Skincare,
877845,537079,28-08-2025,SESS904968,Organic Search,Mobile,Checkout Started,Skincare,
845077,537079,28-08-2025,SESS904968,Organic Search,Mobile,Purchase,Skincare,
812310,561644,19-09-2025,SESS904969,Instagram,Mobile,Website Visit,Haircare,445210
877846,561644,19-09-2025,SESS904969,Instagram,Mobile,Product View,Haircare,445210
877850,561644,19-09-2025,SESS904969,Instagram,Mobile,Add to Cart,Haircare,445210
877852,572063,22-06-2024,SESS904970,Google,Mobile,Website Visit,Haircare,499229
845085,572063,22-06-2024,SESS904970,Google,Mobile,Product View,Colour Cosmetics,499229
812323,572063,22-06-2024,SESS904970,Google,Mobile,Add to Cart,Colour Cosmetics,499229
877862,535992,13-04-2024,SESS904971,Referral,Desktop,Website Visit,Skincare,403029
877863,535992,13-04-2024,SESS904971,Referral,Desktop,Product View,Skincare,403029
877866,550488,26-04-2024,SESS904972,Marketplace,Mobile,Website Visit,Haircare,438097
845100,581205,09-01-2024,SESS904973,Influencer,Desktop,Website Visit,Skincare,
877875,552487,13-09-2024,SESS904974,Instagram,Mobile,Website Visit,Colour Cosmetics,490081
812339,552487,13-09-2024,SESS904974,Instagram,Mobile,Product View,Colour Cosmetics,490081
845111,552487,13-09-2024,SESS904974,Instagram,Mobile,Add to Cart,Skincare,490081
845112,566462,30-05-2025,SESS904975,Google,Mobile,Website Visit,Haircare,473151
877879,566462,30-05-2025,SESS904975,Google,Mobile,Product View,Colour Cosmetics,473151
877887,566462,30-05-2025,SESS904975,Google,Mobile,Add to Cart,Colour Cosmetics,473151
877890,566462,30-05-2025,SESS904975,Google,Mobile,Checkout Started,Colour Cosmetics,473151
845125,548571,19-10-2024,SESS904976,Influencer,Mobile,Website Visit,Skincare,
877900,571932,18-06-2025,SESS904977,Referral,Mobile,Website Visit,Haircare,
845132,571932,18-06-2025,SESS904977,Referral,Mobile,Product View,Skincare,
812368,531186,06-06-2025,SESS904978,Google,Mobile,Website Visit,Colour Cosmetics,
845138,531186,06-06-2025,SESS904978,Google,Mobile,Product View,Colour Cosmetics,
812372,592493,28-01-2024,SESS904979,Instagram,Desktop,Website Visit,Colour Cosmetics,408391
877909,592493,28-01-2024,SESS904979,Instagram,Desktop,Product View,Colour Cosmetics,408391
845147,592493,28-01-2024,SESS904979,Instagram,Desktop,Add to Cart,Colour Cosmetics,408391
812379,549441,11-08-2024,SESS904980,Instagram,Desktop,Website Visit,Colour Cosmetics,498427
877918,543404,25-01-2025,SESS904981,Google,Mobile,Website Visit,Colour Cosmetics,408391
877919,564042,06-12-2024,SESS904982,Referral,Mobile,Website Visit,Haircare,
845152,554747,24-03-2025,SESS904983,Influencer,Mobile,Website Visit,Skincare,447990
845155,594381,30-04-2025,SESS904984,Google,Mobile,Website Visit,Skincare,
877924,594381,30-04-2025,SESS904984,Google,Mobile,Product View,Haircare,
845156,594381,30-04-2025,SESS904984,Google,Mobile,Add to Cart,Skincare,
845157,594381,30-04-2025,SESS904984,Google,Mobile,Checkout Started,Skincare,
877929,594381,30-04-2025,SESS904984,Google,Mobile,Purchase,Skincare,
845163,550196,31-05-2024,SESS904985,Influencer,Mobile,Website Visit,Colour Cosmetics,
845170,550196,31-05-2024,SESS904985,Influencer,Mobile,Product View,Colour Cosmetics,
845171,550196,31-05-2024,SESS904985,Influencer,Mobile,Add to Cart,Colour Cosmetics,
812403,550196,31-05-2024,SESS904985,Influencer,Mobile,Checkout Started,Colour Cosmetics,
877947,550196,31-05-2024,SESS904985,Influencer,Mobile,Purchase,Skincare,
845179,586991,04-07-2024,SESS904986,Instagram,Desktop,Website Visit,Colour Cosmetics,
845185,556450,02-06-2024,SESS904987,Instagram,Mobile,Website Visit,Haircare,481026
877957,556450,02-06-2024,SESS904987,Instagram,Mobile,Product View,Haircare,481026
845195,553008,16-01-2025,SESS904988,Organic Search,Desktop,Website Visit,Colour Cosmetics,426724
845196,553008,16-01-2025,SESS904988,Organic Search,Desktop,Product View,Colour Cosmetics,426724
877967,575880,25-09-2025,SESS904989,Instagram,Mobile,Website Visit,Colour Cosmetics,
877970,561433,29-05-2025,SESS904990,Google,Mobile,Website Visit,Colour Cosmetics,420046
877972,587833,08-08-2025,SESS904991,Instagram,Mobile,Website Visit,Skincare,435644
812437,587833,08-08-2025,SESS904991,Instagram,Mobile,Product View,Skincare,435644
877977,519709,02-06-2024,SESS904992,Instagram,Mobile,Website Visit,Skincare,476238
812443,519709,02-06-2024,SESS904992,Instagram,Mobile,Product View,Colour Cosmetics,476238
812446,591289,16-11-2024,SESS904993,Google,Mobile,Website Visit,Colour Cosmetics,
845214,591289,16-11-2024,SESS904993,Google,Mobile,Product View,Colour Cosmetics,
812448,591289,16-11-2024,SESS904993,Google,Mobile,Add to Cart,Colour Cosmetics,
845224,591289,16-11-2024,SESS904993,Google,Mobile,Checkout Started,Colour Cosmetics,
877996,591289,16-11-2024,SESS904993,Google,Mobile,Purchase,Colour Cosmetics,
812460,514871,31-08-2024,SESS904994,Google,Mobile,Website Visit,Haircare,405472
812462,514871,31-08-2024,SESS904994,Google,Mobile,Product View,Haircare,405472
812463,548944,18-05-2024,SESS904995,Instagram,Mobile,Website Visit,Skincare,
877998,548944,18-05-2024,SESS904995,Instagram,Mobile,Product View,Haircare,
877999,556349,28-08-2024,SESS904996,Influencer,Desktop,Website Visit,Colour Cosmetics,431861
878000,556349,28-08-2024,SESS904996,Influencer,Desktop,Product View,Colour Cosmetics,431861
812467,511970,20-05-2025,SESS904997,Marketplace,Desktop,Website Visit,Haircare,453161
812468,511970,20-05-2025,SESS904997,Marketplace,Desktop,Product View,Haircare,453161
878008,517786,24-03-2024,SESS904998,Instagram,Mobile,Website Visit,Haircare,466062
878009,517786,24-03-2024,SESS904998,Instagram,Mobile,Product View,Haircare,466062
812473,553008,25-09-2024,SESS904999,Organic Search,Desktop,Website Visit,Colour Cosmetics,
878011,535697,29-08-2025,SESS905000,Influencer,Mobile,Website Visit,Skincare,
812476,535697,29-08-2025,SESS905000,Influencer,Mobile,Product View,Haircare,
845245,535697,29-08-2025,SESS905000,Influencer,Mobile,Add to Cart,Skincare,
845247,535697,29-08-2025,SESS905000,Influencer,Mobile,Checkout Started,Skincare,
845257,535697,29-08-2025,SESS905000,Influencer,Mobile,Purchase,Skincare,
845259,513579,26-02-2024,SESS905001,Instagram,Tablet,Website Visit,Skincare,
812495,541588,25-01-2024,SESS905002,Instagram,Desktop,Website Visit,Skincare,473151
878034,559130,04-12-2024,SESS905003,Organic Search,Mobile,Website Visit,Skincare,
878035,559130,04-12-2024,SESS905003,Organic Search,Mobile,Product View,Skincare,
812500,566540,07-11-2025,SESS905004,Google,Mobile,Website Visit,Haircare,
878041,566540,07-11-2025,SESS905004,Google,Mobile,Product View,Skincare,
845278,505683,27-01-2024,SESS905005,Google,Mobile,Website Visit,Haircare,
878048,505683,27-01-2024,SESS905005,Google,Mobile,Product View,Haircare,
845284,505683,27-01-2024,SESS905005,Google,Mobile,Add to Cart,Haircare,
845285,590673,11-06-2025,SESS905006,Google,Desktop,Website Visit,Colour Cosmetics,496480
845286,590673,11-06-2025,SESS905006,Google,Desktop,Product View,Colour Cosmetics,496480
845296,590673,11-06-2025,SESS905006,Google,Desktop,Add to Cart,Colour Cosmetics,496480
878064,520253,30-03-2024,SESS905007,Google,Mobile,Website Visit,Colour Cosmetics,
812530,520253,30-03-2024,SESS905007,Google,Mobile,Product View,Haircare,
812528,582210,27-07-2024,SESS905008,Organic Search,Desktop,Website Visit,Colour Cosmetics,
845300,572420,16-12-2025,SESS905009,Organic Search,Mobile,Website Visit,Haircare,474806
812534,572420,16-12-2025,SESS905009,Organic Search,Mobile,Product View,Haircare,474806
812535,572420,16-12-2025,SESS905009,Organic Search,Mobile,Add to Cart,Haircare,474806
812537,572420,16-12-2025,SESS905009,Organic Search,Mobile,Checkout Started,Haircare,474806
845306,516704,25-02-2025,SESS905010,Instagram,Desktop,Website Visit,Colour Cosmetics,
845309,516704,25-02-2025,SESS905010,Instagram,Desktop,Product View,Skincare,
845314,554379,22-11-2024,SESS905011,Instagram,Mobile,Website Visit,Skincare,438398
812548,554379,22-11-2024,SESS905011,Instagram,Mobile,Product View,Skincare,438398
878086,554379,22-11-2024,SESS905011,Instagram,Mobile,Add to Cart,Skincare,438398
878091,554379,22-11-2024,SESS905011,Instagram,Mobile,Checkout Started,Skincare,438398
812556,538890,19-09-2025,SESS905012,Organic Search,Mobile,Website Visit,Skincare,476385
845324,538890,19-09-2025,SESS905012,Organic Search,Mobile,Product View,Skincare,476385
845327,540966,03-08-2025,SESS905013,Instagram,Desktop,Website Visit,Skincare,406427
878100,518643,03-04-2025,SESS905014,Google,Mobile,Website Visit,Colour Cosmetics,
812565,512240,06-01-2024,SESS905015,Influencer,Mobile,Website Visit,Skincare,
845334,512240,06-01-2024,SESS905015,Influencer,Mobile,Product View,Skincare,
845332,523405,13-12-2025,SESS905016,Offline Store,Mobile,Website Visit,Colour Cosmetics,
812571,523405,13-12-2025,SESS905016,Offline Store,Mobile,Product View,Colour Cosmetics,
845343,585461,07-03-2024,SESS905017,Offline Store,Mobile,Website Visit,Skincare,463612
812576,540953,26-07-2025,SESS905018,Google,Mobile,Website Visit,Haircare,492044
845346,530311,03-08-2025,SESS905019,Offline Store,Mobile,Website Visit,Haircare,453495
845350,530311,03-08-2025,SESS905019,Offline Store,Mobile,Product View,Haircare,453495
845352,587670,13-05-2025,SESS905020,Instagram,Desktop,Website Visit,Haircare,
812592,587670,13-05-2025,SESS905020,Instagram,Desktop,Product View,Colour Cosmetics,
878130,587670,13-05-2025,SESS905020,Instagram,Unknown,Add to Cart,Colour Cosmetics,
845364,542516,02-02-2025,SESS905021,Instagram,Mobile,Website Visit,Colour Cosmetics,418239
878134,542516,02-02-2025,SESS905021,Instagram,Mobile,Product View,Colour Cosmetics,418239
845369,542516,02-02-2025,SESS905021,Instagram,Mobile,Add to Cart,Colour Cosmetics,418239
878137,542516,02-02-2025,SESS905021,Instagram,Mobile,Checkout Started,Colour Cosmetics,418239
812604,542516,02-02-2025,SESS905021,Instagram,Mobile,Purchase,Colour Cosmetics,418239
845376,552772,17-05-2025,SESS905022,Organic Search,Mobile,Website Visit,Colour Cosmetics,
812611,520585,19-09-2024,SESS905023,Instagram,Tablet,Website Visit,Colour Cosmetics,418071
845379,520585,19-09-2024,SESS905023,Instagram,Tablet,Product View,Colour Cosmetics,418071
845382,520585,19-09-2024,SESS905023,Instagram,Tablet,Add to Cart,Colour Cosmetics,418071
845383,520585,19-09-2024,SESS905023,Instagram,Tablet,Checkout Started,Colour Cosmetics,418071
845387,556959,15-02-2024,SESS905024,Referral,Mobile,Website Visit,Skincare,
812620,556959,15-02-2024,SESS905024,Referral,Mobile,Product View,Haircare,
878159,518140,22-04-2025,SESS905025,Influencer,Mobile,Website Visit,Skincare,
812625,518140,22-04-2025,SESS905025,Influencer,Mobile,Product View,Skincare,
845394,528080,15-12-2025,SESS905026,Google,Mobile,Website Visit,Colour Cosmetics,
812628,528080,15-12-2025,SESS905026,Google,Mobile,Product View,Colour Cosmetics,
845397,528080,15-12-2025,SESS905026,Google,Mobile,Add to Cart,Colour Cosmetics,
812631,532850,12-05-2024,SESS905027,Organic Search,Mobile,Website Visit,Haircare,497049
878167,541704,23-07-2025,SESS905028,Influencer,Desktop,Website Visit,Colour Cosmetics,490081
845402,541704,23-07-2025,SESS905028,Influencer,Desktop,Product View,Colour Cosmetics,490081
845403,544541,18-06-2024,SESS905029,Marketplace,Mobile,Website Visit,Skincare,
845404,544541,18-06-2024,SESS905029,Marketplace,Mobile,Product View,Skincare,
812639,560236,30-08-2024,SESS905030,Organic Search,Mobile,Website Visit,Colour Cosmetics,437086
812641,560236,30-08-2024,SESS905030,Organic Search,Mobile,Product View,Colour Cosmetics,437086
845409,546346,26-06-2025,SESS905031,Influencer,Mobile,Website Visit,Haircare,433089
845411,509961,06-01-2024,SESS905032,Offline Store,Tablet,Website Visit,Skincare,
878180,509961,06-01-2024,SESS905032,Offline Store,Tablet,Product View,Skincare,
812645,561592,28-08-2024,SESS905033,Google,Mobile,Website Visit,Skincare,463442
878182,576931,14-11-2025,SESS905034,Instagram,Desktop,Website Visit,Skincare,431540
845418,576931,14-11-2025,SESS905034,Instagram,Desktop,Product View,Skincare,431540
845419,576931,14-11-2025,SESS905034,Instagram,Desktop,Add to Cart,Colour Cosmetics,431540
812652,576931,14-11-2025,SESS905034,Instagram,Desktop,Checkout Started,Skincare,431540
812651,576931,14-11-2025,SESS905034,Instagram,Desktop,Purchase,Skincare,431540
812654,588188,05-05-2025,SESS905035,Google,Mobile,Website Visit,Skincare,
878189,588188,05-05-2025,SESS905035,Google,Mobile,Product View,Colour Cosmetics,
878200,523647,03-02-2025,SESS905036,Instagram,Desktop,Website Visit,Colour Cosmetics,473151
812666,588652,05-02-2024,SESS905037,Influencer,Desktop,Website Visit,Colour Cosmetics,
812672,507456,17-01-2024,SESS905038,Organic Search,Mobile,Website Visit,Colour Cosmetics,451803
812673,507456,17-01-2024,SESS905038,Organic Search,Mobile,Product View,Colour Cosmetics,451803
878209,507456,17-01-2024,SESS905038,Organic Search,Mobile,Add to Cart,Skincare,451803
845445,530775,19-12-2024,SESS905039,Marketplace,Mobile,Website Visit,Skincare,
878214,580610,02-10-2025,SESS905040,Organic Search,Desktop,Website Visit,Haircare,488400
878215,580610,02-10-2025,SESS905040,Organic Search,Desktop,Product View,Haircare,488400
845446,517987,04-04-2025,SESS905041,Instagram,Mobile,Website Visit,Skincare,
812682,517987,04-04-2025,SESS905041,Instagram,Mobile,Product View,Skincare,
878224,517987,04-04-2025,SESS905041,Instagram,Mobile,Add to Cart,Skincare,
812690,517987,04-04-2025,SESS905041,Instagram,Mobile,Checkout Started,Skincare,
878227,517987,04-04-2025,SESS905041,Instagram,Mobile,Purchase,Skincare,
812692,548503,05-01-2024,SESS905042,Instagram,Mobile,Website Visit,Haircare,403658
812696,548503,05-01-2024,SESS905042,Instagram,Mobile,Product View,Haircare,403658
812697,529045,25-10-2025,SESS905043,Influencer,Mobile,Website Visit,Haircare,
878237,581167,08-09-2025,SESS905044,Instagram,Mobile,Website Visit,Skincare,480372
812710,581167,08-09-2025,SESS905044,Instagram,Mobile,Product View,Colour Cosmetics,480372
878247,525166,23-09-2024,SESS905045,Google,Mobile,Website Visit,Skincare,418071
845480,525166,23-09-2024,SESS905045,Google,Mobile,Product View,Skincare,418071
845482,525166,23-09-2024,SESS905045,Google,Mobile,Add to Cart,Skincare,418071
845485,525166,23-09-2024,SESS905045,Google,Mobile,Checkout Started,Skincare,418071
878254,514896,17-05-2024,SESS905046,Referral,Desktop,Website Visit,Skincare,
845488,514896,17-05-2024,SESS905046,Referral,Desktop,Product View,Skincare,
845489,532706,07-06-2024,SESS905047,Instagram,Mobile,Website Visit,Skincare,
878257,532706,07-06-2024,SESS905047,Instagram,Mobile,Product View,Skincare,
812725,520232,25-05-2025,SESS905048,Influencer,Mobile,Website Visit,Colour Cosmetics,406900
878263,519476,01-10-2024,SESS905049,Influencer,Mobile,Website Visit,Skincare,463919
812730,519476,01-10-2024,SESS905049,Influencer,Mobile,Product View,Skincare,463919
845498,571810,19-03-2024,SESS905050,Instagram,Mobile,Website Visit,Colour Cosmetics,
878268,571810,19-03-2024,SESS905050,Instagram,Mobile,Product View,Colour Cosmetics,
845500,571810,19-03-2024,SESS905050,Instagram,Mobile,Add to Cart,Skincare,
845502,571810,19-03-2024,SESS905050,Instagram,Mobile,Checkout Started,Colour Cosmetics,
845503,580173,04-07-2024,SESS905051,Marketplace,Mobile,Website Visit,Haircare,
845504,580173,04-07-2024,SESS905051,Marketplace,Mobile,Product View,Colour Cosmetics,
878272,580173,04-07-2024,SESS905051,Marketplace,Mobile,Add to Cart,Colour Cosmetics,
878270,580173,04-07-2024,SESS905051,Marketplace,Mobile,Checkout Started,Haircare,
845507,567391,01-08-2025,SESS905052,Organic Search,Mobile,Website Visit,Haircare,473590
845509,597978,14-10-2024,SESS905053,Instagram,Unknown,Website Visit,Colour Cosmetics,411539
845510,597978,14-10-2024,SESS905053,Instagram,Mobile,Product View,Colour Cosmetics,411539
878281,567000,27-06-2025,SESS905054,Google,Mobile,Website Visit,Colour Cosmetics,
845520,567000,27-06-2025,SESS905054,Google,Mobile,Product View,Colour Cosmetics,
812753,516483,26-10-2024,SESS905055,Organic Search,Mobile,Website Visit,Skincare,431540
878291,516483,26-10-2024,SESS905055,Organic Search,Mobile,Product View,Skincare,431540
812756,560305,25-07-2025,SESS905056,Organic Search,Tablet,Website Visit,Haircare,464819
845525,560305,25-07-2025,SESS905056,Organic Search,Tablet,Product View,Haircare,464819
812761,560305,25-07-2025,SESS905056,Organic Search,Tablet,Add to Cart,Haircare,464819
878298,560305,25-07-2025,SESS905056,Organic Search,Tablet,Checkout Started,Haircare,464819
812763,560305,25-07-2025,SESS905056,Organic Search,Tablet,Purchase,Haircare,464819
812764,555723,16-11-2025,SESS905057,Google,Mobile,Website Visit,Colour Cosmetics,417878
812766,555723,16-11-2025,SESS905057,Google,Mobile,Product View,Colour Cosmetics,417878
878303,538469,01-08-2025,SESS905058,Organic Search,Mobile,Website Visit,Colour Cosmetics,
812775,538469,01-08-2025,SESS905058,Organic Search,Mobile,Product View,Colour Cosmetics,
812782,524983,24-08-2025,SESS905059,Offline Store,Desktop,Website Visit,Skincare,481026
812784,587900,25-02-2024,SESS905060,Instagram,Mobile,Website Visit,Colour Cosmetics,476238
845553,587900,25-02-2024,SESS905060,Instagram,Mobile,Product View,Colour Cosmetics,476238
845554,528705,24-08-2024,SESS905061,Referral,Mobile,Website Visit,Haircare,492273
878324,528705,24-08-2024,SESS905061,Referral,Mobile,Product View,Skincare,492273
812795,532914,07-02-2024,SESS905062,Influencer,Mobile,Website Visit,Skincare,
845566,532914,07-02-2024,SESS905062,Influencer,Mobile,Product View,Haircare,
878339,532914,07-02-2024,SESS905062,Influencer,Mobile,Add to Cart,Haircare,
845572,532914,07-02-2024,SESS905062,Influencer,Mobile,Checkout Started,Skincare,
878340,532914,07-02-2024,SESS905062,Influencer,Mobile,Purchase,Skincare,
812808,588117,01-02-2024,SESS905063,Google,Mobile,Website Visit,Colour Cosmetics,
878345,588117,01-02-2024,SESS905063,Google,Mobile,Product View,Haircare,
878346,588117,01-02-2024,SESS905063,Google,Mobile,Add to Cart,Colour Cosmetics,
812810,588117,01-02-2024,SESS905063,Google,Mobile,Checkout Started,Colour Cosmetics,
878352,588117,01-02-2024,SESS905063,Google,Mobile,Purchase,Colour Cosmetics,
878357,598059,01-02-2025,SESS905064,Influencer,Mobile,Website Visit,Colour Cosmetics,480372
878363,597818,13-03-2025,SESS905065,Instagram,Mobile,Website Visit,Skincare,
878366,597818,13-03-2025,SESS905065,Instagram,Mobile,Product View,Skincare,
812831,597818,13-03-2025,SESS905065,Instagram,Mobile,Add to Cart,Skincare,
812838,597818,13-03-2025,SESS905065,Instagram,Mobile,Checkout Started,Skincare,
812839,534600,15-06-2024,SESS905066,Instagram,Desktop,Website Visit,Skincare,497553
845610,534600,15-06-2024,SESS905066,Instagram,Desktop,Product View,Skincare,497553
845611,534600,15-06-2024,SESS905066,Instagram,Desktop,Add to Cart,Haircare,497553
812846,534600,15-06-2024,SESS905066,Instagram,Desktop,Checkout Started,Skincare,497553
845615,528569,31-03-2025,SESS905067,Instagram,Mobile,Website Visit,Haircare,481455
812850,505683,03-08-2024,SESS905068,Google,Mobile,Website Visit,Colour Cosmetics,
845622,514662,09-02-2024,SESS905069,Google,Mobile,Website Visit,Skincare,445210
845624,514662,09-02-2024,SESS905069,Google,Mobile,Product View,Skincare,445210
812857,514662,09-02-2024,SESS905069,Google,Mobile,Add to Cart,Skincare,445210
878396,562163,27-04-2025,SESS905070,Organic Search,Desktop,Website Visit,Colour Cosmetics,
878399,542081,18-08-2024,SESS905071,Instagram,Mobile,Website Visit,Skincare,463612
845631,542081,18-08-2024,SESS905071,Instagram,Mobile,Product View,Skincare,463612
845638,516341,05-02-2024,SESS905072,Instagram,Mobile,Website Visit,Haircare,
878407,516341,05-02-2024,SESS905072,Instagram,Mobile,Product View,Haircare,
878409,519358,10-09-2024,SESS905073,Offline Store,Mobile,Website Visit,Haircare,
878410,567621,09-12-2024,SESS905074,Influencer,Tablet,Website Visit,Colour Cosmetics,492837
845644,567621,09-12-2024,SESS905074,Influencer,Tablet,Product View,Colour Cosmetics,492837
812887,503280,08-09-2024,SESS905075,Google,Mobile,Website Visit,Haircare,438612
878425,514201,23-03-2024,SESS905076,Influencer,Mobile,Website Visit,Skincare,455343
845663,514201,23-03-2024,SESS905076,Influencer,Mobile,Product View,Skincare,455343
845669,514201,23-03-2024,SESS905076,Influencer,Mobile,Add to Cart,Skincare,455343
845670,514201,23-03-2024,SESS905076,Influencer,Mobile,Checkout Started,Skincare,455343
812903,586760,03-05-2025,SESS905077,Organic Search,Unknown,Website Visit,Colour Cosmetics,405510
878440,586760,03-05-2025,SESS905077,Organic Search,Tablet,Product View,Colour Cosmetics,405510
845677,588125,30-12-2024,SESS905078,Influencer,Mobile,Website Visit,Colour Cosmetics,411691
812910,588125,30-12-2024,SESS905078,Influencer,Mobile,Product View,Colour Cosmetics,411691
812912,588125,30-12-2024,SESS905078,Influencer,Mobile,Add to Cart,Haircare,411691
845683,570776,17-05-2024,SESS905079,Google,Desktop,Website Visit,Colour Cosmetics,
812916,570776,17-05-2024,SESS905079,Google,Desktop,Product View,Colour Cosmetics,
878452,524050,25-07-2025,SESS905080,Organic Search,Mobile,Website Visit,Haircare,476695
878454,524050,25-07-2025,SESS905080,Organic Search,Mobile,Product View,Skincare,476695
878455,588470,27-11-2025,SESS905081,Marketplace,Mobile,Website Visit,Colour Cosmetics,
878456,556148,08-02-2025,SESS905082,Marketplace,Mobile,Website Visit,Haircare,
878457,546009,21-08-2024,SESS905083,Instagram,Desktop,Website Visit,Colour Cosmetics,427322
845690,546009,21-08-2024,SESS905083,Instagram,Desktop,Product View,Colour Cosmetics,427322
812922,501013,29-07-2025,SESS905084,Referral,Mobile,Website Visit,Skincare,429945
845692,501013,29-07-2025,SESS905084,Referral,Mobile,Product View,Skincare,429945
878462,583130,27-06-2024,SESS905085,Google,Desktop,Website Visit,Colour Cosmetics,463442
812928,583130,27-06-2024,SESS905085,Google,Desktop,Product View,Colour Cosmetics,463442
845699,500350,17-09-2024,SESS905086,Organic Search,Mobile,Website Visit,Colour Cosmetics,
878468,500350,17-09-2024,SESS905086,Organic Search,Mobile,Product View,Colour Cosmetics,
812931,552184,25-04-2025,SESS905087,Offline Store,Mobile,Website Visit,Skincare,
845703,542840,08-12-2025,SESS905088,Google,Mobile,Website Visit,Colour Cosmetics,406536
845706,560260,10-08-2025,SESS905089,Influencer,Mobile,Website Visit,Colour Cosmetics,487438
812939,560260,10-08-2025,SESS905089,Influencer,Mobile,Product View,Colour Cosmetics,487438
878482,599148,28-07-2024,SESS905090,Organic Search,Mobile,Website Visit,Skincare,463919
812948,599148,28-07-2024,SESS905090,Organic Search,Mobile,Product View,Skincare,463919
878484,599148,28-07-2024,SESS905090,Organic Search,Mobile,Add to Cart,Skincare,463919
878485,599148,28-07-2024,SESS905090,Organic Search,Mobile,Checkout Started,Colour Cosmetics,463919
845719,599148,28-07-2024,SESS905090,Organic Search,Mobile,Purchase,Skincare,463919
845731,557640,13-05-2024,SESS905091,Instagram,Mobile,Website Visit,Skincare,
845736,557640,13-05-2024,SESS905091,Instagram,Mobile,Product View,Haircare,
812970,528080,15-03-2025,SESS905092,Google,Mobile,Website Visit,Colour Cosmetics,431540
845740,528080,15-03-2025,SESS905092,Google,Mobile,Product View,Colour Cosmetics,431540
812987,528080,15-03-2025,SESS905092,Google,Mobile,Add to Cart,Colour Cosmetics,431540
878524,572132,03-12-2024,SESS905093,Influencer,Mobile,Website Visit,Colour Cosmetics,
845758,572132,03-12-2024,SESS905093,Influencer,Mobile,Product View,Skincare,
812995,572132,03-12-2024,SESS905093,Influencer,Mobile,Add to Cart,Colour Cosmetics,
878535,572132,03-12-2024,SESS905093,Influencer,Mobile,Checkout Started,Skincare,
812999,572132,03-12-2024,SESS905093,Influencer,Mobile,Purchase,Colour Cosmetics,
845773,568765,06-12-2024,SESS905094,Referral,Desktop,Website Visit,Skincare,420046
813006,511813,06-06-2025,SESS905095,Marketplace,Mobile,Website Visit,Skincare,
813011,537601,19-01-2024,SESS905096,Instagram,Mobile,Website Visit,Skincare,406427
845779,513256,19-05-2024,SESS905097,Instagram,Mobile,Website Visit,Skincare,437165
813015,559871,28-05-2024,SESS905098,Instagram,Unknown,Website Visit,Skincare,
813016,561592,16-01-2024,SESS905099,Google,Desktop,Website Visit,Skincare,447990
878553,561592,16-01-2024,SESS905099,Google,Desktop,Product View,Skincare,447990
813018,561592,16-01-2024,SESS905099,Google,Desktop,Add to Cart,Haircare,447990
845787,561592,16-01-2024,SESS905099,Google,Desktop,Checkout Started,Skincare,447990
878556,535018,31-07-2025,SESS905100,Marketplace,Mobile,Website Visit,Skincare,400573
813021,535018,31-07-2025,SESS905100,Marketplace,Mobile,Product View,Skincare,400573
813019,535018,31-07-2025,SESS905100,Marketplace,Mobile,Add to Cart,Skincare,400573
845791,535018,31-07-2025,SESS905100,Marketplace,Mobile,Checkout Started,Skincare,400573
813024,535018,31-07-2025,SESS905100,Marketplace,Mobile,Purchase,Skincare,400573
878561,508992,24-02-2025,SESS905101,Google,Mobile,Website Visit,Haircare,496899
813026,576019,22-08-2025,SESS905102,Instagram,Mobile,Website Visit,Colour Cosmetics,400573
878566,573772,28-10-2024,SESS905103,Influencer,Mobile,Website Visit,Colour Cosmetics,
813030,573772,28-10-2024,SESS905103,Influencer,Mobile,Product View,Colour Cosmetics,
813031,590266,10-03-2024,SESS905104,Google,Mobile,Website Visit,Skincare,464819
845801,590266,10-03-2024,SESS905104,Google,Mobile,Product View,Skincare,464819
878568,542245,20-04-2025,SESS905105,Influencer,Mobile,Website Visit,Skincare,
878569,514996,11-12-2024,SESS905106,Instagram,Mobile,Website Visit,Skincare,
878573,557125,14-07-2025,SESS905107,Instagram,Mobile,Website Visit,Skincare,
845805,515118,15-04-2024,SESS905108,Offline Store,Mobile,Website Visit,Colour Cosmetics,
878581,596276,03-09-2024,SESS905109,Google,Mobile,Website Visit,Colour Cosmetics,433381
845814,596276,03-09-2024,SESS905109,Google,Mobile,Product View,Colour Cosmetics,433381
845815,502011,13-12-2024,SESS905110,Google,Mobile,Website Visit,Colour Cosmetics,423132
813047,502011,13-12-2024,SESS905110,Google,Mobile,Product View,Colour Cosmetics,423132
813057,502011,13-12-2024,SESS905110,Google,Mobile,Add to Cart,Colour Cosmetics,423132
845830,502011,13-12-2024,SESS905110,Google,Mobile,Checkout Started,Colour Cosmetics,423132
813063,502011,13-12-2024,SESS905110,Google,Unknown,Purchase,Colour Cosmetics,423132
845832,578997,29-07-2024,SESS905111,Marketplace,Mobile,Website Visit,Colour Cosmetics,
878603,578997,29-07-2024,SESS905111,Marketplace,Mobile,Product View,Colour Cosmetics,
878604,544548,01-02-2024,SESS905112,Influencer,Mobile,Website Visit,Skincare,
845835,544548,01-02-2024,SESS905112,Influencer,Mobile,Product View,Skincare,
878605,544548,01-02-2024,SESS905112,Influencer,Mobile,Add to Cart,Skincare,
845848,544548,01-02-2024,SESS905112,Influencer,Mobile,Checkout Started,Skincare,
845850,544548,01-02-2024,SESS905112,Influencer,Mobile,Purchase,Skincare,
813084,580654,24-05-2024,SESS905113,Influencer,Desktop,Website Visit,Skincare,
813090,580654,24-05-2024,SESS905113,Influencer,Desktop,Product View,Skincare,
813096,584607,17-12-2025,SESS905114,Referral,Desktop,Website Visit,Colour Cosmetics,
845865,584607,17-12-2025,SESS905114,Referral,Desktop,Product View,Haircare,
845866,597370,07-02-2025,SESS905115,Marketplace,Desktop,Website Visit,Colour Cosmetics,490081
845871,507989,16-03-2024,SESS905116,Organic Search,Mobile,Website Visit,Colour Cosmetics,480858
813106,507989,16-03-2024,SESS905116,Organic Search,Mobile,Product View,Colour Cosmetics,480858
813108,507989,16-03-2024,SESS905116,Organic Search,Mobile,Add to Cart,Colour Cosmetics,480858
845877,507592,02-02-2024,SESS905117,Organic Search,Mobile,Website Visit,Haircare,420046
845880,507592,02-02-2024,SESS905117,Organic Search,Mobile,Product View,Haircare,420046
813113,536002,24-08-2025,SESS905118,Organic Search,Mobile,Website Visit,Skincare,
813114,536002,24-08-2025,SESS905118,Organic Search,Mobile,Product View,Skincare,
845883,536002,24-08-2025,SESS905118,Organic Search,Mobile,Add to Cart,Skincare,
878657,536002,24-08-2025,SESS905118,Organic Search,Mobile,Checkout Started,Colour Cosmetics,
845890,536002,24-08-2025,SESS905118,Organic Search,Mobile,Purchase,Skincare,
813123,531147,05-06-2024,SESS905119,Google,Mobile,Website Visit,Skincare,
878660,558799,28-02-2025,SESS905120,Instagram,Desktop,Website Visit,Skincare,496480
878661,563788,23-07-2025,SESS905121,Instagram,Desktop,Website Visit,Colour Cosmetics,
813124,563788,23-07-2025,SESS905121,Instagram,Desktop,Product View,Colour Cosmetics,
845897,579887,10-07-2024,SESS905122,Google,Mobile,Website Visit,Skincare,479647
878667,579887,10-07-2024,SESS905122,Google,Mobile,Product View,Skincare,479647
845899,596815,02-10-2024,SESS905123,Instagram,Desktop,Website Visit,Skincare,
813132,534600,10-01-2024,SESS905124,Instagram,Desktop,Website Visit,Skincare,400573
878668,586752,10-03-2025,SESS905125,Google,Mobile,Website Visit,Haircare,495209
813135,586752,10-03-2025,SESS905125,Google,Mobile,Product View,Skincare,495209
878673,516341,16-02-2025,SESS905126,Instagram,Mobile,Website Visit,Colour Cosmetics,497049
813138,556346,09-02-2025,SESS905127,Organic Search,Mobile,Website Visit,Haircare,454313
813137,556346,09-02-2025,SESS905127,Organic Search,Mobile,Product View,Haircare,454313
813143,578997,09-02-2025,SESS905128,Marketplace,Mobile,Website Visit,Colour Cosmetics,
845912,500371,26-09-2024,SESS905129,Marketplace,Mobile,Website Visit,Colour Cosmetics,450092
845911,539535,15-03-2025,SESS905130,Google,Mobile,Website Visit,Haircare,493341
813146,539535,15-03-2025,SESS905130,Google,Mobile,Product View,Skincare,493341
845916,539535,15-03-2025,SESS905130,Google,Mobile,Add to Cart,Skincare,493341
813150,556057,29-06-2025,SESS905131,Google,Mobile,Website Visit,Colour Cosmetics,
878689,532953,21-03-2025,SESS905132,Instagram,Desktop,Website Visit,Colour Cosmetics,
813159,532953,21-03-2025,SESS905132,Instagram,Desktop,Product View,Colour Cosmetics,
845928,523600,11-03-2024,SESS905133,Google,Mobile,Website Visit,Colour Cosmetics,485381
813162,523600,11-03-2024,SESS905133,Google,Mobile,Product View,Colour Cosmetics,485381
845931,523600,11-03-2024,SESS905133,Google,Mobile,Add to Cart,Colour Cosmetics,485381
878698,523600,11-03-2024,SESS905133,Google,Mobile,Checkout Started,Colour Cosmetics,485381
813163,523600,11-03-2024,SESS905133,Google,Mobile,Purchase,Colour Cosmetics,485381
813167,515860,02-04-2024,SESS905134,Organic Search,Mobile,Website Visit,Colour Cosmetics,405472
813168,515860,02-04-2024,SESS905134,Organic Search,Mobile,Product View,Skincare,405472
878703,515860,02-04-2024,SESS905134,Organic Search,Mobile,Add to Cart,Skincare,405472
813172,515860,02-04-2024,SESS905134,Organic Search,Mobile,Checkout Started,Skincare,405472
878716,515860,02-04-2024,SESS905134,Organic Search,Mobile,Purchase,Skincare,405472
878721,537601,10-07-2025,SESS905135,Instagram,Mobile,Website Visit,Skincare,405867
845967,509876,07-03-2025,SESS905136,Marketplace,Mobile,Website Visit,Haircare,
813200,509876,07-03-2025,SESS905136,Marketplace,Mobile,Product View,Haircare,
845972,551964,15-11-2024,SESS905137,Google,Mobile,Website Visit,Colour Cosmetics,445539
878742,537752,02-01-2024,SESS905138,Influencer,Mobile,Website Visit,Skincare,
813215,537752,02-01-2024,SESS905138,Influencer,Mobile,Product View,Skincare,
813216,537752,02-01-2024,SESS905138,Influencer,Mobile,Add to Cart,Skincare,
845988,547576,05-10-2024,SESS905139,Organic Search,Mobile,Website Visit,Skincare,473870
845989,598548,08-02-2024,SESS905140,Organic Search,Mobile,Website Visit,Colour Cosmetics,
845990,557424,14-11-2024,SESS905141,Google,Tablet,Website Visit,Skincare,480858
845993,557424,14-11-2024,SESS905141,Google,Tablet,Product View,Skincare,480858
845994,532951,19-01-2025,SESS905142,Organic Search,Desktop,Website Visit,Colour Cosmetics,
813228,520052,10-06-2024,SESS905143,Instagram,Mobile,Website Visit,Skincare,
878771,520052,10-06-2024,SESS905143,Instagram,Mobile,Product View,Colour Cosmetics,
846003,520052,10-06-2024,SESS905143,Instagram,Mobile,Add to Cart,Skincare,
813238,533586,03-04-2024,SESS905144,Google,Mobile,Website Visit,Skincare,
813243,533586,03-04-2024,SESS905144,Google,Mobile,Product View,Skincare,
878780,533586,03-04-2024,SESS905144,Google,Mobile,Add to Cart,Skincare,
846013,533586,03-04-2024,SESS905144,Google,Mobile,Checkout Started,Skincare,
878781,533586,03-04-2024,SESS905144,Google,Mobile,Purchase,Colour Cosmetics,
846014,590461,22-02-2024,SESS905145,Referral,Mobile,Website Visit,Haircare,
878784,590461,22-02-2024,SESS905145,Referral,Mobile,Product View,Haircare,
846018,590461,22-02-2024,SESS905145,Referral,Mobile,Add to Cart,Haircare,
878786,584599,31-01-2024,SESS905146,Google,Desktop,Website Visit,Skincare,465408
878791,578269,24-06-2025,SESS905147,Organic Search,Mobile,Website Visit,Colour Cosmetics,
846027,578269,24-06-2025,SESS905147,Organic Search,Mobile,Product View,Colour Cosmetics,
813259,578269,24-06-2025,SESS905147,Organic Search,Mobile,Add to Cart,Colour Cosmetics,
878802,587747,12-08-2024,SESS905148,Referral,Mobile,Website Visit,Skincare,426192
846034,587747,12-08-2024,SESS905148,Referral,Mobile,Product View,Skincare,426192
813268,572924,10-01-2024,SESS905149,Influencer,Mobile,Website Visit,Skincare,420046
813267,572924,10-01-2024,SESS905149,Influencer,Mobile,Product View,Skincare,420046
846038,590794,30-04-2024,SESS905150,Organic Search,Desktop,Website Visit,Colour Cosmetics,491749
878814,590794,30-04-2024,SESS905150,Organic Search,Desktop,Product View,Colour Cosmetics,491749
813281,502389,13-06-2025,SESS905151,Google,Mobile,Website Visit,Haircare,438612
813283,554008,16-02-2025,SESS905152,Marketplace,Tablet,Website Visit,Colour Cosmetics,
846053,554008,16-02-2025,SESS905152,Marketplace,Tablet,Product View,Colour Cosmetics,
813285,593525,21-05-2025,SESS905153,Organic Search,Mobile,Website Visit,Colour Cosmetics,
878824,593525,21-05-2025,SESS905153,Organic Search,Mobile,Product View,Colour Cosmetics,
878827,552184,15-03-2025,SESS905154,Offline Store,Desktop,Website Visit,Skincare,484510
813293,574946,20-12-2025,SESS905155,Influencer,Mobile,Website Visit,Haircare,
813294,574946,20-12-2025,SESS905155,Influencer,Mobile,Product View,Haircare,
846071,574946,20-12-2025,SESS905155,Influencer,Mobile,Add to Cart,Haircare,
813305,574946,20-12-2025,SESS905155,Influencer,Mobile,Checkout Started,Haircare,
846077,574946,20-12-2025,SESS905155,Influencer,Mobile,Purchase,Haircare,
878849,577128,29-06-2025,SESS905156,Instagram,Mobile,Website Visit,Haircare,486746
846084,519442,08-03-2025,SESS905157,Referral,Desktop,Website Visit,Haircare,418071
878854,536347,22-09-2025,SESS905158,Marketplace,Tablet,Website Visit,Skincare,493341
878855,536347,22-09-2025,SESS905158,Marketplace,Tablet,Product View,Skincare,493341
813325,572529,25-03-2025,SESS905159,Influencer,Mobile,Website Visit,Haircare,
846093,572529,25-03-2025,SESS905159,Influencer,Mobile,Product View,Haircare,
813331,537196,03-06-2024,SESS905160,Organic Search,Mobile,Website Visit,Skincare,
878868,537196,03-06-2024,SESS905160,Organic Search,Mobile,Product View,Skincare,
813333,537196,03-06-2024,SESS905160,Organic Search,Mobile,Add to Cart,Skincare,
813334,537196,03-06-2024,SESS905160,Organic Search,Mobile,Checkout Started,Skincare,
878873,537196,03-06-2024,SESS905160,Organic Search,Mobile,Purchase,Skincare,
846110,537512,14-03-2025,SESS905161,Organic Search,Mobile,Website Visit,Haircare,
846115,532527,18-08-2025,SESS905162,Marketplace,Mobile,Website Visit,Skincare,
878884,539321,18-01-2024,SESS905163,Influencer,Mobile,Website Visit,Colour Cosmetics,
878887,539321,18-01-2024,SESS905163,Influencer,Mobile,Product View,Colour Cosmetics,
878891,584497,06-04-2025,SESS905164,Instagram,Mobile,Website Visit,Skincare,486746
878893,584497,06-04-2025,SESS905164,Instagram,Mobile,Product View,Colour Cosmetics,486746
878895,547425,29-08-2025,SESS905165,Instagram,Desktop,Website Visit,Haircare,
813361,516728,16-02-2024,SESS905166,Influencer,Desktop,Website Visit,Colour Cosmetics,
846130,546105,13-03-2024,SESS905167,Google,Tablet,Website Visit,Colour Cosmetics,
846133,546105,13-03-2024,SESS905167,Google,Tablet,Product View,Colour Cosmetics,
878901,593872,11-04-2025,SESS905168,Offline Store,Mobile,Website Visit,Skincare,403658
813370,593872,11-04-2025,SESS905168,Offline Store,Mobile,Product View,Haircare,403658
878918,591384,01-07-2025,SESS905169,Marketplace,Mobile,Website Visit,Haircare,449380
813383,591384,01-07-2025,SESS905169,Marketplace,Mobile,Product View,Colour Cosmetics,449380
813386,568386,18-02-2024,SESS905170,Marketplace,Mobile,Website Visit,Colour Cosmetics,458427
813391,568386,18-02-2024,SESS905170,Marketplace,Mobile,Product View,Colour Cosmetics,458427
846162,575392,28-05-2025,SESS905171,Instagram,Mobile,Website Visit,Skincare,453495
878931,575392,28-05-2025,SESS905171,Instagram,Mobile,Product View,Skincare,453495
813396,532472,30-01-2024,SESS905172,Referral,Mobile,Website Visit,Skincare,467288
878934,507146,17-01-2025,SESS905173,Offline Store,Desktop,Website Visit,Colour Cosmetics,
846166,537700,06-09-2024,SESS905174,Instagram,Mobile,Website Visit,Skincare,467288
878935,537700,06-09-2024,SESS905174,Instagram,Mobile,Product View,Skincare,467288
878938,518643,26-09-2024,SESS905175,Google,Desktop,Website Visit,Haircare,
813406,518643,26-09-2024,SESS905175,Google,Desktop,Product View,Haircare,
846175,592124,28-07-2025,SESS905176,Instagram,Mobile,Website Visit,Colour Cosmetics,462926
813410,592124,28-07-2025,SESS905176,Instagram,Mobile,Product View,Colour Cosmetics,462926
878947,545508,12-04-2025,SESS905177,Marketplace,Mobile,Website Visit,Skincare,473870
878954,545508,12-04-2025,SESS905177,Marketplace,Mobile,Product View,Skincare,473870
813424,514534,13-09-2024,SESS905178,Google,Desktop,Website Visit,Skincare,455343
878960,581399,01-03-2024,SESS905179,Organic Search,Desktop,Website Visit,Skincare,434464
846195,581399,01-03-2024,SESS905179,Organic Search,Desktop,Product View,Skincare,434464
878964,581399,01-03-2024,SESS905179,Organic Search,Desktop,Add to Cart,Skincare,434464
813430,581399,01-03-2024,SESS905179,Organic Search,Desktop,Checkout Started,Skincare,434464
813431,581399,01-03-2024,SESS905179,Organic Search,Desktop,Purchase,Skincare,434464
813432,574593,29-01-2024,SESS905180,Offline Store,Mobile,Website Visit,Skincare,
878969,553424,21-08-2024,SESS905181,Referral,Mobile,Website Visit,Skincare,
813434,576983,23-09-2024,SESS905182,Google,Tablet,Website Visit,Colour Cosmetics,476695
878970,576983,23-09-2024,SESS905182,Google,Tablet,Product View,Colour Cosmetics,476695
878972,503379,13-03-2024,SESS905183,Referral,Mobile,Website Visit,Skincare,403719
846203,581691,23-01-2024,SESS905184,Instagram,Mobile,Website Visit,Skincare,
846198,581691,23-01-2024,SESS905184,Instagram,Mobile,Product View,Skincare,
878975,581691,23-01-2024,SESS905184,Instagram,Mobile,Add to Cart,Skincare,
813440,536509,17-04-2024,SESS905185,Influencer,Mobile,Website Visit,Colour Cosmetics,
846207,536509,17-04-2024,SESS905185,Influencer,Mobile,Product View,Colour Cosmetics,
846211,550488,24-01-2025,SESS905186,Marketplace,Desktop,Website Visit,Haircare,
813447,586159,18-04-2024,SESS905187,Referral,Desktop,Website Visit,Skincare,453495
813452,568347,13-05-2025,SESS905188,Organic Search,Mobile,Website Visit,Skincare,492273
846221,568347,13-05-2025,SESS905188,Organic Search,Mobile,Product View,Skincare,492273
813474,553516,02-07-2024,SESS905189,Marketplace,Desktop,Website Visit,Skincare,463612
879013,553516,02-07-2024,SESS905189,Marketplace,Desktop,Product View,Skincare,463612
813479,519340,07-07-2024,SESS905190,Instagram,Mobile,Website Visit,Haircare,
846248,535720,01-03-2024,SESS905191,Google,Mobile,Website Visit,Skincare,438097
846249,576099,12-07-2025,SESS905192,Google,Desktop,Website Visit,Skincare,496899
879020,576099,12-07-2025,SESS905192,Google,Desktop,Product View,Skincare,496899
813486,576099,12-07-2025,SESS905192,Google,Desktop,Add to Cart,Haircare,496899
813487,576099,12-07-2025,SESS905192,Google,Desktop,Checkout Started,Skincare,496899
879025,576099,12-07-2025,SESS905192,Google,Desktop,Purchase,Skincare,496899
813491,523021,25-04-2025,SESS905193,Influencer,Desktop,Website Visit,Skincare,
846262,523021,25-04-2025,SESS905193,Influencer,Desktop,Product View,Skincare,
879034,558799,15-09-2025,SESS905194,Instagram,Mobile,Website Visit,Skincare,473151
879035,558799,15-09-2025,SESS905194,Instagram,Mobile,Product View,Skincare,473151
879036,558799,15-09-2025,SESS905194,Instagram,Mobile,Add to Cart,Skincare,473151
879039,534687,18-08-2024,SESS905195,Google,Mobile,Website Visit,Haircare,
879042,534687,18-08-2024,SESS905195,Google,Mobile,Product View,Haircare,
813507,534687,18-08-2024,SESS905195,Google,Mobile,Add to Cart,Haircare,
846275,534687,18-08-2024,SESS905195,Google,Mobile,Checkout Started,Colour Cosmetics,
813513,509961,22-08-2024,SESS905196,Offline Store,Mobile,Website Visit,Skincare,
879054,509961,22-08-2024,SESS905196,Offline Store,Mobile,Product View,Skincare,
846291,543065,01-08-2025,SESS905197,Offline Store,Tablet,Website Visit,Skincare,455343
846292,543065,01-08-2025,SESS905197,Offline Store,Tablet,Product View,Skincare,455343
879061,552757,24-11-2025,SESS905198,Instagram,Desktop,Website Visit,Skincare,408197
879063,552757,24-11-2025,SESS905198,Instagram,Desktop,Product View,Skincare,408197
846295,516901,10-08-2024,SESS905199,Organic Search,Mobile,Website Visit,Colour Cosmetics,476238
813529,509038,14-12-2025,SESS905200,Instagram,Mobile,Website Visit,Skincare,
879065,509038,14-12-2025,SESS905200,Instagram,Mobile,Product View,Haircare,
879070,536517,06-03-2024,SESS905201,Influencer,Mobile,Website Visit,Colour Cosmetics,494148
813534,554747,23-04-2025,SESS905202,Influencer,Mobile,Website Visit,Skincare,
846303,554747,23-04-2025,SESS905202,Influencer,Mobile,Product View,Skincare,
813543,506572,19-06-2024,SESS905203,Influencer,Mobile,Website Visit,Colour Cosmetics,
879081,506572,19-06-2024,SESS905203,Influencer,Mobile,Product View,Colour Cosmetics,
846316,569135,01-03-2025,SESS905204,Google,Mobile,Website Visit,Haircare,471327
813565,569135,01-03-2025,SESS905204,Google,Mobile,Product View,Haircare,471327
846333,551173,04-03-2025,SESS905205,Organic Search,Mobile,Website Visit,Skincare,446351
813569,586980,29-12-2025,SESS905206,Google,Mobile,Website Visit,Haircare,427621
813570,586980,29-12-2025,SESS905206,Google,Mobile,Product View,Haircare,427621
879114,568765,23-07-2025,SESS905207,Referral,Mobile,Website Visit,Skincare,
813581,553545,09-07-2024,SESS905208,Organic Search,Mobile,Website Visit,Skincare,
879119,553545,09-07-2024,SESS905208,Organic Search,Mobile,Product View,Skincare,
846354,553545,09-07-2024,SESS905208,Organic Search,Mobile,Add to Cart,Skincare,
846355,568995,24-02-2024,SESS905209,Instagram,Desktop,Website Visit,Colour Cosmetics,447520
879124,531365,03-03-2024,SESS905210,Google,Mobile,Website Visit,Skincare,444911
846356,530784,10-02-2024,SESS905211,Instagram,Mobile,Website Visit,Skincare,
813593,530784,10-02-2024,SESS905211,Instagram,Mobile,Product View,Skincare,
846362,557640,30-12-2025,SESS905212,Instagram,Mobile,Website Visit,Skincare,495722
813600,557640,30-12-2025,SESS905212,Instagram,Mobile,Product View,Skincare,495722
813603,575392,07-10-2025,SESS905213,Instagram,Mobile,Website Visit,Skincare,
813608,575392,07-10-2025,SESS905213,Instagram,Mobile,Product View,Skincare,
813610,506057,11-06-2025,SESS905214,Instagram,Mobile,Website Visit,Skincare,422227
846382,506057,11-06-2025,SESS905214,Instagram,Mobile,Product View,Colour Cosmetics,422227
846384,545015,09-06-2025,SESS905215,Instagram,Mobile,Website Visit,Colour Cosmetics,400060
846386,555444,26-12-2025,SESS905216,Influencer,Desktop,Website Visit,Colour Cosmetics,406900
879158,555444,26-12-2025,SESS905216,Influencer,Desktop,Product View,Colour Cosmetics,406900
879159,522782,14-03-2025,SESS905217,Influencer,Desktop,Website Visit,Skincare,480372
846393,522782,14-03-2025,SESS905217,Influencer,Desktop,Product View,Skincare,480372
846397,522782,14-03-2025,SESS905217,Influencer,Desktop,Add to Cart,Skincare,480372
813630,522782,14-03-2025,SESS905217,Influencer,Desktop,Checkout Started,Skincare,480372
813631,585823,01-07-2024,SESS905218,Influencer,Desktop,Website Visit,Skincare,451803
846400,585823,01-07-2024,SESS905218,Influencer,Desktop,Product View,Skincare,451803
813629,570592,03-01-2025,SESS905219,Influencer,Mobile,Website Visit,Skincare,490993
879165,570592,03-01-2025,SESS905219,Influencer,Mobile,Product View,Haircare,490993
813635,562746,20-12-2024,SESS905220,Instagram,Mobile,Website Visit,Skincare,
846405,570008,09-07-2024,SESS905221,Google,Mobile,Website Visit,Colour Cosmetics,
813638,570008,09-07-2024,SESS905221,Google,Mobile,Product View,Colour Cosmetics,
846413,570008,09-07-2024,SESS905221,Google,Mobile,Add to Cart,Colour Cosmetics,
813646,533082,01-10-2024,SESS905222,Instagram,Mobile,Website Visit,Colour Cosmetics,
879181,533082,01-10-2024,SESS905222,Instagram,Mobile,Product View,Skincare,
879186,576858,09-08-2024,SESS905223,Influencer,Mobile,Website Visit,Skincare,491749
879192,576858,09-08-2024,SESS905223,Influencer,Mobile,Product View,Skincare,491749
813666,576858,09-08-2024,SESS905223,Influencer,Mobile,Add to Cart,Haircare,491749
846434,576858,09-08-2024,SESS905223,Influencer,Mobile,Checkout Started,Skincare,491749
879205,576858,09-08-2024,SESS905223,Influencer,Mobile,Purchase,Skincare,491749
879209,588984,09-10-2024,SESS905224,Instagram,Mobile,Website Visit,Skincare,441065
846445,588984,09-10-2024,SESS905224,Instagram,Mobile,Product View,Haircare,441065
813677,588984,09-10-2024,SESS905224,Instagram,Mobile,Add to Cart,Haircare,441065
879215,510114,01-03-2024,SESS905225,Organic Search,Mobile,Website Visit,Colour Cosmetics,463122
813679,510114,01-03-2024,SESS905225,Organic Search,Mobile,Product View,Colour Cosmetics,463122
813684,537700,12-10-2024,SESS905226,Instagram,Desktop,Website Visit,Skincare,488400
813691,537700,12-10-2024,SESS905226,Instagram,Desktop,Product View,Skincare,488400
813693,537700,12-10-2024,SESS905226,Instagram,Desktop,Add to Cart,Skincare,488400
846461,519340,26-11-2024,SESS905227,Instagram,Desktop,Website Visit,Colour Cosmetics,
879231,519340,26-11-2024,SESS905227,Instagram,Desktop,Product View,Colour Cosmetics,
879237,585717,23-04-2024,SESS905228,Organic Search,Mobile,Website Visit,Haircare,463442
846469,585717,23-04-2024,SESS905228,Organic Search,Mobile,Product View,Haircare,463442
813702,526365,17-04-2025,SESS905229,Marketplace,Mobile,Website Visit,Colour Cosmetics,429945
813704,590388,12-02-2025,SESS905230,Organic Search,Mobile,Website Visit,Skincare,
813705,570804,20-03-2025,SESS905231,Instagram,Mobile,Website Visit,Skincare,
813708,570804,20-03-2025,SESS905231,Instagram,Mobile,Product View,Skincare,
879250,570804,20-03-2025,SESS905231,Instagram,Mobile,Add to Cart,Skincare,
813714,570804,20-03-2025,SESS905231,Instagram,Mobile,Checkout Started,Skincare,
846489,597609,22-09-2024,SESS905232,Referral,Desktop,Website Visit,Haircare,
813729,597609,22-09-2024,SESS905232,Referral,Desktop,Product View,Haircare,
813730,591382,14-03-2024,SESS905233,Marketplace,Desktop,Website Visit,Colour Cosmetics,493447
879271,591382,14-03-2024,SESS905233,Marketplace,Desktop,Product View,Colour Cosmetics,493447
846509,534814,18-07-2025,SESS905234,Google,Mobile,Website Visit,Skincare,
879279,534814,18-07-2025,SESS905234,Google,Mobile,Product View,Skincare,
846512,534814,18-07-2025,SESS905234,Google,Mobile,Add to Cart,Skincare,
813747,534814,18-07-2025,SESS905234,Google,Mobile,Checkout Started,Haircare,
846518,534814,18-07-2025,SESS905234,Google,Mobile,Purchase,Skincare,
813750,542372,03-04-2024,SESS905235,Instagram,Mobile,Website Visit,Skincare,
846530,542372,03-04-2024,SESS905235,Instagram,Mobile,Product View,Skincare,
879305,542372,03-04-2024,SESS905235,Instagram,Mobile,Add to Cart,Skincare,
879308,565836,04-05-2024,SESS905236,Organic Search,Mobile,Website Visit,Colour Cosmetics,
813773,565836,04-05-2024,SESS905236,Organic Search,Mobile,Product View,Haircare,
846542,565836,04-05-2024,SESS905236,Organic Search,Mobile,Add to Cart,Colour Cosmetics,
846543,570804,30-07-2024,SESS905237,Instagram,Mobile,Website Visit,Skincare,494148
813778,570804,30-07-2024,SESS905237,Instagram,Mobile,Product View,Skincare,494148
879324,570804,30-07-2024,SESS905237,Instagram,Mobile,Add to Cart,Skincare,494148
879325,548331,10-03-2025,SESS905238,Google,Desktop,Website Visit,Skincare,
813788,548331,10-03-2025,SESS905238,Google,Desktop,Product View,Skincare,
846560,548331,10-03-2025,SESS905238,Google,Desktop,Add to Cart,Skincare,
846568,548331,10-03-2025,SESS905238,Google,Desktop,Checkout Started,Skincare,
846569,548331,10-03-2025,SESS905238,Google,Desktop,Purchase,Skincare,
879339,530340,05-03-2024,SESS905239,Instagram,Desktop,Website Visit,Colour Cosmetics,
846573,594510,24-01-2025,SESS905240,Influencer,Mobile,Website Visit,Colour Cosmetics,497553
846578,594510,24-01-2025,SESS905240,Influencer,Mobile,Product View,Colour Cosmetics,497553
813810,594510,24-01-2025,SESS905240,Influencer,Mobile,Add to Cart,Colour Cosmetics,497553
813814,551645,06-10-2025,SESS905241,Instagram,Mobile,Website Visit,Haircare,
813815,540687,13-08-2025,SESS905242,Influencer,Mobile,Website Visit,Skincare,
879352,540687,13-08-2025,SESS905242,Influencer,Mobile,Product View,Skincare,
813816,540687,13-08-2025,SESS905242,Influencer,Mobile,Add to Cart,Skincare,
813819,560260,25-07-2024,SESS905243,Influencer,Mobile,Website Visit,Colour Cosmetics,412905
879356,560260,25-07-2024,SESS905243,Influencer,Mobile,Product View,Colour Cosmetics,412905
879360,568327,30-03-2024,SESS905244,Instagram,Mobile,Website Visit,Colour Cosmetics,423132
813826,571582,22-08-2025,SESS905245,Organic Search,Desktop,Website Visit,Colour Cosmetics,
879363,555461,22-02-2024,SESS905246,Instagram,Tablet,Website Visit,Skincare,
813828,555461,22-02-2024,SESS905246,Instagram,Tablet,Product View,Skincare,
879364,501658,11-02-2025,SESS905247,Google,Tablet,Website Visit,Haircare,495209
813829,501658,11-02-2025,SESS905247,Google,Tablet,Product View,Haircare,495209
846598,538829,01-12-2024,SESS905248,Instagram,Mobile,Website Visit,Haircare,427155
846599,538829,01-12-2024,SESS905248,Instagram,Mobile,Product View,Haircare,427155
879369,548843,06-09-2025,SESS905249,Instagram,Mobile,Website Visit,Skincare,
813836,548843,06-09-2025,SESS905249,Instagram,Mobile,Product View,Skincare,
813838,509869,16-08-2024,SESS905250,Marketplace,Tablet,Website Visit,Colour Cosmetics,492044
813840,509869,16-08-2024,SESS905250,Marketplace,Tablet,Product View,Colour Cosmetics,492044
846608,597978,05-12-2025,SESS905251,Instagram,Mobile,Website Visit,Colour Cosmetics,
879376,507026,30-09-2024,SESS905252,Instagram,Mobile,Website Visit,Skincare,445210
879377,597404,04-12-2025,SESS905253,Instagram,Desktop,Website Visit,Colour Cosmetics,436764
879384,597404,04-12-2025,SESS905253,Instagram,Desktop,Product View,Colour Cosmetics,436764
846617,549941,15-06-2025,SESS905254,Organic Search,Desktop,Website Visit,Colour Cosmetics,473289
813850,549941,15-06-2025,SESS905254,Organic Search,Desktop,Product View,Skincare,473289
813851,511915,05-02-2024,SESS905255,Marketplace,Mobile,Website Visit,Skincare,405376
879387,588907,02-11-2025,SESS905256,Instagram,Tablet,Website Visit,Skincare,
846624,541704,26-01-2025,SESS905257,Influencer,Mobile,Website Visit,Colour Cosmetics,
813858,541704,26-01-2025,SESS905257,Influencer,Mobile,Product View,Colour Cosmetics,
846626,542600,02-09-2024,SESS905258,Google,Desktop,Website Visit,Skincare,
879397,542600,02-09-2024,SESS905258,Google,Desktop,Product View,Skincare,
846630,542600,02-09-2024,SESS905258,Google,Desktop,Add to Cart,Skincare,
813865,599613,07-03-2024,SESS905259,Instagram,Mobile,Website Visit,Colour Cosmetics,492837
846633,599613,07-03-2024,SESS905259,Instagram,Mobile,Product View,Colour Cosmetics,492837
813867,599613,07-03-2024,SESS905259,Instagram,Mobile,Add to Cart,Colour Cosmetics,492837
813866,599613,07-03-2024,SESS905259,Instagram,Mobile,Checkout Started,Colour Cosmetics,492837
846635,521747,30-12-2025,SESS905260,Marketplace,Mobile,Website Visit,Skincare,416586
879401,572910,28-09-2024,SESS905261,Influencer,Mobile,Website Visit,Haircare,437316
879407,572910,28-09-2024,SESS905261,Influencer,Mobile,Product View,Skincare,437316
846640,572910,28-09-2024,SESS905261,Influencer,Mobile,Add to Cart,Skincare,437316
813876,572910,28-09-2024,SESS905261,Influencer,Mobile,Checkout Started,Colour Cosmetics,437316
813881,572910,28-09-2024,SESS905261,Influencer,Mobile,Purchase,Skincare,437316
846651,599061,21-07-2024,SESS905262,Marketplace,Mobile,Website Visit,Skincare,
879421,599061,21-07-2024,SESS905262,Marketplace,Mobile,Product View,Skincare,
813893,599061,21-07-2024,SESS905262,Marketplace,Mobile,Add to Cart,Skincare,
813898,599061,21-07-2024,SESS905262,Marketplace,Mobile,Checkout Started,Skincare,
879434,599061,21-07-2024,SESS905262,Marketplace,Mobile,Purchase,Skincare,
846666,587878,10-06-2025,SESS905263,Marketplace,Mobile,Website Visit,Colour Cosmetics,
846677,587878,10-06-2025,SESS905263,Marketplace,Mobile,Product View,Colour Cosmetics,
846679,587878,10-06-2025,SESS905263,Marketplace,Mobile,Add to Cart,Colour Cosmetics,
879449,587878,10-06-2025,SESS905263,Marketplace,Mobile,Checkout Started,Colour Cosmetics,
846686,587878,10-06-2025,SESS905263,Marketplace,Mobile,Purchase,Haircare,
879460,567154,06-10-2025,SESS905264,Google,Mobile,Website Visit,Skincare,
846692,574668,26-04-2024,SESS905265,Google,Mobile,Website Visit,Haircare,
813928,516505,31-05-2024,SESS905266,Influencer,Mobile,Website Visit,Haircare,
813937,516505,31-05-2024,SESS905266,Influencer,Mobile,Product View,Haircare,
813944,504117,03-01-2025,SESS905267,Marketplace,Mobile,Website Visit,Skincare,439826
813946,591551,11-11-2024,SESS905268,Influencer,Desktop,Website Visit,Colour Cosmetics,429945
846716,516591,14-02-2025,SESS905269,Influencer,Desktop,Website Visit,Haircare,430394
879485,516591,14-02-2025,SESS905269,Influencer,Desktop,Product View,Haircare,430394
879486,516591,14-02-2025,SESS905269,Influencer,Desktop,Add to Cart,Haircare,430394
879487,516591,14-02-2025,SESS905269,Influencer,Desktop,Checkout Started,Haircare,430394
846718,598951,12-10-2024,SESS905270,Influencer,Desktop,Website Visit,Colour Cosmetics,
813952,598951,12-10-2024,SESS905270,Influencer,Desktop,Product View,Colour Cosmetics,
846722,557912,10-08-2025,SESS905271,Marketplace,Mobile,Website Visit,Colour Cosmetics,474998
813958,557912,10-08-2025,SESS905271,Marketplace,Mobile,Product View,Skincare,474998
846728,557912,10-08-2025,SESS905271,Marketplace,Mobile,Add to Cart,Colour Cosmetics,474998
813963,576858,20-09-2024,SESS905272,Influencer,Mobile,Website Visit,Skincare,493447
879502,576858,20-09-2024,SESS905272,Influencer,Mobile,Product View,Skincare,493447
813970,570912,16-02-2025,SESS905273,Influencer,Mobile,Website Visit,Skincare,497553
813972,570912,16-02-2025,SESS905273,Influencer,Mobile,Product View,Skincare,497553
813973,570912,16-02-2025,SESS905273,Influencer,Mobile,Add to Cart,Skincare,497553
813975,570912,16-02-2025,SESS905273,Influencer,Mobile,Checkout Started,Skincare,497553
846743,570912,16-02-2025,SESS905273,Influencer,Mobile,Purchase,Skincare,497553
846745,547537,11-10-2025,SESS905274,Instagram,Mobile,Website Visit,Skincare,400573
879513,557954,23-10-2025,SESS905275,Influencer,Desktop,Website Visit,Skincare,427621
879521,557954,23-10-2025,SESS905275,Influencer,Desktop,Product View,Skincare,427621
813990,508950,11-07-2024,SESS905276,Instagram,Mobile,Website Visit,Haircare,
846764,508950,11-07-2024,SESS905276,Instagram,Mobile,Product View,Colour Cosmetics,
846771,510682,09-08-2025,SESS905277,Marketplace,Desktop,Website Visit,Skincare,
814003,510682,09-08-2025,SESS905277,Marketplace,Desktop,Product View,Skincare,
879539,510682,09-08-2025,SESS905277,Marketplace,Desktop,Add to Cart,Skincare,
879541,582991,21-06-2024,SESS905278,Instagram,Unknown,Website Visit,Colour Cosmetics,
879543,582991,21-06-2024,SESS905278,Instagram,Mobile,Product View,Colour Cosmetics,
879545,594540,22-01-2024,SESS905279,Organic Search,Mobile,Website Visit,Colour Cosmetics,
846779,594540,22-01-2024,SESS905279,Organic Search,Mobile,Product View,Haircare,
879550,594540,22-01-2024,SESS905279,Organic Search,Mobile,Add to Cart,Haircare,
814023,594540,22-01-2024,SESS905279,Organic Search,Mobile,Checkout Started,Haircare,
814026,591715,18-01-2024,SESS905280,Google,Mobile,Website Visit,Skincare,
814028,510011,20-04-2025,SESS905281,Organic Search,Desktop,Website Visit,Colour Cosmetics,476385
879565,543279,19-07-2025,SESS905282,Marketplace,Mobile,Website Visit,Colour Cosmetics,413440
814031,543279,19-07-2025,SESS905282,Marketplace,Mobile,Product View,Colour Cosmetics,413440
879576,505778,20-09-2024,SESS905283,Google,Mobile,Website Visit,Haircare,446351
846808,505778,20-09-2024,SESS905283,Google,Mobile,Product View,Skincare,446351
814045,509150,10-05-2025,SESS905284,Influencer,Mobile,Website Visit,Skincare,463442
846816,509150,10-05-2025,SESS905284,Influencer,Mobile,Product View,Haircare,463442
879590,509150,10-05-2025,SESS905284,Influencer,Mobile,Add to Cart,Skincare,463442
879593,509150,10-05-2025,SESS905284,Influencer,Mobile,Checkout Started,Skincare,463442
814063,509150,10-05-2025,SESS905284,Influencer,Mobile,Purchase,Skincare,463442
814071,546507,22-02-2025,SESS905285,Influencer,Desktop,Website Visit,Colour Cosmetics,477009
879607,581927,08-11-2024,SESS905286,Influencer,Mobile,Website Visit,Colour Cosmetics,
846841,581927,08-11-2024,SESS905286,Influencer,Mobile,Product View,Colour Cosmetics,
879612,583066,06-06-2025,SESS905287,Offline Store,Desktop,Website Visit,Skincare,
879613,583066,06-06-2025,SESS905287,Offline Store,Desktop,Product View,Skincare,
879616,559914,27-05-2024,SESS905288,Organic Search,Tablet,Website Visit,Skincare,
814088,559914,27-05-2024,SESS905288,Organic Search,Tablet,Product View,Skincare,
814092,596463,24-04-2025,SESS905289,Google,Mobile,Website Visit,Haircare,407184
846860,596463,24-04-2025,SESS905289,Google,Mobile,Product View,Haircare,407184
879630,596463,24-04-2025,SESS905289,Google,Mobile,Add to Cart,Haircare,407184
814093,537777,03-01-2025,SESS905290,Instagram,Mobile,Website Visit,Skincare,
879636,537777,03-01-2025,SESS905290,Instagram,Mobile,Product View,Skincare,
846873,594163,02-09-2024,SESS905291,Instagram,Mobile,Website Visit,Colour Cosmetics,
846878,594163,02-09-2024,SESS905291,Instagram,Mobile,Product View,Colour Cosmetics,
814114,509880,03-12-2025,SESS905292,Instagram,Mobile,Website Visit,Colour Cosmetics,454313
814118,564340,22-09-2024,SESS905293,Offline Store,Mobile,Website Visit,Skincare,494148
846886,535697,13-01-2024,SESS905294,Influencer,Mobile,Website Visit,Skincare,
879660,535697,13-01-2024,SESS905294,Influencer,Mobile,Product View,Skincare,
879670,547942,01-12-2025,SESS905295,Instagram,Mobile,Website Visit,Colour Cosmetics,474998
879672,547942,01-12-2025,SESS905295,Instagram,Mobile,Product View,Colour Cosmetics,474998
814138,543357,22-01-2024,SESS905296,Marketplace,Mobile,Website Visit,Haircare,
846907,543357,22-01-2024,SESS905296,Marketplace,Mobile,Product View,Colour Cosmetics,
846909,543357,22-01-2024,SESS905296,Marketplace,Mobile,Add to Cart,Colour Cosmetics,
879679,543357,22-01-2024,SESS905296,Marketplace,Mobile,Checkout Started,Colour Cosmetics,
846915,543357,22-01-2024,SESS905296,Marketplace,Mobile,Purchase,Colour Cosmetics,
814149,525166,09-06-2025,SESS905297,Google,Mobile,Website Visit,Colour Cosmetics,433648
846917,525166,09-06-2025,SESS905297,Google,Mobile,Product View,Skincare,433648
879688,525166,09-06-2025,SESS905297,Google,Mobile,Add to Cart,Skincare,433648
879689,525166,09-06-2025,SESS905297,Google,Mobile,Checkout Started,Skincare,433648
879693,525166,09-06-2025,SESS905297,Google,Mobile,Purchase,Skincare,433648
814161,538780,05-09-2024,SESS905298,Google,Desktop,Website Visit,Colour Cosmetics,424613
814164,538780,05-09-2024,SESS905298,Google,Desktop,Product View,Colour Cosmetics,424613
814165,568021,11-09-2025,SESS905299,Instagram,Mobile,Website Visit,Colour Cosmetics,433381
846940,568021,11-09-2025,SESS905299,Instagram,Mobile,Product View,Colour Cosmetics,433381
814174,587878,04-09-2025,SESS905300,Marketplace,Mobile,Website Visit,Colour Cosmetics,
846942,587878,04-09-2025,SESS905300,Marketplace,Mobile,Product View,Skincare,
814178,587878,04-09-2025,SESS905300,Marketplace,Mobile,Add to Cart,Colour Cosmetics,
879714,587878,04-09-2025,SESS905300,Marketplace,Mobile,Checkout Started,Colour Cosmetics,
846948,597771,09-03-2024,SESS905301,Instagram,Mobile,Website Visit,Skincare,
814186,597771,09-03-2024,SESS905301,Instagram,Mobile,Product View,Skincare,
879723,598771,04-05-2025,SESS905302,Referral,Mobile,Website Visit,Skincare,
879726,511846,30-03-2024,SESS905303,Marketplace,Desktop,Website Visit,Skincare,
814191,511846,30-03-2024,SESS905303,Marketplace,Desktop,Product View,Colour Cosmetics,
846960,511359,05-09-2024,SESS905304,Google,Mobile,Website Visit,Skincare,435644
846959,535018,07-10-2024,SESS905305,Marketplace,Mobile,Website Visit,Skincare,484510
879729,585823,11-04-2025,SESS905306,Influencer,Desktop,Website Visit,Colour Cosmetics,405392
814196,585823,11-04-2025,SESS905306,Influencer,Desktop,Product View,Skincare,405392
846965,582978,11-05-2024,SESS905307,Instagram,Desktop,Website Visit,Skincare,
846966,582978,11-05-2024,SESS905307,Instagram,Desktop,Product View,Skincare,
814198,569993,19-01-2024,SESS905308,Instagram,Mobile,Website Visit,Skincare,
814201,569993,19-01-2024,SESS905308,Instagram,Mobile,Product View,Skincare,
846969,545293,08-02-2024,SESS905309,Instagram,Mobile,Website Visit,Skincare,497049
879740,545293,08-02-2024,SESS905309,Instagram,Mobile,Product View,Colour Cosmetics,497049
879742,545293,08-02-2024,SESS905309,Instagram,Mobile,Add to Cart,Skincare,497049
879746,513473,19-10-2025,SESS905310,Instagram,Mobile,Website Visit,Skincare,450092
846980,599642,01-11-2025,SESS905311,Google,Mobile,Website Visit,Colour Cosmetics,426724
814214,599642,01-11-2025,SESS905311,Google,Mobile,Product View,Colour Cosmetics,426724
814224,575965,22-09-2024,SESS905312,Google,Desktop,Website Visit,Skincare,
814227,575965,22-09-2024,SESS905312,Google,Desktop,Product View,Skincare,
879766,575965,22-09-2024,SESS905312,Google,Desktop,Add to Cart,Skincare,
814233,597248,28-11-2025,SESS905313,Instagram,Mobile,Website Visit,Skincare,423132
814235,511846,12-04-2024,SESS905314,Marketplace,Mobile,Website Visit,Colour Cosmetics,
814244,587806,28-03-2025,SESS905315,Influencer,Desktop,Website Visit,Colour Cosmetics,492044
879781,513577,13-08-2024,SESS905316,Instagram,Mobile,Website Visit,Colour Cosmetics,480858
879790,513577,13-08-2024,SESS905316,Instagram,Mobile,Product View,Haircare,480858
847024,520006,27-08-2025,SESS905317,Influencer,Desktop,Website Visit,Colour Cosmetics,
814257,520006,27-08-2025,SESS905317,Influencer,Desktop,Product View,Haircare,
847026,548843,08-02-2025,SESS905318,Instagram,Desktop,Website Visit,Skincare,484510
814259,581609,14-05-2024,SESS905319,Instagram,Mobile,Website Visit,Skincare,405510
847028,581609,14-05-2024,SESS905319,Instagram,Mobile,Product View,Skincare,405510
879797,576931,17-08-2024,SESS905320,Instagram,Mobile,Website Visit,Colour Cosmetics,495722
814258,576931,17-08-2024,SESS905320,Instagram,Mobile,Product View,Colour Cosmetics,495722
847039,511970,29-02-2024,SESS905321,Marketplace,Mobile,Website Visit,Haircare,439826
879807,511970,29-02-2024,SESS905321,Marketplace,Mobile,Product View,Skincare,439826
879811,515906,06-09-2024,SESS905322,Influencer,Desktop,Website Visit,Haircare,453161
847043,515906,06-09-2024,SESS905322,Influencer,Desktop,Product View,Haircare,453161
847047,509071,24-03-2024,SESS905323,Marketplace,Desktop,Website Visit,Skincare,437119
814279,561797,17-04-2025,SESS905324,Google,Mobile,Website Visit,Haircare,
879819,561797,17-04-2025,SESS905324,Google,Mobile,Product View,Haircare,
814284,553516,10-02-2024,SESS905325,Marketplace,Mobile,Website Visit,Skincare,
847051,553516,10-02-2024,SESS905325,Marketplace,Mobile,Product View,Skincare,
847055,598341,19-08-2024,SESS905326,Referral,Mobile,Website Visit,Skincare,
847056,598341,19-08-2024,SESS905326,Referral,Mobile,Product View,Colour Cosmetics,
814287,564032,18-07-2025,SESS905327,Instagram,Mobile,Website Visit,Colour Cosmetics,
847059,561694,25-11-2025,SESS905328,Instagram,Mobile,Website Visit,Skincare,433648
814295,561694,25-11-2025,SESS905328,Instagram,Mobile,Product View,Colour Cosmetics,433648
879831,509880,04-06-2025,SESS905329,Instagram,Desktop,Website Visit,Colour Cosmetics,417878
879833,509880,04-06-2025,SESS905329,Instagram,Desktop,Product View,Colour Cosmetics,417878
847068,509880,04-06-2025,SESS905329,Instagram,Desktop,Add to Cart,Colour Cosmetics,417878
847073,531566,03-08-2025,SESS905330,Google,Desktop,Website Visit,Skincare,447520
814305,531566,03-08-2025,SESS905330,Google,Desktop,Product View,Skincare,447520
847077,531566,03-08-2025,SESS905330,Google,Desktop,Add to Cart,Haircare,447520
814309,523519,20-03-2025,SESS905331,Influencer,Desktop,Website Visit,Skincare,
879851,523519,20-03-2025,SESS905331,Influencer,Desktop,Product View,Skincare,
814319,558756,17-07-2025,SESS905332,Organic Search,Mobile,Website Visit,Skincare,
879856,588984,22-08-2024,SESS905333,Instagram,Desktop,Website Visit,Skincare,
814322,588984,22-08-2024,SESS905333,Instagram,Desktop,Product View,Colour Cosmetics,
879859,588984,22-08-2024,SESS905333,Instagram,Desktop,Add to Cart,Skincare,
814330,509724,24-06-2024,SESS905334,Google,Mobile,Website Visit,Skincare,
879866,509724,24-06-2024,SESS905334,Google,Mobile,Product View,Skincare,
847102,509724,24-06-2024,SESS905334,Google,Mobile,Add to Cart,Skincare,
847103,508907,04-07-2025,SESS905335,Organic Search,Mobile,Website Visit,Skincare,496480
847107,508907,04-07-2025,SESS905335,Organic Search,Mobile,Product View,Skincare,496480
847108,508907,04-07-2025,SESS905335,Organic Search,Mobile,Add to Cart,Skincare,496480
847109,508907,04-07-2025,SESS905335,Organic Search,Mobile,Checkout Started,Colour Cosmetics,496480
879875,508907,04-07-2025,SESS905335,Organic Search,Mobile,Purchase,Skincare,496480
814339,574963,02-03-2024,SESS905336,Offline Store,Mobile,Website Visit,Skincare,403690
814354,574963,02-03-2024,SESS905336,Offline Store,Mobile,Product View,Skincare,403690
814355,574963,02-03-2024,SESS905336,Offline Store,Mobile,Add to Cart,Skincare,403690
879893,574963,02-03-2024,SESS905336,Offline Store,Mobile,Checkout Started,Skincare,403690
879894,574963,02-03-2024,SESS905336,Offline Store,Mobile,Purchase,Skincare,403690
879895,575525,23-05-2025,SESS905337,Instagram,Mobile,Website Visit,Skincare,429945
847128,575525,23-05-2025,SESS905337,Instagram,Mobile,Product View,Skincare,429945
814361,592778,04-07-2024,SESS905338,Instagram,Desktop,Website Visit,Skincare,
814364,592778,04-07-2024,SESS905338,Instagram,Desktop,Product View,Skincare,
814365,517786,05-12-2024,SESS905339,Instagram,Desktop,Website Visit,Haircare,444911
879900,502552,17-03-2025,SESS905340,Google,Mobile,Website Visit,Haircare,435644
879903,571511,06-02-2025,SESS905341,Organic Search,Mobile,Website Visit,Skincare,481953
847138,571511,06-02-2025,SESS905341,Organic Search,Mobile,Product View,Skincare,481953
814371,543933,04-05-2025,SESS905342,Offline Store,Mobile,Website Visit,Colour Cosmetics,435644
879907,543933,04-05-2025,SESS905342,Offline Store,Mobile,Product View,Colour Cosmetics,435644
879914,526896,10-10-2025,SESS905343,Influencer,Mobile,Website Visit,Haircare,447520
847146,526896,10-10-2025,SESS905343,Influencer,Mobile,Product View,Haircare,447520
814380,522962,26-07-2024,SESS905344,Referral,Desktop,Website Visit,Skincare,483731
814383,532914,06-06-2025,SESS905345,Influencer,Mobile,Website Visit,Skincare,493447
879925,532914,06-06-2025,SESS905345,Influencer,Mobile,Product View,Skincare,493447
814389,588389,30-03-2024,SESS905346,Marketplace,Mobile,Website Visit,Haircare,
879930,588389,30-03-2024,SESS905346,Marketplace,Mobile,Product View,Skincare,
847165,509171,14-02-2025,SESS905347,Offline Store,Mobile,Website Visit,Haircare,495722
879937,520807,10-09-2025,SESS905348,Google,Tablet,Website Visit,Skincare,476385
814402,520807,10-09-2025,SESS905348,Google,Tablet,Product View,Haircare,476385
879939,514408,04-03-2024,SESS905349,Google,Desktop,Website Visit,Skincare,437316
847172,514408,04-03-2024,SESS905349,Google,Desktop,Product View,Colour Cosmetics,437316
847173,514408,04-03-2024,SESS905349,Google,Desktop,Add to Cart,Skincare,437316
847174,514408,04-03-2024,SESS905349,Google,Desktop,Checkout Started,Haircare,437316
814406,517224,20-07-2025,SESS905350,Instagram,Mobile,Website Visit,Colour Cosmetics,
879938,517224,20-07-2025,SESS905350,Instagram,Mobile,Product View,Colour Cosmetics,
814407,508981,12-12-2024,SESS905351,Organic Search,Tablet,Website Visit,Skincare,451803
879946,509329,27-08-2024,SESS905352,Instagram,Desktop,Website Visit,Haircare,
847179,509329,27-08-2024,SESS905352,Instagram,Desktop,Product View,Haircare,
814415,596542,21-11-2025,SESS905353,Organic Search,Desktop,Website Visit,Colour Cosmetics,427604
847185,508981,09-04-2025,SESS905354,Organic Search,Mobile,Website Visit,Skincare,
879955,508981,09-04-2025,SESS905354,Organic Search,Mobile,Product View,Skincare,
847188,538974,12-05-2025,SESS905355,Instagram,Mobile,Website Visit,Skincare,405510
879962,538974,12-05-2025,SESS905355,Instagram,Mobile,Product View,Skincare,405510
847196,500425,04-03-2025,SESS905356,Instagram,Mobile,Website Visit,Colour Cosmetics,
879964,540189,06-09-2024,SESS905357,Instagram,Mobile,Website Visit,Colour Cosmetics,438097
879967,540189,06-09-2024,SESS905357,Instagram,Mobile,Product View,Colour Cosmetics,438097
879969,583606,11-09-2025,SESS905358,Organic Search,Mobile,Website Visit,Skincare,
847202,530539,05-06-2025,SESS905359,Marketplace,Desktop,Website Visit,Colour Cosmetics,
879973,530539,05-06-2025,SESS905359,Marketplace,Desktop,Product View,Colour Cosmetics,
847207,530539,05-06-2025,SESS905359,Marketplace,Desktop,Add to Cart,Colour Cosmetics,
814440,530539,05-06-2025,SESS905359,Marketplace,Desktop,Checkout Started,Colour Cosmetics,
879978,530539,05-06-2025,SESS905359,Marketplace,Desktop,Purchase,Colour Cosmetics,
879981,588835,31-03-2024,SESS905360,Google,Desktop,Website Visit,Skincare,
814446,572140,04-01-2025,SESS905361,Google,Mobile,Website Visit,Colour Cosmetics,
814449,572140,04-01-2025,SESS905361,Google,Mobile,Product View,Skincare,
814450,572140,04-01-2025,SESS905361,Google,Mobile,Add to Cart,Colour Cosmetics,
814451,557125,10-01-2025,SESS905362,Instagram,Mobile,Website Visit,Skincare,425635
847226,557125,10-01-2025,SESS905362,Instagram,Mobile,Product View,Skincare,425635
847228,557125,10-01-2025,SESS905362,Instagram,Mobile,Add to Cart,Skincare,425635
879997,564251,31-10-2024,SESS905363,Instagram,Mobile,Website Visit,Colour Cosmetics,441642
880000,564251,31-10-2024,SESS905363,Instagram,Mobile,Product View,Colour Cosmetics,441642
880010,564251,31-10-2024,SESS905363,Instagram,Mobile,Add to Cart,Colour Cosmetics,441642
814476,564251,31-10-2024,SESS905363,Instagram,Mobile,Checkout Started,Colour Cosmetics,441642
814486,564251,31-10-2024,SESS905363,Instagram,Mobile,Purchase,Colour Cosmetics,441642
880025,545607,29-01-2024,SESS905364,Google,Desktop,Website Visit,Colour Cosmetics,
814489,545607,29-01-2024,SESS905364,Google,Desktop,Product View,Colour Cosmetics,
847261,598771,08-08-2025,SESS905365,Referral,Mobile,Website Visit,Skincare,406536
880030,523788,16-07-2024,SESS905366,Google,Mobile,Website Visit,Skincare,438398
847266,523788,16-07-2024,SESS905366,Google,Mobile,Product View,Skincare,438398
847269,505276,11-06-2025,SESS905367,Marketplace,Mobile,Website Visit,Skincare,
814502,509632,04-10-2025,SESS905368,Influencer,Mobile,Website Visit,Colour Cosmetics,473870
847274,558947,12-07-2025,SESS905369,Instagram,Unknown,Website Visit,Haircare,
814507,558947,12-07-2025,SESS905369,Instagram,Desktop,Product View,Skincare,
880044,516199,23-05-2025,SESS905370,Instagram,Mobile,Website Visit,Colour Cosmetics,441065
847278,556446,24-08-2024,SESS905371,Organic Search,Mobile,Website Visit,Colour Cosmetics,484510
847279,556446,24-08-2024,SESS905371,Organic Search,Mobile,Product View,Haircare,484510
880048,556446,24-08-2024,SESS905371,Organic Search,Mobile,Add to Cart,Haircare,484510
814516,529430,13-07-2024,SESS905372,Referral,Mobile,Website Visit,Colour Cosmetics,
814517,500336,19-02-2025,SESS905373,Google,Mobile,Website Visit,Skincare,476238
847286,500336,19-02-2025,SESS905373,Google,Mobile,Product View,Haircare,476238
