customer_id,customer_name,age,gender,city,state,customer_tier,acquisition_channel,acquisition_campaign,first_order_date,customer_status,preferred_channel,preferred_product_category,last_order_date,total_orders,total_revenue
581633,Aisha Rao,27,Female,Hyderabad,Telangana,Premium,Organic Search,Organic_SEO_Blog,29-07-2025,Dormant,Offline Store,Haircare,17-09-2025,3,1330.85
548870,Gaurav Shinde,27,Male,Pune,Maharashtra,Regular,Instagram,Unknown,27-06-2024,Inactive,Myntra,Skincare,27-06-2024,1,399.2
532493,Ishita Malhotra,18,Female,Delhi,Delhi,Value,Google,Google_Shopping,06-01-2024,Dormant,Nykaa,Skincare,07-11-2025,5,2709.85
540685,Deepika Gowda,25,Female,Bengaluru,Karnataka,Value,Google,Google_Shopping,07-07-2025,Dormant,Myntra,Colour Cosmetics,23-08-2025,3,1860
540687,Akash Chavan,24,Male,Pune,Maharashtra,Value,Influencer,Influencer_Micro,18-08-2025,Inactive,Offline Store,Skincare,18-08-2025,1,678.3
598032,Ravi Gaikwad,26,Unknown,Mumbai,Maharashtra,Value,Instagram,IG_Festive_Sale,24-04-2024,Inactive,D2C Website,Colour Cosmetics,28-07-2024,3,1259.15
589838,Aisha Rao,34,Female,Bengaluru,Karnataka,Regular,Influencer,Influencer_Micro,17-09-2025,Inactive,Quick Commerce,Skincare,17-09-2025,1,426.55
598038,Farhan Deshmukh,30,Male,Mumbai,Maharashtra,Value,Google,Google_Shopping,16-08-2025,Active,D2C Website,Skincare,16-08-2025,1,798.4
557080,Swati Shetty,24,Female,Bengaluru,Karnataka,Regular,Instagram,IG_NewLaunch,10-03-2025,Active,D2C Website,Colour Cosmetics,08-12-2025,5,3713.4
507936,Aisha Parekh,33,Female,Ahmedabad,Gujarat,Regular,Referral,ReferAFriend_Q3,08-12-2025,Active,Nykaa,Skincare,08-12-2025,1,1168.2
557091,Farhan Verma,21,Male,Indore,Madhya Pradesh,Regular,Google,Google_Shopping,19-05-2025,Dormant,D2C Website,Colour Cosmetics,19-05-2025,1,319.2
507944,Rahul Chavan,20,Male,Nagpur,Maharashtra,Value,Instagram,IG_Reels_Push,10-01-2025,Active,Nykaa,Colour Cosmetics,09-08-2025,6,2807.35
598059,Shreya Srivastava,29,Female,Lucknow,Uttar Pradesh,Value,Influencer,Influencer_Micro,29-09-2024,Active,Offline Store,Colour Cosmetics,14-12-2024,2,967.4
581678,Nandini Mathew,26,Female,Kochi,Kerala,Value,Google,Unknown,24-10-2025,Active,Quick Commerce,Skincare,26-12-2025,9,9044.55
532527,Rakesh Rao,35,Male,Bengaluru,Karnataka,Value,Marketplace,Amazon_Sponsored,16-12-2024,Active,D2C Website,Skincare,14-11-2025,5,2501.55
557104,Kritika Joshi,31,Female,Nagpur,Maharashtra,Regular,Referral,ReferAFriend_Q3,21-01-2025,Active,Offline Store,Skincare,23-11-2025,3,1316.65
589873,Priya Arora,29,Female,Delhi,Delhi,Value,Referral,ReferAFriend_Q3,22-07-2025,Active,Offline Store,Skincare,22-10-2025,3,1430.2
532530,Ishita Shinde,27,Female,Mumbai,Maharashtra,Value,Marketplace,Myntra_Beauty_Week,23-10-2025,Active,Amazon,Colour Cosmetics,26-12-2025,2,998
540730,Pallavi Shetty,18,Female,Bengaluru,Karnataka,Premium,Offline Store,Instore_Walkin,24-12-2025,Active,Offline Store,Skincare,24-12-2025,1,359.1
581691,Amit Ganguly,28,Male,Kolkata,West Bengal,Regular,Instagram,IG_Reels_Push,01-07-2025,Active,Nykaa,Skincare,01-07-2025,1,224.25
589889,Riya Gupta,36,Female,Delhi,Delhi,Value,Offline Store,Instore_Walkin,26-11-2024,Inactive,Amazon,Colour Cosmetics,26-11-2024,1,1298
524356,Radhika Gowda,34,Female,Bengaluru,Karnataka,Regular,Organic Search,Organic_Direct,15-02-2024,Dormant,Nykaa,Colour Cosmetics,30-04-2025,3,1463.85
557125,Zoya Kulkarni,18,Female,Bengaluru,Karnataka,Value,Instagram,IG_NewLaunch,12-06-2025,Active,Quick Commerce,Skincare,17-08-2025,5,3277.15
507972,Ritu Trivedi,29,Female,Ahmedabad,Gujarat,Value,Marketplace,Nykaa_Storefront,04-10-2025,Dormant,D2C Website,Skincare,04-10-2025,1,584.1
565323,Neha Baruah,30,Female,Guwahati,Assam,Premium,Instagram,IG_Influencer_Collab,01-11-2025,Active,Nykaa,Skincare,09-12-2025,5,2397.05
557132,Tanvi Bhosale,38,Female,Mumbai,Maharashtra,Premium,Marketplace,Amazon_Sponsored,07-01-2025,Dormant,Offline Store,Skincare,23-07-2025,4,2049.8
573519,Vani Singh,24,Female,Jaipur,Rajasthan,Premium,Marketplace,Nykaa_Storefront,11-12-2024,Active,D2C Website,Haircare,27-08-2025,7,5264.7
548944,Divya Kale,30,Female,Pune,Maharashtra,Value,Instagram,IG_NewLaunch,28-02-2025,Dormant,Myntra,Skincare,29-09-2025,3,1597
507989,Pooja Chavan,22,Female,Pune,Maharashtra,Regular,Organic Search,Organic_Direct,30-07-2025,Active,Nykaa,Colour Cosmetics,30-07-2025,1,336.75
573526,Trisha Ghosh,34,Female,Kolkata,West Bengal,Regular,Organic Search,Organic_Direct,30-01-2025,Active,Offline Store,Skincare,18-11-2025,4,1864.1
565338,Varun Kulkarni,30,Male,Bengaluru,Karnataka,Value,Offline Store,Instore_EventPromo,15-09-2025,Active,Quick Commerce,Colour Cosmetics,15-09-2025,1,359.2
540768,Kritika Kulkarni,34,Female,Pune,Maharashtra,Value,Instagram,IG_Reels_Push,22-12-2024,Active,Offline Store,Skincare,26-09-2025,8,5296.3
598112,Ananya Chatterjee,27,Female,Kolkata,West Bengal,Value,Marketplace,Amazon_Sponsored,01-04-2025,Active,Myntra,Haircare,02-07-2025,4,2063.65
557154,Pallavi Patel,33,Female,Unknown,Unknown,Premium,Offline Store,Instore_Walkin,12-11-2025,Active,Quick Commerce,Skincare,14-12-2025,2,755.85
516199,Divya Sidhu,30,Female,Chandigarh,Chandigarh,Value,Instagram,IG_Festive_Sale,19-01-2025,Active,D2C Website,Skincare,25-12-2025,5,2388.15
589928,Tarun Sengupta,31,Male,Kolkata,West Bengal,Premium,Instagram,IG_Festive_Sale,27-10-2024,Active,Offline Store,Colour Cosmetics,19-11-2025,5,2676.85
532591,Pranav Shah,32,Male,Ahmedabad,Gujarat,Regular,Google,Google_Search_Generic,11-09-2025,Dormant,Myntra,Haircare,11-09-2025,1,933.3
557176,Rajesh Raman,32,Male,Chennai,Tamil Nadu,Regular,Referral,ReferAFriend_Q3,21-09-2025,Dormant,Amazon,Colour Cosmetics,11-12-2025,4,1498.75
557199,Arya Pawar,25,Unknown,Nagpur,Maharashtra,Value,Google,Google_Search_Generic,12-12-2025,Active,Nykaa,Colour Cosmetics,12-12-2025,1,224.1
573584,Nikhil Kulkarni,29,Male,Bengaluru,Karnataka,Regular,Instagram,IG_Reels_Push,18-08-2025,Active,Offline Store,Skincare,18-08-2025,1,2277.15
549009,Deepika Kulkarni,23,Female,Mumbai,Maharashtra,Regular,Organic Search,Organic_Direct,11-01-2025,Inactive,Nykaa,Colour Cosmetics,11-01-2025,1,523.5
589974,Kritika Shinde,30,Female,Pune,Maharashtra,Regular,Organic Search,Organic_SEO_Blog,27-11-2025,Active,D2C Website,Skincare,27-11-2025,1,407.55
598167,Zoya Yadav,32,Female,Lucknow,Uttar Pradesh,Value,Google,Google_Shopping,19-11-2025,Active,Myntra,Skincare,19-11-2025,1,638.4
549015,Tanvi Khanna,35,Female,Delhi,Delhi,Value,Influencer,Influencer_Micro,29-01-2025,Active,Offline Store,Skincare,05-12-2025,6,4961.25
598174,Kavya Krishnan,18,Female,Coimbatore,Tamil Nadu,Regular,Influencer,Influencer_Beauty_Bloggers,28-11-2025,Active,D2C Website,Colour Cosmetics,28-12-2025,5,2014.2
598176,Pranav Bhosale,25,Male,Mumbai,Maharashtra,Value,Instagram,IG_NewLaunch,05-01-2025,Active,D2C Website,Colour Cosmetics,05-01-2025,1,299.25
573608,Vani Raman,27,Female,Chennai,Tamil Nadu,Value,Influencer,Influencer_Beauty_Bloggers,16-08-2025,Active,Amazon,Colour Cosmetics,16-08-2025,1,426.55
540846,Meera Chakraborty,20,Female,Kolkata,West Bengal,Value,Google,Google_Search_Generic,31-10-2025,Active,Nykaa,Haircare,24-12-2025,5,3252.7
573620,Siddharth Ganguly,29,Male,Kolkata,West Bengal,Value,Instagram,IG_Reels_Push,09-07-2025,Active,Quick Commerce,Colour Cosmetics,09-10-2025,3,1112.3
532662,Gaurav Reddy,26,Male,Hyderabad,Telangana,Regular,Google,Google_Shopping,19-02-2025,Active,Myntra,Skincare,14-12-2025,3,1067.7
557240,Ritu Iyer,30,Female,Coimbatore,Tamil Nadu,Premium,Instagram,IG_Festive_Sale,30-12-2025,Active,Myntra,Skincare,30-12-2025,1,211.65
540857,Riya Chadha,24,Female,Chandigarh,Chandigarh,Value,Referral,ReferAFriend_Q1,06-07-2025,Dormant,Quick Commerce,Colour Cosmetics,06-07-2025,1,319.2
549060,Akash Bose,23,Male,Kolkata,West Bengal,Premium,Organic Search,Organic_Direct,18-09-2025,Dormant,Nykaa,Colour Cosmetics,01-10-2025,2,2192.35
581830,Vani Desai,25,Female,Vadodara,Gujarat,Value,Google,Google_Search_Generic,29-10-2025,Active,Amazon,Haircare,21-12-2025,9,5546.5
590023,Trisha Yadav,38,Female,Indore,Madhya Pradesh,Value,Organic Search,Organic_SEO_Blog,08-05-2024,Active,Offline Store,Haircare,16-12-2025,6,4310.6
590027,Lakshmi Goud,29,Female,Hyderabad,Telangana,Value,Marketplace,Nykaa_Storefront,06-08-2024,Inactive,Quick Commerce,Haircare,06-08-2024,1,186.75
516299,Riya Shukla,21,Female,Bhopal,Madhya Pradesh,Regular,Organic Search,Organic_SEO_Blog,06-04-2025,Dormant,Nykaa,Colour Cosmetics,06-04-2025,1,239.2
508109,Ishita Verma,20,Female,Lucknow,Uttar Pradesh,Regular,Instagram,IG_NewLaunch,24-01-2025,Dormant,Amazon,Colour Cosmetics,24-01-2025,1,449
540888,Ishita Chary,31,Female,Hyderabad,Telangana,Premium,Google,Google_Search_Generic,26-09-2025,Active,Offline Store,Skincare,26-09-2025,1,551.65
598235,Naveen Kulkarni,25,Male,Mumbai,Maharashtra,Regular,Instagram,Unknown,27-07-2025,Active,D2C Website,Skincare,09-12-2025,5,2941.8
581857,Suresh Chavan,23,Male,Mumbai,Maharashtra,Premium,Google,Google_Search_Brand,18-01-2025,Inactive,Myntra,Colour Cosmetics,14-04-2025,2,906
532706,Neha Chary,27,Female,Hyderabad,Telangana,Premium,Instagram,IG_NewLaunch,23-04-2025,Dormant,D2C Website,Skincare,23-04-2025,1,359.2
516334,Rahul Gaikwad,32,Male,Mumbai,Maharashtra,Value,Instagram,IG_Festive_Sale,06-12-2025,Active,Offline Store,Skincare,17-12-2025,5,2150.35
516341,Riya Bhat,39,Female,Bengaluru,Karnataka,Premium,Instagram,IG_Reels_Push,22-01-2025,Inactive,Quick Commerce,Haircare,26-01-2025,2,1016.7
581885,Gaurav Pawar,29,Male,Mumbai,Maharashtra,Premium,Influencer,Influencer_YT_Review,26-08-2025,Active,Nykaa,Colour Cosmetics,29-08-2025,2,1092.6
508161,Swati Mukherjee,23,Female,Kolkata,West Bengal,Regular,Google,Google_Shopping,20-06-2024,Inactive,Offline Store,Haircare,21-05-2025,5,2519.85
532742,Divya Bhosale,44,Female,Mumbai,Maharashtra,Value,Offline Store,Instore_Walkin,20-12-2025,Active,Nykaa,Skincare,22-12-2025,3,1482.5
565513,Tarun Iyer,23,Male,Chennai,Tamil Nadu,Value,Influencer,Influencer_Beauty_Bloggers,26-07-2025,Active,D2C Website,Haircare,26-07-2025,1,763.3
549131,Arjun Shah,22,Male,Ahmedabad,Gujarat,Regular,Google,Google_Search_Brand,19-02-2025,Active,Amazon,Colour Cosmetics,19-10-2025,4,2333.1
590096,Sandeep Tiwari,32,Male,Bhopal,Madhya Pradesh,Regular,Influencer,Influencer_Beauty_Bloggers,11-06-2025,Active,Nykaa,Haircare,08-09-2025,2,900.6
549140,Vikram Kale,18,Male,Mumbai,Maharashtra,Value,Google,Google_Shopping,30-07-2025,Active,Nykaa,Colour Cosmetics,26-10-2025,3,1741.5
540953,Riya Kaur,38,Female,Chandigarh,Chandigarh,Value,Google,Google_Shopping,04-06-2025,Inactive,Amazon,Haircare,04-06-2025,1,381.65
557340,Zoya Gandhi,25,Female,Surat,Gujarat,Premium,Offline Store,Instore_Walkin,10-10-2025,Active,D2C Website,Skincare,27-11-2025,5,2603.5
590111,Swati Shukla,33,Female,Bhopal,Madhya Pradesh,Regular,Instagram,IG_NewLaunch,18-01-2025,Active,Offline Store,Skincare,19-09-2025,3,3480.1
532768,Tanvi Shinde,37,Female,Mumbai,Maharashtra,Regular,Influencer,Influencer_Micro,16-08-2025,Active,Myntra,Colour Cosmetics,18-12-2025,8,4893.4
540963,Harsh Sharma,29,Male,Indore,Madhya Pradesh,Value,Instagram,IG_Reels_Push,02-09-2025,Active,Amazon,Colour Cosmetics,02-09-2025,1,598.5
540966,Deepika Shah,36,Female,Ahmedabad,Gujarat,Value,Instagram,IG_Reels_Push,22-09-2025,Active,Myntra,Skincare,22-09-2025,1,1298
581927,Pallavi Jacob,18,Female,Kochi,Kerala,Value,Influencer,Influencer_Micro,09-05-2025,Active,Quick Commerce,Colour Cosmetics,21-07-2025,5,2962.35
524586,Pallavi Mishra,18,Female,Indore,Madhya Pradesh,Premium,Instagram,IG_Influencer_Collab,26-01-2025,Inactive,Quick Commerce,Haircare,24-03-2025,2,959.75
532780,Fatima Pillai,28,Female,Chennai,Tamil Nadu,Value,Organic Search,Organic_SEO_Blog,24-11-2025,Active,Amazon,Skincare,24-11-2025,1,381.65
590128,Rahul Shinde,25,Male,Mumbai,Maharashtra,Value,Instagram,IG_Reels_Push,27-07-2025,Active,D2C Website,Skincare,24-12-2025,3,1020.4
557366,Shreya Mehta,21,Female,Ahmedabad,Gujarat,Value,Instagram,IG_Influencer_Collab,12-10-2025,Active,Nykaa,Skincare,12-10-2025,1,381.65
557377,Neha Sharma,25,Female,Delhi,Delhi,Value,Instagram,IG_Influencer_Collab,17-05-2025,Active,Nykaa,Colour Cosmetics,08-12-2025,2,543.35
565570,Sameer Shinde,20,Male,Mumbai,Maharashtra,Regular,Influencer,Influencer_YT_Review,02-02-2025,Dormant,Quick Commerce,Haircare,02-02-2025,1,269.4
598341,Swati Joshi,25,Female,Mumbai,Maharashtra,Value,Referral,ReferAFriend_Q1,10-12-2024,Active,Nykaa,Skincare,23-12-2025,8,5382.4
581959,Sonal Chatterjee,24,Female,Kolkata,West Bengal,Value,Google,Google_Shopping,22-07-2024,Dormant,Quick Commerce,Skincare,06-12-2025,9,5878.5
549192,Simran Trivedi,28,Female,Ahmedabad,Gujarat,Premium,Influencer,Unknown,01-05-2025,Dormant,Offline Store,Skincare,29-11-2025,4,2021.6
508232,Zoya Kamath,22,Female,Bengaluru,Karnataka,Value,Instagram,IG_Reels_Push,07-01-2025,Dormant,Quick Commerce,Skincare,03-06-2025,2,875.65
573772,Ishita Kulkarni,28,Female,Mumbai,Maharashtra,Premium,Influencer,Influencer_Beauty_Bloggers,22-10-2025,Active,Quick Commerce,Colour Cosmetics,19-11-2025,2,673.3
532816,Pallavi Pawar,39,Female,Pune,Maharashtra,Regular,Google,Google_Search_Brand,18-08-2025,Active,Amazon,Skincare,18-08-2025,1,404.1
500053,Tanvi Mukherjee,19,Female,Kolkata,West Bengal,Regular,Google,Google_Shopping,07-11-2025,Active,Offline Store,Skincare,07-11-2025,1,499
581973,Vani Kapoor,32,Female,Delhi,Delhi,Value,Instagram,IG_Festive_Sale,15-09-2025,Dormant,Quick Commerce,Haircare,15-09-2025,1,314.1
565597,Vikram Patil,27,Male,Mumbai,Maharashtra,Regular,Google,Google_Search_Brand,18-02-2024,Inactive,D2C Website,Haircare,18-02-2024,1,364.65
598366,Rohan Joshi,22,Male,Surat,Gujarat,Value,Instagram,IG_Festive_Sale,22-03-2025,Active,Offline Store,Colour Cosmetics,21-12-2025,4,3125.1
573792,Fatima Patil,23,Female,Pune,Maharashtra,Value,Organic Search,Organic_Direct,06-11-2025,Active,Quick Commerce,Skincare,06-11-2025,1,551.65
581987,Trisha Pawar,18,Female,Mumbai,Maharashtra,Regular,Google,Google_Search_Brand,16-10-2025,Active,Myntra,Skincare,22-12-2025,5,4352.3
541033,Meera Raman,36,Female,Chennai,Tamil Nadu,Value,Google,Google_Shopping,26-10-2025,Active,Nykaa,Colour Cosmetics,26-10-2025,1,381.65
500074,Meera Singh,24,Female,Lucknow,Uttar Pradesh,Regular,Google,Google_Search_Generic,19-12-2025,Active,Myntra,Haircare,19-12-2025,1,343.2
565612,Divya Ahluwalia,29,Female,Chandigarh,Chandigarh,Premium,Instagram,IG_NewLaunch,28-11-2024,Active,Nykaa,Colour Cosmetics,14-12-2025,7,4221.25
557422,Neha Deshmukh,27,Female,Mumbai,Maharashtra,Regular,Instagram,IG_Reels_Push,24-04-2025,Inactive,Offline Store,Colour Cosmetics,24-04-2025,1,466.65
557424,Simran Roy,37,Female,Kolkata,West Bengal,Regular,Google,Google_Search_Brand,20-08-2024,Active,Myntra,Skincare,14-12-2025,5,4093.7
532850,Pallavi Iyengar,26,Female,Chennai,Tamil Nadu,Value,Organic Search,Organic_Direct,13-04-2025,Active,Myntra,Haircare,30-12-2025,4,1551.2
532853,Pallavi Kumar,18,Female,Hyderabad,Telangana,Regular,Marketplace,Nykaa_Storefront,11-10-2024,Active,Quick Commerce,Colour Cosmetics,21-09-2025,4,2516.05
557433,Ishita Mukherjee,37,Female,Kolkata,West Bengal,Regular,Marketplace,Nykaa_Storefront,16-08-2024,Active,Offline Store,Skincare,11-12-2025,4,1444.35
508285,Tanvi Bhatia,32,Female,Delhi,Delhi,Regular,Instagram,IG_Festive_Sale,02-01-2025,Active,Myntra,Colour Cosmetics,12-05-2025,5,2818.65
524672,Karan Joshi,31,Male,Mumbai,Maharashtra,Regular,Instagram,IG_Festive_Sale,03-03-2025,Active,Quick Commerce,Skincare,26-12-2025,2,873.15
516483,Sonal Kapoor,31,Female,Delhi,Delhi,Regular,Organic Search,Organic_SEO_Blog,28-08-2025,Active,Nykaa,Skincare,24-12-2025,5,2632.85
598419,Sanjana Mehra,42,Female,Delhi,Delhi,Premium,Influencer,Influencer_YT_Review,17-11-2025,Active,D2C Website,Haircare,17-11-2025,1,449
516505,Yash Malhotra,29,Male,Delhi,Delhi,Regular,Influencer,Influencer_YT_Review,25-10-2024,Dormant,Amazon,Haircare,07-06-2025,5,1944.05
598430,Pallavi Modi,34,Female,Ahmedabad,Gujarat,Value,Influencer,Influencer_Beauty_Bloggers,19-01-2025,Active,D2C Website,Colour Cosmetics,03-10-2025,3,1392.3
508326,Kritika Saikia,29,Female,Guwahati,Assam,Premium,Google,Google_Search_Generic,12-12-2025,Active,Quick Commerce,Skincare,12-12-2025,1,1103.3
508330,Riya Shinde,36,Female,Mumbai,Maharashtra,Value,Referral,ReferAFriend_Q1,13-11-2025,Active,Amazon,Skincare,13-11-2025,1,299.4
541104,Shreya Pawar,26,Female,Pune,Maharashtra,Premium,Google,Google_Shopping,24-05-2025,Active,Offline Store,Skincare,17-09-2025,2,1450.65
532914,Rajesh Chavan,40,Male,Mumbai,Maharashtra,Value,Influencer,Influencer_Beauty_Bloggers,29-05-2025,Inactive,Amazon,Skincare,29-05-2025,1,933.3
598453,Meera Deshmukh,27,Female,Pune,Maharashtra,Regular,Instagram,IG_NewLaunch,13-06-2025,Active,Myntra,Haircare,17-11-2025,3,2180.2
500150,Divya Krishnan,21,Female,Chennai,Tamil Nadu,Regular,Instagram,IG_NewLaunch,28-12-2024,Active,D2C Website,Haircare,06-10-2025,6,5705.5
524727,Aarav Verma,24,Male,Delhi,Delhi,Value,Instagram,IG_NewLaunch,08-01-2025,Active,Quick Commerce,Skincare,08-01-2025,1,616.55
541114,Tanvi Balan,29,Female,Chennai,Tamil Nadu,Value,Google,Google_Search_Brand,19-06-2025,Active,Amazon,Skincare,29-07-2025,5,2142.8
590266,Vidya Dubey,21,Female,Indore,Madhya Pradesh,Premium,Google,Google_Search_Generic,09-12-2025,Active,D2C Website,Skincare,09-12-2025,1,449.1
516540,Aisha Desai,41,Female,Ahmedabad,Gujarat,Regular,Instagram,IG_Festive_Sale,29-05-2025,Active,Myntra,Colour Cosmetics,29-05-2025,1,359.2
549308,Kritika Deshmukh,20,Female,Mumbai,Maharashtra,Value,Referral,ReferAFriend_Q3,20-11-2025,Active,Nykaa,Skincare,20-11-2025,1,319.2
516544,Meera Rathore,33,Female,Jaipur,Rajasthan,Premium,Referral,ReferAFriend_Q1,22-08-2025,Dormant,D2C Website,Skincare,22-08-2025,1,224.25
573889,Trisha Gowda,31,Female,Bengaluru,Karnataka,Premium,Instagram,IG_Influencer_Collab,15-05-2025,Dormant,Nykaa,Haircare,15-05-2025,1,386.1
516547,Sonal Patel,20,Female,Surat,Gujarat,Value,Instagram,IG_NewLaunch,22-10-2025,Active,Nykaa,Skincare,22-10-2025,1,521.55
516551,Akash Ganguly,30,Male,Kolkata,West Bengal,Value,Influencer,Influencer_YT_Review,20-08-2025,Active,D2C Website,Skincare,20-08-2025,1,763.3
565715,Meera Verma,28,Female,Indore,Madhya Pradesh,Value,Marketplace,Myntra_Beauty_Week,06-10-2025,Active,Amazon,Skincare,21-12-2025,2,717.6
532951,Priya Naik,30,Other,Bengaluru,Karnataka,Regular,Organic Search,Organic_Direct,29-12-2025,Active,D2C Website,Colour Cosmetics,29-12-2025,1,1278.4
532953,Tanvi Malhotra,27,Female,Delhi,Delhi,Value,Instagram,IG_NewLaunch,19-02-2025,Active,Quick Commerce,Colour Cosmetics,18-06-2025,4,1943.95
541145,Neha Hegde,30,Female,Bengaluru,Karnataka,Regular,Organic Search,Organic_SEO_Blog,11-11-2024,Active,Amazon,Colour Cosmetics,20-11-2025,4,2108.5
573920,Vidya Mehra,35,Female,Delhi,Delhi,Premium,Google,Google_Search_Generic,24-02-2025,Dormant,Nykaa,Unknown,24-02-2025,1,549
508392,Meera Bhatia,24,Female,Delhi,Delhi,Regular,Instagram,IG_Festive_Sale,14-12-2024,Active,Amazon,Skincare,16-11-2025,5,3627.85
516591,Ritu Bhatt,19,Female,Jaipur,Rajasthan,Value,Influencer,Influencer_Micro,08-08-2024,Inactive,Quick Commerce,Haircare,20-07-2025,2,853.1
557560,Lakshmi Jain,24,Female,Jaipur,Rajasthan,Value,Instagram,IG_Reels_Push,26-11-2025,Active,D2C Website,Colour Cosmetics,26-11-2025,1,339.15
541180,Amit Gowda,29,Male,Bengaluru,Karnataka,Regular,Instagram,IG_Influencer_Collab,03-07-2025,Dormant,Offline Store,Skincare,03-07-2025,1,411.75
500221,Radhika Gandhi,33,Female,Ahmedabad,Gujarat,Value,Instagram,IG_NewLaunch,23-04-2025,Active,Quick Commerce,Colour Cosmetics,29-06-2025,2,1151.9
549372,Rahul Reddy,35,Male,Bengaluru,Karnataka,Value,Marketplace,Amazon_Sponsored,02-07-2025,Dormant,Quick Commerce,Skincare,02-07-2025,1,299
549377,Tarun Bhatia,32,Male,Delhi,Delhi,Regular,Marketplace,Amazon_Sponsored,21-06-2025,Active,Nykaa,Colour Cosmetics,27-12-2025,10,5851.25
508418,Harsh Sharma,36,Male,Delhi,Delhi,Value,Instagram,IG_Festive_Sale,09-11-2025,Dormant,Amazon,Skincare,09-11-2025,1,549
582149,Aditya Shah,21,Male,Ahmedabad,Gujarat,Premium,Instagram,IG_Festive_Sale,02-03-2025,Active,Quick Commerce,Haircare,13-12-2025,3,1066.05
516614,Neha Malviya,36,Female,Bhopal,Madhya Pradesh,Value,Marketplace,Myntra_Beauty_Week,27-01-2025,Inactive,Quick Commerce,Colour Cosmetics,23-08-2025,5,1658.7
598536,Ritu Pawar,30,Female,Mumbai,Maharashtra,Regular,Instagram,IG_NewLaunch,07-10-2025,Active,Offline Store,Colour Cosmetics,07-10-2025,1,374.25
582155,Meera Deshmukh,25,Female,Mumbai,Maharashtra,Value,Influencer,Influencer_YT_Review,17-08-2025,Active,Myntra,Colour Cosmetics,17-10-2025,2,595.9
565771,Farhan Kulkarni,29,Male,Nagpur,Maharashtra,Regular,Instagram,IG_Festive_Sale,04-08-2024,Inactive,Nykaa,Colour Cosmetics,04-08-2024,1,808.2
598548,Shreya Modi,36,Female,Vadodara,Gujarat,Value,Organic Search,Organic_SEO_Blog,18-12-2025,Dormant,Myntra,Colour Cosmetics,18-12-2025,1,423.3
590357,Sanjana Tiwari,40,Female,Indore,Madhya Pradesh,Premium,Organic Search,Organic_Direct,22-09-2025,Active,Offline Store,Skincare,02-12-2025,2,865.85
573975,Nandini Hegde,25,Female,Bengaluru,Karnataka,Value,Google,Google_Shopping,08-12-2025,Active,D2C Website,Skincare,08-12-2025,1,359.1
557595,Gaurav Vyas,35,Male,Vadodara,Gujarat,Value,Google,Google_Search_Generic,29-09-2025,Active,Nykaa,Skincare,25-12-2025,3,2305.2
573989,Rajesh Chatterjee,27,Male,Kolkata,West Bengal,Value,Offline Store,Instore_Walkin,04-12-2025,Active,Offline Store,Colour Cosmetics,04-12-2025,1,404.1
533029,Amit Chakraborty,24,Male,Kolkata,West Bengal,Regular,Instagram,IG_NewLaunch,18-09-2025,Active,Amazon,Skincare,18-09-2025,1,759.05
598567,Deepa Patil,25,Other,Mumbai,Maharashtra,Premium,Marketplace,Unknown,19-07-2025,Inactive,Offline Store,Skincare,20-08-2025,2,698.25
541224,Divya Reddy,25,Female,Hyderabad,Telangana,Regular,Organic Search,Organic_Direct,17-11-2025,Active,Amazon,Colour Cosmetics,17-11-2025,1,381.65
565799,Kavya Kulkarni,33,Female,Pune,Maharashtra,Regular,Instagram,IG_Influencer_Collab,21-12-2025,Active,D2C Website,Skincare,26-12-2025,2,2460.55
574000,Sneha Kale,33,Female,Nagpur,Maharashtra,Premium,Marketplace,Myntra_Beauty_Week,20-09-2025,Active,D2C Website,Skincare,24-11-2025,5,2327.9
590388,Lakshmi Iyengar,43,Female,Bengaluru,Karnataka,Value,Organic Search,Organic_SEO_Blog,11-05-2025,Inactive,Myntra,Skincare,11-05-2025,1,299
500282,Vivek Gandhi,46,Male,Ahmedabad,Gujarat,Value,Marketplace,Nykaa_Storefront,13-06-2025,Active,Amazon,Skincare,13-06-2025,1,381.65
549441,Deepak Patel,25,Male,Ahmedabad,Gujarat,Regular,Instagram,IG_Influencer_Collab,27-09-2025,Active,Myntra,Colour Cosmetics,18-10-2025,2,673.5
582210,Aisha Sethi,36,Female,Chandigarh,Chandigarh,Premium,Organic Search,Organic_Direct,02-07-2025,Active,Offline Store,Colour Cosmetics,12-11-2025,3,1295.15
582213,Karan Arora,37,Male,Delhi,Delhi,Premium,Marketplace,Myntra_Beauty_Week,12-09-2025,Active,Amazon,Skincare,12-09-2025,1,957.6
557640,Pooja Iyengar,29,Female,Bengaluru,Karnataka,Regular,Instagram,IG_Influencer_Collab,03-07-2025,Dormant,Quick Commerce,Skincare,23-11-2025,5,2737.65
533065,Kritika Dutta,37,Female,Kolkata,West Bengal,Premium,Organic Search,Organic_Direct,01-10-2025,Active,Quick Commerce,Colour Cosmetics,01-10-2025,1,299
516683,Deepika Tiwari,28,Female,Lucknow,Uttar Pradesh,Value,Organic Search,Organic_Direct,27-02-2025,Active,Amazon,Haircare,04-10-2025,4,2260.35
565836,Ishita Bhosale,30,Female,Mumbai,Maharashtra,Premium,Organic Search,Organic_Direct,11-11-2025,Active,Quick Commerce,Colour Cosmetics,11-11-2025,1,638.4
524878,Krishna Kulkarni,25,Male,Mumbai,Maharashtra,Regular,Google,Google_Shopping,21-05-2025,Active,Offline Store,Skincare,30-10-2025,4,3847.7
590422,Aditya Kulkarni,31,Male,Mumbai,Maharashtra,Value,Influencer,Influencer_Micro,30-11-2025,Active,Offline Store,Skincare,29-12-2025,10,6932.05
557654,Naveen Bhat,32,Male,Bengaluru,Karnataka,Premium,Google,Unknown,20-12-2025,Active,Myntra,Skincare,20-12-2025,1,404.1
598617,Aditya Chavan,25,Male,Mumbai,Maharashtra,Regular,Organic Search,Organic_SEO_Blog,06-01-2025,Inactive,Nykaa,Skincare,06-01-2025,1,254.15
524890,Alex Goud,18,Other,Hyderabad,Telangana,Premium,Google,Google_Search_Generic,22-09-2025,Active,Amazon,Skincare,10-12-2025,3,2310.35
533082,Vidya Patil,24,Female,Nagpur,Maharashtra,Value,Instagram,IG_Festive_Sale,25-05-2025,Active,Offline Store,Skincare,25-05-2025,1,331.55
582240,Sameer Shukla,31,Male,Indore,Madhya Pradesh,Value,Offline Store,Instore_EventPromo,29-03-2025,Dormant,Nykaa,Colour Cosmetics,29-03-2025,1,359.1
516704,Deepak Tiwari,32,Male,Lucknow,Uttar Pradesh,Regular,Instagram,IG_Festive_Sale,10-08-2025,Dormant,Quick Commerce,Colour Cosmetics,10-08-2025,1,1017.45
582242,Swati Singh,24,Female,Lucknow,Uttar Pradesh,Value,Instagram,IG_Festive_Sale,25-08-2025,Active,D2C Website,Skincare,25-08-2025,1,649
533092,Sonal Deshmukh,41,Female,Mumbai,Maharashtra,Regular,Instagram,IG_NewLaunch,03-11-2025,Dormant,Myntra,Skincare,26-12-2025,2,706.05
500336,Akash Joshi,18,Male,Mumbai,Maharashtra,Value,Google,Google_Search_Brand,09-08-2025,Active,Nykaa,Haircare,19-10-2025,2,1211.35
524914,Divya Chaudhary,34,Female,Lucknow,Uttar Pradesh,Value,Influencer,Influencer_YT_Review,16-01-2025,Dormant,Offline Store,Haircare,16-01-2025,1,698
516728,Riya Malhotra,27,Female,Delhi,Delhi,Value,Influencer,Influencer_YT_Review,01-08-2024,Active,Myntra,Colour Cosmetics,05-12-2025,10,5737.1
524920,Trisha Deshmukh,29,Female,Mumbai,Maharashtra,Value,Instagram,IG_Festive_Sale,20-12-2025,Active,Offline Store,Skincare,20-12-2025,1,299.4
590461,Riya Gaikwad,38,Unknown,Pune,Maharashtra,Regular,Referral,ReferAFriend_Q1,16-06-2025,Active,Amazon,Haircare,16-06-2025,1,284.05
500350,Vikram Gaikwad,35,Male,Mumbai,Maharashtra,Regular,Organic Search,Organic_Direct,20-08-2025,Active,Quick Commerce,Colour Cosmetics,16-11-2025,4,1009.45
524931,Zoya Rao,38,Female,Bengaluru,Karnataka,Regular,Instagram,IG_Festive_Sale,23-12-2025,Active,Amazon,Colour Cosmetics,23-12-2025,1,673.5
574085,Sanjana Iyengar,30,Female,Chennai,Tamil Nadu,Regular,Instagram,IG_Influencer_Collab,15-11-2025,Active,Amazon,Skincare,15-11-2025,1,449.1
590476,Vidya Yadav,32,Female,Indore,Madhya Pradesh,Value,Offline Store,Instore_Walkin,18-01-2025,Active,Offline Store,Skincare,15-09-2025,2,1947
598669,Manish Chavan,24,Male,Pune,Maharashtra,Regular,Instagram,IG_Reels_Push,24-10-2024,Dormant,D2C Website,Colour Cosmetics,24-10-2024,1,404.1
516750,Farhan Chawla,27,Male,Delhi,Delhi,Regular,Instagram,IG_Festive_Sale,21-12-2025,Active,Offline Store,Colour Cosmetics,21-12-2025,1,639.2
557711,Riya Mehta,18,Other,Jaipur,Rajasthan,Value,Google,Google_Search_Brand,12-07-2025,Active,Offline Store,Skincare,22-08-2025,2,813.2
590480,Pranav Mishra,36,Male,Indore,Madhya Pradesh,Regular,Google,Google_Search_Brand,05-06-2024,Active,Quick Commerce,Skincare,21-08-2025,9,5175.45
500371,Deepika Hegde,28,Female,Bengaluru,Karnataka,Regular,Marketplace,Nykaa_Storefront,22-08-2025,Active,Offline Store,Colour Cosmetics,22-08-2025,1,672.3
508564,Rajesh Chouhan,25,Male,Jaipur,Rajasthan,Value,Organic Search,Organic_Direct,29-06-2025,Inactive,Offline Store,Skincare,05-08-2025,3,1583.85
565909,Vani Chadha,24,Female,Chandigarh,Chandigarh,Value,Instagram,IG_Festive_Sale,09-05-2025,Inactive,Nykaa,Colour Cosmetics,29-05-2025,2,1359.85
565916,Aarav Gowda,19,Male,Bengaluru,Karnataka,Regular,Instagram,IG_Reels_Push,23-05-2025,Dormant,D2C Website,Skincare,23-05-2025,1,1168.2
524957,Zoya Sinha,37,Female,Patna,Bihar,Value,Instagram,IG_Influencer_Collab,06-11-2025,Active,Quick Commerce,Colour Cosmetics,06-11-2025,1,314.1
582306,Fatima Bhat,39,Female,Bengaluru,Karnataka,Regular,Google,Google_Search_Brand,30-07-2025,Dormant,Myntra,Skincare,30-07-2025,1,551.65
557733,Deepa Deshmukh,34,Unknown,Mumbai,Maharashtra,Regular,Organic Search,Organic_SEO_Blog,09-01-2025,Inactive,Myntra,Colour Cosmetics,09-01-2025,1,381.65
541359,Swati Kulkarni,28,Female,Pune,Maharashtra,Premium,Instagram,IG_Influencer_Collab,28-10-2025,Active,Offline Store,Haircare,28-10-2025,1,386.1
557749,Ishita Shinde,28,Female,Mumbai,Maharashtra,Value,Google,Google_Search_Brand,24-12-2024,Dormant,D2C Website,Colour Cosmetics,25-02-2025,4,1885.4
590519,Trisha Pawar,35,Female,Mumbai,Maharashtra,Value,Offline Store,Instore_Walkin,10-12-2024,Inactive,Nykaa,Colour Cosmetics,10-12-2024,1,236.55
590520,Trisha Iyengar,31,Female,Chennai,Tamil Nadu,Regular,Instagram,IG_NewLaunch,26-10-2025,Dormant,Offline Store,Colour Cosmetics,26-10-2025,1,261.75
524983,Nikhil Malhotra,24,Male,Delhi,Delhi,Regular,Offline Store,Instore_EventPromo,22-12-2025,Dormant,Amazon,Skincare,22-12-2025,1,598
508609,Kavya Trivedi,42,Female,Ahmedabad,Gujarat,Regular,Marketplace,Nykaa_Storefront,07-06-2025,Active,Nykaa,Colour Cosmetics,14-11-2025,7,5567.25
500425,Simran Shukla,36,Female,Indore,Madhya Pradesh,Regular,Instagram,IG_Reels_Push,14-08-2024,Inactive,Nykaa,Colour Cosmetics,07-11-2024,3,1172.35
582345,Sam Kumar,37,Other,Hyderabad,Telangana,Regular,Instagram,IG_NewLaunch,13-07-2024,Active,Offline Store,Skincare,28-11-2025,5,2040.8
557779,Sandeep Ranjan,40,Male,Patna,Bihar,Value,Marketplace,Myntra_Beauty_Week,28-09-2024,Dormant,Amazon,Skincare,01-01-2025,2,785.85
516828,Aarav Kamath,32,Male,Bengaluru,Karnataka,Regular,Referral,ReferAFriend_Q3,07-02-2024,Active,Nykaa,Skincare,24-11-2025,10,6042.15
508639,Pooja Modi,21,Female,Surat,Gujarat,Value,Influencer,Influencer_Micro,18-09-2025,Active,Amazon,Colour Cosmetics,18-09-2025,1,449
574177,Trisha Rao,18,Female,Hyderabad,Telangana,Value,Instagram,IG_NewLaunch,08-10-2024,Dormant,Myntra,Skincare,25-12-2024,2,1067.1
598759,Nandini Joshi,35,Female,Pune,Maharashtra,Regular,Influencer,Influencer_YT_Review,15-06-2025,Inactive,D2C Website,Skincare,13-07-2025,2,1309.75
590573,Trisha Deshmukh,26,Female,Mumbai,Maharashtra,Value,Google,Google_Shopping,03-06-2025,Active,D2C Website,Colour Cosmetics,03-06-2025,1,331.55
500464,Neha Chatterjee,34,Female,Kolkata,West Bengal,Regular,Referral,Unknown,15-10-2024,Active,Myntra,Haircare,15-10-2025,6,4596.15
525042,Ishita Chavan,30,Female,Mumbai,Maharashtra,Premium,Google,Google_Search_Brand,21-05-2025,Active,D2C Website,Skincare,21-05-2025,1,798.4
598771,Krishna Naik,35,Male,Bengaluru,Karnataka,Value,Referral,ReferAFriend_Q3,22-09-2025,Active,Amazon,Skincare,11-12-2025,2,568.25
541436,Lakshmi Raju,18,Female,Hyderabad,Telangana,Value,Instagram,IG_Festive_Sale,03-04-2025,Active,Nykaa,Colour Cosmetics,03-12-2025,9,7449.85
541441,Farhan Joshi,28,Male,Ahmedabad,Gujarat,Value,Influencer,Influencer_Micro,21-06-2025,Active,Offline Store,Colour Cosmetics,21-06-2025,1,239.2
574228,Sameer Shinde,32,Male,Mumbai,Maharashtra,Regular,Offline Store,Instore_Walkin,18-09-2025,Dormant,Nykaa,Haircare,20-11-2025,4,2809.8
566039,Karan Bhatia,20,Male,Delhi,Delhi,Value,Influencer,Influencer_YT_Review,03-11-2025,Active,Offline Store,Skincare,03-11-2025,1,498
541467,Divya Patel,24,Female,Surat,Gujarat,Value,Organic Search,Organic_SEO_Blog,16-09-2025,Active,Offline Store,Skincare,16-09-2025,1,616.55
516901,Simran Kale,27,Female,Pune,Maharashtra,Value,Organic Search,Organic_Direct,04-05-2024,Active,Nykaa,Colour Cosmetics,09-12-2025,4,2783.3
549672,Ananya Bose,28,Female,Kolkata,West Bengal,Regular,Instagram,Unknown,07-04-2025,Inactive,Offline Store,Skincare,08-07-2025,2,943.2
533289,Manish Patel,40,Male,Vadodara,Gujarat,Value,Organic Search,Organic_Direct,27-12-2025,Active,Offline Store,Haircare,27-12-2025,1,597.6
549674,Anjali Joshi,25,Female,Mumbai,Maharashtra,Value,Organic Search,Organic_Direct,24-08-2024,Active,Nykaa,Skincare,30-12-2025,5,4299.3
525105,Kavya Shinde,24,Female,Mumbai,Maharashtra,Premium,Instagram,IG_Influencer_Collab,21-10-2025,Active,Amazon,Colour Cosmetics,21-10-2025,1,759.05
525112,Suresh Bhosale,20,Male,Mumbai,Maharashtra,Regular,Instagram,IG_NewLaunch,09-08-2024,Inactive,Amazon,Colour Cosmetics,18-08-2025,5,2680.05
549689,Tanvi Nair,40,Female,Chennai,Tamil Nadu,Value,Google,Google_Shopping,03-05-2025,Active,Quick Commerce,Skincare,10-11-2025,3,1377.45
549692,Fatima Sharma,31,Female,Unknown,Unknown,Premium,Instagram,IG_NewLaunch,04-04-2025,Active,Offline Store,Colour Cosmetics,26-12-2025,9,5692.4
549695,Vivek Deshmukh,36,Male,Mumbai,Maharashtra,Value,Organic Search,Organic_Direct,24-12-2025,Active,Quick Commerce,Skincare,24-12-2025,1,848.3
598848,Tanvi Naidu,33,Female,Hyderabad,Telangana,Value,Offline Store,Instore_Walkin,28-11-2025,Active,Amazon,Colour Cosmetics,15-12-2025,2,830.65
541505,Siddharth Iyer,29,Male,Chennai,Tamil Nadu,Regular,Instagram,IG_Reels_Push,28-11-2025,Active,Quick Commerce,Colour Cosmetics,27-12-2025,6,4102.9
516932,Vidya Pawar,27,Female,Mumbai,Maharashtra,Value,Instagram,IG_Festive_Sale,14-08-2025,Dormant,D2C Website,Haircare,14-08-2025,1,331.55
598858,Arjun Chavan,31,Male,Pune,Maharashtra,Value,Google,Google_Search_Brand,07-08-2025,Active,D2C Website,Skincare,23-12-2025,2,778.15
557898,Ishita Gandhi,46,Female,Vadodara,Gujarat,Premium,Instagram,IG_Influencer_Collab,14-07-2025,Active,Quick Commerce,Colour Cosmetics,30-11-2025,4,2172.8
557905,Pooja Reddy,24,Female,Hyderabad,Telangana,Premium,Marketplace,Amazon_Sponsored,20-09-2025,Active,Amazon,Skincare,26-12-2025,4,1818.25
590673,Trisha Verma,35,Female,Delhi,Delhi,Regular,Google,Google_Shopping,14-12-2024,Dormant,Myntra,Colour Cosmetics,27-12-2024,2,1558.85
557912,Trisha Patil,38,Female,Mumbai,Maharashtra,Premium,Marketplace,Myntra_Beauty_Week,15-09-2024,Inactive,Amazon,Colour Cosmetics,28-02-2025,2,788.1
525144,Lakshmi Goud,32,Female,Hyderabad,Telangana,Value,Google,Google_Search_Generic,08-12-2025,Active,D2C Website,Skincare,08-12-2025,1,598
598885,Deepika Krishnan,29,Female,Coimbatore,Tamil Nadu,Regular,Offline Store,Instore_EventPromo,25-08-2025,Active,D2C Website,Skincare,22-09-2025,2,875.65
582502,Radhika Chatterjee,18,Female,Kolkata,West Bengal,Value,Influencer,Influencer_Beauty_Bloggers,23-04-2025,Active,Quick Commerce,Skincare,12-11-2025,5,2926.3
598886,Ravi Tiwari,30,Other,Lucknow,Uttar Pradesh,Value,Instagram,Unknown,20-03-2025,Inactive,Quick Commerce,Skincare,26-03-2025,2,785.65
525166,Naveen Mehra,26,Male,Delhi,Delhi,Value,Google,Google_Shopping,28-08-2025,Active,Myntra,Skincare,28-08-2025,1,404.1
557939,Vani Subramaniam,35,Female,Chennai,Tamil Nadu,Premium,Referral,ReferAFriend_Q3,19-11-2025,Dormant,Offline Store,Skincare,26-12-2025,4,2869.2
566132,Sonal Kulkarni,18,Female,Mumbai,Maharashtra,Premium,Google,Google_Search_Generic,16-09-2025,Dormant,Nykaa,Skincare,16-09-2025,1,374.25
508799,Ritu Mehta,24,Female,Surat,Gujarat,Regular,Organic Search,Organic_SEO_Blog,15-01-2025,Inactive,Quick Commerce,Skincare,15-01-2025,1,759.05
557954,Trisha Tripathi,18,Female,Lucknow,Uttar Pradesh,Value,Influencer,Influencer_Beauty_Bloggers,12-08-2025,Active,Myntra,Skincare,12-08-2025,1,852.15
557961,Aisha Mishra,29,Female,Patna,Bihar,Regular,Offline Store,Instore_Walkin,03-01-2025,Inactive,Quick Commerce,Colour Cosmetics,03-01-2025,1,349
533386,Naveen Joshi,22,Male,Mumbai,Maharashtra,Value,Instagram,IG_Reels_Push,29-07-2024,Inactive,Myntra,Skincare,11-02-2025,2,2011.3
557963,Sandeep Goud,24,Male,Hyderabad,Telangana,Value,Google,Google_Search_Generic,28-04-2024,Active,Myntra,Skincare,29-10-2025,5,2954.5
582544,Ritu Arora,36,Female,Delhi,Delhi,Regular,Instagram,IG_Influencer_Collab,24-09-2024,Inactive,Offline Store,Colour Cosmetics,19-11-2024,2,1387.4
566162,Nandini Sengupta,29,Female,Kolkata,West Bengal,Premium,Organic Search,Organic_Direct,31-10-2025,Dormant,Nykaa,Colour Cosmetics,27-12-2025,5,2204.45
541588,Sandeep Subramaniam,23,Male,Chennai,Tamil Nadu,Regular,Instagram,IG_NewLaunch,11-04-2025,Inactive,Myntra,Skincare,11-04-2025,1,466.65
574364,Riya Deshmukh,19,Female,Mumbai,Maharashtra,Value,Offline Store,Instore_Walkin,19-02-2025,Active,Offline Store,Colour Cosmetics,21-11-2025,10,9022.4
533408,Sonal Banerjee,22,Female,Kolkata,West Bengal,Value,Instagram,Unknown,23-12-2025,Dormant,Offline Store,Colour Cosmetics,23-12-2025,1,381.65
508834,Meera Iyengar,35,Female,Bengaluru,Karnataka,Value,Instagram,IG_Reels_Push,27-12-2024,Inactive,Amazon,Skincare,10-02-2025,2,660.7
598951,Simran Malhotra,23,Female,Delhi,Delhi,Value,Influencer,Influencer_YT_Review,08-08-2025,Active,Quick Commerce,Colour Cosmetics,24-12-2025,9,6973.7
517038,Radhika Bhosale,29,Female,Mumbai,Maharashtra,Premium,Referral,ReferAFriend_Q1,31-05-2025,Active,D2C Website,Colour Cosmetics,31-05-2025,1,494.1
549808,Siddharth Trivedi,30,Male,Surat,Gujarat,Regular,Instagram,IG_Festive_Sale,17-07-2025,Active,Myntra,Skincare,17-07-2025,1,374.25
582578,Gaurav Shetty,27,Male,Bengaluru,Karnataka,Value,Google,Google_Shopping,21-11-2025,Active,Quick Commerce,Colour Cosmetics,29-12-2025,5,3012
558008,Harsh Rao,27,Male,Bengaluru,Karnataka,Regular,Marketplace,Myntra_Beauty_Week,09-05-2025,Dormant,Myntra,Skincare,14-11-2025,4,2767.95
525242,Riya Patel,33,Female,Unknown,Unknown,Value,Referral,ReferAFriend_Q1,19-09-2024,Dormant,Myntra,Colour Cosmetics,03-12-2025,10,9190.45
574395,Nandini Verma,37,Female,Patna,Bihar,Premium,Instagram,IG_Influencer_Collab,04-02-2025,Dormant,Nykaa,Colour Cosmetics,04-02-2025,1,359.2
517054,Pallavi Shah,31,Female,Surat,Gujarat,Value,Influencer,Influencer_Micro,08-10-2024,Active,D2C Website,Colour Cosmetics,30-05-2025,2,490.85
590794,Radhika Naik,40,Female,Bengaluru,Karnataka,Regular,Organic Search,Organic_Direct,06-02-2024,Dormant,Quick Commerce,Colour Cosmetics,29-12-2025,5,3231.35
549834,Pranav Kapoor,27,Male,Delhi,Delhi,Value,Instagram,IG_Influencer_Collab,16-05-2025,Inactive,Amazon,Skincare,16-05-2025,1,538.2
558028,Priya Chavan,23,Female,Pune,Maharashtra,Regular,Influencer,Influencer_Beauty_Bloggers,14-04-2024,Inactive,Quick Commerce,Colour Cosmetics,14-04-2024,1,798
598992,Amit Patil,23,Male,Pune,Maharashtra,Value,Organic Search,Organic_Direct,14-04-2024,Inactive,Quick Commerce,Skincare,14-04-2024,1,538.2
500688,Arya Naik,33,Other,Bengaluru,Karnataka,Value,Google,Google_Shopping,04-12-2025,Active,D2C Website,Skincare,22-12-2025,4,1916.1
598994,Karan Raju,19,Male,Hyderabad,Telangana,Regular,Marketplace,Myntra_Beauty_Week,16-11-2024,Active,D2C Website,Skincare,19-12-2025,5,2030.75
533466,Kiran Banerjee,18,Unknown,Kolkata,West Bengal,Value,Referral,ReferAFriend_Q3,07-04-2025,Inactive,Amazon,Skincare,07-04-2025,1,519.2
590812,Sanjana Ghosh,43,Female,Kolkata,West Bengal,Value,Influencer,Influencer_Beauty_Bloggers,19-09-2025,Active,D2C Website,Colour Cosmetics,27-12-2025,4,2245.4
549856,Neha Kulkarni,37,Female,Bengaluru,Karnataka,Regular,Influencer,Influencer_Micro,02-06-2024,Dormant,Nykaa,Skincare,02-06-2024,1,426.55
549857,Sanjana Pandey,21,Female,Lucknow,Uttar Pradesh,Regular,Referral,ReferAFriend_Q3,14-12-2024,Active,Quick Commerce,Skincare,16-12-2025,4,1701.5
566244,Deepa Gaikwad,27,Other,Mumbai,Maharashtra,Value,Influencer,Influencer_Micro,07-09-2025,Active,Nykaa,Haircare,29-12-2025,10,7376.95
508907,Pranav Chatterjee,27,Male,Kolkata,West Bengal,Value,Organic Search,Organic_Direct,13-01-2025,Dormant,Amazon,Skincare,13-05-2025,3,1903.5
533491,Lakshmi Gaikwad,22,Female,Pune,Maharashtra,Regular,Instagram,IG_Influencer_Collab,07-11-2025,Active,Myntra,Skincare,20-11-2025,2,1462.65
500726,Ananya Shinde,31,Female,Mumbai,Maharashtra,Regular,Instagram,IG_Festive_Sale,04-12-2024,Dormant,D2C Website,Skincare,20-09-2025,4,3289.6
566263,Aisha Malviya,27,Female,Indore,Madhya Pradesh,Regular,Instagram,IG_Influencer_Collab,15-08-2025,Active,Offline Store,Skincare,30-10-2025,3,1661.55
599035,Yash Chavan,40,Male,Mumbai,Maharashtra,Value,Organic Search,Organic_Direct,01-12-2025,Active,Quick Commerce,Skincare,01-12-2025,1,1047
558079,Harsh Chakraborty,25,Male,Kolkata,West Bengal,Value,Organic Search,Organic_SEO_Blog,20-07-2025,Active,Nykaa,Skincare,23-12-2025,3,1820.6
525313,Radhika Kulkarni,27,Female,Mumbai,Maharashtra,Value,Instagram,IG_NewLaunch,20-10-2025,Active,Quick Commerce,Colour Cosmetics,20-10-2025,1,449
558082,Divya Sharma,31,Female,Hyderabad,Telangana,Regular,Instagram,IG_NewLaunch,22-11-2025,Active,Myntra,Skincare,22-11-2025,1,494.1
541704,Zoya Varma,34,Female,Kochi,Kerala,Value,Influencer,Influencer_YT_Review,09-08-2024,Dormant,Myntra,Colour Cosmetics,09-08-2024,1,379.05
599061,Deepika Pillai,27,Female,Coimbatore,Tamil Nadu,Regular,Marketplace,Myntra_Beauty_Week,16-07-2025,Active,Myntra,Skincare,16-07-2025,1,374.25
508950,Neha Kumar,31,Female,Unknown,Unknown,Premium,Instagram,IG_Influencer_Collab,14-10-2024,Inactive,Nykaa,Haircare,11-09-2025,5,3102.1
517146,Swati Bose,19,Female,Kolkata,West Bengal,Value,Instagram,IG_Influencer_Collab,30-12-2025,Active,Myntra,Skincare,30-12-2025,1,616.55
517154,Deepika Sidhu,32,Female,Chandigarh,Chandigarh,Regular,Influencer,Influencer_Micro,15-09-2025,Inactive,Myntra,Colour Cosmetics,15-09-2025,1,584.1
566307,Priya Kale,33,Female,Pune,Maharashtra,Value,Google,Google_Shopping,10-05-2025,Dormant,Quick Commerce,Haircare,10-05-2025,1,1358.3
500772,Kritika Sethi,33,Female,Chandigarh,Chandigarh,Regular,Google,Google_Search_Generic,28-09-2024,Dormant,Amazon,Colour Cosmetics,19-12-2024,2,2771.65
558115,Tanvi Trivedi,43,Female,Surat,Gujarat,Value,Instagram,IG_Influencer_Collab,06-10-2024,Dormant,Nykaa,Skincare,22-11-2024,2,936
549925,Farhan Khanna,31,Male,Delhi,Delhi,Value,Organic Search,Organic_SEO_Blog,17-11-2025,Active,Myntra,Haircare,10-12-2025,3,3125.65
582691,Deepika Arora,27,Female,Delhi,Delhi,Value,Offline Store,Instore_Walkin,04-03-2025,Active,Quick Commerce,Skincare,22-11-2025,9,7493.05
508968,Harsh Nair,31,Male,Chennai,Tamil Nadu,Premium,Influencer,Influencer_Beauty_Bloggers,17-05-2025,Inactive,Nykaa,Skincare,17-05-2025,1,329.4
533544,Zoya Tripathi,23,Female,Lucknow,Uttar Pradesh,Premium,Instagram,Unknown,28-03-2025,Dormant,D2C Website,Colour Cosmetics,10-09-2025,3,1099.75
566317,Pooja Gaikwad,29,Female,Pune,Maharashtra,Regular,Referral,ReferAFriend_Q1,27-11-2025,Active,Myntra,Colour Cosmetics,27-11-2025,1,998
590894,Tanvi Agarwal,34,Female,Lucknow,Uttar Pradesh,Value,Marketplace,Nykaa_Storefront,22-08-2024,Inactive,Nykaa,Haircare,19-10-2024,2,523.35
533550,Pooja Patil,22,Female,Mumbai,Maharashtra,Value,Instagram,IG_Influencer_Collab,14-03-2024,Active,Amazon,Colour Cosmetics,28-11-2025,4,2038.35
517172,Farhan Shinde,31,Male,Mumbai,Maharashtra,Premium,Referral,ReferAFriend_Q3,20-11-2024,Inactive,Amazon,Skincare,04-05-2025,4,3782.45
508981,Ritu Gupta,27,Female,Unknown,Unknown,Regular,Organic Search,Organic_SEO_Blog,29-12-2025,Active,Myntra,Skincare,29-12-2025,1,674.25
549941,Zoya Gaikwad,35,Female,Pune,Maharashtra,Regular,Organic Search,Organic_Direct,14-02-2025,Active,Nykaa,Colour Cosmetics,27-12-2025,3,1032.35
517176,Shreya Verma,21,Female,Delhi,Delhi,Premium,Referral,Unknown,04-05-2025,Dormant,Quick Commerce,Colour Cosmetics,23-12-2025,4,1608.65
558138,Shreya Chandran,36,Female,Chennai,Tamil Nadu,Value,Influencer,Influencer_YT_Review,06-11-2025,Active,Nykaa,Skincare,05-12-2025,5,1787.7
582719,Swati Desai,26,Female,Ahmedabad,Gujarat,Regular,Instagram,IG_Festive_Sale,16-04-2025,Inactive,Quick Commerce,Colour Cosmetics,16-04-2025,1,319.2
508992,Ritu Roy,22,Female,Kolkata,West Bengal,Regular,Google,Google_Search_Generic,05-11-2025,Dormant,D2C Website,Haircare,21-12-2025,2,636
508993,Deepika Mukherjee,25,Female,Kolkata,West Bengal,Value,Organic Search,Organic_Direct,04-05-2025,Inactive,Amazon,Haircare,04-05-2025,1,799
500800,Krishna Gupta,30,Male,Delhi,Delhi,Regular,Instagram,IG_Festive_Sale,19-04-2025,Dormant,Myntra,Colour Cosmetics,26-06-2025,3,923.05
574531,Harsh Kamath,32,Male,Bengaluru,Karnataka,Value,Instagram,IG_Influencer_Collab,19-06-2024,Inactive,Offline Store,Colour Cosmetics,19-06-2024,1,339.15
582727,Priya Chaudhary,30,Female,Lucknow,Uttar Pradesh,Regular,Instagram,IG_Reels_Push,04-06-2024,Inactive,Nykaa,Colour Cosmetics,15-07-2024,3,1032.3
590921,Siddharth Deshmukh,18,Male,Mumbai,Maharashtra,Value,Google,Google_Shopping,20-07-2025,Active,Quick Commerce,Skincare,21-10-2025,3,1818
558153,Deepika Prasad,34,Female,Hyderabad,Telangana,Value,Organic Search,Organic_Direct,02-04-2025,Dormant,Amazon,Haircare,08-07-2025,4,2205.1
541770,Gaurav Naik,22,Male,Bengaluru,Karnataka,Premium,Organic Search,Organic_Direct,09-02-2025,Dormant,Amazon,Skincare,20-11-2025,4,1404.45
549968,Ishita Dubey,36,Female,Indore,Madhya Pradesh,Value,Organic Search,Organic_SEO_Blog,24-04-2025,Active,Myntra,Unknown,12-12-2025,5,2542.3
533586,Aditya Patil,21,Male,Mumbai,Maharashtra,Value,Google,Google_Shopping,20-07-2025,Active,Offline Store,Skincare,07-12-2025,5,2121.1
599125,Rohan Kurup,21,Male,Kochi,Kerala,Premium,Organic Search,Organic_Direct,19-12-2024,Dormant,Myntra,Skincare,28-09-2025,4,3290.2
509016,Sonal Gaikwad,29,Female,Mumbai,Maharashtra,Value,Referral,ReferAFriend_Q3,07-11-2025,Dormant,Myntra,Colour Cosmetics,07-11-2025,1,249
549986,Shreya Deshmukh,37,Female,Pune,Maharashtra,Value,Instagram,IG_Festive_Sale,02-10-2024,Inactive,Amazon,Colour Cosmetics,13-11-2024,4,1773.15
582756,Vivek Malviya,24,Male,Indore,Madhya Pradesh,Regular,Influencer,Influencer_Micro,20-01-2025,Inactive,Quick Commerce,Colour Cosmetics,18-05-2025,2,1477.25
525415,Lakshmi Gaikwad,18,Female,Nagpur,Maharashtra,Value,Influencer,Influencer_Beauty_Bloggers,22-05-2025,Dormant,Quick Commerce,Colour Cosmetics,03-11-2025,4,2537.95
517224,Rohan Arora,44,Male,Delhi,Delhi,Regular,Instagram,IG_Reels_Push,19-10-2025,Active,Quick Commerce,Colour Cosmetics,19-10-2025,1,698
599148,Meera Jain,27,Female,Jaipur,Rajasthan,Regular,Organic Search,Organic_SEO_Blog,26-06-2025,Active,Offline Store,Skincare,26-06-2025,1,598
590957,Anjali Subramaniam,19,Female,Chennai,Tamil Nadu,Value,Instagram,IG_Reels_Push,20-05-2024,Dormant,Myntra,Skincare,20-05-2024,1,339.15
509038,Trisha Sharma,28,Female,Unknown,Unknown,Regular,Instagram,IG_Influencer_Collab,22-06-2024,Inactive,D2C Website,Skincare,22-06-2024,1,521.55
590964,Rakesh Deshmukh,18,Male,Mumbai,Maharashtra,Value,Referral,ReferAFriend_Q1,27-12-2025,Dormant,D2C Website,Skincare,29-12-2025,3,1195.3
525430,Meera Kale,29,Female,Mumbai,Maharashtra,Regular,Instagram,IG_NewLaunch,01-11-2024,Active,Nykaa,Haircare,01-11-2024,1,336.75
574593,Ritu Subramaniam,24,Female,Chennai,Tamil Nadu,Regular,Offline Store,Unknown,17-01-2025,Inactive,Offline Store,Skincare,17-01-2025,1,649
550019,Rajesh Jacob,18,Male,Kochi,Kerala,Regular,Influencer,Influencer_Beauty_Bloggers,25-07-2025,Active,D2C Website,Haircare,11-08-2025,2,1681.3
525443,Tanvi Patel,40,Female,Surat,Gujarat,Value,Organic Search,Organic_Direct,01-12-2025,Active,D2C Website,Skincare,01-12-2025,1,494.1
558222,Yash Krishnan,35,Male,Chennai,Tamil Nadu,Value,Instagram,IG_Festive_Sale,26-10-2024,Active,Quick Commerce,Unknown,01-09-2025,2,700.95
509071,Shreya Deshmukh,21,Female,Mumbai,Maharashtra,Value,Marketplace,Amazon_Sponsored,13-11-2024,Active,Quick Commerce,Skincare,19-08-2025,5,3441.7
574607,Sandeep Mukherjee,38,Male,Kolkata,West Bengal,Premium,Influencer,Influencer_Micro,20-12-2025,Active,Myntra,Skincare,27-12-2025,5,2786.45
517275,Deepika George,28,Female,Kochi,Kerala,Value,Influencer,Influencer_Beauty_Bloggers,12-01-2025,Active,D2C Website,Skincare,12-01-2025,1,254.15
550052,Tanvi Chavan,27,Female,Pune,Maharashtra,Value,Instagram,IG_Influencer_Collab,10-07-2025,Dormant,Amazon,Colour Cosmetics,13-11-2025,4,2259.75
509099,Priya Ghosh,20,Female,Kolkata,West Bengal,Regular,Organic Search,Organic_Direct,09-03-2025,Active,Nykaa,Colour Cosmetics,19-10-2025,2,2101.5
525485,Vikram Varma,35,Male,Hyderabad,Telangana,Regular,Referral,ReferAFriend_Q3,11-12-2024,Active,D2C Website,Skincare,28-09-2025,4,2259.3
582831,Sanjana Kamath,36,Female,Bengaluru,Karnataka,Regular,Google,Google_Search_Generic,09-06-2025,Active,Myntra,Skincare,25-11-2025,3,2066.3
533681,Shreya Kumar,36,Female,Hyderabad,Telangana,Value,Marketplace,Amazon_Sponsored,28-09-2025,Active,Offline Store,Skincare,28-09-2025,1,424.15
566462,Neha Mukherjee,18,Female,Kolkata,West Bengal,Regular,Google,Google_Search_Generic,24-09-2025,Active,Offline Store,Colour Cosmetics,24-09-2025,1,404.1
509120,Rajesh Iyengar,23,Male,Bengaluru,Karnataka,Value,Offline Store,Instore_Walkin,03-12-2024,Dormant,D2C Website,Skincare,08-02-2025,2,1277.35
566469,Pallavi Raman,25,Female,Chennai,Tamil Nadu,Value,Influencer,Influencer_YT_Review,20-02-2025,Dormant,Myntra,Skincare,20-02-2025,1,449.1
517322,Simran Malhotra,28,Female,Delhi,Delhi,Value,Organic Search,Organic_Direct,05-08-2025,Active,D2C Website,Haircare,14-12-2025,2,933.3
574668,Deepa Shinde,37,Other,Mumbai,Maharashtra,Premium,Google,Google_Search_Brand,21-10-2025,Dormant,Offline Store,Skincare,30-11-2025,2,786
500942,Anjali Chandran,31,Female,Coimbatore,Tamil Nadu,Value,Google,Google_Search_Brand,17-03-2025,Dormant,Myntra,Skincare,18-05-2025,2,1422.15
558287,Nandini Kulkarni,18,Female,Pune,Maharashtra,Regular,Organic Search,Organic_Direct,03-06-2025,Active,Quick Commerce,Skincare,03-12-2025,5,2752
541904,Divya Bhosale,25,Female,Mumbai,Maharashtra,Value,Instagram,IG_Reels_Push,12-05-2024,Inactive,Amazon,Skincare,12-05-2024,1,899
517342,Riya Shinde,18,Other,Pune,Maharashtra,Value,Google,Google_Shopping,18-11-2024,Dormant,Quick Commerce,Haircare,30-07-2025,5,2336.45
509150,Priya Bose,26,Female,Kolkata,West Bengal,Regular,Influencer,Influencer_YT_Review,06-11-2025,Dormant,D2C Website,Skincare,06-11-2025,1,494.1
566497,Trisha Pillai,30,Female,Chennai,Tamil Nadu,Regular,Instagram,IG_Festive_Sale,04-04-2024,Inactive,Quick Commerce,Haircare,05-04-2024,2,1165.65
574691,Divya Chavan,32,Female,Mumbai,Maharashtra,Regular,Instagram,IG_Reels_Push,02-08-2025,Active,Amazon,Haircare,04-11-2025,3,1719.35
566507,Ishita Tiwari,36,Female,Bhopal,Madhya Pradesh,Value,Google,Google_Search_Brand,05-12-2024,Inactive,Amazon,Skincare,05-12-2024,1,998
517361,Riya Shetty,28,Female,Bengaluru,Karnataka,Value,Organic Search,Organic_SEO_Blog,28-08-2025,Active,Offline Store,Skincare,02-10-2025,2,875.65
509171,Kritika Joshi,32,Female,Pune,Maharashtra,Premium,Offline Store,Instore_Walkin,19-03-2025,Dormant,Nykaa,Haircare,11-04-2025,2,1252.4
550140,Akash Malhotra,33,Male,Delhi,Delhi,Value,Marketplace,Myntra_Beauty_Week,02-10-2025,Dormant,Amazon,Haircare,02-10-2025,1,1708.1
566540,Sanjana Kale,33,Female,Mumbai,Maharashtra,Premium,Google,Google_Search_Generic,13-08-2025,Active,Offline Store,Skincare,21-11-2025,5,2204.4
566542,Tanvi Joshi,30,Female,Ahmedabad,Gujarat,Regular,Organic Search,Organic_Direct,26-07-2025,Active,Myntra,Skincare,26-07-2025,1,449
501007,Sanjana Vyas,35,Female,Surat,Gujarat,Value,Instagram,IG_Reels_Push,11-09-2024,Dormant,Quick Commerce,Skincare,09-10-2024,2,553.3
566543,Farhan Rathore,32,Male,Jaipur,Rajasthan,Regular,Organic Search,Organic_SEO_Blog,25-05-2025,Active,D2C Website,Colour Cosmetics,25-05-2025,1,299.25
501013,Riya Dutta,28,Female,Kolkata,West Bengal,Regular,Referral,ReferAFriend_Q1,26-07-2025,Active,D2C Website,Skincare,16-12-2025,5,2936.95
566550,Kunal Raju,22,Male,Hyderabad,Telangana,Value,Google,Google_Shopping,07-05-2025,Active,Quick Commerce,Haircare,07-05-2025,1,381.65
501025,Tarun Patil,29,Male,Mumbai,Maharashtra,Premium,Influencer,Influencer_YT_Review,12-09-2025,Active,Nykaa,Colour Cosmetics,12-09-2025,1,426.55
566562,Riya Gaikwad,23,Female,Mumbai,Maharashtra,Value,Google,Google_Shopping,11-09-2025,Inactive,Nykaa,Skincare,11-09-2025,1,649
574766,Aisha Vyas,27,Female,Surat,Gujarat,Premium,Google,Google_Search_Generic,20-04-2025,Active,Amazon,Colour Cosmetics,01-06-2025,2,510.9
582960,Pooja Verma,18,Female,Patna,Bihar,Regular,Google,Google_Shopping,31-12-2024,Active,Myntra,Haircare,12-06-2025,3,1136.85
550196,Sonal Nair,30,Female,Chennai,Tamil Nadu,Value,Influencer,Influencer_Beauty_Bloggers,09-06-2025,Dormant,Offline Store,Colour Cosmetics,16-12-2025,4,3179.5
591163,Tanvi Gandhi,25,Female,Surat,Gujarat,Regular,Influencer,Influencer_Micro,17-09-2025,Dormant,Myntra,Colour Cosmetics,16-12-2025,5,2172.05
550205,Sandeep Kamath,25,Male,Bengaluru,Karnataka,Value,Google,Google_Shopping,03-08-2025,Active,Nykaa,Skincare,03-08-2025,1,284.05
582978,Vivek Gaikwad,30,Male,Mumbai,Maharashtra,Regular,Instagram,IG_Reels_Push,12-09-2024,Inactive,D2C Website,Skincare,12-09-2024,1,429
501061,Sneha Grewal,24,Female,Chandigarh,Chandigarh,Value,Instagram,IG_Influencer_Collab,05-12-2024,Inactive,Myntra,Skincare,15-08-2025,6,3999.55
599374,Nandini Grewal,26,Female,Chandigarh,Chandigarh,Value,Referral,ReferAFriend_Q1,12-10-2025,Active,Offline Store,Haircare,30-12-2025,4,1863.35
582991,Sneha Sharma,18,Female,Hyderabad,Telangana,Premium,Instagram,IG_Festive_Sale,12-03-2025,Active,Nykaa,Colour Cosmetics,15-12-2025,10,7026.7
582998,Pranav Patil,28,Male,Mumbai,Maharashtra,Value,Organic Search,Organic_SEO_Blog,05-08-2024,Active,D2C Website,Colour Cosmetics,06-11-2025,4,2059.1
566616,Deepika Rathore,33,Female,Bhopal,Madhya Pradesh,Regular,Google,Google_Search_Generic,20-06-2025,Dormant,Nykaa,Skincare,20-06-2025,1,399
517477,Neha Nair,37,Female,Coimbatore,Tamil Nadu,Regular,Google,Google_Search_Brand,02-09-2025,Dormant,Amazon,Skincare,02-09-2025,1,649
533862,Simran Hegde,31,Female,Bengaluru,Karnataka,Value,Organic Search,Organic_SEO_Blog,10-06-2025,Dormant,Myntra,Unknown,10-06-2025,1,339.15
509287,Vani Chandran,31,Female,Chennai,Tamil Nadu,Premium,Instagram,IG_NewLaunch,26-04-2025,Active,D2C Website,Skincare,07-12-2025,4,1890.85
591214,Vikram Joshi,20,Male,Mumbai,Maharashtra,Regular,Organic Search,Organic_SEO_Blog,11-10-2025,Active,Nykaa,Skincare,11-10-2025,1,474.05
558446,Aisha Chavan,40,Female,Nagpur,Maharashtra,Value,Google,Google_Search_Brand,25-09-2025,Active,Quick Commerce,Colour Cosmetics,25-09-2025,1,379.05
566648,Vidya Reddy,27,Female,Bengaluru,Karnataka,Regular,Instagram,IG_Festive_Sale,13-12-2025,Active,Myntra,Skincare,13-12-2025,1,809.1
509305,Harsh Balan,22,Male,Chennai,Tamil Nadu,Regular,Instagram,IG_Festive_Sale,02-11-2024,Active,Myntra,Colour Cosmetics,02-11-2024,1,404.1
574847,Divya Patel,32,Female,Ahmedabad,Gujarat,Value,Referral,ReferAFriend_Q1,02-02-2025,Active,Offline Store,Skincare,30-09-2025,10,6605.25
542081,Ishita Agarwal,29,Female,Lucknow,Uttar Pradesh,Regular,Instagram,IG_Influencer_Collab,08-10-2025,Active,Quick Commerce,Skincare,08-10-2025,1,319.2
591235,Deepak Verma,30,Male,Lucknow,Uttar Pradesh,Regular,Google,Google_Search_Brand,12-08-2025,Active,Offline Store,Skincare,12-08-2025,1,598.5
550277,Nandini Patil,29,Female,Nagpur,Maharashtra,Regular,Referral,ReferAFriend_Q1,26-05-2025,Dormant,Amazon,Skincare,26-05-2025,1,359.1
509329,Priya Kale,27,Female,Mumbai,Maharashtra,Value,Instagram,IG_Festive_Sale,21-11-2025,Active,Nykaa,Haircare,21-11-2025,1,763.3
583066,Rajesh Dubey,40,Male,Bhopal,Madhya Pradesh,Regular,Offline Store,Instore_Walkin,31-07-2025,Active,D2C Website,Skincare,16-12-2025,3,1418.95
599462,Priya Kulkarni,37,Female,Bengaluru,Karnataka,Value,Instagram,IG_NewLaunch,29-08-2025,Active,Nykaa,Skincare,29-08-2025,1,584.1
591272,Nandini Gandhi,32,Female,Surat,Gujarat,Regular,Google,Google_Search_Generic,29-05-2025,Active,Myntra,Skincare,07-11-2025,5,2101.7
566698,Nandini Thomas,26,Female,Kochi,Kerala,Value,Google,Google_Search_Generic,14-06-2024,Active,Nykaa,Skincare,23-09-2025,4,2659.85
509359,Sneha Chatterjee,30,Female,Kolkata,West Bengal,Value,Instagram,IG_NewLaunch,02-12-2024,Inactive,Quick Commerce,Skincare,02-02-2025,3,1262.7
550328,Neha Iyer,27,Female,Chennai,Tamil Nadu,Regular,Instagram,IG_Influencer_Collab,03-10-2025,Active,Myntra,Skincare,03-10-2025,1,1233.1
591289,Ananya Chavan,38,Female,Mumbai,Maharashtra,Value,Google,Google_Search_Brand,21-03-2025,Inactive,Nykaa,Colour Cosmetics,21-03-2025,1,439.2
542143,Meera Verma,18,Female,Patna,Bihar,Regular,Marketplace,Nykaa_Storefront,25-06-2025,Inactive,Nykaa,Colour Cosmetics,25-06-2025,1,398.4
558529,Rakesh Deshmukh,32,Male,Mumbai,Maharashtra,Regular,Offline Store,Instore_EventPromo,21-11-2025,Active,Nykaa,Haircare,21-11-2025,1,1093.95
591303,Pallavi Sharma,24,Female,Bhopal,Madhya Pradesh,Premium,Influencer,Influencer_YT_Review,29-04-2025,Active,Myntra,Colour Cosmetics,18-05-2025,2,778.35
599503,Meera Sharma,32,Female,Delhi,Delhi,Regular,Organic Search,Organic_SEO_Blog,10-11-2025,Dormant,Nykaa,Colour Cosmetics,10-11-2025,1,381.65
574928,Simran Patel,20,Female,Unknown,Unknown,Value,Instagram,IG_Influencer_Collab,10-03-2025,Dormant,Myntra,Colour Cosmetics,19-09-2025,2,1254.95
533972,Zoya Rathore,33,Female,Jaipur,Rajasthan,Value,Google,Google_Search_Brand,24-02-2025,Active,Myntra,Colour Cosmetics,24-02-2025,1,429
583130,Meera Joshi,24,Female,Mumbai,Maharashtra,Value,Google,Google_Search_Generic,12-12-2024,Inactive,Offline Store,Colour Cosmetics,20-04-2025,2,758.3
583136,Priya Pillai,38,Unknown,Kochi,Kerala,Premium,Influencer,Influencer_Micro,19-12-2025,Active,Myntra,Skincare,19-12-2025,1,296.65
517601,Vidya Deshmukh,29,Female,Pune,Maharashtra,Value,Organic Search,Organic_SEO_Blog,18-12-2025,Active,Nykaa,Skincare,18-12-2025,1,331.55
542176,Rajesh Kulkarni,22,Male,Mumbai,Maharashtra,Value,Marketplace,Nykaa_Storefront,13-09-2025,Active,Myntra,Colour Cosmetics,13-09-2025,1,853.1
574946,Rakesh Chary,22,Male,Hyderabad,Telangana,Regular,Influencer,Influencer_Beauty_Bloggers,17-02-2025,Active,Quick Commerce,Haircare,27-12-2025,10,6781.5
501220,Kavya Pawar,19,Female,Nagpur,Maharashtra,Value,Referral,ReferAFriend_Q1,17-02-2025,Inactive,Offline Store,Skincare,19-06-2025,2,1241.7
501231,Vikram Gaikwad,18,Male,Pune,Maharashtra,Value,Google,Google_Search_Brand,19-07-2025,Active,Offline Store,Colour Cosmetics,19-11-2025,3,1455.2
566768,Pallavi Gowda,30,Female,Bengaluru,Karnataka,Regular,Referral,ReferAFriend_Q1,08-11-2025,Active,Myntra,Haircare,26-12-2025,3,1372.7
599536,Pooja Joshi,31,Female,Pune,Maharashtra,Value,Google,Google_Shopping,21-12-2024,Inactive,D2C Website,Skincare,21-12-2024,1,399
574963,Vidya Iyengar,25,Female,Chennai,Tamil Nadu,Value,Offline Store,Instore_EventPromo,26-04-2025,Inactive,Amazon,Skincare,26-04-2025,1,269.1
550394,Yash Sharma,33,Male,Delhi,Delhi,Value,Organic Search,Organic_Direct,29-11-2025,Active,Amazon,Colour Cosmetics,29-11-2025,1,299
566784,Varun Chary,20,Male,Hyderabad,Telangana,Value,Google,Google_Shopping,27-12-2024,Active,Amazon,Skincare,09-10-2025,6,3602.2
525825,Riya Reddy,24,Female,Bengaluru,Karnataka,Premium,Referral,ReferAFriend_Q3,03-05-2025,Inactive,D2C Website,Colour Cosmetics,03-05-2025,1,426.55
509447,Akash Kulkarni,38,Male,Mumbai,Maharashtra,Regular,Organic Search,Organic_Direct,19-08-2025,Active,Quick Commerce,Colour Cosmetics,19-08-2025,1,678.3
542219,Kunal Yadav,36,Male,Bhopal,Madhya Pradesh,Value,Instagram,IG_NewLaunch,06-04-2025,Active,Quick Commerce,Skincare,30-11-2025,4,1551.8
501267,Amit Krishnan,22,Male,Chennai,Tamil Nadu,Regular,Google,Google_Search_Generic,23-03-2024,Active,Offline Store,Colour Cosmetics,24-03-2024,2,1657.05
591382,Sonal Trivedi,33,Female,Ahmedabad,Gujarat,Value,Marketplace,Myntra_Beauty_Week,12-07-2025,Active,Offline Store,Colour Cosmetics,09-12-2025,7,5588.9
550422,Sandeep Mehra,31,Male,Delhi,Delhi,Value,Google,Google_Search_Brand,09-04-2024,Dormant,Amazon,Colour Cosmetics,09-04-2024,1,679.15
591384,Sandeep Singh,21,Male,Jaipur,Rajasthan,Regular,Marketplace,Myntra_Beauty_Week,06-11-2025,Active,Nykaa,Colour Cosmetics,10-12-2025,2,848
542237,Sandeep Raju,26,Male,Hyderabad,Telangana,Value,Referral,ReferAFriend_Q1,10-08-2025,Dormant,Quick Commerce,Haircare,10-08-2025,1,521.55
550432,Radhika Reddy,32,Female,Hyderabad,Telangana,Value,Organic Search,Organic_Direct,22-10-2025,Active,Nykaa,Colour Cosmetics,21-12-2025,2,2608.7
525856,Sanjana Rajpurohit,29,Female,Jaipur,Rajasthan,Premium,Instagram,IG_Reels_Push,23-03-2025,Active,D2C Website,Skincare,07-09-2025,5,2152.6
583202,Divya Pawar,33,Female,Mumbai,Maharashtra,Premium,Instagram,IG_Festive_Sale,11-01-2025,Inactive,Amazon,Colour Cosmetics,11-01-2025,1,1438.4
542245,Abhishek Kapoor,26,Male,Delhi,Delhi,Regular,Influencer,Influencer_Micro,03-07-2025,Dormant,Quick Commerce,Skincare,31-10-2025,2,701.05
542247,Aisha Joshi,21,Female,Ahmedabad,Gujarat,Value,Influencer,Influencer_Micro,28-09-2025,Active,Offline Store,Skincare,28-09-2025,1,449
599598,Simran Jain,19,Female,Jaipur,Rajasthan,Value,Instagram,IG_Influencer_Collab,27-08-2025,Active,Myntra,Skincare,08-12-2025,5,1760.8
591411,Fatima Vyas,30,Female,Ahmedabad,Gujarat,Value,Instagram,IG_NewLaunch,09-06-2025,Dormant,Myntra,Colour Cosmetics,09-06-2025,1,296.65
566840,Radhika Arora,32,Female,Delhi,Delhi,Value,Organic Search,Organic_SEO_Blog,10-12-2025,Active,Nykaa,Skincare,10-12-2025,1,331.55
599613,Kunal Varma,27,Male,Hyderabad,Telangana,Premium,Instagram,IG_NewLaunch,04-02-2024,Inactive,D2C Website,Colour Cosmetics,17-08-2024,5,3353.8
591422,Sanjana Naidu,22,Female,Hyderabad,Telangana,Value,Google,Google_Search_Generic,09-11-2024,Inactive,D2C Website,Skincare,09-11-2024,1,359.2
509508,Neha Hegde,23,Female,Bengaluru,Karnataka,Value,Organic Search,Organic_SEO_Blog,06-05-2024,Dormant,Nykaa,Haircare,06-05-2024,1,426.55
501330,Anjali Kamath,30,Female,Bengaluru,Karnataka,Value,Influencer,Influencer_YT_Review,14-08-2025,Active,Myntra,Skincare,15-12-2025,5,2168
534099,Zoya Shinde,34,Female,Mumbai,Maharashtra,Premium,Instagram,IG_NewLaunch,22-10-2024,Active,Nykaa,Skincare,29-10-2025,3,2022.35
550488,Pallavi Chavan,39,Female,Pune,Maharashtra,Premium,Marketplace,Amazon_Sponsored,02-08-2025,Active,Myntra,Haircare,02-08-2025,1,381.65
599641,Shreya Bhatt,36,Female,Jaipur,Rajasthan,Premium,Instagram,IG_NewLaunch,18-12-2025,Active,Nykaa,Skincare,29-12-2025,5,1595.25
599642,Simran Kale,37,Female,Pune,Maharashtra,Value,Google,Google_Search_Generic,15-05-2024,Dormant,D2C Website,Colour Cosmetics,14-07-2024,2,1870.55
583269,Nandini Mehra,28,Female,Delhi,Delhi,Regular,Offline Store,Instore_Walkin,14-05-2024,Inactive,Nykaa,Colour Cosmetics,14-05-2024,1,299.25
525928,Tarun Varma,27,Male,Kochi,Kerala,Value,Instagram,IG_Reels_Push,07-11-2025,Active,Offline Store,Skincare,08-11-2025,2,1947
509545,Simran Kulkarni,25,Female,Pune,Maharashtra,Regular,Organic Search,Organic_SEO_Blog,18-08-2024,Inactive,Quick Commerce,Haircare,18-08-2024,1,494.1
599663,Nandini Singh,30,Female,Jaipur,Rajasthan,Value,Instagram,IG_Influencer_Collab,22-09-2024,Active,Nykaa,Skincare,22-09-2024,1,1233.1
583283,Gaurav Bhosale,24,Male,Mumbai,Maharashtra,Value,Organic Search,Organic_Direct,28-08-2025,Dormant,Myntra,Colour Cosmetics,19-12-2025,5,3096.35
566910,Vidya Vyas,30,Female,Surat,Gujarat,Regular,Marketplace,Nykaa_Storefront,06-09-2024,Active,Offline Store,Colour Cosmetics,21-10-2025,4,2016.4
599680,Deepika Solanki,33,Female,Jaipur,Rajasthan,Regular,Influencer,Influencer_Beauty_Bloggers,19-10-2025,Dormant,Offline Store,Colour Cosmetics,19-10-2025,1,381.65
583307,Manish Reddy,27,Male,Bengaluru,Karnataka,Value,Marketplace,Nykaa_Storefront,26-11-2025,Active,Myntra,Skincare,25-12-2025,4,4068.2
599693,Rohan Banerjee,42,Male,Kolkata,West Bengal,Value,Organic Search,Organic_SEO_Blog,03-02-2025,Inactive,Myntra,Skincare,03-02-2025,1,649
517781,Kavya Joshi,23,Female,Surat,Gujarat,Value,Google,Google_Search_Generic,06-10-2025,Active,Myntra,Colour Cosmetics,06-10-2025,1,359.2
558743,Lakshmi Bhosale,25,Female,Mumbai,Maharashtra,Value,Marketplace,Myntra_Beauty_Week,14-11-2024,Inactive,Amazon,Skincare,14-11-2024,1,254.15
517786,Ritu Verma,39,Female,Delhi,Delhi,Value,Instagram,IG_Festive_Sale,30-12-2024,Inactive,Offline Store,Haircare,30-12-2024,1,336.75
542363,Priya Trivedi,21,Female,Surat,Gujarat,Regular,Instagram,IG_Reels_Push,19-08-2024,Active,Quick Commerce,Colour Cosmetics,19-08-2024,1,349
591521,Trisha Naik,23,Female,Bengaluru,Karnataka,Value,Referral,ReferAFriend_Q3,08-10-2024,Dormant,Nykaa,Haircare,25-04-2025,5,2014.6
509602,Kritika Yadav,27,Female,Bhopal,Madhya Pradesh,Value,Google,Google_Search_Generic,02-09-2024,Inactive,D2C Website,Colour Cosmetics,22-01-2025,3,1044.75
534179,Suresh Chawla,23,Male,Delhi,Delhi,Premium,Organic Search,Organic_Direct,15-11-2024,Dormant,Quick Commerce,Colour Cosmetics,06-06-2025,3,2163.55
542372,Swati Reddy,32,Female,Hyderabad,Telangana,Regular,Instagram,IG_Festive_Sale,11-11-2025,Dormant,Quick Commerce,Skincare,15-12-2025,3,1226.35
558756,Divya Malhotra,22,Female,Delhi,Delhi,Value,Organic Search,Organic_Direct,23-03-2025,Active,Quick Commerce,Skincare,29-12-2025,6,5746.45
525995,Neha Kulkarni,24,Female,Mumbai,Maharashtra,Value,Instagram,IG_Festive_Sale,05-09-2024,Dormant,Nykaa,Skincare,27-12-2025,3,1122.35
575156,Sneha Nair,20,Female,Chennai,Tamil Nadu,Regular,Instagram,IG_Influencer_Collab,20-04-2025,Inactive,Offline Store,Skincare,20-04-2025,1,381.65
591551,Pallavi Kapoor,18,Female,Delhi,Delhi,Premium,Influencer,Influencer_YT_Review,23-12-2025,Active,Quick Commerce,Colour Cosmetics,28-12-2025,3,1656.6
509632,Kunal Desai,18,Male,Ahmedabad,Gujarat,Value,Influencer,Influencer_Beauty_Bloggers,26-10-2025,Dormant,Offline Store,Colour Cosmetics,20-11-2025,2,815.95
550604,Abhishek Chandran,22,Male,Chennai,Tamil Nadu,Value,Influencer,Influencer_YT_Review,16-08-2024,Inactive,D2C Website,Skincare,16-08-2024,1,521.55
558799,Shreya Varma,26,Female,Hyderabad,Telangana,Premium,Instagram,IG_Festive_Sale,03-09-2024,Active,D2C Website,Skincare,08-10-2024,2,1521.5
558800,Divya Singh,39,Female,Lucknow,Uttar Pradesh,Value,Google,Google_Search_Generic,11-09-2024,Active,Offline Store,Skincare,03-12-2025,4,2609.6
550615,Gaurav Chouhan,35,Male,Jaipur,Rajasthan,Regular,Referral,ReferAFriend_Q3,24-08-2024,Active,Myntra,Skincare,08-12-2025,4,1363.95
567000,Kritika Reddy,23,Female,Bengaluru,Karnataka,Regular,Google,Google_Search_Brand,26-12-2025,Active,Quick Commerce,Colour Cosmetics,26-12-2025,1,349
534237,Pooja Kurup,28,Female,Kochi,Kerala,Value,Instagram,IG_NewLaunch,18-03-2025,Active,Amazon,Colour Cosmetics,11-11-2025,4,1554.25
599775,Radhika Balan,37,Female,Coimbatore,Tamil Nadu,Value,Organic Search,Organic_SEO_Blog,13-06-2025,Active,Quick Commerce,Haircare,13-06-2025,1,429
542437,Tanvi Bhosale,25,Female,Pune,Maharashtra,Value,Instagram,IG_NewLaunch,24-10-2025,Dormant,Nykaa,Skincare,24-10-2025,1,1598
509681,Radhika Kamath,33,Female,Bengaluru,Karnataka,Value,Organic Search,Organic_SEO_Blog,29-11-2024,Dormant,Nykaa,Skincare,18-08-2025,3,1422.4
558838,Naveen Gandhi,21,Male,Surat,Gujarat,Regular,Influencer,Influencer_Micro,29-04-2025,Inactive,D2C Website,Colour Cosmetics,29-04-2025,1,336.75
526071,Priya Tiwari,31,Female,Lucknow,Uttar Pradesh,Regular,Referral,ReferAFriend_Q1,05-02-2025,Active,Myntra,Colour Cosmetics,03-09-2025,3,1969
567033,Kunal Verma,22,Male,Delhi,Delhi,Value,Marketplace,Amazon_Sponsored,15-11-2024,Active,Myntra,Colour Cosmetics,05-11-2025,6,3911.35
558841,Nandini Bhosale,21,Female,Pune,Maharashtra,Regular,Marketplace,Myntra_Beauty_Week,04-09-2025,Dormant,Offline Store,Colour Cosmetics,28-11-2025,5,2624.4
501504,Nandini Naik,31,Female,Bengaluru,Karnataka,Value,Google,Google_Search_Generic,04-07-2025,Active,Offline Store,Skincare,04-07-2025,1,799
517892,Amit Kurup,22,Male,Kochi,Kerala,Regular,Instagram,IG_NewLaunch,04-07-2025,Active,Offline Store,Colour Cosmetics,04-07-2025,1,359.1
575243,Manish Srivastava,39,Male,Lucknow,Uttar Pradesh,Value,Organic Search,Organic_Direct,17-05-2025,Dormant,Amazon,Colour Cosmetics,17-05-2025,1,628.2
550667,Neha Gowda,32,Female,Bengaluru,Karnataka,Value,Instagram,IG_Reels_Push,13-04-2024,Active,Amazon,Colour Cosmetics,13-07-2025,6,2928.65
509710,Pallavi Modi,19,Female,Surat,Gujarat,Regular,Organic Search,Organic_SEO_Blog,20-12-2024,Inactive,Nykaa,Colour Cosmetics,20-12-2024,1,799
575248,Lakshmi Hegde,31,Female,Bengaluru,Karnataka,Value,Instagram,IG_Festive_Sale,18-11-2024,Inactive,Amazon,Colour Cosmetics,18-11-2024,1,649
583442,Naveen Shetty,18,Male,Bengaluru,Karnataka,Premium,Marketplace,Myntra_Beauty_Week,12-09-2025,Dormant,Offline Store,Haircare,12-09-2025,1,718.2
526100,Karan Vyas,34,Male,Surat,Gujarat,Regular,Instagram,IG_Reels_Push,04-07-2025,Active,Quick Commerce,Haircare,28-12-2025,5,2667.45
542487,Pallavi Mehra,33,Female,Delhi,Delhi,Value,Google,Google_Search_Generic,12-10-2024,Inactive,Quick Commerce,Skincare,12-10-2024,1,399.2
509724,Vikram Tiwari,33,Male,Lucknow,Uttar Pradesh,Regular,Google,Google_Shopping,26-01-2025,Dormant,D2C Website,Skincare,23-11-2025,3,1916.55
526111,Amit Sidhu,38,Male,Chandigarh,Chandigarh,Regular,Influencer,Influencer_Micro,24-05-2025,Dormant,Amazon,Colour Cosmetics,15-09-2025,3,950
591655,Pooja Kulkarni,23,Female,Pune,Maharashtra,Premium,Organic Search,Organic_SEO_Blog,28-09-2025,Active,Offline Store,Colour Cosmetics,28-09-2025,1,426.55
517927,Jaya Saikia,39,Unknown,Guwahati,Assam,Premium,Google,Google_Search_Brand,07-11-2025,Active,Nykaa,Haircare,17-12-2025,5,2458.95
558893,Pooja Jha,24,Female,Patna,Bihar,Regular,Referral,ReferAFriend_Q3,13-05-2024,Active,Nykaa,Colour Cosmetics,01-11-2025,5,2260.35
526130,Kritika Patel,29,Female,Ahmedabad,Gujarat,Value,Marketplace,Amazon_Sponsored,09-05-2025,Active,Myntra,Colour Cosmetics,09-05-2025,1,399
542516,Ishita Modi,37,Female,Ahmedabad,Gujarat,Regular,Instagram,IG_Influencer_Collab,28-04-2025,Inactive,Amazon,Colour Cosmetics,28-04-2025,1,808.2
542517,Ananya Raman,40,Female,Chennai,Tamil Nadu,Regular,Referral,ReferAFriend_Q3,09-11-2025,Active,Offline Store,Colour Cosmetics,09-11-2025,1,673.5
599871,Tanvi Banerjee,29,Female,Kolkata,West Bengal,Regular,Referral,ReferAFriend_Q3,19-10-2025,Active,Amazon,Skincare,02-12-2025,3,1806.1
534335,Kritika Chawla,32,Female,Delhi,Delhi,Regular,Instagram,IG_Influencer_Collab,22-11-2025,Active,Amazon,Colour Cosmetics,29-12-2025,3,1477.15
591680,Abhishek Hegde,30,Male,Bengaluru,Karnataka,Value,Instagram,IG_Reels_Push,16-10-2025,Active,Quick Commerce,Haircare,16-10-2025,1,1347
526158,Fatima Roy,23,Female,Kolkata,West Bengal,Value,Marketplace,Unknown,03-01-2025,Active,Nykaa,Colour Cosmetics,11-09-2025,5,2863.9
583507,Varun Rao,30,Male,Bengaluru,Karnataka,Regular,Offline Store,Instore_Walkin,25-09-2025,Dormant,Nykaa,Skincare,25-09-2025,1,299.4
534362,Rohan Sidhu,34,Male,Chandigarh,Chandigarh,Value,Google,Google_Search_Generic,22-12-2025,Active,Nykaa,Colour Cosmetics,22-12-2025,1,763.3
599901,Shreya Bajaj,27,Female,Chandigarh,Chandigarh,Premium,Instagram,IG_Festive_Sale,12-08-2025,Inactive,Quick Commerce,Skincare,12-08-2025,1,249
526174,Deepak Verma,18,Male,Delhi,Delhi,Value,Offline Store,Instore_Walkin,26-11-2025,Active,Amazon,Skincare,30-12-2025,6,2990
591715,Nandini Rao,25,Female,Bengaluru,Karnataka,Regular,Google,Unknown,08-08-2025,Inactive,Nykaa,Skincare,08-08-2025,1,224.25
517987,Fatima Vyas,26,Female,Ahmedabad,Gujarat,Value,Instagram,IG_Influencer_Collab,10-11-2025,Active,Offline Store,Skincare,27-12-2025,5,2794
558947,Pranav Chouhan,33,Male,Indore,Madhya Pradesh,Value,Instagram,IG_Influencer_Collab,17-06-2025,Active,Amazon,Skincare,17-06-2025,1,421.85
501607,Divya Bhosale,18,Female,Pune,Maharashtra,Regular,Instagram,IG_Influencer_Collab,11-06-2025,Active,Offline Store,Skincare,28-10-2025,3,2020
542568,Anjali Gaikwad,28,Female,Mumbai,Maharashtra,Value,Google,Google_Search_Generic,10-05-2025,Active,Amazon,Colour Cosmetics,09-07-2025,2,957.6
575341,Ishita Patil,24,Female,Pune,Maharashtra,Regular,Referral,Unknown,25-09-2025,Active,Offline Store,Colour Cosmetics,13-11-2025,2,538.35
509807,Roshan Sandhu,28,Unknown,Chandigarh,Chandigarh,Premium,Marketplace,Nykaa_Storefront,19-11-2025,Active,Myntra,Skincare,19-11-2025,1,698
567154,Divya Raman,19,Female,Chennai,Tamil Nadu,Regular,Google,Google_Shopping,28-02-2025,Active,D2C Website,Skincare,17-11-2025,2,1436.8
599930,Fatima Prasad,42,Female,Hyderabad,Telangana,Regular,Instagram,IG_Festive_Sale,04-03-2025,Dormant,Offline Store,Colour Cosmetics,04-03-2025,1,679.15
550779,Pallavi Kapoor,40,Female,Delhi,Delhi,Regular,Google,Google_Search_Generic,01-03-2025,Active,Myntra,Colour Cosmetics,09-12-2025,4,1503.45
599943,Vikram Gupta,25,Male,Unknown,Unknown,Value,Instagram,IG_Reels_Push,07-06-2025,Active,Offline Store,Haircare,07-06-2025,1,429
542600,Ritu Gaikwad,34,Female,Pune,Maharashtra,Value,Google,Google_Shopping,05-06-2024,Inactive,Myntra,Skincare,04-09-2024,2,810.9
509838,Meera Gaikwad,21,Female,Pune,Maharashtra,Regular,Referral,ReferAFriend_Q3,11-11-2025,Active,D2C Website,Haircare,11-11-2025,1,426.55
558991,Pranav Kapoor,33,Male,Delhi,Delhi,Value,Instagram,IG_NewLaunch,02-09-2025,Active,Amazon,Colour Cosmetics,28-12-2025,3,2538.45
518030,Yash Bhatt,28,Male,Jaipur,Rajasthan,Value,Google,Google_Search_Brand,25-04-2025,Active,Myntra,Skincare,05-08-2025,2,2426.5
518035,Pooja Iyengar,22,Female,Bengaluru,Karnataka,Value,Instagram,IG_Festive_Sale,08-01-2025,Inactive,Nykaa,Skincare,29-01-2025,2,1078.35
599956,Rahul Chaudhary,25,Male,Lucknow,Uttar Pradesh,Value,Influencer,Influencer_Micro,02-11-2025,Dormant,Quick Commerce,Skincare,02-11-2025,1,296.65
501658,Vidya Shinde,38,Female,Mumbai,Maharashtra,Value,Google,Google_Shopping,12-06-2024,Active,Myntra,Haircare,22-11-2025,5,2816.65
583579,Aditya Balan,18,Male,Chennai,Tamil Nadu,Regular,Instagram,IG_Reels_Push,11-08-2025,Dormant,D2C Website,Skincare,11-08-2025,1,239.2
542622,Naveen Gaikwad,41,Male,Mumbai,Maharashtra,Value,Instagram,IG_NewLaunch,27-12-2025,Active,D2C Website,Skincare,27-12-2025,1,421.85
575392,Rakesh Chatterjee,25,Male,Kolkata,West Bengal,Value,Instagram,IG_Influencer_Collab,04-08-2024,Inactive,Myntra,Skincare,04-08-2024,1,284.05
599973,Abhishek Srivastava,37,Male,Lucknow,Uttar Pradesh,Value,Organic Search,Organic_SEO_Blog,21-04-2025,Active,Myntra,Skincare,12-11-2025,5,2793.6
509862,Nandini Kulkarni,23,Female,Mumbai,Maharashtra,Value,Referral,ReferAFriend_Q1,19-11-2024,Active,Offline Store,Skincare,15-08-2025,4,1751.5
509869,Kavya Iyengar,34,Female,Coimbatore,Tamil Nadu,Regular,Marketplace,Amazon_Sponsored,26-11-2024,Active,Nykaa,Colour Cosmetics,26-11-2024,1,719.1
509876,Kavya Patel,22,Female,Unknown,Unknown,Regular,Marketplace,Myntra_Beauty_Week,11-06-2024,Inactive,Nykaa,Haircare,17-09-2025,2,554.85
583606,Kiran Chavan,35,Other,Mumbai,Maharashtra,Regular,Organic Search,Organic_SEO_Blog,22-09-2024,Active,Nykaa,Skincare,22-11-2025,3,1259.45
599991,Aarav Hegde,35,Male,Bengaluru,Karnataka,Value,Google,Google_Shopping,18-11-2025,Active,Amazon,Skincare,18-11-2025,1,224.25
509880,Shreya Reddy,25,Female,Bengaluru,Karnataka,Premium,Instagram,IG_NewLaunch,25-10-2024,Inactive,Offline Store,Colour Cosmetics,25-10-2024,1,639.2
583611,Sneha Mehra,27,Female,Delhi,Delhi,Premium,Google,Google_Shopping,23-03-2025,Active,Offline Store,Colour Cosmetics,18-10-2025,3,1768.15
559048,Aditya Chouhan,18,Male,Jaipur,Rajasthan,Regular,Marketplace,Nykaa_Storefront,18-11-2024,Active,Offline Store,Skincare,29-07-2025,3,1981.75
559049,Krishna Kulkarni,35,Male,Mumbai,Maharashtra,Value,Organic Search,Organic_SEO_Blog,03-04-2024,Dormant,D2C Website,Haircare,16-08-2024,2,1661.3
559050,Kritika Naik,27,Female,Bengaluru,Karnataka,Regular,Instagram,IG_NewLaunch,30-10-2025,Active,D2C Website,Skincare,30-10-2025,1,426.55
575454,Divya Varma,18,Female,Hyderabad,Telangana,Regular,Instagram,IG_Influencer_Collab,13-09-2024,Active,Quick Commerce,Skincare,19-12-2025,8,4869.95
575456,Vani Kulkarni,30,Female,Pune,Maharashtra,Value,Instagram,IG_NewLaunch,12-12-2025,Dormant,D2C Website,Haircare,12-12-2025,1,729.3
567271,Ritu Naik,30,Female,Bengaluru,Karnataka,Regular,Organic Search,Organic_Direct,03-05-2024,Active,D2C Website,Haircare,19-05-2024,3,2030.4
575465,Harsh Raju,37,Male,Hyderabad,Telangana,Value,Instagram,IG_Influencer_Collab,03-08-2025,Inactive,Myntra,Skincare,07-08-2025,2,967.5
575470,Sanjana Kulkarni,39,Female,Pune,Maharashtra,Value,Instagram,IG_Influencer_Collab,06-05-2024,Inactive,Myntra,Colour Cosmetics,06-05-2024,1,466.65
559087,Tanvi Iyengar,33,Female,Chennai,Tamil Nadu,Value,Instagram,IG_Reels_Push,21-08-2025,Dormant,D2C Website,Haircare,10-11-2025,2,1407.6
526318,Anjali Desai,18,Female,Surat,Gujarat,Premium,Instagram,IG_Festive_Sale,25-12-2024,Dormant,Nykaa,Skincare,31-12-2024,2,1015.65
518131,Vani Mehta,22,Female,Ahmedabad,Gujarat,Value,Instagram,IG_NewLaunch,25-09-2024,Active,Amazon,Colour Cosmetics,23-12-2025,4,3458.2
567286,Siddharth Naik,19,Male,Bengaluru,Karnataka,Regular,Referral,ReferAFriend_Q1,18-10-2025,Active,D2C Website,Skincare,26-11-2025,2,1065.65
518136,Akash Khanna,19,Male,Delhi,Delhi,Value,Google,Google_Shopping,30-06-2025,Inactive,D2C Website,Skincare,30-06-2025,1,269.1
534522,Deepak Reddy,18,Male,Hyderabad,Telangana,Regular,Referral,ReferAFriend_Q1,23-09-2025,Dormant,Myntra,Skincare,14-10-2025,2,691.6
518140,Zoya Das,26,Female,Guwahati,Assam,Regular,Influencer,Influencer_Micro,15-09-2025,Inactive,Amazon,Skincare,15-09-2025,1,299
509961,Vani Mehra,26,Female,Delhi,Delhi,Regular,Offline Store,Instore_Walkin,09-11-2025,Dormant,Myntra,Skincare,14-12-2025,4,2541.15
583695,Shreya Rao,30,Female,Unknown,Unknown,Premium,Organic Search,Organic_Direct,03-10-2025,Active,Amazon,Colour Cosmetics,03-10-2025,1,269.1
591891,Shreya Rao,19,Female,Hyderabad,Telangana,Regular,Referral,ReferAFriend_Q1,17-06-2024,Dormant,Amazon,Skincare,25-04-2025,4,1858.75
559130,Kritika Chary,24,Female,Hyderabad,Telangana,Regular,Organic Search,Organic_Direct,26-06-2024,Inactive,Nykaa,Skincare,26-06-2024,1,399.2
550940,Nandini Arora,18,Female,Delhi,Delhi,Regular,Instagram,IG_Festive_Sale,14-05-2025,Active,Amazon,Colour Cosmetics,16-12-2025,2,743.25
526365,Suresh Murugan,31,Male,Coimbatore,Tamil Nadu,Value,Marketplace,Nykaa_Storefront,19-12-2024,Inactive,Offline Store,Colour Cosmetics,19-12-2024,1,279.2
501792,Rajesh Roy,23,Male,Kolkata,West Bengal,Value,Organic Search,Organic_SEO_Blog,08-04-2024,Active,Quick Commerce,Colour Cosmetics,01-10-2025,5,2169.2
542753,Zoya Gupta,41,Female,Delhi,Delhi,Regular,Influencer,Influencer_Micro,12-09-2025,Active,Offline Store,Skincare,07-12-2025,5,3578.7
591905,Ravi Nair,18,Unknown,Kochi,Kerala,Value,Referral,ReferAFriend_Q3,02-10-2025,Dormant,Offline Store,Skincare,02-10-2025,1,798
575525,Vikram Pawar,30,Male,Mumbai,Maharashtra,Value,Instagram,IG_Festive_Sale,20-02-2024,Dormant,Amazon,Skincare,13-03-2024,2,1197.5
575529,Aarav Chouhan,28,Male,Jaipur,Rajasthan,Value,Organic Search,Organic_SEO_Blog,30-06-2025,Active,Offline Store,Skincare,23-12-2025,5,2315.95
591917,Gaurav Shah,33,Male,Vadodara,Gujarat,Value,Influencer,Influencer_YT_Review,26-05-2025,Active,Offline Store,Skincare,27-10-2025,3,1222.15
518191,Vidya Yadav,32,Female,Bhopal,Madhya Pradesh,Value,Influencer,Influencer_Beauty_Bloggers,24-11-2025,Active,Myntra,Skincare,24-11-2025,1,719.2
550968,Pallavi Sharma,18,Female,Delhi,Delhi,Value,Organic Search,Organic_SEO_Blog,01-03-2025,Inactive,Amazon,Skincare,24-04-2025,2,1426.6
510011,Vidya Shinde,25,Female,Mumbai,Maharashtra,Value,Organic Search,Organic_SEO_Blog,23-06-2025,Active,Quick Commerce,Colour Cosmetics,08-11-2025,5,2002.1
501824,Rakesh Kumar,24,Male,Patna,Bihar,Value,Instagram,IG_Festive_Sale,16-08-2024,Active,Nykaa,Skincare,18-10-2025,5,2130.9
583746,Sneha Joshi,29,Female,Mumbai,Maharashtra,Value,Influencer,Influencer_YT_Review,31-05-2024,Inactive,Quick Commerce,Colour Cosmetics,04-07-2025,2,853.1
583748,Abhishek Kamath,26,Male,Bengaluru,Karnataka,Value,Influencer,Influencer_YT_Review,21-04-2025,Inactive,Quick Commerce,Colour Cosmetics,21-04-2025,1,449
534600,Vani Iyengar,34,Female,Bengaluru,Karnataka,Regular,Instagram,IG_Influencer_Collab,01-12-2025,Active,Myntra,Skincare,18-12-2025,3,1808.1
559177,Deepak Sidhu,18,Male,Chandigarh,Chandigarh,Regular,Instagram,IG_Reels_Push,29-06-2025,Active,Quick Commerce,Haircare,29-06-2025,1,379.05
559186,Sanjana Gaikwad,18,Female,Mumbai,Maharashtra,Value,Google,Google_Search_Brand,15-10-2024,Active,Nykaa,Skincare,25-10-2025,5,4431.6
575574,Akash Chandran,26,Male,Chennai,Tamil Nadu,Value,Influencer,Influencer_Beauty_Bloggers,21-08-2024,Active,D2C Website,Skincare,12-06-2025,3,2224.6
501854,Radhika Bhatia,26,Female,Delhi,Delhi,Value,Google,Google_Shopping,25-07-2025,Active,Nykaa,Skincare,25-07-2025,1,269.1
567391,Manish Gandhi,30,Male,Ahmedabad,Gujarat,Value,Organic Search,Organic_Direct,07-11-2025,Dormant,Myntra,Haircare,07-11-2025,1,815.1
542823,Deepika Kulkarni,35,Female,Bengaluru,Karnataka,Value,Google,Google_Search_Generic,29-12-2025,Active,D2C Website,Colour Cosmetics,29-12-2025,1,448.2
510057,Sonal Rao,32,Female,Hyderabad,Telangana,Value,Organic Search,Organic_SEO_Blog,25-10-2025,Dormant,Nykaa,Skincare,25-10-2025,1,809.1
591983,Manish Joshi,35,Male,Mumbai,Maharashtra,Premium,Instagram,IG_Festive_Sale,03-04-2024,Inactive,D2C Website,Skincare,08-04-2024,2,1317.2
542840,Kritika Nair,41,Female,Chennai,Tamil Nadu,Regular,Google,Google_Search_Brand,02-09-2025,Active,Amazon,Colour Cosmetics,30-11-2025,2,1235.4
559233,Krishna Bajaj,30,Male,Chandigarh,Chandigarh,Value,Marketplace,Nykaa_Storefront,10-08-2025,Active,Myntra,Skincare,22-12-2025,9,5983.5
534663,Simran Gandhi,37,Female,Surat,Gujarat,Value,Marketplace,Myntra_Beauty_Week,07-09-2025,Dormant,Offline Store,Skincare,07-09-2025,1,598
534664,Ananya Tiwari,35,Female,Lucknow,Uttar Pradesh,Value,Marketplace,Myntra_Beauty_Week,14-12-2025,Dormant,D2C Website,Colour Cosmetics,14-12-2025,1,349
551049,Divya Bhosale,32,Female,Pune,Maharashtra,Regular,Organic Search,Organic_Direct,05-01-2025,Active,Offline Store,Skincare,09-09-2025,5,3138.85
583819,Nandini Pandey,38,Female,Lucknow,Uttar Pradesh,Value,Organic Search,Organic_SEO_Blog,02-12-2025,Active,Amazon,Skincare,02-12-2025,1,809.1
559245,Amit Pawar,33,Male,Mumbai,Maharashtra,Regular,Referral,ReferAFriend_Q3,13-07-2024,Dormant,D2C Website,Skincare,13-07-2024,1,236.55
575631,Sonal Nair,21,Female,Chennai,Tamil Nadu,Premium,Google,Google_Shopping,16-05-2025,Dormant,Quick Commerce,Skincare,16-05-2025,1,809.1
534675,Siddharth Kamath,42,Male,Bengaluru,Karnataka,Regular,Offline Store,Instore_EventPromo,23-10-2025,Active,Offline Store,Colour Cosmetics,23-10-2025,1,758.1
567449,Harsh Patil,18,Male,Pune,Maharashtra,Regular,Instagram,IG_Influencer_Collab,25-11-2025,Dormant,D2C Website,Skincare,25-11-2025,1,331.55
534687,Rajesh Kapoor,36,Male,Delhi,Delhi,Regular,Google,Google_Shopping,23-05-2024,Active,Amazon,Haircare,04-07-2025,5,4132.4
510114,Ananya Agarwal,22,Female,Lucknow,Uttar Pradesh,Regular,Organic Search,Organic_SEO_Blog,22-12-2025,Active,Amazon,Colour Cosmetics,28-12-2025,3,1077.6
501934,Swati Kulkarni,24,Female,Pune,Maharashtra,Value,Organic Search,Organic_Direct,15-09-2025,Active,Quick Commerce,Colour Cosmetics,26-11-2025,2,1050.65
518320,Zoya Kulkarni,30,Female,Bengaluru,Karnataka,Value,Instagram,IG_Festive_Sale,27-07-2025,Active,Amazon,Skincare,17-08-2025,2,758.4
542906,Abhishek Bhatt,33,Male,Jaipur,Rajasthan,Regular,Instagram,IG_Influencer_Collab,14-07-2025,Dormant,Offline Store,Skincare,14-07-2025,1,269.1
501947,Pallavi Bhatia,29,Female,Delhi,Delhi,Value,Influencer,Influencer_Micro,06-11-2024,Dormant,D2C Website,Skincare,31-10-2025,4,2120.25
510155,Lakshmi Patil,32,Female,Pune,Maharashtra,Value,Influencer,Influencer_YT_Review,29-10-2025,Dormant,Myntra,Skincare,29-10-2025,1,374.25
551116,Suresh Naik,38,Male,Bengaluru,Karnataka,Value,Instagram,IG_Reels_Push,08-10-2024,Inactive,Nykaa,Haircare,16-10-2024,2,853.1
534737,Vani Joshi,18,Female,Pune,Maharashtra,Regular,Google,Google_Shopping,06-10-2025,Active,D2C Website,Colour Cosmetics,06-10-2025,1,279.2
534741,Rajesh Trivedi,30,Male,Ahmedabad,Gujarat,Value,Instagram,IG_NewLaunch,24-09-2025,Active,Quick Commerce,Colour Cosmetics,25-12-2025,4,2637.05
583904,Fatima Bhatt,21,Female,Jaipur,Rajasthan,Premium,Influencer,Influencer_Beauty_Bloggers,10-01-2025,Active,Myntra,Skincare,15-12-2025,10,6007.9
518373,Anjali Patil,26,Female,Mumbai,Maharashtra,Value,Google,Google_Search_Brand,12-09-2025,Dormant,Nykaa,Haircare,27-12-2025,3,2125.75
534760,Ritu Gaikwad,31,Female,Mumbai,Maharashtra,Value,Influencer,Influencer_YT_Review,13-12-2024,Active,D2C Website,Skincare,27-07-2025,3,2038.7
592104,Kritika Kulkarni,36,Female,Mumbai,Maharashtra,Regular,Influencer,Influencer_Micro,28-12-2025,Active,Offline Store,Skincare,28-12-2025,1,299.25
592121,Krishna Mehta,32,Male,Ahmedabad,Gujarat,Value,Google,Google_Search_Brand,27-08-2024,Active,Offline Store,Colour Cosmetics,26-08-2025,5,2113.15
502011,Aarav Chavan,19,Male,Pune,Maharashtra,Regular,Google,Google_Search_Brand,26-07-2025,Active,D2C Website,Colour Cosmetics,10-10-2025,3,2235.25
592124,Sanjana Kamath,27,Female,Bengaluru,Karnataka,Premium,Instagram,IG_Influencer_Collab,02-03-2025,Inactive,D2C Website,Colour Cosmetics,02-03-2025,1,426.55
510205,Meera Shah,27,Female,Ahmedabad,Gujarat,Value,Organic Search,Organic_Direct,04-12-2025,Active,Myntra,Haircare,04-12-2025,1,339.15
534782,Shreya Gupta,40,Female,Delhi,Delhi,Value,Influencer,Influencer_Beauty_Bloggers,13-06-2024,Inactive,D2C Website,Unknown,13-06-2024,1,349
575748,Anjali Gowda,20,Female,Bengaluru,Karnataka,Regular,Instagram,IG_NewLaunch,14-08-2025,Active,Amazon,Haircare,07-12-2025,3,2452.05
551173,Sneha Naidu,18,Female,Hyderabad,Telangana,Value,Organic Search,Organic_SEO_Blog,24-01-2025,Dormant,Myntra,Skincare,24-01-2025,1,474.05
567561,Swati Trivedi,28,Female,Surat,Gujarat,Premium,Organic Search,Organic_Direct,19-01-2025,Inactive,D2C Website,Colour Cosmetics,13-04-2025,3,2420.3
534795,Sanjana Chary,20,Female,Hyderabad,Telangana,Value,Instagram,IG_Festive_Sale,25-09-2025,Active,D2C Website,Colour Cosmetics,25-09-2025,1,1137.15
592141,Sneha Bhatia,30,Female,Delhi,Delhi,Value,Influencer,Influencer_Micro,23-06-2025,Active,D2C Website,Colour Cosmetics,11-12-2025,3,1694.05
542992,Shreya Kulkarni,36,Female,Pune,Maharashtra,Value,Influencer,Unknown,27-08-2024,Dormant,Quick Commerce,Skincare,11-11-2024,4,2757.05
534814,Arjun Kapoor,32,Male,Delhi,Delhi,Value,Google,Google_Search_Generic,26-03-2024,Active,D2C Website,Skincare,02-12-2025,5,2699.5
543007,Lakshmi Nair,39,Female,Chennai,Tamil Nadu,Regular,Referral,ReferAFriend_Q3,26-08-2025,Active,Nykaa,Haircare,01-11-2025,3,962.1
534816,Swati Gaikwad,32,Female,Mumbai,Maharashtra,Premium,Offline Store,Instore_Walkin,16-09-2025,Active,Quick Commerce,Haircare,16-09-2025,1,404.1
543025,Sonal Mehta,18,Female,Ahmedabad,Gujarat,Value,Referral,ReferAFriend_Q1,23-05-2025,Active,Nykaa,Haircare,09-06-2025,3,1844.75
518449,Nandini Deshmukh,42,Female,Mumbai,Maharashtra,Regular,Google,Google_Search_Generic,26-08-2025,Active,Quick Commerce,Skincare,26-08-2025,1,679.15
502068,Priya Kale,23,Female,Pune,Maharashtra,Premium,Google,Unknown,24-09-2025,Active,Quick Commerce,Skincare,24-09-2025,1,486.75
567621,Karan Modi,30,Male,Surat,Gujarat,Regular,Influencer,Influencer_YT_Review,24-02-2025,Dormant,Nykaa,Colour Cosmetics,24-02-2025,1,254.15
584012,Pooja Singh,38,Female,Lucknow,Uttar Pradesh,Regular,Google,Google_Search_Generic,06-09-2025,Active,Amazon,Colour Cosmetics,08-11-2025,3,1589.75
543054,Siddharth Chawla,30,Male,Delhi,Delhi,Regular,Influencer,Influencer_Beauty_Bloggers,11-12-2025,Active,Amazon,Colour Cosmetics,11-12-2025,1,1708.1
559441,Vidya Mehra,24,Female,Delhi,Delhi,Regular,Instagram,IG_NewLaunch,31-07-2024,Active,D2C Website,Skincare,31-07-2024,1,616.55
592214,Sonal Bhatia,18,Female,Delhi,Delhi,Value,Instagram,IG_Festive_Sale,16-06-2025,Dormant,Offline Store,Colour Cosmetics,16-06-2025,1,551.65
526680,Shreya Khanna,43,Female,Delhi,Delhi,Regular,Instagram,IG_Reels_Push,24-12-2025,Active,Nykaa,Colour Cosmetics,24-12-2025,1,349
543065,Sneha Verma,30,Female,Indore,Madhya Pradesh,Regular,Offline Store,Instore_EventPromo,03-01-2024,Dormant,Offline Store,Skincare,03-01-2024,1,424.15
543064,Priya Rathore,19,Female,Bhopal,Madhya Pradesh,Regular,Google,Google_Search_Brand,17-01-2025,Active,Amazon,Skincare,17-01-2025,1,449.1
526685,Pallavi Chavan,35,Female,Mumbai,Maharashtra,Regular,Instagram,IG_Influencer_Collab,14-07-2025,Dormant,Myntra,Skincare,14-07-2025,1,649
559459,Riya Modi,18,Female,Ahmedabad,Gujarat,Regular,Google,Google_Search_Brand,17-08-2025,Active,Amazon,Skincare,23-10-2025,2,735.75
559460,Vani Iyengar,39,Female,Bengaluru,Karnataka,Value,Instagram,IG_Reels_Push,24-11-2024,Inactive,D2C Website,Skincare,06-12-2024,2,785.75
510308,Sonal Verma,33,Female,Delhi,Delhi,Value,Instagram,IG_NewLaunch,09-03-2025,Dormant,Offline Store,Colour Cosmetics,02-06-2025,2,662.4
592231,Riya Krishnan,37,Other,Chennai,Tamil Nadu,Premium,Instagram,IG_NewLaunch,09-12-2025,Active,Offline Store,Skincare,09-12-2025,1,718.2
584040,Riya Yadav,24,Female,Indore,Madhya Pradesh,Regular,Instagram,IG_Reels_Push,26-01-2025,Inactive,Quick Commerce,Haircare,26-01-2025,1,404.1
575849,Tarun Malhotra,40,Male,Delhi,Delhi,Regular,Google,Google_Shopping,18-05-2024,Dormant,Myntra,Colour Cosmetics,02-05-2025,9,7996.5
559469,Ananya Malviya,18,Female,Indore,Madhya Pradesh,Value,Organic Search,Organic_SEO_Blog,07-09-2024,Inactive,Myntra,Colour Cosmetics,07-09-2024,1,1518.1
559470,Neha Goud,22,Female,Hyderabad,Telangana,Regular,Offline Store,Instore_Walkin,11-11-2025,Active,Amazon,Skincare,11-11-2025,1,638.4
559473,Kritika Shukla,40,Female,Bhopal,Madhya Pradesh,Premium,Marketplace,Nykaa_Storefront,28-10-2024,Active,Nykaa,Skincare,17-12-2024,2,673.5
510322,Riya Gandhi,39,Female,Ahmedabad,Gujarat,Value,Google,Google_Shopping,17-05-2025,Inactive,Offline Store,Skincare,17-05-2025,1,269.1
592260,Sneha Joshi,42,Female,Pune,Maharashtra,Regular,Instagram,IG_Festive_Sale,09-12-2024,Active,Myntra,Skincare,21-11-2025,10,6573.75
575880,Arjun Singh,38,Male,Lucknow,Uttar Pradesh,Regular,Instagram,IG_Influencer_Collab,07-10-2024,Active,D2C Website,Colour Cosmetics,15-11-2025,8,6441.75
518537,Vidya Murugan,31,Female,Chennai,Tamil Nadu,Value,Instagram,IG_Influencer_Collab,05-01-2025,Dormant,Quick Commerce,Colour Cosmetics,09-08-2025,2,1697.45
502154,Sonal Kulkarni,33,Female,Bengaluru,Karnataka,Value,Influencer,Influencer_Beauty_Bloggers,29-08-2024,Dormant,D2C Website,Skincare,29-08-2024,1,549
510350,Sonal Deshmukh,29,Female,Mumbai,Maharashtra,Regular,Influencer,Influencer_YT_Review,09-04-2025,Inactive,Myntra,Haircare,09-04-2025,1,798.4
584080,Amit Bhatia,30,Male,Delhi,Delhi,Value,Marketplace,Nykaa_Storefront,08-01-2025,Active,D2C Website,Skincare,16-09-2025,4,2454.9
559510,Vani Rajpurohit,35,Female,Jaipur,Rajasthan,Premium,Influencer,Influencer_YT_Review,30-11-2025,Active,Amazon,Skincare,30-11-2025,1,616.55
567715,Aisha Bhatia,42,Female,Delhi,Delhi,Value,Influencer,Influencer_YT_Review,16-05-2025,Dormant,Myntra,Skincare,05-11-2025,5,3054.3
575914,Sanjana Khanna,20,Female,Delhi,Delhi,Regular,Instagram,IG_Reels_Push,29-11-2024,Dormant,D2C Website,Colour Cosmetics,29-11-2024,1,426.55
584109,Divya Joshi,45,Female,Mumbai,Maharashtra,Regular,Organic Search,Organic_Direct,04-11-2024,Active,Offline Store,Colour Cosmetics,21-07-2025,5,2289.9
510384,Sandeep Kalita,18,Male,Guwahati,Assam,Premium,Organic Search,Organic_SEO_Blog,28-12-2025,Active,Amazon,Skincare,28-12-2025,1,449
526772,Priya Chawla,43,Female,Delhi,Delhi,Premium,Instagram,IG_Influencer_Collab,22-03-2025,Dormant,D2C Website,Colour Cosmetics,22-03-2025,1,331.55
534970,Kunal Chaudhary,29,Male,Lucknow,Uttar Pradesh,Value,Google,Google_Search_Generic,09-03-2025,Inactive,Myntra,Colour Cosmetics,09-03-2025,1,1917.6
534973,Anjali Sarma,22,Female,Guwahati,Assam,Value,Referral,ReferAFriend_Q1,17-06-2025,Active,Offline Store,Colour Cosmetics,20-12-2025,10,6139.95
518595,Sonal Deshmukh,27,Female,Pune,Maharashtra,Value,Influencer,Influencer_YT_Review,14-03-2025,Inactive,Amazon,Colour Cosmetics,14-03-2025,1,758.1
526794,Tarun Mehta,33,Male,Jaipur,Rajasthan,Value,Google,Google_Search_Generic,02-09-2024,Inactive,Myntra,Skincare,02-09-2024,1,898.2
551374,Pranav Rajpurohit,24,Male,Jaipur,Rajasthan,Premium,Referral,ReferAFriend_Q1,21-12-2025,Active,D2C Website,Skincare,21-12-2025,1,584.1
575952,Abhishek Kulkarni,23,Male,Bengaluru,Karnataka,Value,Influencer,Influencer_Beauty_Bloggers,27-12-2025,Active,Amazon,Haircare,27-12-2025,1,404.1
535003,Sonal Iyengar,21,Female,Bengaluru,Karnataka,Premium,Marketplace,Amazon_Sponsored,08-05-2024,Active,D2C Website,Colour Cosmetics,23-11-2025,8,5980.6
575965,Ananya Verma,30,Female,Bhopal,Madhya Pradesh,Regular,Google,Google_Search_Brand,13-03-2025,Active,Amazon,Skincare,20-07-2025,3,2200.75
543207,Divya Parekh,44,Female,Surat,Gujarat,Premium,Instagram,IG_Festive_Sale,02-03-2025,Inactive,Offline Store,Colour Cosmetics,18-06-2025,3,1542.2
535018,Anjali Agarwal,36,Female,Jaipur,Rajasthan,Regular,Marketplace,Myntra_Beauty_Week,01-12-2025,Dormant,D2C Website,Skincare,03-12-2025,2,793.25
543213,Meera Mishra,35,Female,Indore,Madhya Pradesh,Value,Instagram,IG_Festive_Sale,22-09-2025,Dormant,D2C Website,Colour Cosmetics,13-12-2025,6,4051.9
559598,Sanjana Rao,33,Female,Hyderabad,Telangana,Value,Referral,ReferAFriend_Q1,30-01-2024,Inactive,Amazon,Colour Cosmetics,25-07-2025,4,1561.1
559600,Pallavi Iyengar,23,Female,Chennai,Tamil Nadu,Regular,Referral,ReferAFriend_Q3,27-10-2025,Active,Amazon,Colour Cosmetics,19-12-2025,8,6213.15
518643,Shreya Shah,24,Female,Ahmedabad,Gujarat,Regular,Google,Google_Search_Generic,28-12-2024,Inactive,D2C Website,Haircare,23-01-2025,2,910.85
502260,Kritika Joshi,31,Female,Mumbai,Maharashtra,Premium,Organic Search,Organic_Direct,27-09-2024,Active,D2C Website,Skincare,06-07-2025,3,1064.8
559609,Trisha Mishra,31,Female,Bhopal,Madhya Pradesh,Value,Referral,ReferAFriend_Q3,12-07-2024,Inactive,Offline Store,Skincare,30-04-2025,2,580.55
543228,Ananya Rao,29,Female,Bengaluru,Karnataka,Regular,Google,Unknown,27-04-2025,Active,D2C Website,Unknown,16-12-2025,4,1995.55
559614,Ritu Pawar,35,Female,Mumbai,Maharashtra,Premium,Instagram,IG_NewLaunch,07-04-2025,Active,Amazon,Skincare,07-04-2025,1,519.2
576011,Pooja Singh,40,Female,Lucknow,Uttar Pradesh,Value,Referral,ReferAFriend_Q1,20-03-2025,Active,Amazon,Skincare,20-11-2025,4,1561.85
535054,Radhika Verma,34,Female,Delhi,Delhi,Regular,Influencer,Influencer_YT_Review,11-02-2025,Dormant,Myntra,Skincare,01-04-2025,2,946.05
576019,Arjun Arora,28,Male,Delhi,Delhi,Value,Instagram,IG_Reels_Push,12-03-2025,Inactive,Quick Commerce,Colour Cosmetics,12-03-2025,1,426.55
559638,Swati Agarwal,31,Female,Jaipur,Rajasthan,Value,Instagram,IG_Influencer_Collab,21-12-2025,Active,Offline Store,Skincare,21-12-2025,1,948.1
567839,Varun Nair,30,Male,Chennai,Tamil Nadu,Value,Google,Google_Search_Generic,21-02-2025,Dormant,Myntra,Skincare,24-07-2025,3,2890.65
510500,Kavya Joshi,37,Female,Mumbai,Maharashtra,Premium,Instagram,IG_NewLaunch,17-12-2025,Active,D2C Website,Skincare,17-12-2025,1,764.15
543279,Divya Mehta,25,Female,Ahmedabad,Gujarat,Regular,Marketplace,Nykaa_Storefront,30-07-2024,Active,Myntra,Colour Cosmetics,05-10-2025,5,2157.9
526896,Sonal Balan,23,Female,Chennai,Tamil Nadu,Premium,Influencer,Influencer_YT_Review,03-06-2024,Inactive,Amazon,Haircare,28-06-2024,2,991.05
584239,Zoya Malviya,34,Female,Indore,Madhya Pradesh,Value,Organic Search,Organic_SEO_Blog,01-11-2025,Active,Offline Store,Skincare,07-12-2025,2,1489.05
592435,Sneha Malhotra,23,Female,Delhi,Delhi,Regular,Google,Google_Search_Brand,10-07-2025,Active,Myntra,Skincare,16-12-2025,5,2941.35
584246,Arjun Gaikwad,23,Male,Pune,Maharashtra,Value,Google,Google_Search_Generic,05-08-2025,Inactive,Quick Commerce,Haircare,09-08-2025,2,853.1
510527,Shreya Krishnan,27,Female,Chennai,Tamil Nadu,Value,Instagram,IG_Festive_Sale,25-05-2025,Active,Quick Commerce,Skincare,28-09-2025,4,1136.65
576064,Shreya Chawla,26,Female,Delhi,Delhi,Regular,Instagram,IG_Festive_Sale,16-06-2025,Dormant,Myntra,Skincare,02-09-2025,3,1638.2
559682,Deepika Namboothiri,33,Female,Kochi,Kerala,Value,Referral,ReferAFriend_Q1,18-12-2024,Active,D2C Website,Haircare,24-12-2025,5,3847.85
592459,Vivek Patil,26,Male,Mumbai,Maharashtra,Regular,Organic Search,Organic_SEO_Blog,01-03-2025,Inactive,D2C Website,Colour Cosmetics,01-03-2025,1,584.1
559692,Trisha Bhosale,19,Female,Nagpur,Maharashtra,Value,Google,Google_Search_Brand,15-11-2024,Inactive,Myntra,Skincare,15-11-2024,1,551.65
543309,Harsh Trivedi,18,Male,Ahmedabad,Gujarat,Value,Google,Google_Search_Generic,28-08-2025,Active,Quick Commerce,Colour Cosmetics,29-10-2025,3,1840.3
510543,Kavya Chakraborty,20,Female,Kolkata,West Bengal,Value,Influencer,Influencer_Beauty_Bloggers,22-03-2025,Dormant,D2C Website,Skincare,22-03-2025,1,508.3
567889,Shreya Iyengar,18,Female,Coimbatore,Tamil Nadu,Premium,Google,Google_Shopping,24-02-2025,Inactive,Amazon,Skincare,24-02-2025,1,549
584278,Varun Rathore,28,Male,Bhopal,Madhya Pradesh,Value,Organic Search,Organic_SEO_Blog,26-10-2025,Active,Amazon,Skincare,26-10-2025,1,772.2
592476,Abhishek Bose,30,Male,Kolkata,West Bengal,Value,Instagram,IG_NewLaunch,17-08-2025,Active,Nykaa,Haircare,02-12-2025,4,1963.9
510561,Kritika Dutta,36,Female,Kolkata,West Bengal,Regular,Instagram,IG_Influencer_Collab,13-10-2025,Active,Amazon,Skincare,12-11-2025,2,973.15
576099,Shreya Shinde,19,Female,Pune,Maharashtra,Regular,Google,Google_Search_Generic,06-12-2025,Active,Offline Store,Skincare,06-12-2025,1,411.75
518758,Lakshmi Naik,36,Female,Bengaluru,Karnataka,Regular,Influencer,Influencer_YT_Review,16-12-2025,Dormant,Quick Commerce,Skincare,26-12-2025,6,4897.45
592493,Sonal Gandhi,25,Female,Surat,Gujarat,Value,Instagram,IG_Festive_Sale,21-02-2024,Active,Quick Commerce,Colour Cosmetics,09-10-2025,5,1978.4
502389,Fatima Bhosale,19,Female,Mumbai,Maharashtra,Regular,Google,Google_Search_Brand,12-08-2025,Dormant,Quick Commerce,Skincare,12-08-2025,1,519.2
518776,Riya Malhotra,33,Female,Delhi,Delhi,Value,Instagram,IG_NewLaunch,09-11-2024,Inactive,Quick Commerce,Skincare,09-11-2024,1,381.65
543357,Nikhil Gaikwad,31,Male,Mumbai,Maharashtra,Value,Marketplace,Amazon_Sponsored,22-03-2025,Inactive,Myntra,Colour Cosmetics,22-03-2025,1,639.2
510589,Pooja Balan,40,Female,Chennai,Tamil Nadu,Value,Instagram,IG_Reels_Push,05-05-2024,Inactive,D2C Website,Skincare,17-06-2024,3,1682.1
584323,Aisha Mishra,35,Female,Lucknow,Uttar Pradesh,Value,Offline Store,Instore_Walkin,21-10-2024,Active,D2C Website,Skincare,30-10-2025,8,8667.5
543369,Nandini Nair,30,Female,Chennai,Tamil Nadu,Value,Organic Search,Organic_Direct,31-07-2025,Active,D2C Website,Skincare,09-11-2025,4,3232.6
535179,Varun Iyer,30,Male,Coimbatore,Tamil Nadu,Value,Influencer,Influencer_Micro,18-03-2025,Inactive,Amazon,Colour Cosmetics,18-03-2025,1,399
567952,Yash Rao,34,Male,Bengaluru,Karnataka,Value,Referral,ReferAFriend_Q3,12-11-2024,Active,Offline Store,Haircare,15-09-2025,2,897.4
584343,Neha Ghosh,25,Female,Kolkata,West Bengal,Regular,Referral,ReferAFriend_Q3,17-10-2024,Dormant,D2C Website,Colour Cosmetics,09-09-2025,4,1289.25
543404,Simran Varma,28,Female,Hyderabad,Telangana,Regular,Google,Google_Search_Brand,25-05-2024,Inactive,Quick Commerce,Colour Cosmetics,19-06-2025,3,1616.35
510641,Rakesh Shinde,18,Male,Pune,Maharashtra,Value,Google,Google_Search_Brand,22-12-2025,Active,D2C Website,Colour Cosmetics,30-12-2025,8,7006.4
502456,Zoya Krishnan,28,Female,Coimbatore,Tamil Nadu,Value,Google,Google_Search_Generic,14-07-2025,Active,D2C Website,Colour Cosmetics,17-11-2025,3,1186.6
592591,Meera Verma,35,Female,Delhi,Delhi,Value,Instagram,IG_NewLaunch,05-02-2025,Dormant,Quick Commerce,Skincare,05-02-2025,1,521.55
559829,Vikram Agarwal,32,Male,Jaipur,Rajasthan,Regular,Organic Search,Organic_Direct,22-04-2024,Active,Nykaa,Colour Cosmetics,11-09-2025,7,4252.1
568021,Harsh Naik,26,Male,Bengaluru,Karnataka,Regular,Instagram,IG_Influencer_Collab,08-02-2025,Active,Amazon,Colour Cosmetics,29-12-2025,5,3906.3
510682,Abhishek Naidu,23,Male,Hyderabad,Telangana,Value,Marketplace,Myntra_Beauty_Week,14-10-2025,Active,Myntra,Skincare,14-10-2025,1,568.1
502490,Trisha Yadav,32,Female,Lucknow,Uttar Pradesh,Regular,Instagram,IG_Festive_Sale,05-12-2025,Active,Amazon,Colour Cosmetics,05-12-2025,1,499
551645,Pooja Sharma,23,Female,Unknown,Unknown,Value,Instagram,IG_Festive_Sale,25-12-2025,Active,Amazon,Haircare,25-12-2025,1,359.1
576225,Ananya Roy,29,Female,Kolkata,West Bengal,Value,Offline Store,Instore_Walkin,12-11-2025,Active,Myntra,Skincare,17-12-2025,10,5551.6
510693,Radhika Solanki,34,Female,Jaipur,Rajasthan,Value,Google,Google_Shopping,19-06-2025,Active,Offline Store,Colour Cosmetics,19-09-2025,3,1519.85
510696,Akash Khanna,31,Male,Delhi,Delhi,Value,Influencer,Influencer_Beauty_Bloggers,28-11-2024,Inactive,Amazon,Colour Cosmetics,18-12-2024,2,695.65
518894,Priya Chawla,30,Female,Delhi,Delhi,Regular,Influencer,Influencer_Micro,19-03-2025,Inactive,Quick Commerce,Colour Cosmetics,12-07-2025,3,2542.05
559871,Kavya Reddy,42,Female,Bengaluru,Karnataka,Regular,Instagram,IG_Reels_Push,26-08-2025,Dormant,Amazon,Skincare,30-12-2025,3,2221.1
527110,Ishita Kulkarni,23,Female,Pune,Maharashtra,Value,Marketplace,Nykaa_Storefront,21-10-2025,Active,Quick Commerce,Skincare,26-11-2025,3,1017.4
559878,Trisha Rajpurohit,40,Female,Jaipur,Rajasthan,Value,Google,Google_Shopping,16-10-2024,Active,Quick Commerce,Skincare,13-09-2025,2,1552.15
502540,Swati Verma,31,Female,Patna,Bihar,Regular,Influencer,Influencer_YT_Review,10-04-2025,Inactive,Amazon,Skincare,10-04-2025,1,1298
510735,Yash Chavan,29,Male,Mumbai,Maharashtra,Value,Referral,ReferAFriend_Q1,25-12-2024,Dormant,Amazon,Skincare,25-12-2024,1,319.2
559890,Siddharth Shinde,19,Male,Pune,Maharashtra,Value,Instagram,IG_Festive_Sale,21-10-2025,Active,Amazon,Skincare,21-10-2025,1,339.15
592662,Nandini Joshi,25,Female,Mumbai,Maharashtra,Value,Referral,ReferAFriend_Q1,26-11-2025,Active,Offline Store,Colour Cosmetics,26-11-2025,1,359.1
502552,Ritu Bhosale,28,Female,Pune,Maharashtra,Value,Google,Google_Shopping,18-11-2025,Dormant,Offline Store,Skincare,18-11-2025,1,314.1
510745,Neha Mishra,40,Female,Lucknow,Uttar Pradesh,Premium,Offline Store,Instore_EventPromo,27-12-2024,Active,D2C Website,Colour Cosmetics,25-10-2025,5,1898.6
543515,Ritu Pillai,34,Female,Chennai,Tamil Nadu,Value,Organic Search,Organic_SEO_Blog,02-04-2025,Inactive,Amazon,Haircare,02-04-2025,1,386.1
535325,Shreya Deshmukh,18,Female,Mumbai,Maharashtra,Value,Marketplace,Amazon_Sponsored,12-12-2025,Active,Nykaa,Haircare,25-12-2025,3,1619.85
502560,Arjun Deshmukh,31,Male,Pune,Maharashtra,Regular,Instagram,IG_Reels_Push,19-03-2025,Inactive,Offline Store,Skincare,19-03-2025,1,593.3
551717,Sonal Kulkarni,21,Female,Pune,Maharashtra,Value,Organic Search,Unknown,29-02-2024,Dormant,Myntra,Colour Cosmetics,24-05-2024,3,1349.3
559914,Sonal Sharma,30,Female,Hyderabad,Telangana,Premium,Organic Search,Organic_Direct,13-06-2025,Active,Amazon,Skincare,19-10-2025,4,2274.8
518958,Radhika Kamath,20,Female,Bengaluru,Karnataka,Value,Marketplace,Nykaa_Storefront,25-03-2025,Dormant,Myntra,Colour Cosmetics,14-12-2025,6,5699.1
527152,Ritu Iyengar,36,Female,Chennai,Tamil Nadu,Value,Influencer,Influencer_Micro,19-08-2025,Dormant,Myntra,Skincare,19-08-2025,1,439.2
584497,Aisha Arora,33,Female,Delhi,Delhi,Premium,Instagram,IG_NewLaunch,17-03-2025,Active,Quick Commerce,Colour Cosmetics,17-03-2025,1,349
543540,Suresh Shinde,24,Male,Mumbai,Maharashtra,Value,Google,Google_Shopping,31-10-2025,Active,Amazon,Skincare,12-12-2025,3,2340
518964,Rajesh Deshmukh,21,Male,Pune,Maharashtra,Premium,Google,Google_Search_Generic,05-09-2024,Dormant,D2C Website,Skincare,06-06-2025,4,2413.6
559929,Deepika Kulkarni,38,Female,Bengaluru,Karnataka,Regular,Organic Search,Unknown,20-05-2024,Inactive,D2C Website,Colour Cosmetics,30-05-2024,2,2136.2
592708,Varun Chouhan,38,Male,Jaipur,Rajasthan,Value,Google,Google_Search_Generic,16-12-2025,Dormant,D2C Website,Skincare,16-12-2025,1,649
584518,Siddharth Gandhi,35,Male,Surat,Gujarat,Value,Marketplace,Nykaa_Storefront,05-09-2025,Active,Amazon,Skincare,05-09-2025,1,933.3
568146,Fatima Kulkarni,40,Female,Bengaluru,Karnataka,Regular,Google,Google_Search_Brand,18-02-2025,Dormant,Offline Store,Skincare,03-12-2025,4,1884.7
543573,Sneha Shetty,26,Female,Bengaluru,Karnataka,Value,Instagram,IG_Reels_Push,26-01-2025,Dormant,Nykaa,Skincare,26-01-2025,1,388.7
576350,Vikram Patil,22,Male,Pune,Maharashtra,Premium,Instagram,IG_NewLaunch,18-09-2025,Dormant,Offline Store,Skincare,16-11-2025,3,2554.45
535400,Priya Murugan,41,Female,Chennai,Tamil Nadu,Value,Organic Search,Organic_Direct,26-11-2024,Active,Offline Store,Skincare,27-09-2025,3,1636.35
592749,Gaurav Ranjan,33,Male,Patna,Bihar,Value,Influencer,Influencer_Micro,17-07-2024,Inactive,Myntra,Haircare,13-11-2024,3,1352.2
576380,Abhishek Iyengar,40,Male,Chennai,Tamil Nadu,Value,Google,Google_Search_Brand,19-06-2024,Inactive,D2C Website,Skincare,19-06-2024,1,319.2
551807,Vani Shukla,35,Female,Indore,Madhya Pradesh,Value,Instagram,IG_Influencer_Collab,26-03-2025,Active,Amazon,Colour Cosmetics,17-11-2025,4,1768.3
527235,Anjali Shinde,27,Female,Pune,Maharashtra,Value,Offline Store,Instore_EventPromo,27-06-2025,Active,Offline Store,Skincare,06-12-2025,5,1755.6
592778,Kiran Malviya,35,Unknown,Indore,Madhya Pradesh,Value,Instagram,IG_Festive_Sale,16-02-2025,Dormant,Amazon,Skincare,16-02-2025,1,523.5
502671,Alex Khanna,24,Other,Delhi,Delhi,Value,Marketplace,Amazon_Sponsored,14-12-2024,Active,Myntra,Skincare,14-12-2024,1,299.25
584599,Pooja Sharma,30,Female,Delhi,Delhi,Premium,Google,Google_Shopping,20-09-2025,Active,Myntra,Skincare,26-12-2025,6,3602.1
584607,Fatima Bhosale,25,Female,Mumbai,Maharashtra,Value,Referral,ReferAFriend_Q1,27-07-2024,Dormant,Nykaa,Colour Cosmetics,27-07-2024,1,1233.1
592801,Meera Rao,31,Female,Hyderabad,Telangana,Value,Referral,Unknown,03-11-2025,Active,D2C Website,Colour Cosmetics,03-11-2025,1,359.2
560036,Ishita Murugan,30,Female,Chennai,Tamil Nadu,Value,Marketplace,Myntra_Beauty_Week,08-12-2024,Dormant,Offline Store,Colour Cosmetics,01-12-2025,4,1950.9
543655,Priya Sarma,30,Unknown,Guwahati,Assam,Premium,Influencer,Influencer_YT_Review,24-09-2025,Dormant,Amazon,Skincare,11-12-2025,2,738.25
519080,Deepika Goud,21,Female,Hyderabad,Telangana,Premium,Instagram,IG_Reels_Push,16-04-2025,Dormant,Amazon,Skincare,28-08-2025,3,1194.75
576435,Rahul Kumar,27,Male,Hyderabad,Telangana,Regular,Instagram,IG_Festive_Sale,20-12-2024,Active,D2C Website,Haircare,11-11-2025,2,695.95
502719,Naveen Bhat,25,Male,Bengaluru,Karnataka,Regular,Marketplace,Amazon_Sponsored,12-06-2025,Dormant,Nykaa,Haircare,12-06-2025,1,381.65
551873,Vivek Joshi,41,Male,Mumbai,Maharashtra,Value,Offline Store,Instore_EventPromo,28-05-2025,Active,Myntra,Haircare,14-09-2025,3,1526.8
551876,Anjali Reddy,25,Female,Bengaluru,Karnataka,Regular,Influencer,Influencer_YT_Review,19-12-2025,Active,D2C Website,Haircare,19-12-2025,1,336.75
560068,Simran Kaur,42,Female,Chandigarh,Chandigarh,Value,Influencer,Influencer_Micro,27-10-2025,Active,Myntra,Haircare,27-10-2025,1,359.1
543687,Zoya Roy,31,Female,Kolkata,West Bengal,Value,Referral,ReferAFriend_Q3,13-10-2025,Active,Myntra,Skincare,13-10-2025,1,878.4
551879,Karan Sharma,18,Male,Hyderabad,Telangana,Regular,Influencer,Influencer_Beauty_Bloggers,26-02-2025,Active,Myntra,Skincare,14-10-2025,2,1058
502733,Kritika Sharma,35,Female,Delhi,Delhi,Regular,Instagram,IG_Festive_Sale,27-09-2025,Active,Myntra,Colour Cosmetics,27-09-2025,1,349
543694,Farhan Goud,30,Male,Hyderabad,Telangana,Premium,Influencer,Influencer_YT_Review,01-06-2025,Active,Amazon,Colour Cosmetics,15-12-2025,3,895.05
584659,Shreya Bhatt,21,Female,Jaipur,Rajasthan,Value,Instagram,IG_Reels_Push,12-01-2025,Active,Amazon,Haircare,30-11-2025,2,975.65
535509,Jaya Malhotra,34,Unknown,Delhi,Delhi,Premium,Offline Store,Instore_Walkin,27-12-2025,Dormant,D2C Website,Skincare,27-12-2025,1,284.05
543713,Harsh Gowda,26,Male,Bengaluru,Karnataka,Regular,Organic Search,Organic_Direct,18-12-2025,Active,Quick Commerce,Skincare,18-12-2025,1,284.05
584675,Tanvi Pawar,18,Female,Mumbai,Maharashtra,Value,Google,Google_Shopping,23-03-2025,Dormant,Amazon,Skincare,23-03-2025,1,359.1
502757,Alex Verma,28,Other,Patna,Bihar,Value,Google,Google_Search_Brand,18-08-2025,Active,Myntra,Skincare,27-10-2025,4,1740.9
519142,Nandini Gandhi,25,Female,Ahmedabad,Gujarat,Regular,Influencer,Influencer_YT_Review,29-10-2025,Active,Quick Commerce,Colour Cosmetics,29-10-2025,1,1279.65
543719,Fatima Malhotra,30,Female,Delhi,Delhi,Regular,Instagram,IG_NewLaunch,19-12-2025,Active,Quick Commerce,Skincare,19-12-2025,1,539.4
584689,Divya Bhosale,37,Female,Mumbai,Maharashtra,Premium,Instagram,IG_NewLaunch,10-02-2025,Inactive,Nykaa,Skincare,10-02-2025,1,291.85
576503,Abhishek Shetty,18,Male,Bengaluru,Karnataka,Value,Instagram,IG_NewLaunch,26-05-2025,Active,Offline Store,Skincare,08-08-2025,2,788.2
584696,Aisha Bhat,24,Female,Bengaluru,Karnataka,Value,Offline Store,Instore_Walkin,01-03-2024,Inactive,D2C Website,Skincare,06-05-2024,4,1741.5
592901,Sandeep Rao,34,Male,Bengaluru,Karnataka,Regular,Referral,ReferAFriend_Q1,20-04-2025,Inactive,Amazon,Skincare,24-08-2025,5,3491.7
568327,Meera Joshi,28,Female,Ahmedabad,Gujarat,Value,Instagram,IG_Influencer_Collab,05-10-2024,Active,Amazon,Colour Cosmetics,29-09-2025,6,4672.6
592908,Ritu Tripathi,28,Female,Lucknow,Uttar Pradesh,Value,Referral,ReferAFriend_Q3,25-12-2024,Inactive,D2C Website,Colour Cosmetics,25-12-2024,1,399
584717,Lakshmi Parekh,34,Female,Ahmedabad,Gujarat,Premium,Instagram,IG_NewLaunch,01-12-2025,Active,Amazon,Colour Cosmetics,14-12-2025,3,1414.95
502799,Simran Deshmukh,30,Female,Pune,Maharashtra,Value,Google,Google_Search_Brand,27-10-2025,Active,Quick Commerce,Haircare,16-12-2025,2,1025.3
510993,Lakshmi Chavan,28,Female,Pune,Maharashtra,Regular,Influencer,Influencer_YT_Review,09-07-2025,Dormant,Offline Store,Skincare,09-07-2025,1,616.55
519194,Lakshmi Balan,18,Female,Chennai,Tamil Nadu,Value,Instagram,IG_Reels_Push,09-12-2025,Active,Myntra,Haircare,09-12-2025,1,1144.95
511003,Priya Dubey,33,Female,Indore,Madhya Pradesh,Regular,Instagram,IG_NewLaunch,23-07-2025,Dormant,Quick Commerce,Colour Cosmetics,27-10-2025,7,4146.45
568347,Ritu Sandhu,33,Female,Chandigarh,Chandigarh,Regular,Organic Search,Organic_Direct,17-04-2025,Active,Quick Commerce,Skincare,06-10-2025,2,1322.35
551964,Aarav Ghosh,21,Male,Kolkata,West Bengal,Value,Google,Google_Search_Brand,07-11-2025,Dormant,Offline Store,Colour Cosmetics,07-11-2025,1,449
576556,Sonal Chawla,29,Female,Delhi,Delhi,Value,Instagram,IG_NewLaunch,04-10-2025,Active,D2C Website,Skincare,14-12-2025,2,838.4
551990,Ishita Joshi,24,Female,Mumbai,Maharashtra,Regular,Marketplace,Amazon_Sponsored,06-10-2025,Active,Amazon,Skincare,26-12-2025,5,2028.5
576569,Karan Kapoor,30,Male,Delhi,Delhi,Value,Instagram,IG_Reels_Push,22-08-2025,Active,D2C Website,Colour Cosmetics,19-12-2025,2,1168.2
535614,Fatima Sandhu,34,Female,Chandigarh,Chandigarh,Regular,Instagram,IG_Reels_Push,03-08-2025,Active,Nykaa,Haircare,24-12-2025,8,3626.55
568386,Arjun Rao,19,Male,Bengaluru,Karnataka,Value,Marketplace,Nykaa_Storefront,27-08-2025,Dormant,Myntra,Colour Cosmetics,27-08-2025,1,321.75
511053,Radhika Singh,32,Female,Chandigarh,Chandigarh,Premium,Offline Store,Instore_EventPromo,09-05-2025,Active,Offline Store,Skincare,09-05-2025,1,584.1
502875,Vidya Sengupta,36,Female,Kolkata,West Bengal,Premium,Marketplace,Myntra_Beauty_Week,12-05-2025,Active,Quick Commerce,Skincare,12-05-2025,1,339.15
592995,Aarav Joshi,21,Male,Surat,Gujarat,Regular,Google,Google_Search_Brand,24-08-2025,Dormant,Amazon,Colour Cosmetics,24-08-2025,1,261.75
576619,Nandini Hegde,18,Female,Bengaluru,Karnataka,Regular,Instagram,IG_NewLaunch,18-10-2024,Active,Amazon,Skincare,04-11-2024,2,768.6
560236,Ishita Rao,22,Female,Bengaluru,Karnataka,Regular,Organic Search,Organic_Direct,04-10-2025,Active,D2C Website,Colour Cosmetics,20-12-2025,7,5205.1
552044,Swati Kale,21,Female,Mumbai,Maharashtra,Regular,Marketplace,Nykaa_Storefront,17-05-2025,Active,Offline Store,Skincare,06-12-2025,3,1177.4
535665,Naveen Deshmukh,37,Male,Mumbai,Maharashtra,Regular,Referral,ReferAFriend_Q1,11-10-2024,Inactive,Offline Store,Skincare,11-10-2024,1,339.15
543863,Rohan Deshmukh,27,Male,Pune,Maharashtra,Value,Instagram,IG_Festive_Sale,15-05-2025,Inactive,Nykaa,Colour Cosmetics,23-06-2025,3,1736.45
511104,Rakesh Bhosale,22,Male,Mumbai,Maharashtra,Regular,Google,Google_Search_Generic,05-01-2025,Dormant,Nykaa,Colour Cosmetics,05-01-2025,1,449.1
560258,Swati Verma,29,Female,Delhi,Delhi,Value,Instagram,IG_Festive_Sale,03-10-2025,Active,Myntra,Colour Cosmetics,03-10-2025,1,399.2
535683,Fatima Gaikwad,20,Female,Mumbai,Maharashtra,Value,Influencer,Influencer_Micro,13-12-2025,Active,D2C Website,Unknown,27-12-2025,4,1923.95
560260,Sameer Bhosale,19,Male,Mumbai,Maharashtra,Regular,Influencer,Influencer_Beauty_Bloggers,29-09-2024,Dormant,Nykaa,Colour Cosmetics,29-08-2025,4,3417.35
593032,Vikram Malhotra,34,Male,Delhi,Delhi,Value,Instagram,IG_Festive_Sale,20-09-2025,Dormant,Nykaa,Colour Cosmetics,20-09-2025,1,649
511114,Neha Sharma,31,Female,Delhi,Delhi,Value,Referral,ReferAFriend_Q1,03-03-2025,Active,Amazon,Colour Cosmetics,29-06-2025,5,2720.15
584843,Pooja Modi,25,Female,Ahmedabad,Gujarat,Regular,Instagram,IG_Influencer_Collab,29-03-2025,Active,Myntra,Skincare,16-11-2025,6,5397.8
535697,Abhishek Chandran,34,Male,Coimbatore,Tamil Nadu,Value,Influencer,Influencer_Micro,21-10-2025,Active,Nykaa,Skincare,21-10-2025,1,284.05
519313,Ananya Sharma,31,Female,Delhi,Delhi,Value,Marketplace,Myntra_Beauty_Week,10-10-2025,Dormant,Amazon,Haircare,10-10-2025,1,364.65
552089,Tarun Bhatia,24,Male,Delhi,Delhi,Regular,Instagram,IG_Festive_Sale,09-02-2025,Dormant,Offline Store,Colour Cosmetics,09-02-2025,1,854.05
511135,Sanjana Jain,22,Female,Jaipur,Rajasthan,Value,Google,Google_Search_Generic,27-07-2025,Inactive,Amazon,Skincare,27-07-2025,1,324.35
552098,Sneha Menon,19,Female,Kochi,Kerala,Value,Marketplace,Myntra_Beauty_Week,07-11-2025,Dormant,D2C Website,Unknown,07-11-2025,1,519.2
535720,Divya Bhatia,20,Female,Delhi,Delhi,Premium,Google,Google_Search_Brand,31-08-2024,Inactive,Amazon,Unknown,02-10-2024,2,717.6
584874,Manish Deshmukh,36,Male,Mumbai,Maharashtra,Value,Instagram,IG_Influencer_Collab,22-10-2025,Active,D2C Website,Skincare,22-10-2025,1,848.3
519340,Ishita Gaikwad,25,Female,Mumbai,Maharashtra,Regular,Instagram,IG_Reels_Push,28-05-2025,Dormant,Nykaa,Colour Cosmetics,28-05-2025,1,299.25
519342,Ishita Shah,36,Female,Ahmedabad,Gujarat,Regular,Influencer,Influencer_Beauty_Bloggers,27-12-2025,Dormant,Nykaa,Skincare,27-12-2025,1,279.2
527535,Zoya Shinde,32,Female,Nagpur,Maharashtra,Regular,Referral,ReferAFriend_Q3,14-01-2025,Dormant,Quick Commerce,Haircare,14-01-2025,1,426.55
568494,Tanvi Parekh,22,Female,Vadodara,Gujarat,Regular,Instagram,IG_Reels_Push,06-03-2025,Active,Offline Store,Colour Cosmetics,22-12-2025,2,878.45
560305,Pranav Varma,18,Male,Kochi,Kerala,Value,Organic Search,Organic_SEO_Blog,02-06-2024,Inactive,Nykaa,Haircare,07-12-2024,2,495.95
584886,Swati Yadav,24,Female,Bhopal,Madhya Pradesh,Value,Marketplace,Myntra_Beauty_Week,20-05-2025,Active,Myntra,Skincare,06-12-2025,6,4025.95
584889,Priya Naik,35,Unknown,Bengaluru,Karnataka,Premium,Organic Search,Organic_Direct,03-07-2024,Dormant,Quick Commerce,Skincare,23-12-2025,6,4566.3
511164,Zoya Chakraborty,22,Female,Kolkata,West Bengal,Value,Referral,ReferAFriend_Q3,24-08-2025,Dormant,Nykaa,Skincare,24-08-2025,1,449
527549,Kiran Kale,34,Other,Pune,Maharashtra,Value,Instagram,IG_Festive_Sale,23-06-2024,Inactive,Offline Store,Skincare,22-08-2024,3,1510.35
543933,Sonal Gowda,25,Female,Bengaluru,Karnataka,Regular,Offline Store,Instore_Walkin,17-12-2025,Active,Nykaa,Colour Cosmetics,26-12-2025,3,1212.2
519358,Neha Chavan,24,Female,Mumbai,Maharashtra,Premium,Offline Store,Instore_EventPromo,18-06-2024,Inactive,D2C Website,Colour Cosmetics,18-06-2024,1,269.4
584896,Sanjana Prasad,26,Female,Hyderabad,Telangana,Value,Google,Google_Shopping,20-07-2024,Inactive,Amazon,Skincare,20-07-2024,1,411.75
568517,Vivek Bhatia,30,Male,Delhi,Delhi,Premium,Referral,ReferAFriend_Q1,19-11-2025,Active,Offline Store,Skincare,19-11-2025,1,399
568522,Sanjana Grewal,22,Female,Chandigarh,Chandigarh,Value,Organic Search,Organic_Direct,01-12-2024,Dormant,Offline Store,Skincare,02-07-2025,6,6246.05
535755,Siddharth Ganguly,28,Male,Kolkata,West Bengal,Value,Google,Google_Shopping,10-05-2025,Active,D2C Website,Skincare,23-12-2025,4,1918.25
560332,Riya Verma,30,Female,Lucknow,Uttar Pradesh,Regular,Marketplace,Amazon_Sponsored,30-11-2025,Active,Myntra,Colour Cosmetics,30-12-2025,2,1237.35
543947,Neha Sharma,26,Female,Hyderabad,Telangana,Value,Instagram,IG_Influencer_Collab,06-01-2025,Inactive,Quick Commerce,Colour Cosmetics,06-01-2025,1,399
576720,Manish Gowda,32,Male,Bengaluru,Karnataka,Regular,Instagram,IG_Influencer_Collab,18-02-2024,Dormant,Nykaa,Haircare,16-05-2024,4,1937.15
576724,Priya Sharma,29,Female,Hyderabad,Telangana,Regular,Instagram,IG_Festive_Sale,23-09-2025,Active,Offline Store,Colour Cosmetics,23-09-2025,1,478.4
511188,Nikhil Shinde,26,Male,Mumbai,Maharashtra,Value,Organic Search,Organic_Direct,15-12-2025,Active,Myntra,Skincare,26-12-2025,2,1682.2
535774,Deepika Mehta,36,Female,Surat,Gujarat,Regular,Instagram,IG_Festive_Sale,28-04-2025,Active,Myntra,Skincare,28-04-2025,1,584.1
519410,Divya Shukla,31,Female,Indore,Madhya Pradesh,Regular,Google,Google_Search_Brand,12-12-2024,Inactive,Myntra,Colour Cosmetics,12-12-2024,1,319.2
511221,Kiran Gowda,34,Unknown,Bengaluru,Karnataka,Premium,Influencer,Influencer_Micro,08-07-2025,Dormant,Quick Commerce,Unknown,08-07-2025,1,616.55
527607,Sanjana Singh,29,Female,Jaipur,Rajasthan,Regular,Influencer,Influencer_YT_Review,10-10-2025,Active,Quick Commerce,Skincare,10-10-2025,1,279.2
552184,Neha Menon,33,Female,Kochi,Kerala,Value,Offline Store,Instore_Walkin,19-04-2024,Active,Quick Commerce,Skincare,01-11-2025,3,1441.55
511226,Ritu Pawar,44,Female,Mumbai,Maharashtra,Regular,Google,Google_Search_Generic,11-11-2025,Active,Quick Commerce,Skincare,18-12-2025,7,5947.75
535804,Deepa Naidu,23,Other,Hyderabad,Telangana,Premium,Organic Search,Organic_Direct,10-11-2025,Active,Nykaa,Colour Cosmetics,03-12-2025,2,822.7
535818,Vidya Rao,29,Female,Bengaluru,Karnataka,Regular,Instagram,IG_Reels_Push,18-12-2025,Active,Myntra,Colour Cosmetics,20-12-2025,2,963.15
519442,Tanvi Kapoor,35,Female,Delhi,Delhi,Regular,Referral,ReferAFriend_Q3,15-05-2024,Active,Nykaa,Skincare,13-07-2025,4,2520.25
544020,Harsh Verma,30,Male,Delhi,Delhi,Premium,Google,Google_Search_Generic,19-10-2025,Active,Nykaa,Skincare,30-12-2025,8,7009.95
535838,Sanjana Gupta,28,Female,Delhi,Delhi,Value,Google,Google_Shopping,17-04-2025,Inactive,Offline Store,Skincare,17-04-2025,1,1078.8
552227,Tarun Joshi,30,Male,Ahmedabad,Gujarat,Regular,Instagram,IG_Festive_Sale,17-11-2025,Active,Amazon,Colour Cosmetics,17-11-2025,1,399
527659,Sonal Kale,33,Female,Mumbai,Maharashtra,Regular,Google,Google_Shopping,04-11-2024,Inactive,Amazon,Haircare,31-01-2025,2,758.1
519476,Krishna Reddy,33,Male,Hyderabad,Telangana,Regular,Influencer,Influencer_Micro,07-06-2024,Dormant,Myntra,Skincare,28-12-2025,5,2233.6
544057,Pooja Barman,31,Female,Guwahati,Assam,Regular,Referral,ReferAFriend_Q3,25-11-2025,Dormant,Offline Store,Haircare,25-11-2025,1,449
560443,Fatima Pawar,31,Female,Mumbai,Maharashtra,Value,Influencer,Influencer_Micro,30-12-2024,Active,D2C Website,Skincare,16-10-2025,5,2787.95
503101,Swati Balan,34,Female,Coimbatore,Tamil Nadu,Value,Instagram,IG_NewLaunch,29-12-2025,Active,Nykaa,Colour Cosmetics,29-12-2025,1,349
552262,Ishita Kulkarni,29,Female,Mumbai,Maharashtra,Regular,Google,Google_Search_Generic,28-08-2025,Active,Myntra,Colour Cosmetics,28-08-2025,1,339.15
527686,Gaurav Chandran,21,Male,Chennai,Tamil Nadu,Regular,Influencer,Influencer_Micro,31-07-2025,Active,D2C Website,Colour Cosmetics,31-07-2025,1,1438.2
576858,Radhika Gupta,32,Female,Delhi,Delhi,Premium,Influencer,Influencer_Micro,02-12-2025,Dormant,Quick Commerce,Skincare,02-12-2025,1,349
544092,Radhika Modi,40,Female,Surat,Gujarat,Regular,Offline Store,Instore_EventPromo,16-02-2025,Inactive,Offline Store,Colour Cosmetics,01-07-2025,3,1377.5
593244,Rakesh Deshmukh,27,Male,Pune,Maharashtra,Value,Google,Google_Shopping,16-09-2024,Dormant,Quick Commerce,Skincare,10-11-2025,5,1975.85
560482,Vidya Shinde,25,Female,Mumbai,Maharashtra,Value,Marketplace,Nykaa_Storefront,08-12-2025,Dormant,Offline Store,Skincare,08-12-2025,1,519.2
568676,Sandeep Srivastava,31,Male,Lucknow,Uttar Pradesh,Value,Organic Search,Organic_Direct,09-02-2025,Dormant,Amazon,Haircare,09-02-2025,1,319.2
576869,Tarun Kale,20,Male,Mumbai,Maharashtra,Premium,Influencer,Influencer_Micro,11-12-2025,Active,Amazon,Colour Cosmetics,11-12-2025,1,319.2
552296,Pallavi Chavan,27,Female,Mumbai,Maharashtra,Regular,Referral,ReferAFriend_Q1,13-01-2025,Dormant,Myntra,Haircare,19-02-2025,4,2153.05
519528,Vikram Balan,21,Male,Chennai,Tamil Nadu,Value,Referral,ReferAFriend_Q3,08-12-2024,Active,Offline Store,Colour Cosmetics,08-12-2024,1,466.65
519536,Aisha Kumar,18,Female,Hyderabad,Telangana,Value,Influencer,Influencer_Beauty_Bloggers,20-08-2025,Active,Offline Store,Colour Cosmetics,10-12-2025,5,2268.9
568690,Vani Balan,28,Female,Chennai,Tamil Nadu,Value,Instagram,IG_Reels_Push,13-09-2025,Inactive,Amazon,Skincare,13-09-2025,1,649
527742,Aisha Naik,30,Female,Bengaluru,Karnataka,Value,Google,Google_Search_Brand,01-08-2025,Active,Offline Store,Skincare,16-12-2025,4,2077.45
511359,Karan Naidu,27,Male,Hyderabad,Telangana,Premium,Google,Google_Search_Generic,07-09-2025,Dormant,Nykaa,Skincare,07-09-2025,1,399
560513,Vani Trivedi,18,Female,Ahmedabad,Gujarat,Value,Google,Google_Search_Generic,31-01-2025,Active,Quick Commerce,Colour Cosmetics,02-11-2025,6,3968.95
560515,Radhika Verma,31,Female,Delhi,Delhi,Regular,Instagram,IG_NewLaunch,09-11-2024,Active,D2C Website,Colour Cosmetics,19-11-2025,5,1985.8
519555,Kavya Rao,27,Female,Bengaluru,Karnataka,Premium,Instagram,IG_Reels_Push,02-05-2025,Inactive,Offline Store,Skincare,02-05-2025,1,269.1
585097,Vidya Khanna,29,Female,Delhi,Delhi,Premium,Offline Store,Instore_Walkin,21-10-2025,Dormant,Myntra,Colour Cosmetics,21-10-2025,1,199.2
560521,Divya Dutta,34,Female,Kolkata,West Bengal,Premium,Instagram,IG_Reels_Push,30-07-2024,Dormant,Offline Store,Skincare,23-11-2025,5,1972.8
544140,Neha Joshi,18,Female,Mumbai,Maharashtra,Premium,Referral,ReferAFriend_Q3,25-03-2025,Active,Myntra,Skincare,07-11-2025,5,3223.1
527760,Divya Reddy,29,Female,Hyderabad,Telangana,Regular,Influencer,Influencer_Beauty_Bloggers,21-11-2024,Inactive,Amazon,Skincare,21-11-2024,1,379.05
535954,Lakshmi Kumar,18,Female,Hyderabad,Telangana,Premium,Organic Search,Organic_Direct,26-10-2024,Active,Myntra,Haircare,16-10-2025,4,1470.8
593302,Sanjana Agarwal,25,Female,Lucknow,Uttar Pradesh,Value,Influencer,Influencer_YT_Review,01-11-2025,Active,Amazon,Haircare,21-11-2025,2,1279.65
503201,Priya Bhosale,35,Female,Pune,Maharashtra,Regular,Instagram,IG_Influencer_Collab,26-09-2025,Dormant,D2C Website,Colour Cosmetics,26-09-2025,1,426.55
576931,Radhika Khanna,35,Female,Delhi,Delhi,Value,Instagram,IG_Festive_Sale,16-05-2025,Dormant,Offline Store,Skincare,15-12-2025,2,1419.55
560552,Neha Chary,30,Female,Hyderabad,Telangana,Premium,Instagram,IG_Festive_Sale,03-08-2024,Dormant,Offline Store,Colour Cosmetics,03-08-2024,1,279.2
535976,Pallavi Pillai,25,Female,Chennai,Tamil Nadu,Regular,Influencer,Influencer_Beauty_Bloggers,22-06-2025,Inactive,Myntra,Skincare,22-06-2025,1,426.55
519597,Zoya Gaikwad,24,Female,Pune,Maharashtra,Value,Instagram,IG_Influencer_Collab,31-10-2024,Dormant,Amazon,Skincare,31-10-2024,1,299
535992,Vivek Shah,35,Male,Ahmedabad,Gujarat,Regular,Referral,ReferAFriend_Q1,27-08-2025,Active,Myntra,Skincare,30-08-2025,2,1512.45
527801,Arjun Sharma,23,Male,Delhi,Delhi,Regular,Instagram,IG_Influencer_Collab,06-11-2024,Inactive,Quick Commerce,Colour Cosmetics,06-11-2024,1,449
527802,Pallavi Joshi,40,Female,Mumbai,Maharashtra,Premium,Instagram,IG_NewLaunch,29-09-2025,Dormant,Myntra,Skincare,29-09-2025,1,584.1
576955,Ananya Balan,33,Female,Chennai,Tamil Nadu,Value,Google,Google_Search_Generic,20-05-2025,Active,Myntra,Skincare,20-06-2025,2,1102.45
568765,Nandini Gowda,33,Female,Bengaluru,Karnataka,Value,Referral,ReferAFriend_Q1,07-02-2024,Inactive,Quick Commerce,Skincare,27-07-2025,6,4936.65
552383,Deepika Bhosale,25,Female,Mumbai,Maharashtra,Regular,Instagram,IG_Festive_Sale,25-07-2024,Active,D2C Website,Haircare,25-07-2024,1,449.1
593343,Sneha Kale,38,Female,Pune,Maharashtra,Value,Google,Google_Shopping,12-12-2024,Active,Amazon,Colour Cosmetics,27-11-2025,5,1985.8
552386,Rajesh Yadav,40,Male,Indore,Madhya Pradesh,Premium,Marketplace,Myntra_Beauty_Week,01-12-2024,Inactive,D2C Website,Colour Cosmetics,01-12-2024,1,719.1
536002,Nandini Arora,31,Female,Delhi,Delhi,Regular,Organic Search,Organic_SEO_Blog,02-12-2025,Active,Amazon,Skincare,02-12-2025,1,549
503248,Rakesh Shetty,39,Male,Bengaluru,Karnataka,Value,Google,Google_Search_Generic,11-12-2025,Active,Nykaa,Skincare,29-12-2025,5,2720.3
585175,Amit Chavan,36,Male,Mumbai,Maharashtra,Premium,Instagram,IG_Reels_Push,22-05-2024,Inactive,Myntra,Colour Cosmetics,03-07-2024,2,438.6
576983,Sanjana Verma,33,Female,Patna,Bihar,Value,Google,Google_Shopping,02-06-2025,Active,Nykaa,Colour Cosmetics,23-10-2025,3,1052.35
585180,Krishna Deshmukh,27,Male,Pune,Maharashtra,Regular,Instagram,IG_Reels_Push,04-08-2025,Inactive,D2C Website,Skincare,04-08-2025,1,424.15
593375,Rohan Parekh,31,Male,Surat,Gujarat,Regular,Organic Search,Organic_Direct,04-11-2024,Active,Myntra,Skincare,21-09-2025,6,4397.15
585191,Harsh Murugan,19,Male,Coimbatore,Tamil Nadu,Value,Instagram,IG_Festive_Sale,17-07-2025,Active,Myntra,Skincare,06-09-2025,2,1477.15
544236,Aditya Mishra,22,Male,Indore,Madhya Pradesh,Premium,Google,Google_Search_Brand,29-12-2025,Active,Nykaa,Skincare,29-12-2025,1,2277.15
536046,Riya Krishnan,36,Female,Chennai,Tamil Nadu,Regular,Google,Google_Search_Generic,25-06-2025,Active,Amazon,Skincare,22-08-2025,2,830.55
503280,Ananya Balan,20,Female,Chennai,Tamil Nadu,Regular,Google,Google_Search_Generic,13-02-2025,Active,D2C Website,Haircare,21-10-2025,5,2182.65
577014,Lakshmi Rathore,35,Female,Jaipur,Rajasthan,Regular,Organic Search,Organic_SEO_Blog,06-01-2025,Dormant,Offline Store,Colour Cosmetics,06-01-2025,1,616.55
560637,Riya Shinde,28,Unknown,Pune,Maharashtra,Value,Instagram,IG_Influencer_Collab,04-07-2024,Inactive,Offline Store,Skincare,04-07-2024,1,356.85
585215,Pallavi Joshi,32,Female,Mumbai,Maharashtra,Regular,Influencer,Influencer_Micro,12-09-2024,Dormant,Quick Commerce,Colour Cosmetics,31-05-2025,4,1298.75
560648,Pooja Rao,34,Female,Unknown,Unknown,Value,Google,Google_Search_Brand,02-10-2024,Inactive,Nykaa,Colour Cosmetics,02-10-2024,1,261.75
527884,Fatima Goud,20,Female,Hyderabad,Telangana,Value,Instagram,IG_Reels_Push,08-11-2025,Active,Myntra,Colour Cosmetics,19-12-2025,2,733.4
519709,Rohan Patil,18,Male,Mumbai,Maharashtra,Regular,Instagram,IG_Festive_Sale,13-11-2025,Dormant,Quick Commerce,Colour Cosmetics,23-12-2025,5,3481.65
593447,Kavya Kale,43,Female,Mumbai,Maharashtra,Value,Instagram,IG_Reels_Push,12-12-2025,Active,Quick Commerce,Colour Cosmetics,12-12-2025,1,404.1
585256,Pranav Hegde,20,Male,Bengaluru,Karnataka,Value,Influencer,Influencer_Micro,28-04-2024,Active,D2C Website,Haircare,10-12-2025,5,1854
552488,Kunal Kapoor,37,Male,Delhi,Delhi,Value,Organic Search,Organic_SEO_Blog,13-11-2025,Active,D2C Website,Haircare,24-12-2025,3,1122.5
552487,Swati Kulkarni,44,Female,Pune,Maharashtra,Regular,Instagram,IG_Reels_Push,20-12-2025,Active,Myntra,Colour Cosmetics,20-12-2025,1,249
511542,Siddharth Kamath,24,Male,Bengaluru,Karnataka,Regular,Instagram,IG_NewLaunch,10-04-2025,Active,D2C Website,Colour Cosmetics,30-12-2025,2,945.65
544313,Akash Joshi,36,Male,Vadodara,Gujarat,Value,Influencer,Influencer_YT_Review,21-07-2025,Inactive,Myntra,Haircare,07-08-2025,2,695.95
511551,Sonal Arora,27,Female,Delhi,Delhi,Premium,Instagram,IG_Influencer_Collab,20-12-2025,Active,Amazon,Skincare,25-12-2025,4,1818.35
527938,Sanjana Iyer,26,Female,Chennai,Tamil Nadu,Premium,Instagram,IG_Reels_Push,27-12-2025,Active,Nykaa,Skincare,27-12-2025,1,254.15
503365,Priya Reddy,36,Other,Hyderabad,Telangana,Premium,Organic Search,Organic_SEO_Blog,02-07-2025,Active,Offline Store,Skincare,13-10-2025,3,1229.65
552521,Tarun Deshmukh,33,Male,Mumbai,Maharashtra,Value,Google,Google_Search_Generic,18-06-2025,Inactive,Quick Commerce,Haircare,18-06-2025,1,407.55
503379,Vidya Pawar,18,Female,Nagpur,Maharashtra,Regular,Referral,ReferAFriend_Q1,31-10-2025,Active,Myntra,Skincare,24-12-2025,5,2295.7
552531,Varun Kale,35,Male,Mumbai,Maharashtra,Regular,Instagram,IG_Reels_Push,12-08-2024,Inactive,Nykaa,Skincare,12-08-2024,1,336.75
577110,Kritika Kale,45,Female,Mumbai,Maharashtra,Regular,Referral,ReferAFriend_Q1,30-05-2024,Inactive,Myntra,Skincare,10-06-2024,2,888.15
519769,Pooja Thomas,28,Female,Kochi,Kerala,Value,Influencer,Influencer_Micro,02-01-2025,Active,Amazon,Colour Cosmetics,15-08-2025,2,700.85
519773,Riya Chouhan,26,Female,Bhopal,Madhya Pradesh,Value,Referral,ReferAFriend_Q1,14-12-2024,Dormant,Nykaa,Skincare,14-12-2024,1,1098
503390,Jaya Baruah,30,Unknown,Guwahati,Assam,Regular,Organic Search,Organic_Direct,24-12-2025,Active,Nykaa,Haircare,29-12-2025,2,919.95
544350,Ritu Subramaniam,29,Female,Chennai,Tamil Nadu,Value,Influencer,Influencer_Beauty_Bloggers,30-03-2025,Dormant,Quick Commerce,Skincare,30-03-2025,1,314.1
536160,Shreya Ghosh,28,Female,Kolkata,West Bengal,Value,Instagram,IG_Influencer_Collab,29-07-2025,Active,Offline Store,Colour Cosmetics,14-10-2025,2,1752.3
585316,Akash Pawar,32,Male,Pune,Maharashtra,Value,Google,Google_Search_Generic,25-08-2025,Dormant,Amazon,Skincare,25-08-2025,1,584.1
577128,Sonal Reddy,27,Female,Bengaluru,Karnataka,Value,Instagram,IG_Reels_Push,21-02-2024,Inactive,Offline Store,Colour Cosmetics,01-06-2025,4,2629.65
568937,Meera Yadav,28,Female,Lucknow,Uttar Pradesh,Premium,Marketplace,Amazon_Sponsored,20-07-2024,Active,Quick Commerce,Colour Cosmetics,13-10-2025,7,3811.25
519786,Roshan Sethi,32,Other,Chandigarh,Chandigarh,Regular,Influencer,Influencer_YT_Review,25-12-2025,Active,Amazon,Skincare,25-12-2025,1,379.05
577139,Swati Arora,34,Female,Delhi,Delhi,Value,Referral,ReferAFriend_Q1,19-07-2024,Inactive,Offline Store,Haircare,19-07-2024,1,426.55
552565,Pranav Deshmukh,35,Male,Mumbai,Maharashtra,Regular,Google,Google_Search_Generic,16-09-2024,Dormant,Offline Store,Skincare,19-09-2025,4,1675.8
593525,Neha Shinde,29,Female,Mumbai,Maharashtra,Value,Organic Search,Organic_Direct,03-10-2024,Dormant,Nykaa,Colour Cosmetics,27-07-2025,3,1894.05
544375,Meera Verma,22,Female,Unknown,Unknown,Regular,Offline Store,Unknown,16-01-2025,Inactive,D2C Website,Colour Cosmetics,16-01-2025,1,331.55
568955,Pallavi Verma,28,Female,Delhi,Delhi,Value,Google,Google_Search_Brand,16-05-2024,Active,D2C Website,Skincare,30-11-2025,5,3268.7
528010,Divya Tripathi,23,Female,Lucknow,Uttar Pradesh,Regular,Google,Unknown,23-07-2025,Inactive,Offline Store,Colour Cosmetics,23-07-2025,1,424.15
544396,Anjali Kapoor,21,Female,Delhi,Delhi,Value,Organic Search,Organic_Direct,17-01-2025,Dormant,Offline Store,Skincare,24-12-2025,4,1778.15
528016,Sameer Deshmukh,30,Male,Pune,Maharashtra,Value,Instagram,IG_Reels_Push,21-06-2025,Active,D2C Website,Skincare,22-11-2025,4,1459.35
536208,Farhan Kamath,25,Male,Bengaluru,Karnataka,Regular,Marketplace,Amazon_Sponsored,29-03-2024,Inactive,Offline Store,Skincare,04-05-2024,2,663.1
503441,Radhika Joshi,32,Female,Ahmedabad,Gujarat,Value,Google,Google_Search_Brand,30-12-2025,Dormant,Nykaa,Skincare,30-12-2025,1,449.1
536211,Meera Naidu,24,Female,Hyderabad,Telangana,Premium,Organic Search,Organic_Direct,20-05-2025,Inactive,Quick Commerce,Skincare,20-05-2025,1,374.25
577182,Ishita Bora,37,Female,Guwahati,Assam,Regular,Influencer,Influencer_Micro,28-10-2024,Active,D2C Website,Skincare,09-11-2025,4,1403.85
577184,Farhan Shinde,25,Male,Mumbai,Maharashtra,Regular,Marketplace,Nykaa_Storefront,18-01-2025,Inactive,Amazon,Colour Cosmetics,21-02-2025,2,912.1
568995,Zoya Khanna,25,Female,Delhi,Delhi,Value,Instagram,IG_NewLaunch,23-05-2024,Active,Myntra,Colour Cosmetics,24-10-2025,9,6746.85
544424,Rakesh Joshi,20,Male,Mumbai,Maharashtra,Value,Influencer,Influencer_YT_Review,29-05-2025,Active,Myntra,Skincare,27-08-2025,3,1382.4
528043,Kavya Shah,21,Female,Surat,Gujarat,Regular,Influencer,Influencer_YT_Review,10-12-2025,Active,Myntra,Colour Cosmetics,25-12-2025,6,3856.3
560811,Shreya Roy,27,Female,Kolkata,West Bengal,Value,Marketplace,Amazon_Sponsored,14-12-2025,Active,D2C Website,Skincare,26-12-2025,2,1157.6
536241,Rakesh Solanki,24,Male,Jaipur,Rajasthan,Regular,Influencer,Influencer_Micro,20-09-2024,Active,Offline Store,Haircare,31-08-2025,3,1566.7
585394,Shreya Parekh,18,Female,Ahmedabad,Gujarat,Premium,Instagram,IG_Influencer_Collab,16-03-2024,Active,D2C Website,Skincare,22-12-2025,5,3539
569013,Anjali Mehra,26,Female,Delhi,Delhi,Value,Instagram,IG_NewLaunch,27-04-2025,Inactive,Quick Commerce,Skincare,27-04-2025,1,616.55
552640,Priya Bhat,23,Female,Bengaluru,Karnataka,Regular,Marketplace,Nykaa_Storefront,29-11-2025,Active,Amazon,Colour Cosmetics,27-12-2025,9,5092.9
503495,Ishita Verma,19,Female,Delhi,Delhi,Value,Google,Google_Search_Generic,25-09-2025,Active,Nykaa,Colour Cosmetics,17-12-2025,5,3176.6
536265,Akash Roy,34,Male,Kolkata,West Bengal,Value,Marketplace,Amazon_Sponsored,15-11-2025,Active,Offline Store,Skincare,30-12-2025,2,1901.3
528074,Shreya Iyengar,24,Female,Bengaluru,Karnataka,Value,Influencer,Influencer_YT_Review,29-03-2025,Inactive,Myntra,Colour Cosmetics,29-03-2025,1,616.55
519887,Sandeep Shinde,33,Male,Pune,Maharashtra,Regular,Organic Search,Organic_Direct,08-07-2025,Active,Myntra,Unknown,08-07-2025,1,499
528080,Varun Rao,38,Male,Unknown,Unknown,Regular,Google,Google_Search_Brand,03-05-2024,Active,Nykaa,Colour Cosmetics,03-05-2024,1,1618.2
585426,Nikhil Banerjee,27,Male,Kolkata,West Bengal,Premium,Instagram,IG_Festive_Sale,21-11-2025,Dormant,D2C Website,Colour Cosmetics,21-11-2025,1,853.1
560852,Akash Verma,23,Male,Indore,Madhya Pradesh,Value,Instagram,IG_Influencer_Collab,28-12-2025,Active,Offline Store,Skincare,28-12-2025,1,399.2
544473,Shreya Trivedi,22,Female,Surat,Gujarat,Value,Influencer,Unknown,09-03-2025,Inactive,Quick Commerce,Skincare,09-03-2025,1,339.15
593626,Ananya Nair,27,Female,Unknown,Unknown,Regular,Google,Google_Shopping,19-12-2025,Active,Quick Commerce,Colour Cosmetics,19-12-2025,1,1197
585437,Radhika Sharma,32,Female,Bhopal,Madhya Pradesh,Value,Instagram,IG_NewLaunch,14-05-2024,Inactive,Offline Store,Skincare,25-05-2024,2,900.6
569066,Kiran Shinde,25,Other,Pune,Maharashtra,Premium,Google,Google_Search_Generic,31-10-2024,Inactive,Nykaa,Skincare,08-11-2024,2,998.1
503534,Zoya Gowda,30,Female,Bengaluru,Karnataka,Regular,Google,Google_Shopping,14-11-2025,Active,Offline Store,Skincare,14-11-2025,1,1654.95
544500,Swati Ahluwalia,23,Female,Chandigarh,Chandigarh,Regular,Offline Store,Instore_Walkin,14-04-2025,Inactive,Quick Commerce,Skincare,14-04-2025,1,764.15
585461,Rajesh Gupta,25,Male,Unknown,Unknown,Premium,Offline Store,Instore_Walkin,21-12-2025,Dormant,D2C Website,Skincare,21-12-2025,1,399
560889,Suresh Gaikwad,18,Male,Mumbai,Maharashtra,Premium,Organic Search,Organic_SEO_Blog,24-10-2025,Dormant,Quick Commerce,Skincare,24-10-2025,1,798
577278,Shreya Patel,25,Female,Vadodara,Gujarat,Value,Google,Google_Search_Generic,15-09-2025,Active,Amazon,Skincare,05-10-2025,2,1045.75
503552,Abhishek Solanki,30,Male,Jaipur,Rajasthan,Premium,Marketplace,Nykaa_Storefront,10-06-2024,Active,Nykaa,Skincare,28-12-2025,3,1707.35
519936,Manish Prasad,37,Male,Hyderabad,Telangana,Value,Google,Google_Search_Generic,18-08-2025,Dormant,Nykaa,Skincare,18-08-2025,1,549
585477,Sneha Gaikwad,27,Female,Mumbai,Maharashtra,Regular,Instagram,IG_Influencer_Collab,20-01-2025,Inactive,Quick Commerce,Colour Cosmetics,20-01-2025,1,448.2
560901,Arjun Rajpurohit,18,Male,Jaipur,Rajasthan,Value,Google,Google_Search_Generic,22-10-2025,Active,Myntra,Skincare,22-10-2025,1,663.1
593677,Shreya Patil,32,Female,Mumbai,Maharashtra,Regular,Google,Google_Search_Brand,26-08-2025,Active,Myntra,Colour Cosmetics,26-08-2025,1,404.1
560910,Ritu Singh,34,Female,Patna,Bihar,Premium,Instagram,Unknown,04-04-2025,Active,D2C Website,Skincare,16-11-2025,3,2341
536342,Kunal Joshi,34,Male,Ahmedabad,Gujarat,Value,Marketplace,Nykaa_Storefront,13-09-2025,Active,Nykaa,Skincare,13-09-2025,1,551.65
577304,Sameer Gowda,29,Male,Bengaluru,Karnataka,Regular,Instagram,IG_NewLaunch,26-05-2024,Inactive,Offline Store,Skincare,15-06-2024,2,2645
536347,Ananya Joshi,19,Female,Mumbai,Maharashtra,Value,Marketplace,Amazon_Sponsored,23-11-2025,Active,D2C Website,Skincare,23-11-2025,1,314.1
544541,Kritika Malhotra,18,Female,Delhi,Delhi,Premium,Marketplace,Nykaa_Storefront,19-02-2025,Dormant,D2C Website,Skincare,11-12-2025,5,1998.4
560931,Shreya Roy,18,Female,Kolkata,West Bengal,Value,Marketplace,Myntra_Beauty_Week,18-08-2025,Active,D2C Website,Skincare,16-10-2025,4,1846.45
544548,Swati Chavan,31,Female,Pune,Maharashtra,Premium,Influencer,Influencer_Micro,28-09-2024,Inactive,Quick Commerce,Skincare,28-09-2024,1,449.1
519973,Deepak Yadav,23,Male,Indore,Madhya Pradesh,Value,Instagram,IG_Festive_Sale,25-10-2025,Active,Quick Commerce,Skincare,25-10-2025,1,269.1
552743,Radhika Kulkarni,35,Female,Bengaluru,Karnataka,Value,Marketplace,Amazon_Sponsored,20-11-2025,Active,Offline Store,Skincare,24-11-2025,2,997.4
569135,Riya Chawla,27,Female,Delhi,Delhi,Regular,Google,Google_Search_Generic,18-11-2025,Active,Nykaa,Haircare,22-12-2025,3,1085.05
560946,Pallavi Gandhi,33,Female,Surat,Gujarat,Value,Google,Google_Search_Brand,30-01-2025,Inactive,Amazon,Skincare,30-01-2025,1,331.55
552757,Harsh Pawar,33,Male,Mumbai,Maharashtra,Regular,Instagram,IG_Festive_Sale,03-06-2025,Inactive,Quick Commerce,Skincare,03-06-2025,1,549
593718,Ananya Raju,24,Female,Hyderabad,Telangana,Premium,Instagram,IG_NewLaunch,07-11-2025,Active,Offline Store,Skincare,07-11-2025,1,549
528183,Divya Goud,31,Female,Hyderabad,Telangana,Premium,Influencer,Influencer_YT_Review,22-12-2025,Active,Offline Store,Skincare,28-12-2025,2,1249.45
560952,Fatima Goud,19,Female,Hyderabad,Telangana,Regular,Organic Search,Organic_SEO_Blog,02-07-2025,Active,D2C Website,Skincare,03-10-2025,3,1102
503617,Deepika Kumar,36,Female,Hyderabad,Telangana,Value,Marketplace,Amazon_Sponsored,05-11-2025,Active,D2C Website,Skincare,05-11-2025,1,474.05
552772,Pooja Gandhi,23,Female,Surat,Gujarat,Premium,Organic Search,Organic_Direct,29-12-2025,Dormant,Offline Store,Colour Cosmetics,29-12-2025,1,478.8
511813,Neha Shinde,27,Female,Mumbai,Maharashtra,Value,Marketplace,Myntra_Beauty_Week,20-06-2025,Inactive,Quick Commerce,Skincare,20-06-2025,1,426.55
520006,Tarun Parekh,40,Male,Surat,Gujarat,Value,Influencer,Influencer_Micro,05-05-2025,Dormant,D2C Website,Haircare,29-12-2025,3,1171.4
528197,Manish Subramaniam,24,Male,Chennai,Tamil Nadu,Value,Offline Store,Instore_Walkin,24-02-2024,Dormant,Myntra,Skincare,21-10-2024,2,2006.25
544587,Vidya Chatterjee,26,Female,Kolkata,West Bengal,Value,Instagram,IG_NewLaunch,10-03-2025,Inactive,D2C Website,Unknown,21-06-2025,3,1582.2
569163,Yash Joshi,30,Male,Pune,Maharashtra,Value,Organic Search,Organic_SEO_Blog,06-11-2025,Active,Amazon,Colour Cosmetics,06-11-2025,1,763.3
577356,Pooja Chadha,19,Female,Chandigarh,Chandigarh,Value,Google,Google_Search_Generic,15-07-2024,Active,Amazon,Skincare,19-11-2025,2,923.3
560981,Ishita Malviya,29,Female,Bhopal,Madhya Pradesh,Value,Instagram,IG_Influencer_Collab,07-12-2025,Active,Offline Store,Haircare,07-12-2025,1,674.25
569176,Kiran Bhat,34,Unknown,Bengaluru,Karnataka,Regular,Instagram,IG_Reels_Push,05-11-2025,Active,Myntra,Colour Cosmetics,05-11-2025,1,279.2
511835,Tanvi Naik,23,Female,Bengaluru,Karnataka,Value,Influencer,Influencer_Micro,30-08-2024,Active,Offline Store,Colour Cosmetics,30-08-2024,1,269.1
520028,Anjali Reddy,24,Female,Bengaluru,Karnataka,Value,Influencer,Influencer_Beauty_Bloggers,05-09-2025,Active,Myntra,Skincare,18-11-2025,4,1226.35
511836,Simran Verma,27,Female,Unknown,Unknown,Regular,Influencer,Influencer_Micro,21-05-2025,Active,Quick Commerce,Haircare,18-12-2025,4,1304.95
520032,Deepika Naidu,46,Female,Hyderabad,Telangana,Value,Organic Search,Organic_SEO_Blog,21-12-2025,Active,Myntra,Colour Cosmetics,21-12-2025,1,269.4
520033,Akash Kumar,43,Male,Hyderabad,Telangana,Regular,Instagram,IG_Reels_Push,13-11-2025,Active,Quick Commerce,Skincare,13-11-2025,1,296.65
544608,Sameer Dutta,32,Male,Kolkata,West Bengal,Value,Marketplace,Myntra_Beauty_Week,03-04-2025,Dormant,Myntra,Skincare,01-09-2025,2,698.35
520036,Aisha Verma,28,Female,Delhi,Delhi,Value,Marketplace,Amazon_Sponsored,15-08-2025,Dormant,Offline Store,Skincare,19-09-2025,4,1949.15
511846,Krishna Joshi,34,Male,Surat,Gujarat,Value,Marketplace,Amazon_Sponsored,19-09-2025,Active,Offline Store,Colour Cosmetics,17-12-2025,3,1252.1
520052,Riya Mehta,28,Unknown,Ahmedabad,Gujarat,Regular,Instagram,IG_Reels_Push,03-06-2024,Active,Myntra,Skincare,08-08-2025,5,2352.1
528255,Pallavi Kulkarni,25,Female,Bengaluru,Karnataka,Value,Influencer,Influencer_Micro,21-12-2025,Active,Quick Commerce,Skincare,21-12-2025,1,466.65
536458,Lakshmi Bhosale,37,Female,Pune,Maharashtra,Regular,Influencer,Influencer_Micro,07-12-2024,Active,Myntra,Skincare,28-07-2025,8,6631.95
528266,Ishita Sengupta,23,Female,Kolkata,West Bengal,Value,Organic Search,Organic_SEO_Blog,22-05-2025,Active,Nykaa,Skincare,15-10-2025,4,2202.15
503694,Akash Joshi,36,Male,Mumbai,Maharashtra,Premium,Organic Search,Organic_Direct,30-04-2025,Inactive,Nykaa,Skincare,30-04-2025,1,486.75
544657,Tarun Chawla,18,Male,Delhi,Delhi,Premium,Instagram,IG_Influencer_Collab,30-10-2025,Active,Amazon,Colour Cosmetics,30-10-2025,1,319.2
536471,Sameer Gupta,27,Male,Delhi,Delhi,Value,Instagram,IG_Festive_Sale,19-08-2025,Active,Offline Store,Haircare,19-08-2025,1,411.75
544681,Siddharth Kumar,35,Male,Hyderabad,Telangana,Value,Influencer,Influencer_YT_Review,16-07-2025,Active,Offline Store,Skincare,29-11-2025,4,2809.45
511915,Ananya Modi,36,Female,Ahmedabad,Gujarat,Regular,Marketplace,Myntra_Beauty_Week,27-09-2025,Dormant,Amazon,Skincare,27-09-2025,1,521.55
561069,Trisha Pawar,29,Female,Mumbai,Maharashtra,Value,Google,Google_Search_Brand,29-07-2024,Inactive,Quick Commerce,Skincare,13-12-2024,4,2407.4
585649,Ishita Parekh,31,Female,Ahmedabad,Gujarat,Value,Influencer,Influencer_Micro,05-12-2024,Active,Nykaa,Skincare,17-10-2025,9,5303.55
528305,Pranav Yadav,35,Male,Bhopal,Madhya Pradesh,Value,Referral,ReferAFriend_Q1,28-12-2025,Dormant,Offline Store,Colour Cosmetics,28-12-2025,1,679.15
536500,Deepak Sharma,26,Male,Jaipur,Rajasthan,Value,Google,Google_Search_Brand,10-11-2025,Dormant,Quick Commerce,Haircare,22-12-2025,4,2193.2
536509,Simran Hegde,30,Female,Bengaluru,Karnataka,Regular,Influencer,Influencer_Micro,10-07-2025,Active,Offline Store,Colour Cosmetics,21-11-2025,2,978.3
536512,Sandeep Reddy,27,Male,Unknown,Unknown,Value,Influencer,Influencer_Micro,13-12-2024,Active,D2C Website,Skincare,05-10-2025,8,3075.7
536517,Neha Khanna,29,Female,Delhi,Delhi,Value,Influencer,Influencer_Micro,21-01-2025,Active,Myntra,Colour Cosmetics,28-11-2025,3,1382.55
593872,Ananya Bhosale,29,Female,Mumbai,Maharashtra,Value,Offline Store,Instore_EventPromo,21-08-2025,Active,Offline Store,Skincare,29-12-2025,7,5673.05
503761,Radhika Agarwal,18,Female,Lucknow,Uttar Pradesh,Regular,Instagram,IG_Festive_Sale,24-10-2025,Active,Myntra,Skincare,15-11-2025,4,1591.4
544725,Rajesh Krishnan,19,Male,Chennai,Tamil Nadu,Regular,Influencer,Influencer_Micro,29-12-2025,Active,D2C Website,Colour Cosmetics,29-12-2025,1,679.15
511957,Pooja Gaikwad,29,Female,Mumbai,Maharashtra,Regular,Marketplace,Nykaa_Storefront,23-02-2024,Dormant,Amazon,Skincare,05-03-2024,2,792.2
511959,Meera Chandran,25,Female,Chennai,Tamil Nadu,Value,Marketplace,Myntra_Beauty_Week,26-02-2025,Inactive,D2C Website,Colour Cosmetics,26-02-2025,1,279.2
552923,Meera Murugan,18,Female,Chennai,Tamil Nadu,Value,Instagram,IG_Festive_Sale,20-08-2024,Active,Amazon,Colour Cosmetics,11-11-2025,3,1727.55
511970,Sandeep Shinde,26,Male,Pune,Maharashtra,Regular,Marketplace,Myntra_Beauty_Week,06-11-2024,Inactive,Nykaa,Haircare,06-03-2025,4,3128.7
503783,Trisha Shukla,23,Female,Indore,Madhya Pradesh,Value,Marketplace,Amazon_Sponsored,19-05-2025,Active,Offline Store,Skincare,02-11-2025,2,1848.7
528361,Jaya Kulkarni,35,Unknown,Mumbai,Maharashtra,Regular,Google,Google_Search_Brand,20-04-2025,Active,Quick Commerce,Skincare,20-04-2025,1,649
577518,Shreya Parekh,31,Female,Surat,Gujarat,Premium,Instagram,IG_Festive_Sale,16-03-2024,Active,Myntra,Skincare,23-10-2025,5,3090.45
536559,Pallavi Vyas,32,Female,Ahmedabad,Gujarat,Premium,Instagram,IG_Influencer_Collab,09-05-2025,Active,Offline Store,Colour Cosmetics,01-10-2025,3,2750.55
569329,Pallavi Shinde,27,Female,Mumbai,Maharashtra,Value,Organic Search,Organic_Direct,12-11-2025,Active,Amazon,Skincare,12-11-2025,1,1038.4
503794,Swati Gandhi,25,Female,Ahmedabad,Gujarat,Value,Referral,ReferAFriend_Q3,14-12-2025,Active,Offline Store,Skincare,14-12-2025,1,809.1
585717,Sanjana Kamath,20,Female,Bengaluru,Karnataka,Premium,Organic Search,Organic_SEO_Blog,29-12-2025,Active,Myntra,Haircare,29-12-2025,1,299
520181,Simran Hegde,24,Female,Bengaluru,Karnataka,Value,Organic Search,Organic_Direct,07-04-2025,Active,Offline Store,Colour Cosmetics,29-12-2025,3,1366.35
503804,Sandeep Malhotra,29,Male,Delhi,Delhi,Regular,Influencer,Influencer_Micro,27-11-2024,Inactive,D2C Website,Colour Cosmetics,27-11-2024,1,519.2
593926,Ishita Solanki,28,Female,Jaipur,Rajasthan,Value,Instagram,IG_Festive_Sale,18-12-2024,Inactive,Amazon,Colour Cosmetics,18-12-2024,1,426.55
569352,Ananya Shinde,20,Female,Mumbai,Maharashtra,Value,Instagram,IG_NewLaunch,23-11-2025,Active,Amazon,Haircare,10-12-2025,3,1410.25
536585,Sonal Bajaj,29,Female,Chandigarh,Chandigarh,Value,Referral,ReferAFriend_Q3,27-11-2025,Active,Quick Commerce,Skincare,27-11-2025,1,486.75
512015,Tanvi Pawar,32,Female,Mumbai,Maharashtra,Premium,Instagram,IG_Influencer_Collab,04-09-2025,Active,Offline Store,Haircare,17-11-2025,4,2951.45
552976,Kritika Gupta,33,Female,Delhi,Delhi,Regular,Influencer,Influencer_YT_Review,10-08-2024,Active,Myntra,Colour Cosmetics,28-11-2025,7,6206.75
512021,Sonal Kapoor,23,Female,Delhi,Delhi,Premium,Marketplace,Myntra_Beauty_Week,09-07-2025,Active,D2C Website,Skincare,16-10-2025,4,2665.1
544791,Krishna Deshmukh,28,Male,Mumbai,Maharashtra,Value,Organic Search,Organic_SEO_Blog,24-09-2024,Inactive,Offline Store,Skincare,28-06-2025,4,2107.95
512026,Rakesh Iyengar,33,Male,Chennai,Tamil Nadu,Value,Google,Google_Search_Brand,24-08-2025,Active,Myntra,Haircare,08-12-2025,2,1392.1
520218,Sam Hegde,32,Other,Bengaluru,Karnataka,Value,Influencer,Influencer_YT_Review,04-07-2024,Active,Nykaa,Haircare,24-08-2025,3,1208.2
552994,Trisha Bhatia,24,Female,Delhi,Delhi,Premium,Organic Search,Organic_Direct,20-09-2025,Active,Amazon,Colour Cosmetics,05-10-2025,2,1808.25
520232,Ishita Murugan,36,Female,Chennai,Tamil Nadu,Value,Influencer,Influencer_Micro,03-05-2025,Dormant,Nykaa,Colour Cosmetics,15-10-2025,3,1996.6
577580,Kiran Kale,39,Unknown,Mumbai,Maharashtra,Value,Influencer,Influencer_YT_Review,01-08-2024,Inactive,Myntra,Skincare,01-08-2024,1,658.8
553005,Simran Prasad,21,Female,Hyderabad,Telangana,Value,Offline Store,Instore_Walkin,16-08-2024,Inactive,Amazon,Haircare,23-08-2025,4,1563.75
553008,Vivek Iyengar,37,Male,Bengaluru,Karnataka,Value,Organic Search,Organic_SEO_Blog,08-10-2025,Dormant,Offline Store,Colour Cosmetics,08-10-2025,1,296.65
561213,Vani Kulkarni,21,Female,Bengaluru,Karnataka,Value,Instagram,IG_Festive_Sale,09-11-2025,Active,Myntra,Colour Cosmetics,05-12-2025,2,850.7
520253,Sanjana Patil,34,Female,Pune,Maharashtra,Value,Google,Google_Shopping,27-09-2025,Active,Nykaa,Haircare,27-09-2025,1,321.75
520257,Riya Sharma,34,Female,Delhi,Delhi,Regular,Google,Google_Shopping,09-11-2024,Active,Nykaa,Colour Cosmetics,09-11-2024,1,521.55
577607,Radhika Kamath,25,Female,Bengaluru,Karnataka,Value,Instagram,IG_Influencer_Collab,24-06-2025,Active,Amazon,Colour Cosmetics,15-12-2025,6,2908.35
536655,Riya Prasad,26,Female,Hyderabad,Telangana,Value,Google,Google_Search_Brand,25-12-2025,Active,Quick Commerce,Colour Cosmetics,27-12-2025,2,1997.5
585813,Radhika Gowda,24,Female,Bengaluru,Karnataka,Value,Instagram,IG_NewLaunch,01-05-2025,Inactive,Quick Commerce,Haircare,01-05-2025,1,404.1
585814,Aisha Malhotra,24,Female,Delhi,Delhi,Value,Instagram,IG_NewLaunch,24-08-2025,Active,D2C Website,Colour Cosmetics,24-08-2025,1,449
520280,Vani Kulkarni,30,Female,Bengaluru,Karnataka,Regular,Influencer,Influencer_Beauty_Bloggers,24-10-2025,Active,Amazon,Skincare,24-10-2025,1,239.2
536666,Simran Deshmukh,18,Female,Pune,Maharashtra,Value,Instagram,IG_Festive_Sale,13-11-2025,Active,Nykaa,Skincare,24-12-2025,3,1931.1
528477,Ritu Verma,40,Female,Unknown,Unknown,Value,Marketplace,Nykaa_Storefront,25-06-2025,Dormant,Amazon,Skincare,04-10-2025,2,1166.5
585823,Ishita Sandhu,29,Female,Chandigarh,Chandigarh,Regular,Influencer,Influencer_Micro,07-12-2025,Active,Myntra,Skincare,07-12-2025,1,549
520289,Pooja Patel,36,Female,Ahmedabad,Gujarat,Value,Marketplace,Myntra_Beauty_Week,31-10-2025,Active,D2C Website,Skincare,31-10-2025,1,299
512097,Kritika Varma,32,Female,Hyderabad,Telangana,Value,Google,Google_Shopping,21-05-2024,Active,Nykaa,Colour Cosmetics,07-12-2025,4,3438.45
561261,Rakesh Joshi,28,Male,Mumbai,Maharashtra,Value,Google,Google_Search_Brand,21-05-2025,Active,Offline Store,Skincare,19-10-2025,4,2810.5
585841,Shreya Bhosale,37,Female,Mumbai,Maharashtra,Premium,Instagram,IG_Influencer_Collab,28-09-2025,Active,D2C Website,Skincare,18-12-2025,4,1526.6
520308,Aisha Gaikwad,30,Female,Pune,Maharashtra,Premium,Google,Google_Search_Generic,04-12-2025,Active,Myntra,Haircare,27-12-2025,2,933.3
577656,Aisha Kaur,37,Female,Chandigarh,Chandigarh,Premium,Instagram,IG_NewLaunch,25-05-2024,Dormant,Nykaa,Skincare,25-05-2024,1,374.25
553088,Lakshmi Mishra,31,Female,Lucknow,Uttar Pradesh,Value,Google,Google_Shopping,14-08-2025,Active,Nykaa,Colour Cosmetics,11-11-2025,3,1899.05
594058,Tanvi Hegde,19,Female,Bengaluru,Karnataka,Regular,Influencer,Influencer_Micro,16-02-2024,Active,Nykaa,Skincare,21-12-2025,5,3498
528534,Sameer Mehra,34,Male,Delhi,Delhi,Regular,Referral,ReferAFriend_Q3,11-07-2025,Active,Myntra,Skincare,09-12-2025,8,5241.15
569514,Fatima Sharma,29,Female,Hyderabad,Telangana,Value,Instagram,IG_Festive_Sale,05-09-2025,Active,Offline Store,Skincare,05-09-2025,1,549
544942,Gaurav Mishra,29,Male,Lucknow,Uttar Pradesh,Value,Referral,ReferAFriend_Q3,26-08-2024,Dormant,Quick Commerce,Skincare,03-09-2025,8,5889.75
520374,Fatima Bose,29,Female,Kolkata,West Bengal,Value,Organic Search,Organic_SEO_Blog,21-07-2024,Dormant,Amazon,Colour Cosmetics,21-07-2024,1,898
528569,Meera Rathore,19,Female,Jaipur,Rajasthan,Regular,Instagram,IG_Reels_Push,19-07-2025,Dormant,Offline Store,Haircare,30-11-2025,6,3698.55
569531,Anjali Thomas,33,Female,Kochi,Kerala,Value,Referral,ReferAFriend_Q1,04-06-2024,Inactive,Offline Store,Colour Cosmetics,04-06-2024,1,386.1
585918,Rajesh Gaikwad,18,Male,Mumbai,Maharashtra,Value,Influencer,Influencer_Beauty_Bloggers,08-10-2025,Active,Offline Store,Colour Cosmetics,30-12-2025,9,7073
561348,Fatima Shah,42,Female,Ahmedabad,Gujarat,Value,Instagram,IG_Reels_Push,11-12-2025,Active,Amazon,Colour Cosmetics,11-12-2025,1,1279.65
512196,Vikram Chandran,31,Male,Chennai,Tamil Nadu,Value,Instagram,IG_NewLaunch,15-09-2025,Dormant,Offline Store,Haircare,02-11-2025,2,625.3
569541,Aisha Chavan,22,Female,Mumbai,Maharashtra,Premium,Instagram,IG_Influencer_Collab,10-08-2025,Active,D2C Website,Haircare,10-08-2025,1,429
520392,Vidya Kamath,32,Female,Bengaluru,Karnataka,Regular,Instagram,IG_Festive_Sale,23-07-2025,Active,D2C Website,Skincare,02-10-2025,3,2190.85
569547,Kritika Shetty,26,Female,Bengaluru,Karnataka,Value,Marketplace,Amazon_Sponsored,15-07-2025,Dormant,D2C Website,Colour Cosmetics,15-07-2025,1,426.55
577743,Pooja Jha,18,Female,Patna,Bihar,Value,Marketplace,Nykaa_Storefront,28-11-2024,Active,Quick Commerce,Colour Cosmetics,10-12-2025,4,1775.8
504018,Aisha Nair,30,Female,Chennai,Tamil Nadu,Regular,Marketplace,Myntra_Beauty_Week,21-10-2024,Dormant,Amazon,Colour Cosmetics,04-11-2024,2,775.55
512217,Radhika Bhat,31,Female,Bengaluru,Karnataka,Premium,Organic Search,Organic_Direct,02-06-2025,Active,Myntra,Colour Cosmetics,02-06-2025,1,449
512219,Vidya Kulkarni,18,Female,Mumbai,Maharashtra,Value,Google,Google_Shopping,01-08-2025,Dormant,Myntra,Colour Cosmetics,01-08-2025,1,349
512224,Kavya Nair,26,Female,Chennai,Tamil Nadu,Value,Google,Google_Search_Generic,05-04-2025,Inactive,D2C Website,Skincare,25-07-2025,4,3429.4
561385,Swati Deshmukh,35,Female,Mumbai,Maharashtra,Regular,Organic Search,Organic_SEO_Blog,10-02-2025,Active,Quick Commerce,Colour Cosmetics,21-11-2025,6,4814.55
594155,Divya Pawar,37,Female,Mumbai,Maharashtra,Regular,Referral,ReferAFriend_Q1,20-08-2024,Active,Offline Store,Skincare,26-09-2025,4,1549.05
594156,Suresh Chakraborty,31,Male,Kolkata,West Bengal,Regular,Marketplace,Amazon_Sponsored,31-08-2025,Active,Offline Store,Colour Cosmetics,03-12-2025,2,735.75
569579,Ritu Murugan,39,Female,Chennai,Tamil Nadu,Regular,Organic Search,Organic_Direct,23-04-2024,Inactive,Quick Commerce,Skincare,30-04-2024,2,1356.6
512240,Suresh Dutta,30,Male,Guwahati,Assam,Regular,Influencer,Influencer_YT_Review,21-12-2024,Active,Offline Store,Skincare,14-07-2025,2,1627.2
594163,Riya Rao,27,Female,Bengaluru,Karnataka,Regular,Instagram,IG_Reels_Push,01-05-2025,Active,Nykaa,Colour Cosmetics,19-08-2025,3,1207.1
569588,Alex Kalita,20,Other,Guwahati,Assam,Regular,Google,Google_Search_Generic,17-06-2025,Active,Myntra,Colour Cosmetics,18-11-2025,7,6738.6
545015,Radhika Dutta,22,Female,Kolkata,West Bengal,Value,Instagram,IG_Reels_Push,12-11-2025,Active,Myntra,Colour Cosmetics,12-11-2025,1,899
512249,Neha Shinde,26,Female,Pune,Maharashtra,Regular,Instagram,IG_Influencer_Collab,28-12-2024,Inactive,Amazon,Haircare,28-12-2024,1,381.65
504067,Radhika Sharma,18,Female,Delhi,Delhi,Premium,Google,Google_Shopping,11-03-2025,Active,Nykaa,Haircare,16-03-2025,2,1215.75
585990,Nikhil Deshmukh,27,Male,Mumbai,Maharashtra,Regular,Marketplace,Amazon_Sponsored,07-11-2025,Active,Nykaa,Colour Cosmetics,07-11-2025,1,799
553225,Neha Krishnan,22,Female,Chennai,Tamil Nadu,Value,Instagram,IG_Festive_Sale,02-12-2025,Active,D2C Website,Colour Cosmetics,14-12-2025,2,618.55
569615,Rakesh Menon,21,Male,Kochi,Kerala,Value,Organic Search,Organic_SEO_Blog,18-12-2025,Dormant,D2C Website,Skincare,18-12-2025,1,314.1
569616,Neha Balan,31,Female,Chennai,Tamil Nadu,Regular,Instagram,IG_Reels_Push,27-03-2024,Active,Quick Commerce,Colour Cosmetics,24-10-2025,9,6539.8
504082,Ishita Verma,34,Female,Delhi,Delhi,Regular,Instagram,IG_NewLaunch,26-10-2025,Active,Quick Commerce,Haircare,26-10-2025,1,853.1
577812,Radhika Patil,23,Female,Nagpur,Maharashtra,Value,Influencer,Influencer_Beauty_Bloggers,02-10-2025,Active,Nykaa,Colour Cosmetics,02-10-2025,1,1279.65
569621,Priya Chakraborty,31,Female,Kolkata,West Bengal,Regular,Google,Google_Shopping,15-09-2024,Inactive,Offline Store,Colour Cosmetics,15-09-2024,1,186.75
561433,Simran Khanna,25,Female,Delhi,Delhi,Value,Google,Google_Search_Brand,22-09-2025,Active,Myntra,Colour Cosmetics,22-09-2025,1,339.15
594203,Kritika Bhosale,28,Female,Nagpur,Maharashtra,Regular,Google,Google_Shopping,02-12-2025,Dormant,Amazon,Haircare,02-12-2025,1,449
545056,Arya Bhosale,33,Unknown,Mumbai,Maharashtra,Regular,Influencer,Influencer_Beauty_Bloggers,26-11-2025,Active,Amazon,Colour Cosmetics,26-11-2025,1,226.85
577832,Kiran Sharma,23,Unknown,Jaipur,Rajasthan,Value,Marketplace,Nykaa_Storefront,07-11-2025,Active,Amazon,Skincare,07-11-2025,1,226.85
528683,Aditya Vyas,22,Male,Vadodara,Gujarat,Value,Instagram,IG_Influencer_Collab,30-12-2025,Active,Offline Store,Haircare,30-12-2025,1,593.3
553264,Lakshmi Chawla,27,Female,Delhi,Delhi,Value,Instagram,IG_Reels_Push,12-08-2025,Active,Quick Commerce,Colour Cosmetics,12-08-2025,1,224.1
504117,Ritu Sharma,22,Female,Delhi,Delhi,Premium,Marketplace,Myntra_Beauty_Week,28-05-2025,Active,Quick Commerce,Skincare,29-12-2025,5,3014.15
553269,Trisha Prasad,27,Female,Hyderabad,Telangana,Regular,Google,Google_Search_Generic,26-12-2024,Dormant,Offline Store,Skincare,26-10-2025,3,2387.95
553271,Priya Sharma,32,Female,Delhi,Delhi,Value,Instagram,IG_Festive_Sale,14-08-2024,Active,D2C Website,Skincare,11-06-2025,4,1626.75
561462,Swati Shinde,18,Female,Pune,Maharashtra,Regular,Google,Google_Shopping,12-10-2024,Active,Quick Commerce,Skincare,22-11-2024,2,1765.8
528705,Simran Gandhi,42,Female,Surat,Gujarat,Regular,Referral,ReferAFriend_Q3,09-10-2025,Active,Nykaa,Skincare,22-12-2025,2,1513.85
561474,Sneha Kamath,18,Female,Bengaluru,Karnataka,Regular,Referral,ReferAFriend_Q1,25-07-2025,Dormant,D2C Website,Skincare,25-07-2025,1,499
520517,Ananya Shinde,27,Female,Mumbai,Maharashtra,Value,Instagram,IG_Reels_Push,25-12-2025,Active,Amazon,Colour Cosmetics,25-12-2025,1,499
586057,Pooja Shetty,45,Female,Bengaluru,Karnataka,Premium,Instagram,IG_NewLaunch,17-04-2025,Inactive,Myntra,Skincare,17-04-2025,1,1298
577867,Sonal Ganguly,42,Female,Kolkata,West Bengal,Value,Instagram,IG_Festive_Sale,06-07-2025,Active,Offline Store,Haircare,06-07-2025,1,1347
561487,Sonal Patil,22,Female,Mumbai,Maharashtra,Regular,Instagram,IG_Influencer_Collab,24-10-2025,Active,Quick Commerce,Colour Cosmetics,24-10-2025,1,798
586079,Karan Joshi,18,Male,Surat,Gujarat,Value,Influencer,Influencer_YT_Review,12-08-2025,Active,Nykaa,Skincare,22-12-2025,5,1961.9
536930,Ritu Gupta,34,Female,Delhi,Delhi,Premium,Influencer,Influencer_Beauty_Bloggers,01-08-2025,Active,D2C Website,Haircare,01-08-2025,1,359.2
594276,Rahul Pawar,24,Male,Mumbai,Maharashtra,Regular,Google,Google_Search_Brand,18-05-2025,Active,Amazon,Skincare,29-09-2025,2,1396.5
536932,Neha Kale,23,Female,Pune,Maharashtra,Value,Instagram,IG_NewLaunch,15-12-2025,Active,Nykaa,Skincare,15-12-2025,1,679.15
512363,Vivek Roy,31,Male,Kolkata,West Bengal,Regular,Instagram,IG_Influencer_Collab,25-01-2025,Inactive,Offline Store,Skincare,25-01-2025,1,254.15
561524,Priya Sethi,32,Female,Chandigarh,Chandigarh,Premium,Referral,ReferAFriend_Q3,06-02-2025,Inactive,Myntra,Skincare,06-02-2025,1,551.65
528760,Sneha Khanna,33,Female,Delhi,Delhi,Value,Influencer,Influencer_YT_Review,06-06-2025,Active,Nykaa,Skincare,16-10-2025,3,1434.25
594297,Radhika Iyengar,21,Female,Bengaluru,Karnataka,Regular,Marketplace,Myntra_Beauty_Week,13-09-2025,Dormant,D2C Website,Colour Cosmetics,13-09-2025,1,719.1
561537,Nandini Dutta,26,Female,Guwahati,Assam,Value,Offline Store,Instore_Walkin,12-08-2024,Inactive,Nykaa,Skincare,12-08-2024,1,948.1
512387,Neha Deshmukh,26,Female,Nagpur,Maharashtra,Regular,Organic Search,Organic_SEO_Blog,21-10-2024,Active,Nykaa,Skincare,18-04-2025,3,1247.65
577924,Divya Kale,34,Female,Pune,Maharashtra,Value,Instagram,IG_Reels_Push,15-11-2025,Dormant,Offline Store,Haircare,15-11-2025,1,381.65
520585,Vikram Mishra,20,Male,Patna,Bihar,Regular,Instagram,IG_Reels_Push,17-04-2024,Inactive,Quick Commerce,Colour Cosmetics,05-05-2024,2,1582.4
553354,Suresh Sharma,29,Male,Jaipur,Rajasthan,Regular,Instagram,IG_Reels_Push,08-10-2025,Active,Quick Commerce,Skincare,08-10-2025,1,486.75
594317,Priya Chary,32,Female,Hyderabad,Telangana,Regular,Referral,ReferAFriend_Q3,11-10-2025,Active,Quick Commerce,Skincare,20-10-2025,2,763.2
594329,Divya Gowda,32,Female,Bengaluru,Karnataka,Value,Instagram,IG_Reels_Push,20-03-2025,Dormant,Quick Commerce,Skincare,20-03-2025,1,299
594339,Harsh Varma,18,Male,Kochi,Kerala,Value,Organic Search,Organic_Direct,16-10-2024,Active,Offline Store,Skincare,14-12-2025,9,6695.15
586159,Pooja Trivedi,35,Female,Ahmedabad,Gujarat,Value,Referral,ReferAFriend_Q3,25-12-2024,Inactive,Myntra,Skincare,01-05-2025,2,1119.3
586163,Zoya Vyas,35,Female,Ahmedabad,Gujarat,Regular,Google,Google_Shopping,19-11-2024,Active,Offline Store,Colour Cosmetics,21-12-2025,5,3457.25
520631,Deepak Gandhi,28,Male,Surat,Gujarat,Value,Instagram,IG_Influencer_Collab,14-05-2025,Dormant,Myntra,Skincare,14-05-2025,1,719.2
561592,Nikhil Chandran,25,Male,Chennai,Tamil Nadu,Regular,Google,Google_Shopping,01-08-2025,Active,D2C Website,Skincare,16-12-2025,3,1466.7
520632,Aditya Iyengar,26,Male,Bengaluru,Karnataka,Premium,Google,Google_Search_Generic,16-02-2025,Active,Quick Commerce,Skincare,02-04-2025,2,953.1
520635,Vikram Pawar,27,Male,Mumbai,Maharashtra,Regular,Google,Google_Shopping,14-04-2024,Active,Amazon,Colour Cosmetics,14-04-2024,1,404.1
561605,Nandini Gandhi,27,Female,Surat,Gujarat,Value,Google,Google_Shopping,05-11-2025,Active,Amazon,Colour Cosmetics,05-11-2025,1,649
577992,Divya Banerjee,18,Female,Kolkata,West Bengal,Value,Marketplace,Amazon_Sponsored,09-10-2025,Dormant,Myntra,Colour Cosmetics,09-10-2025,1,239.4
577993,Nikhil Sharma,27,Male,Hyderabad,Telangana,Value,Organic Search,Organic_SEO_Blog,08-10-2024,Active,Quick Commerce,Skincare,22-09-2025,6,5994.35
594381,Ritu Chakraborty,23,Female,Kolkata,West Bengal,Regular,Google,Google_Shopping,25-11-2025,Dormant,Amazon,Skincare,25-11-2025,1,519.2
569806,Aisha Mehta,26,Female,Ahmedabad,Gujarat,Regular,Offline Store,Instore_EventPromo,09-06-2025,Active,D2C Website,Haircare,17-12-2025,7,5262.2
512463,Sonal Tiwari,35,Female,Indore,Madhya Pradesh,Value,Influencer,Influencer_YT_Review,02-09-2024,Inactive,Amazon,Skincare,02-09-2024,1,261.75
553424,Deepika Raju,29,Female,Hyderabad,Telangana,Regular,Referral,Unknown,25-04-2024,Inactive,Nykaa,Skincare,29-04-2024,2,997.2
545236,Ananya Vyas,34,Female,Surat,Gujarat,Regular,Instagram,IG_Reels_Push,31-01-2025,Dormant,Offline Store,Skincare,31-01-2025,1,649
504278,Akash Jha,34,Male,Patna,Bihar,Regular,Google,Google_Shopping,23-10-2024,Inactive,Nykaa,Skincare,23-10-2024,1,324.35
586200,Pallavi Malhotra,31,Female,Delhi,Delhi,Regular,Google,Google_Search_Generic,27-04-2025,Active,Myntra,Skincare,18-12-2025,5,4156.7
545242,Nikhil Pawar,23,Male,Mumbai,Maharashtra,Premium,Marketplace,Amazon_Sponsored,30-08-2025,Dormant,Offline Store,Colour Cosmetics,30-08-2025,1,381.65
569822,Vidya Mishra,32,Female,Patna,Bihar,Value,Organic Search,Organic_SEO_Blog,04-10-2025,Active,Offline Store,Unknown,04-10-2025,1,466.65
528864,Vikram Patil,28,Male,Mumbai,Maharashtra,Regular,Organic Search,Organic_Direct,11-07-2025,Active,Offline Store,Skincare,11-07-2025,1,359.1
537056,Deepika Hegde,38,Female,Bengaluru,Karnataka,Premium,Google,Google_Shopping,02-03-2025,Inactive,Quick Commerce,Haircare,02-03-2025,1,404.1
504288,Radhika Verma,29,Female,Lucknow,Uttar Pradesh,Value,Organic Search,Organic_SEO_Blog,11-10-2025,Active,Myntra,Colour Cosmetics,11-10-2025,1,379.05
569827,Shreya Pillai,18,Female,Coimbatore,Tamil Nadu,Value,Google,Google_Search_Generic,19-12-2025,Active,Nykaa,Colour Cosmetics,22-12-2025,2,853.1
520676,Vidya Rao,19,Female,Hyderabad,Telangana,Value,Referral,ReferAFriend_Q1,29-11-2025,Active,Quick Commerce,Skincare,18-12-2025,2,1252.1
561644,Swati Mukherjee,23,Female,Kolkata,West Bengal,Value,Instagram,IG_NewLaunch,11-12-2024,Dormant,Amazon,Haircare,25-08-2025,7,4927.8
586223,Riya Pillai,25,Female,Chennai,Tamil Nadu,Value,Marketplace,Nykaa_Storefront,28-06-2025,Active,Nykaa,Skincare,22-12-2025,2,870.75
537072,Anjali Goud,24,Female,Hyderabad,Telangana,Value,Organic Search,Organic_Direct,06-04-2025,Dormant,Myntra,Skincare,06-04-2025,1,356.85
537079,Meera Das,29,Female,Guwahati,Assam,Value,Organic Search,Organic_SEO_Blog,01-10-2025,Active,Quick Commerce,Skincare,01-10-2025,1,584.1
578047,Aisha Gowda,29,Female,Bengaluru,Karnataka,Value,Instagram,IG_NewLaunch,11-02-2025,Active,Amazon,Colour Cosmetics,03-11-2025,9,5965.3
520706,Rohan Joshi,26,Male,Pune,Maharashtra,Value,Google,Google_Search_Brand,13-09-2024,Active,Quick Commerce,Skincare,06-12-2025,8,4678.3
553476,Riya Chavan,22,Female,Mumbai,Maharashtra,Premium,Google,Google_Search_Generic,22-10-2025,Active,Amazon,Colour Cosmetics,31-10-2025,3,1022.3
537093,Fatima Kapoor,26,Female,Delhi,Delhi,Value,Referral,ReferAFriend_Q1,24-06-2024,Inactive,Amazon,Colour Cosmetics,13-08-2025,3,1851.25
561669,Pallavi Trivedi,35,Female,Ahmedabad,Gujarat,Regular,Influencer,Influencer_Micro,02-08-2025,Dormant,Offline Store,Skincare,02-08-2025,1,339.15
528903,Priya Naik,37,Unknown,Bengaluru,Karnataka,Regular,Instagram,IG_Influencer_Collab,01-07-2024,Active,Myntra,Colour Cosmetics,25-08-2025,4,2551.55
528906,Zoya Saikia,36,Female,Guwahati,Assam,Premium,Instagram,IG_Reels_Push,20-03-2025,Active,Myntra,Haircare,16-12-2025,5,2776.95
545293,Kunal Bose,27,Male,Kolkata,West Bengal,Regular,Instagram,IG_NewLaunch,21-12-2025,Active,Myntra,Skincare,21-12-2025,1,538.2
553492,Lakshmi Vyas,39,Female,Surat,Gujarat,Value,Organic Search,Organic_SEO_Blog,13-12-2024,Dormant,Offline Store,Skincare,28-04-2025,2,745.85
520730,Ishita Deshmukh,35,Female,Mumbai,Maharashtra,Regular,Influencer,Influencer_Beauty_Bloggers,07-04-2025,Active,Amazon,Skincare,16-11-2025,8,6330.25
545309,Shreya Rao,26,Female,Hyderabad,Telangana,Value,Google,Google_Search_Brand,04-04-2024,Inactive,Quick Commerce,Colour Cosmetics,05-04-2024,2,740.85
561694,Vivek Naidu,34,Male,Hyderabad,Telangana,Value,Instagram,IG_Influencer_Collab,31-08-2025,Active,Amazon,Colour Cosmetics,05-10-2025,3,2445
594466,Divya Bhosale,39,Female,Mumbai,Maharashtra,Value,Referral,ReferAFriend_Q1,11-11-2025,Active,Quick Commerce,Colour Cosmetics,12-12-2025,4,1568.3
586275,Deepika Pandey,37,Female,Lucknow,Uttar Pradesh,Value,Organic Search,Organic_SEO_Blog,20-08-2025,Active,Amazon,Skincare,20-08-2025,1,399
537125,Kritika Verma,18,Female,Delhi,Delhi,Value,Google,Google_Search_Brand,24-12-2024,Active,Quick Commerce,Colour Cosmetics,10-12-2025,4,1938.25
553516,Suresh Rao,27,Male,Hyderabad,Telangana,Value,Marketplace,Myntra_Beauty_Week,26-02-2025,Active,Quick Commerce,Skincare,15-12-2025,8,4652.9
594481,Krishna Chavan,28,Male,Mumbai,Maharashtra,Regular,Instagram,IG_Reels_Push,14-12-2025,Active,Offline Store,Colour Cosmetics,14-12-2025,1,628.2
553523,Tarun Trivedi,36,Male,Surat,Gujarat,Value,Referral,ReferAFriend_Q3,01-12-2025,Active,D2C Website,Skincare,16-12-2025,2,678.2
504373,Kunal Subramaniam,28,Male,Chennai,Tamil Nadu,Regular,Referral,ReferAFriend_Q3,08-10-2024,Active,Quick Commerce,Colour Cosmetics,15-10-2025,4,1665.3
520758,Sandeep Mehta,19,Male,Surat,Gujarat,Value,Google,Google_Search_Generic,23-05-2025,Active,Amazon,Skincare,15-12-2025,5,2083.1
578104,Swati Chadha,30,Female,Chandigarh,Chandigarh,Regular,Instagram,IG_NewLaunch,27-08-2025,Active,Quick Commerce,Skincare,27-09-2025,2,1172.5
553528,Fatima Desai,18,Female,Surat,Gujarat,Value,Instagram,IG_Influencer_Collab,05-09-2025,Active,Quick Commerce,Colour Cosmetics,05-09-2025,1,673.5
594493,Ritu Prasad,27,Female,Hyderabad,Telangana,Regular,Influencer,Influencer_Micro,10-11-2025,Active,Nykaa,Colour Cosmetics,10-11-2025,1,807.3
578116,Meera Joshi,20,Female,Pune,Maharashtra,Value,Instagram,IG_Festive_Sale,15-07-2024,Dormant,Myntra,Skincare,15-07-2024,1,269.1
553545,Aarav Chandran,28,Male,Chennai,Tamil Nadu,Value,Organic Search,Organic_SEO_Blog,13-09-2025,Active,Amazon,Skincare,15-09-2025,2,953.3
594510,Suresh Pawar,18,Male,Pune,Maharashtra,Value,Influencer,Influencer_YT_Review,10-11-2025,Active,Amazon,Colour Cosmetics,10-11-2025,1,349
569942,Radhika Chaudhary,34,Female,Lucknow,Uttar Pradesh,Regular,Influencer,Influencer_Beauty_Bloggers,29-10-2025,Active,Amazon,Colour Cosmetics,29-10-2025,1,549
578135,Ritu Varma,28,Female,Hyderabad,Telangana,Value,Instagram,IG_NewLaunch,01-11-2025,Active,Amazon,Skincare,01-11-2025,1,299
578139,Arjun Kumar,31,Male,Hyderabad,Telangana,Premium,Google,Google_Search_Brand,08-11-2025,Active,Amazon,Skincare,19-12-2025,2,1010.65
594526,Trisha Gaikwad,39,Female,Pune,Maharashtra,Value,Instagram,IG_Reels_Push,08-11-2025,Active,Quick Commerce,Skincare,08-11-2025,1,998
578148,Divya Deshmukh,31,Female,Mumbai,Maharashtra,Premium,Google,Google_Search_Brand,03-08-2025,Active,D2C Website,Haircare,03-08-2025,1,649
520807,Riya Raman,19,Female,Coimbatore,Tamil Nadu,Value,Google,Google_Shopping,08-10-2025,Active,Amazon,Skincare,08-10-2025,1,809.1
553578,Swati Iyengar,32,Female,Bengaluru,Karnataka,Value,Organic Search,Organic_SEO_Blog,04-11-2025,Active,Offline Store,Haircare,23-12-2025,2,834.1
537196,Rakesh Kale,22,Male,Mumbai,Maharashtra,Regular,Organic Search,Organic_Direct,07-12-2025,Active,Quick Commerce,Skincare,07-12-2025,1,449.1
594540,Siddharth Malviya,28,Male,Bhopal,Madhya Pradesh,Value,Organic Search,Organic_Direct,26-07-2025,Inactive,D2C Website,Haircare,26-07-2025,1,1947
586356,Divya Bhat,31,Female,Bengaluru,Karnataka,Regular,Offline Store,Instore_EventPromo,27-12-2025,Active,Amazon,Colour Cosmetics,27-12-2025,1,411.75
529015,Manish Hegde,20,Male,Bengaluru,Karnataka,Value,Instagram,IG_NewLaunch,23-12-2025,Dormant,Nykaa,Colour Cosmetics,23-12-2025,1,466.65
586363,Shreya Deshmukh,27,Female,Mumbai,Maharashtra,Regular,Organic Search,Organic_SEO_Blog,26-09-2025,Active,Myntra,Skincare,19-11-2025,2,763.1
578172,Deepika Kalita,29,Female,Guwahati,Assam,Premium,Organic Search,Organic_Direct,10-07-2024,Active,Myntra,Skincare,26-10-2025,8,6977.65
561797,Radhika Modi,22,Female,Surat,Gujarat,Value,Google,Google_Search_Brand,17-09-2024,Dormant,Nykaa,Haircare,03-01-2025,3,1269.95
586374,Trisha Mehta,18,Female,Vadodara,Gujarat,Regular,Instagram,IG_NewLaunch,14-10-2025,Active,Nykaa,Haircare,14-10-2025,1,772.2
569993,Abhishek Kapoor,24,Male,Delhi,Delhi,Regular,Instagram,IG_Reels_Push,18-01-2025,Dormant,Offline Store,Skincare,06-12-2025,3,2136.4
529038,Deepak Mehra,21,Male,Delhi,Delhi,Regular,Organic Search,Organic_SEO_Blog,16-02-2024,Active,Quick Commerce,Haircare,16-09-2025,9,6075.4
512656,Sanjana Subramaniam,23,Female,Chennai,Tamil Nadu,Regular,Google,Google_Search_Generic,06-04-2024,Inactive,Offline Store,Skincare,06-04-2024,1,319.2
578193,Yash Chavan,36,Male,Pune,Maharashtra,Value,Google,Google_Shopping,20-08-2024,Active,Nykaa,Skincare,25-09-2025,5,1898.4
529041,Simran Patil,39,Female,Pune,Maharashtra,Regular,Influencer,Influencer_YT_Review,24-05-2025,Active,D2C Website,Haircare,24-05-2025,1,466.65
529045,Swati Iyengar,32,Female,Chennai,Tamil Nadu,Premium,Influencer,Influencer_YT_Review,08-12-2024,Active,Offline Store,Colour Cosmetics,15-06-2025,5,3152.7
594581,Krishna Mehta,36,Male,Surat,Gujarat,Value,Google,Google_Search_Generic,19-09-2025,Active,Nykaa,Skincare,19-09-2025,1,549
570008,Deepak Mukherjee,30,Male,Kolkata,West Bengal,Value,Google,Google_Search_Generic,18-09-2025,Active,Quick Commerce,Colour Cosmetics,30-12-2025,3,1223.8
570010,Vani Verma,24,Female,Delhi,Delhi,Premium,Organic Search,Organic_Direct,10-01-2025,Active,Offline Store,Colour Cosmetics,31-10-2025,5,2239.3
537243,Radhika Kurup,18,Female,Kochi,Kerala,Premium,Google,Google_Search_Brand,13-11-2025,Active,Myntra,Skincare,13-11-2025,1,239.2
520861,Trisha Verma,18,Female,Indore,Madhya Pradesh,Value,Organic Search,Organic_Direct,22-11-2025,Dormant,Amazon,Skincare,22-11-2025,1,254.15
586400,Tarun Naik,18,Male,Bengaluru,Karnataka,Regular,Marketplace,Myntra_Beauty_Week,12-02-2025,Inactive,Quick Commerce,Colour Cosmetics,12-02-2025,1,349
520866,Nandini Iyengar,18,Female,Chennai,Tamil Nadu,Regular,Referral,ReferAFriend_Q3,12-07-2025,Dormant,Nykaa,Haircare,12-07-2025,1,426.55
578215,Anjali Agarwal,43,Female,Jaipur,Rajasthan,Regular,Influencer,Influencer_YT_Review,21-08-2025,Active,Offline Store,Colour Cosmetics,24-12-2025,2,1903.05
578222,Karan Verma,30,Male,Indore,Madhya Pradesh,Value,Google,Google_Shopping,28-04-2025,Active,Amazon,Skincare,01-08-2025,2,1070.85
537268,Anjali Mukherjee,37,Female,Kolkata,West Bengal,Premium,Google,Google_Search_Brand,15-11-2025,Active,Offline Store,Colour Cosmetics,17-12-2025,4,2003.7
512704,Zoya Naik,29,Female,Bengaluru,Karnataka,Premium,Google,Google_Search_Generic,24-08-2024,Active,Offline Store,Skincare,29-10-2025,6,3406.8
529102,Divya Chavan,27,Female,Mumbai,Maharashtra,Value,Google,Google_Search_Brand,17-09-2025,Dormant,Amazon,Colour Cosmetics,29-10-2025,2,989.85
594646,Anjali Modi,38,Female,Surat,Gujarat,Value,Instagram,IG_NewLaunch,29-12-2025,Active,Nykaa,Skincare,29-12-2025,1,486.75
578269,Vidya Naidu,26,Female,Hyderabad,Telangana,Value,Organic Search,Organic_SEO_Blog,27-09-2025,Active,Amazon,Colour Cosmetics,27-09-2025,1,249
512735,Ishita Bhat,19,Female,Bengaluru,Karnataka,Value,Influencer,Influencer_Micro,03-08-2025,Active,D2C Website,Haircare,03-08-2025,1,426.55
512739,Harsh Naidu,42,Male,Hyderabad,Telangana,Value,Instagram,IG_Influencer_Collab,13-10-2024,Inactive,Myntra,Skincare,31-07-2025,2,1018.2
545508,Neha Mehra,41,Female,Delhi,Delhi,Regular,Marketplace,Nykaa_Storefront,25-12-2025,Active,D2C Website,Skincare,25-12-2025,1,1212.3
561894,Priya Gaikwad,20,Female,Mumbai,Maharashtra,Value,Instagram,IG_Festive_Sale,01-11-2024,Active,Amazon,Colour Cosmetics,14-11-2025,7,8352.3
586474,Ananya Mehra,29,Female,Delhi,Delhi,Regular,Google,Google_Search_Brand,04-06-2025,Active,Quick Commerce,Skincare,25-12-2025,3,1167.15
578282,Akash Sharma,46,Male,Delhi,Delhi,Value,Google,Google_Shopping,17-06-2024,Dormant,Myntra,Colour Cosmetics,22-09-2025,3,1767.35
578301,Anjali Iyer,32,Female,Chennai,Tamil Nadu,Regular,Marketplace,Myntra_Beauty_Week,26-03-2025,Active,Offline Store,Skincare,29-11-2025,5,2127.9
529154,Karan Mehra,30,Male,Delhi,Delhi,Regular,Organic Search,Organic_Direct,12-07-2025,Active,Offline Store,Skincare,11-11-2025,4,2831.8
586499,Pallavi Sengupta,26,Female,Kolkata,West Bengal,Value,Marketplace,Amazon_Sponsored,16-09-2025,Active,Amazon,Colour Cosmetics,20-12-2025,2,453.35
594692,Rahul Gaikwad,25,Male,Nagpur,Maharashtra,Value,Google,Google_Search_Generic,26-10-2025,Active,Myntra,Colour Cosmetics,23-12-2025,10,4581
537346,Anjali Raju,19,Female,Hyderabad,Telangana,Value,Google,Google_Search_Brand,27-03-2024,Inactive,Offline Store,Colour Cosmetics,27-03-2024,1,998
561925,Sneha Sharma,23,Female,Delhi,Delhi,Value,Google,Google_Search_Generic,24-06-2025,Inactive,Amazon,Colour Cosmetics,24-06-2025,1,449
553736,Pooja Chavan,27,Female,Pune,Maharashtra,Value,Google,Unknown,25-04-2025,Inactive,Quick Commerce,Colour Cosmetics,25-04-2025,1,426.55
520969,Sneha Chawla,20,Female,Delhi,Delhi,Value,Instagram,IG_Influencer_Collab,06-08-2025,Dormant,Quick Commerce,Skincare,06-08-2025,1,269.1
537353,Ritu Krishnan,32,Female,Coimbatore,Tamil Nadu,Premium,Instagram,IG_Reels_Push,29-08-2024,Inactive,Nykaa,Skincare,24-05-2025,2,763.85
586511,Krishna Kale,31,Male,Mumbai,Maharashtra,Regular,Influencer,Influencer_Micro,16-02-2025,Inactive,D2C Website,Skincare,27-08-2025,2,500.85
537363,Divya Varma,25,Female,Hyderabad,Telangana,Value,Instagram,IG_Reels_Push,07-11-2025,Active,Nykaa,Skincare,07-11-2025,1,269.1
561953,Kavya Sharma,24,Female,Bhopal,Madhya Pradesh,Value,Offline Store,Instore_EventPromo,04-09-2025,Dormant,Offline Store,Haircare,04-09-2025,1,349
537388,Sanjana Iyengar,37,Female,Bengaluru,Karnataka,Regular,Influencer,Influencer_YT_Review,10-04-2025,Inactive,Quick Commerce,Colour Cosmetics,10-04-2025,1,584.1
521012,Shreya Bhosale,32,Female,Mumbai,Maharashtra,Regular,Marketplace,Myntra_Beauty_Week,14-09-2024,Dormant,D2C Website,Skincare,14-09-2024,1,686.4
578366,Manish Kulkarni,23,Male,Mumbai,Maharashtra,Regular,Instagram,IG_Reels_Push,26-12-2025,Active,D2C Website,Skincare,27-12-2025,2,1057.5
512833,Ishita Balan,39,Female,Chennai,Tamil Nadu,Premium,Organic Search,Organic_Direct,03-10-2025,Active,Offline Store,Skincare,30-10-2025,2,1607.1
529219,Sonal Verma,25,Female,Delhi,Delhi,Value,Referral,ReferAFriend_Q3,20-08-2025,Active,Nykaa,Colour Cosmetics,20-08-2025,1,359.2
586563,Neha Pawar,26,Female,Pune,Maharashtra,Value,Influencer,Influencer_Beauty_Bloggers,07-02-2025,Active,Quick Commerce,Skincare,07-02-2025,1,998
545607,Pranav Goud,33,Male,Hyderabad,Telangana,Value,Google,Google_Search_Generic,12-01-2025,Active,Myntra,Colour Cosmetics,26-08-2025,2,740.75
561993,Pallavi Tiwari,36,Female,Bhopal,Madhya Pradesh,Value,Influencer,Influencer_Beauty_Bloggers,11-10-2025,Active,Nykaa,Haircare,26-12-2025,3,904.9
578385,Swati Pawar,30,Female,Mumbai,Maharashtra,Regular,Marketplace,Nykaa_Storefront,20-08-2024,Active,Quick Commerce,Skincare,22-10-2025,4,2543.8
562021,Fatima Jacob,21,Female,Kochi,Kerala,Value,Instagram,IG_Reels_Push,06-09-2024,Inactive,Quick Commerce,Skincare,05-08-2025,9,10173.15
537450,Gaurav Pawar,28,Male,Pune,Maharashtra,Regular,Influencer,Influencer_YT_Review,02-02-2025,Inactive,D2C Website,Colour Cosmetics,02-02-2025,1,339.15
562031,Amit Bhosale,19,Male,Mumbai,Maharashtra,Regular,Google,Google_Search_Generic,10-06-2025,Active,Quick Commerce,Skincare,11-12-2025,4,1575.9
553841,Shreya Trivedi,38,Female,Ahmedabad,Gujarat,Value,Marketplace,Nykaa_Storefront,05-11-2025,Active,Offline Store,Skincare,05-11-2025,1,279.2
553845,Arya Shetty,28,Unknown,Bengaluru,Karnataka,Value,Influencer,Influencer_YT_Review,24-09-2025,Active,Quick Commerce,Colour Cosmetics,24-09-2025,1,449
521079,Ananya Singh,28,Female,Jaipur,Rajasthan,Regular,Google,Google_Search_Brand,16-05-2025,Dormant,Nykaa,Colour Cosmetics,16-05-2025,1,449
594811,Riya Choudhary,34,Female,Patna,Bihar,Value,Instagram,IG_NewLaunch,09-08-2025,Dormant,Quick Commerce,Haircare,09-08-2025,1,449.1
570236,Sanjana Bhat,18,Female,Bengaluru,Karnataka,Premium,Referral,ReferAFriend_Q3,04-04-2024,Inactive,D2C Website,Colour Cosmetics,20-06-2025,8,5400.1
553852,Tarun Sengupta,35,Male,Kolkata,West Bengal,Regular,Influencer,Influencer_Beauty_Bloggers,26-09-2024,Dormant,Myntra,Skincare,26-09-2024,1,474.05
504705,Simran Joshi,34,Female,Mumbai,Maharashtra,Value,Influencer,Influencer_Beauty_Bloggers,16-10-2025,Active,Offline Store,Colour Cosmetics,04-12-2025,5,2137.25
512899,Vani Pillai,31,Female,Chennai,Tamil Nadu,Value,Influencer,Influencer_Beauty_Bloggers,20-12-2025,Active,Nykaa,Skincare,23-12-2025,3,1095.35
512903,Neha Reddy,21,Female,Unknown,Unknown,Premium,Google,Google_Search_Generic,26-07-2025,Active,Quick Commerce,Colour Cosmetics,26-07-2025,1,898
504722,Lakshmi Ganguly,18,Female,Kolkata,West Bengal,Regular,Instagram,IG_Reels_Push,25-09-2025,Active,Offline Store,Skincare,25-11-2025,3,1302.05
570261,Rohan Tiwari,22,Male,Indore,Madhya Pradesh,Premium,Google,Google_Search_Brand,16-05-2025,Active,Nykaa,Haircare,04-12-2025,5,1840.9
562070,Shreya Kapoor,29,Female,Delhi,Delhi,Regular,Instagram,IG_NewLaunch,30-07-2024,Active,Offline Store,Skincare,08-10-2025,3,1974.65
586646,Trisha Roy,28,Female,Kolkata,West Bengal,Premium,Influencer,Influencer_Beauty_Bloggers,24-03-2025,Active,Quick Commerce,Colour Cosmetics,29-10-2025,4,2003.35
553883,Sneha Chary,39,Female,Hyderabad,Telangana,Value,Influencer,Influencer_YT_Review,15-09-2024,Active,Nykaa,Skincare,23-10-2025,3,1626.55
586662,Kiran Patil,33,Unknown,Mumbai,Maharashtra,Regular,Instagram,Unknown,18-08-2025,Inactive,Quick Commerce,Colour Cosmetics,18-08-2025,1,474.05
537512,Swati Reddy,34,Female,Bengaluru,Karnataka,Regular,Organic Search,Organic_SEO_Blog,27-08-2025,Active,Offline Store,Colour Cosmetics,27-08-2025,1,339.15
570282,Gaurav Bhosale,37,Male,Mumbai,Maharashtra,Regular,Google,Google_Search_Brand,01-12-2025,Active,Myntra,Colour Cosmetics,24-12-2025,4,2263.7
594861,Vidya Malhotra,29,Female,Delhi,Delhi,Value,Google,Google_Search_Brand,14-09-2025,Active,Offline Store,Haircare,14-09-2025,1,336.75
570292,Aditya Pawar,18,Male,Mumbai,Maharashtra,Premium,Marketplace,Nykaa_Storefront,16-10-2024,Dormant,Amazon,Skincare,11-06-2025,5,2314.9
578504,Pooja Banerjee,47,Female,Kolkata,West Bengal,Value,Google,Google_Search_Brand,12-10-2024,Active,Amazon,Skincare,07-10-2025,5,2389.8
545745,Zoya Bhosale,28,Female,Mumbai,Maharashtra,Value,Instagram,IG_Festive_Sale,24-11-2025,Dormant,Amazon,Colour Cosmetics,24-11-2025,1,404.1
586706,Pooja Bhosale,18,Female,Mumbai,Maharashtra,Regular,Instagram,IG_Reels_Push,16-04-2025,Active,D2C Website,Skincare,12-08-2025,3,1754.8
512978,Aisha Chavan,27,Female,Pune,Maharashtra,Value,Offline Store,Instore_EventPromo,01-12-2025,Active,Quick Commerce,Colour Cosmetics,01-12-2025,1,426.55
521174,Sanjana Gowda,23,Female,Bengaluru,Karnataka,Regular,Google,Google_Shopping,09-02-2024,Active,D2C Website,Skincare,28-11-2025,6,5181.1
570329,Trisha Jha,33,Female,Patna,Bihar,Value,Google,Google_Search_Generic,18-08-2025,Inactive,Quick Commerce,Colour Cosmetics,18-08-2025,1,426.55
521178,Neha Mishra,28,Female,Bhopal,Madhya Pradesh,Regular,Referral,ReferAFriend_Q3,26-04-2025,Dormant,Quick Commerce,Haircare,20-10-2025,4,2520.9
512987,Rakesh Rathore,27,Male,Indore,Madhya Pradesh,Value,Instagram,IG_NewLaunch,25-11-2025,Active,Amazon,Haircare,25-11-2025,1,426.55
553955,Radhika Agarwal,29,Female,Lucknow,Uttar Pradesh,Value,Influencer,Influencer_YT_Review,03-12-2025,Active,Myntra,Skincare,04-12-2025,2,867.6
594919,Riya Patil,18,Female,Nagpur,Maharashtra,Regular,Google,Google_Shopping,19-08-2024,Inactive,Amazon,Colour Cosmetics,25-03-2025,3,1597.4
512999,Vidya Singh,26,Female,Lucknow,Uttar Pradesh,Regular,Organic Search,Organic_Direct,23-12-2025,Active,Myntra,Colour Cosmetics,23-12-2025,1,407.55
504809,Lakshmi Kamath,18,Female,Bengaluru,Karnataka,Value,Google,Google_Search_Brand,01-09-2025,Dormant,Quick Commerce,Colour Cosmetics,01-09-2025,1,426.55
553964,Tanvi Verma,36,Female,Unknown,Unknown,Value,Influencer,Influencer_YT_Review,12-01-2025,Active,Offline Store,Skincare,30-12-2025,8,5450.1
529389,Divya Das,29,Female,Guwahati,Assam,Value,Influencer,Influencer_YT_Review,23-10-2024,Active,D2C Website,Colour Cosmetics,28-11-2025,4,1520.55
513006,Sameer Kale,34,Male,Mumbai,Maharashtra,Value,Instagram,Unknown,16-12-2025,Dormant,Nykaa,Colour Cosmetics,28-12-2025,4,3034.3
594924,Pallavi Bhosale,22,Female,Pune,Maharashtra,Value,Google,Google_Search_Brand,11-12-2025,Active,D2C Website,Haircare,22-12-2025,2,735.8
529392,Nandini Dutta,34,Female,Guwahati,Assam,Premium,Marketplace,Amazon_Sponsored,04-12-2025,Active,Myntra,Haircare,05-12-2025,2,1265.55
562163,Deepika Raju,31,Female,Hyderabad,Telangana,Regular,Organic Search,Organic_SEO_Blog,20-08-2025,Inactive,Nykaa,Colour Cosmetics,16-09-2025,3,1032.2
578554,Fatima Balan,20,Female,Chennai,Tamil Nadu,Value,Referral,ReferAFriend_Q3,08-02-2025,Active,Amazon,Colour Cosmetics,08-07-2025,3,2728.55
513022,Amit Naidu,37,Male,Hyderabad,Telangana,Value,Offline Store,Instore_EventPromo,05-08-2025,Active,Amazon,Skincare,24-11-2025,4,2255.3
586752,Radhika Reddy,27,Female,Bengaluru,Karnataka,Value,Google,Google_Search_Generic,02-01-2025,Active,Quick Commerce,Skincare,08-12-2025,5,2582.1
578561,Tanvi Verma,50,Female,Delhi,Delhi,Value,Marketplace,Nykaa_Storefront,23-12-2024,Dormant,Amazon,Skincare,27-12-2025,4,1565.7
545793,Pallavi Varma,27,Female,Kochi,Kerala,Regular,Organic Search,Organic_Direct,09-07-2025,Dormant,Amazon,Skincare,27-07-2025,2,1663.15
537601,Lakshmi Hegde,30,Female,Bengaluru,Karnataka,Premium,Instagram,Unknown,13-12-2025,Active,Nykaa,Unknown,13-12-2025,1,616.55
537606,Swati Mehra,18,Female,Delhi,Delhi,Regular,Influencer,Influencer_YT_Review,29-04-2025,Active,Myntra,Colour Cosmetics,29-04-2025,1,224.1
586760,Sameer Gandhi,18,Male,Ahmedabad,Gujarat,Regular,Organic Search,Organic_SEO_Blog,25-01-2025,Active,Quick Commerce,Colour Cosmetics,25-01-2025,1,649
586761,Aditya Nair,34,Male,Kochi,Kerala,Value,Marketplace,Amazon_Sponsored,04-12-2025,Active,D2C Website,Skincare,24-12-2025,5,2215.5
570381,Ishita Patil,41,Female,Pune,Maharashtra,Value,Marketplace,Amazon_Sponsored,09-11-2024,Inactive,Quick Commerce,Colour Cosmetics,09-11-2024,1,426.55
504852,Ritu Pandey,27,Female,Lucknow,Uttar Pradesh,Regular,Marketplace,Nykaa_Storefront,24-04-2025,Inactive,Amazon,Skincare,29-07-2025,3,3677.8
529430,Swati Bhosale,24,Female,Pune,Maharashtra,Premium,Referral,ReferAFriend_Q1,18-10-2024,Inactive,Myntra,Colour Cosmetics,18-10-2024,1,381.65
554008,Ishita Chandran,35,Female,Chennai,Tamil Nadu,Value,Marketplace,Amazon_Sponsored,19-02-2024,Dormant,Myntra,Colour Cosmetics,09-05-2024,4,1300.65
521241,Vivek Balan,27,Male,Chennai,Tamil Nadu,Value,Marketplace,Amazon_Sponsored,27-05-2025,Inactive,Offline Store,Skincare,31-05-2025,2,781.05
537627,Arjun Chavan,37,Male,Mumbai,Maharashtra,Value,Influencer,Influencer_Micro,20-06-2025,Active,Offline Store,Colour Cosmetics,23-11-2025,7,5221.25
594972,Vani Pillai,21,Female,Chennai,Tamil Nadu,Premium,Influencer,Influencer_YT_Review,21-03-2025,Dormant,Nykaa,Skincare,03-08-2025,2,2075.4
545820,Priya Gaikwad,23,Female,Mumbai,Maharashtra,Regular,Instagram,IG_Reels_Push,27-05-2025,Active,Myntra,Skincare,13-11-2025,2,855.75
586787,Pranav Tripathi,36,Male,Lucknow,Uttar Pradesh,Value,Google,Google_Shopping,15-06-2024,Dormant,Amazon,Colour Cosmetics,20-12-2025,5,2954.55
529444,Neha Parekh,25,Female,Surat,Gujarat,Value,Google,Google_Search_Brand,05-05-2025,Active,Nykaa,Colour Cosmetics,05-05-2025,1,224.25
545830,Vidya Bose,23,Female,Kolkata,West Bengal,Value,Organic Search,Organic_SEO_Blog,15-10-2025,Active,Myntra,Colour Cosmetics,27-10-2025,2,1566.3
562216,Sameer Pawar,25,Male,Mumbai,Maharashtra,Value,Google,Google_Search_Generic,20-03-2025,Dormant,Nykaa,Colour Cosmetics,12-04-2025,3,1384.65
529451,Tanvi Chakraborty,30,Female,Kolkata,West Bengal,Regular,Google,Google_Shopping,08-02-2025,Inactive,Quick Commerce,Colour Cosmetics,08-02-2025,1,314.1
513069,Kunal Bhosale,30,Male,Pune,Maharashtra,Regular,Marketplace,Nykaa_Storefront,26-10-2024,Inactive,D2C Website,Skincare,09-02-2025,4,1723.95
504877,Krishna Bhat,31,Male,Bengaluru,Karnataka,Value,Referral,ReferAFriend_Q1,16-03-2025,Active,Nykaa,Skincare,21-12-2025,4,3268.5
521266,Siddharth Bhatia,23,Male,Delhi,Delhi,Regular,Instagram,IG_Influencer_Collab,05-12-2025,Active,Quick Commerce,Skincare,18-12-2025,2,1567.4
554040,Radhika Patil,19,Female,Pune,Maharashtra,Value,Referral,ReferAFriend_Q1,02-10-2025,Active,Nykaa,Colour Cosmetics,29-12-2025,2,815.65
529466,Deepika Verma,23,Female,Delhi,Delhi,Premium,Influencer,Influencer_YT_Review,02-10-2025,Dormant,Offline Store,Colour Cosmetics,02-10-2025,1,853.1
545851,Sanjana Shah,33,Female,Ahmedabad,Gujarat,Regular,Google,Google_Search_Generic,12-07-2025,Active,Offline Store,Skincare,27-11-2025,6,4440.3
537667,Krishna Reddy,32,Male,Unknown,Unknown,Premium,Google,Google_Search_Brand,01-05-2025,Active,Myntra,Colour Cosmetics,11-05-2025,2,672.95
545870,Zoya Patil,42,Female,Mumbai,Maharashtra,Premium,Organic Search,Organic_Direct,05-10-2025,Active,Myntra,Haircare,28-12-2025,3,1055.2
513104,Karan Bhosale,26,Male,Mumbai,Maharashtra,Value,Marketplace,Amazon_Sponsored,24-12-2025,Active,Amazon,Colour Cosmetics,24-12-2025,1,339.15
521299,Vidya Balan,31,Female,Chennai,Tamil Nadu,Regular,Google,Google_Search_Generic,05-12-2025,Dormant,Myntra,Colour Cosmetics,05-12-2025,1,296.65
570457,Neha Krishnan,24,Female,Chennai,Tamil Nadu,Regular,Referral,ReferAFriend_Q3,13-11-2025,Active,D2C Website,Haircare,23-12-2025,5,2700.65
586846,Varun Patil,33,Male,Mumbai,Maharashtra,Value,Organic Search,Organic_SEO_Blog,16-12-2025,Active,Nykaa,Skincare,16-12-2025,1,598.5
504929,Deepak Bhosale,36,Male,Mumbai,Maharashtra,Value,Influencer,Influencer_YT_Review,14-12-2025,Active,Nykaa,Skincare,14-12-2025,1,424.15
545890,Anjali Murugan,29,Female,Chennai,Tamil Nadu,Regular,Marketplace,Nykaa_Storefront,20-11-2025,Dormant,Offline Store,Colour Cosmetics,21-11-2025,2,758.1
570468,Rakesh Raju,26,Male,Hyderabad,Telangana,Value,Instagram,IG_NewLaunch,26-04-2025,Active,Nykaa,Skincare,07-05-2025,2,1232.5
562277,Ishita Kale,28,Female,Pune,Maharashtra,Value,Instagram,IG_Festive_Sale,26-04-2025,Active,Offline Store,Colour Cosmetics,10-06-2025,2,830.85
537700,Ananya Malhotra,25,Female,Delhi,Delhi,Regular,Instagram,IG_NewLaunch,09-10-2025,Active,Myntra,Skincare,23-12-2025,5,3351.25
504947,Kunal Gaikwad,31,Male,Pune,Maharashtra,Value,Influencer,Influencer_Beauty_Bloggers,24-07-2024,Active,D2C Website,Colour Cosmetics,25-07-2025,5,3137.05
586870,Riya Deshmukh,34,Unknown,Pune,Maharashtra,Value,Marketplace,Myntra_Beauty_Week,24-08-2024,Active,Amazon,Colour Cosmetics,17-11-2025,6,4457.35
562296,Shreya Patel,25,Female,Surat,Gujarat,Value,Organic Search,Organic_Direct,30-12-2025,Active,Offline Store,Skincare,30-12-2025,1,424.15
513154,Sanjana Mehta,24,Female,Jaipur,Rajasthan,Value,Instagram,IG_Reels_Push,18-12-2025,Active,Amazon,Skincare,30-12-2025,8,5775.25
578696,Sanjana Jha,19,Female,Patna,Bihar,Regular,Google,Google_Search_Generic,30-07-2025,Active,D2C Website,Colour Cosmetics,16-08-2025,2,1179.85
578697,Sanjana Malhotra,35,Female,Delhi,Delhi,Value,Marketplace,Amazon_Sponsored,07-10-2024,Inactive,Myntra,Skincare,07-10-2024,1,799
586900,Roshan Modi,26,Unknown,Ahmedabad,Gujarat,Value,Organic Search,Organic_SEO_Blog,02-10-2025,Active,D2C Website,Haircare,02-10-2025,1,429
513173,Tarun Kalita,42,Male,Guwahati,Assam,Premium,Influencer,Influencer_Micro,16-07-2025,Active,D2C Website,Skincare,16-07-2025,1,359.1
513176,Kritika Nair,26,Female,Kochi,Kerala,Regular,Offline Store,Instore_EventPromo,10-06-2024,Active,Quick Commerce,Skincare,24-12-2025,4,2444.95
537752,Swati Joshi,30,Female,Mumbai,Maharashtra,Value,Influencer,Influencer_Beauty_Bloggers,09-01-2025,Active,Offline Store,Skincare,20-11-2025,4,2440.7
537762,Tanvi Kulkarni,34,Female,Mumbai,Maharashtra,Value,Influencer,Influencer_YT_Review,06-11-2025,Active,Amazon,Skincare,06-11-2025,1,249
529571,Deepika Ganguly,41,Female,Kolkata,West Bengal,Value,Influencer,Influencer_Micro,09-12-2024,Active,Nykaa,Haircare,07-05-2025,2,853.1
562341,Swati Varma,29,Female,Hyderabad,Telangana,Value,Instagram,IG_Influencer_Collab,22-04-2025,Active,Amazon,Skincare,12-10-2025,4,2011.4
570539,Priya Kale,20,Female,Pune,Maharashtra,Regular,Instagram,IG_Influencer_Collab,14-07-2025,Active,D2C Website,Colour Cosmetics,21-12-2025,10,7194.45
529581,Rajesh Subramaniam,32,Male,Chennai,Tamil Nadu,Value,Google,Google_Shopping,11-03-2024,Inactive,Nykaa,Colour Cosmetics,14-06-2025,5,2697.55
570545,Priya Chavan,36,Female,Mumbai,Maharashtra,Value,Marketplace,Nykaa_Storefront,27-08-2025,Inactive,Myntra,Skincare,27-08-2025,1,356.85
537777,Radhika Chakraborty,26,Female,Kolkata,West Bengal,Regular,Instagram,IG_Festive_Sale,25-07-2025,Active,Quick Commerce,Skincare,10-10-2025,3,2370.5
554165,Roshan Naik,33,Unknown,Bengaluru,Karnataka,Value,Google,Google_Search_Brand,22-12-2025,Active,Offline Store,Haircare,22-12-2025,1,508.3
505014,Lakshmi Bhatt,28,Female,Jaipur,Rajasthan,Regular,Organic Search,Organic_SEO_Blog,20-08-2025,Inactive,Quick Commerce,Colour Cosmetics,27-08-2025,2,1015.9
505020,Nandini Desai,31,Female,Ahmedabad,Gujarat,Regular,Referral,ReferAFriend_Q3,26-09-2025,Dormant,Offline Store,Skincare,26-09-2025,1,854.05
586951,Pooja Chakraborty,42,Female,Kolkata,West Bengal,Premium,Influencer,Influencer_Micro,24-10-2025,Active,Myntra,Skincare,10-11-2025,3,947.95
570575,Pooja Kulkarni,35,Female,Mumbai,Maharashtra,Value,Google,Google_Shopping,18-07-2025,Active,Offline Store,Skincare,18-07-2025,1,449
546009,Kunal Naik,35,Male,Bengaluru,Karnataka,Regular,Instagram,IG_Festive_Sale,14-08-2025,Active,Nykaa,Colour Cosmetics,14-08-2025,1,296.65
595164,Kunal Malhotra,21,Male,Delhi,Delhi,Value,Google,Google_Shopping,12-05-2025,Active,Amazon,Skincare,23-11-2025,5,2390.1
570592,Priya Iyengar,29,Female,Bengaluru,Karnataka,Value,Influencer,Influencer_YT_Review,13-12-2024,Active,Nykaa,Skincare,30-08-2025,2,1198
562402,Nikhil Bhosale,37,Male,Mumbai,Maharashtra,Regular,Instagram,IG_NewLaunch,22-06-2025,Dormant,Nykaa,Skincare,22-06-2025,1,429
546019,Yash Kapoor,33,Male,Delhi,Delhi,Regular,Organic Search,Organic_Direct,11-02-2025,Inactive,D2C Website,Skincare,11-02-2025,1,649
537828,Pooja Choudhary,23,Female,Patna,Bihar,Premium,Organic Search,Organic_SEO_Blog,03-01-2024,Inactive,Nykaa,Skincare,03-02-2024,2,1297.4
586980,Vidya Rao,33,Female,Hyderabad,Telangana,Regular,Google,Google_Search_Generic,24-04-2025,Dormant,Quick Commerce,Haircare,24-04-2025,1,386.1
513256,Riya Chavan,31,Female,Mumbai,Maharashtra,Value,Instagram,IG_NewLaunch,28-02-2024,Active,Myntra,Skincare,23-11-2025,9,5033.65
546025,Simran Sarma,23,Female,Guwahati,Assam,Value,Google,Google_Search_Brand,25-11-2025,Active,Myntra,Colour Cosmetics,25-11-2025,1,339.15
529643,Pallavi Kulkarni,30,Female,Bengaluru,Karnataka,Value,Google,Google_Shopping,20-02-2025,Active,Amazon,Skincare,11-07-2025,4,3287.6
586991,Pooja Hegde,39,Female,Bengaluru,Karnataka,Value,Instagram,IG_Festive_Sale,15-08-2024,Inactive,Amazon,Colour Cosmetics,15-08-2024,1,374.25
505075,Pooja Sharma,18,Female,Bhopal,Madhya Pradesh,Value,Organic Search,Organic_Direct,12-03-2025,Dormant,Myntra,Skincare,05-07-2025,3,1915.7
562422,Nikhil Gowda,31,Male,Bengaluru,Karnataka,Regular,Instagram,IG_Influencer_Collab,24-10-2025,Active,Offline Store,Colour Cosmetics,24-10-2025,1,678.3
521465,Abhishek Chandran,39,Male,Chennai,Tamil Nadu,Regular,Google,Google_Search_Generic,13-12-2025,Active,Myntra,Skincare,13-12-2025,1,399
554239,Neha Raman,18,Female,Chennai,Tamil Nadu,Value,Influencer,Influencer_YT_Review,12-10-2025,Active,D2C Website,Colour Cosmetics,12-10-2025,1,269.1
587012,Farhan Bhosale,36,Male,Pune,Maharashtra,Value,Google,Google_Shopping,30-04-2025,Inactive,Amazon,Skincare,30-04-2025,1,519.2
587026,Simran Prasad,26,Female,Hyderabad,Telangana,Regular,Google,Google_Shopping,06-07-2025,Active,Offline Store,Colour Cosmetics,06-12-2025,5,2115.5
529693,Nandini Murugan,35,Female,Chennai,Tamil Nadu,Regular,Referral,ReferAFriend_Q3,11-12-2025,Active,Nykaa,Skincare,11-12-2025,1,424.15
595236,Kritika Chavan,33,Female,Mumbai,Maharashtra,Value,Google,Google_Shopping,17-11-2025,Dormant,Quick Commerce,Haircare,29-12-2025,5,2441.95
546090,Ishita Chawla,24,Female,Delhi,Delhi,Value,Influencer,Influencer_YT_Review,01-02-2025,Active,Amazon,Colour Cosmetics,13-12-2025,2,713.1
505130,Zoya Yadav,22,Female,Lucknow,Uttar Pradesh,Value,Organic Search,Organic_SEO_Blog,29-04-2024,Active,Amazon,Haircare,03-10-2025,7,3529.5
554287,Meera Parekh,31,Female,Surat,Gujarat,Value,Instagram,IG_Reels_Push,08-05-2025,Dormant,Offline Store,Colour Cosmetics,08-05-2025,1,261.75
570678,Ananya Agarwal,24,Female,Jaipur,Rajasthan,Regular,Organic Search,Organic_Direct,02-06-2025,Active,Nykaa,Colour Cosmetics,02-06-2025,1,854.05
587062,Gaurav Chavan,35,Male,Mumbai,Maharashtra,Value,Marketplace,Myntra_Beauty_Week,18-12-2025,Active,Myntra,Skincare,30-12-2025,6,4717.55
546105,Ananya Kulkarni,21,Female,Mumbai,Maharashtra,Premium,Google,Google_Search_Generic,27-11-2024,Active,D2C Website,Colour Cosmetics,27-11-2024,1,299.25
562493,Rahul Gupta,31,Male,Delhi,Delhi,Value,Instagram,IG_Reels_Push,19-07-2024,Inactive,Quick Commerce,Skincare,19-07-2024,1,759.05
570686,Kritika Verma,19,Female,Patna,Bihar,Premium,Marketplace,Amazon_Sponsored,07-07-2025,Active,D2C Website,Colour Cosmetics,07-07-2025,1,764.15
546112,Amit Vyas,26,Male,Vadodara,Gujarat,Value,Organic Search,Organic_Direct,29-03-2025,Dormant,Amazon,Skincare,05-06-2025,2,733.5
570697,Aisha Joshi,20,Female,Pune,Maharashtra,Premium,Google,Google_Shopping,08-07-2025,Active,D2C Website,Skincare,22-12-2025,4,2195.25
513356,Vani Modi,26,Female,Ahmedabad,Gujarat,Premium,Influencer,Influencer_Beauty_Bloggers,02-11-2024,Active,Amazon,Colour Cosmetics,16-11-2025,5,2943.6
570701,Rahul Joshi,29,Male,Mumbai,Maharashtra,Value,Influencer,Influencer_YT_Review,11-09-2024,Active,Amazon,Colour Cosmetics,25-10-2025,5,3147.05
570702,Sneha Varma,31,Female,Hyderabad,Telangana,Premium,Referral,ReferAFriend_Q3,23-01-2025,Dormant,Nykaa,Colour Cosmetics,23-01-2025,1,398.4
505167,Pallavi Agarwal,23,Female,Jaipur,Rajasthan,Regular,Offline Store,Instore_EventPromo,09-09-2025,Active,Myntra,Colour Cosmetics,14-12-2025,4,3212.15
554321,Priya Chawla,22,Female,Delhi,Delhi,Regular,Offline Store,Instore_Walkin,14-12-2025,Active,Nykaa,Skincare,29-12-2025,10,6293.2
537938,Anjali Bose,45,Female,Kolkata,West Bengal,Regular,Organic Search,Organic_SEO_Blog,11-05-2024,Inactive,D2C Website,Colour Cosmetics,11-05-2024,1,349
546129,Vani Iyer,35,Female,Chennai,Tamil Nadu,Regular,Referral,ReferAFriend_Q3,12-11-2024,Dormant,D2C Website,Haircare,26-06-2025,4,1400.75
562518,Abhishek Deshmukh,27,Male,Mumbai,Maharashtra,Value,Marketplace,Unknown,04-11-2025,Active,Amazon,Colour Cosmetics,04-11-2025,1,719.1
537947,Gaurav Yadav,27,Male,Indore,Madhya Pradesh,Premium,Google,Google_Search_Generic,12-09-2024,Active,Myntra,Skincare,13-12-2025,8,6103.25
521567,Neha Chavan,22,Female,Pune,Maharashtra,Regular,Organic Search,Organic_SEO_Blog,23-01-2024,Inactive,Offline Store,Colour Cosmetics,09-02-2024,2,1549.65
521579,Yash Sharma,22,Male,Indore,Madhya Pradesh,Value,Instagram,IG_NewLaunch,08-10-2024,Active,Myntra,Colour Cosmetics,06-07-2025,5,1989.4
595320,Sanjana Gogoi,25,Female,Guwahati,Assam,Regular,Organic Search,Organic_SEO_Blog,22-10-2024,Inactive,Amazon,Skincare,22-10-2024,1,899
505209,Vani Pillai,23,Female,Kochi,Kerala,Value,Google,Google_Shopping,13-09-2025,Active,D2C Website,Skincare,03-11-2025,4,2158.25
595321,Simran Patil,24,Female,Mumbai,Maharashtra,Value,Organic Search,Organic_SEO_Blog,28-06-2025,Active,Myntra,Colour Cosmetics,29-12-2025,5,2246.85
570748,Ritu Reddy,29,Female,Bengaluru,Karnataka,Premium,Instagram,IG_Festive_Sale,08-02-2025,Active,Nykaa,Skincare,04-07-2025,4,1665.75
546179,Deepak Vyas,30,Male,Ahmedabad,Gujarat,Value,Referral,ReferAFriend_Q1,03-08-2024,Active,Offline Store,Skincare,26-11-2025,8,7402.85
505224,Trisha Trivedi,28,Female,Ahmedabad,Gujarat,Regular,Referral,ReferAFriend_Q1,05-12-2025,Active,Nykaa,Colour Cosmetics,05-12-2025,1,998
554377,Aisha Nair,27,Female,Kochi,Kerala,Value,Referral,ReferAFriend_Q3,12-11-2025,Active,Amazon,Skincare,12-11-2025,1,521.55
554379,Vidya Naik,33,Female,Bengaluru,Karnataka,Premium,Instagram,IG_Reels_Push,30-01-2025,Active,Offline Store,Skincare,21-11-2025,3,1381.05
595339,Fatima Gaikwad,28,Female,Mumbai,Maharashtra,Value,Instagram,IG_Reels_Push,05-10-2024,Active,Amazon,Colour Cosmetics,22-12-2025,5,2365.75
505229,Pooja Pillai,24,Female,Chennai,Tamil Nadu,Value,Google,Google_Search_Generic,10-10-2025,Active,Nykaa,Colour Cosmetics,10-10-2025,1,299
578957,Anjali Shukla,26,Female,Indore,Madhya Pradesh,Regular,Marketplace,Amazon_Sponsored,10-05-2025,Active,Nykaa,Colour Cosmetics,10-05-2025,1,423.3
554381,Swati Kamath,18,Female,Bengaluru,Karnataka,Value,Google,Google_Search_Brand,06-11-2025,Dormant,Myntra,Colour Cosmetics,06-11-2025,1,549
587153,Vivek Varma,32,Male,Hyderabad,Telangana,Value,Instagram,IG_Reels_Push,04-04-2025,Active,D2C Website,Colour Cosmetics,08-11-2025,2,943.5
554387,Sonal Mukherjee,49,Female,Kolkata,West Bengal,Value,Influencer,Influencer_Micro,04-09-2025,Active,Myntra,Colour Cosmetics,25-12-2025,5,2671.85
529816,Shreya Modi,22,Female,Ahmedabad,Gujarat,Value,Organic Search,Organic_SEO_Blog,23-12-2025,Active,Nykaa,Haircare,23-12-2025,1,858
570776,Farhan Raman,37,Male,Coimbatore,Tamil Nadu,Value,Google,Google_Search_Brand,07-12-2025,Active,Amazon,Colour Cosmetics,07-12-2025,1,538.2
529817,Manish Gowda,28,Male,Bengaluru,Karnataka,Regular,Google,Google_Search_Brand,22-06-2025,Inactive,Offline Store,Colour Cosmetics,16-07-2025,4,2199.3
521632,Neha Hegde,18,Female,Bengaluru,Karnataka,Value,Instagram,IG_Festive_Sale,04-10-2025,Active,Offline Store,Colour Cosmetics,11-12-2025,4,2418.25
513446,Anjali Bhosale,25,Female,Mumbai,Maharashtra,Premium,Marketplace,Amazon_Sponsored,29-03-2024,Inactive,Nykaa,Skincare,09-06-2024,4,2523.95
529831,Kritika Naik,36,Female,Bengaluru,Karnataka,Value,Instagram,IG_Influencer_Collab,31-10-2025,Active,Offline Store,Colour Cosmetics,30-12-2025,4,1642.2
587177,Aarav Tripathi,28,Male,Lucknow,Uttar Pradesh,Regular,Marketplace,Amazon_Sponsored,06-07-2025,Active,Amazon,Skincare,13-12-2025,10,7131.3
521643,Ritu Pillai,27,Female,Chennai,Tamil Nadu,Value,Instagram,IG_Influencer_Collab,16-09-2025,Active,Nykaa,Skincare,16-09-2025,1,296.65
570798,Varun Namboothiri,25,Male,Kochi,Kerala,Value,Organic Search,Organic_Direct,13-08-2025,Inactive,Myntra,Haircare,13-08-2025,1,429
570804,Deepak Sengupta,20,Male,Kolkata,West Bengal,Regular,Instagram,IG_Reels_Push,20-08-2024,Inactive,Offline Store,Skincare,11-09-2024,2,523.25
578997,Sonal Gaikwad,38,Female,Pune,Maharashtra,Value,Marketplace,Nykaa_Storefront,10-03-2025,Inactive,Offline Store,Colour Cosmetics,10-03-2025,1,331.55
570807,Siddharth Agarwal,27,Male,Lucknow,Uttar Pradesh,Regular,Instagram,IG_Festive_Sale,05-04-2025,Dormant,D2C Website,Skincare,05-04-2025,1,284.05
562616,Swati Nair,38,Female,Chennai,Tamil Nadu,Value,Google,Google_Shopping,14-05-2025,Active,Myntra,Skincare,14-12-2025,10,8019.7
505273,Akash Verma,31,Male,Delhi,Delhi,Value,Influencer,Influencer_YT_Review,06-09-2025,Inactive,Quick Commerce,Colour Cosmetics,06-09-2025,1,466.65
505276,Deepika Nair,22,Female,Chennai,Tamil Nadu,Premium,Marketplace,Nykaa_Storefront,18-12-2025,Dormant,Amazon,Skincare,21-12-2025,2,1592.3
513473,Kavya Singh,38,Female,Patna,Bihar,Value,Instagram,Unknown,21-08-2025,Active,Quick Commerce,Skincare,23-09-2025,2,878.4
513474,Rohan Joshi,43,Male,Mumbai,Maharashtra,Regular,Organic Search,Organic_Direct,01-01-2025,Inactive,Offline Store,Skincare,01-01-2025,1,339.15
587207,Vani Verma,26,Female,Delhi,Delhi,Value,Google,Google_Search_Generic,30-09-2025,Dormant,Quick Commerce,Colour Cosmetics,03-10-2025,2,898.5
554459,Alex Malhotra,36,Other,Delhi,Delhi,Value,Offline Store,Instore_Walkin,04-11-2025,Active,D2C Website,Skincare,28-11-2025,3,1863.65
554460,Riya Trivedi,22,Female,Ahmedabad,Gujarat,Value,Instagram,IG_Influencer_Collab,16-09-2025,Active,Myntra,Skincare,09-11-2025,3,1165.15
521697,Shreya Desai,25,Female,Ahmedabad,Gujarat,Value,Instagram,IG_Festive_Sale,03-10-2025,Active,Quick Commerce,Colour Cosmetics,03-10-2025,1,381.65
570855,Priya Shinde,31,Female,Mumbai,Maharashtra,Regular,Instagram,IG_NewLaunch,03-06-2025,Active,D2C Website,Colour Cosmetics,03-06-2025,1,538.2
595448,Roshan Raman,33,Other,Chennai,Tamil Nadu,Regular,Influencer,Influencer_Micro,06-11-2025,Dormant,Myntra,Skincare,27-12-2025,8,5644.3
579069,Aisha Ghosh,31,Female,Kolkata,West Bengal,Value,Instagram,IG_Reels_Push,31-05-2025,Active,Quick Commerce,Colour Cosmetics,31-05-2025,1,359.2
554496,Anjali Shinde,23,Female,Mumbai,Maharashtra,Value,Marketplace,Myntra_Beauty_Week,20-04-2025,Active,Amazon,Colour Cosmetics,18-07-2025,2,558.4
521747,Kritika Pandey,26,Female,Lucknow,Uttar Pradesh,Regular,Marketplace,Myntra_Beauty_Week,22-07-2025,Active,D2C Website,Skincare,28-11-2025,2,678.3
554524,Aditya Srivastava,32,Male,Lucknow,Uttar Pradesh,Value,Instagram,IG_NewLaunch,04-12-2025,Active,Amazon,Colour Cosmetics,04-12-2025,1,473.1
529949,Shreya Deshmukh,18,Female,Pune,Maharashtra,Regular,Google,Google_Shopping,16-10-2025,Active,Myntra,Skincare,15-11-2025,2,773.45
513566,Kavya Raman,22,Female,Chennai,Tamil Nadu,Value,Influencer,Influencer_Beauty_Bloggers,15-11-2025,Dormant,Quick Commerce,Skincare,15-11-2025,1,291.85
570912,Deepika Agarwal,26,Female,Lucknow,Uttar Pradesh,Value,Influencer,Influencer_YT_Review,17-12-2024,Dormant,Myntra,Skincare,27-11-2025,6,5732.7
505376,Sam Chakraborty,42,Unknown,Kolkata,West Bengal,Value,Referral,ReferAFriend_Q3,06-11-2025,Active,D2C Website,Skincare,21-12-2025,3,1831.7
595491,Anjali Chatterjee,35,Female,Kolkata,West Bengal,Value,Instagram,IG_Reels_Push,24-10-2024,Active,D2C Website,Skincare,24-10-2024,1,1038.4
505383,Radhika Raman,34,Female,Chennai,Tamil Nadu,Value,Google,Google_Search_Brand,13-03-2025,Inactive,D2C Website,Skincare,13-03-2025,1,499
513577,Gaurav Chaudhary,30,Male,Lucknow,Uttar Pradesh,Value,Instagram,Unknown,14-08-2024,Active,Myntra,Colour Cosmetics,30-07-2025,3,1481.65
546346,Ishita Sengupta,22,Female,Kolkata,West Bengal,Value,Influencer,Influencer_Beauty_Bloggers,07-11-2025,Active,D2C Website,Colour Cosmetics,07-11-2025,1,674.25
513579,Ishita Chandran,35,Female,Coimbatore,Tamil Nadu,Value,Instagram,IG_NewLaunch,19-08-2025,Active,Offline Store,Skincare,18-11-2025,3,1347.85
554548,Naveen Chandran,33,Male,Chennai,Tamil Nadu,Value,Marketplace,Myntra_Beauty_Week,31-05-2025,Active,Quick Commerce,Colour Cosmetics,31-05-2025,1,719.2
546357,Jaya Chaudhary,18,Unknown,Lucknow,Uttar Pradesh,Value,Referral,ReferAFriend_Q3,27-12-2025,Active,D2C Website,Skincare,27-12-2025,1,424.15
579129,Deepa Reddy,30,Other,Bengaluru,Karnataka,Premium,Instagram,IG_Influencer_Collab,28-03-2025,Active,Quick Commerce,Skincare,21-11-2025,3,1499.4
562746,Rakesh Vyas,29,Male,Ahmedabad,Gujarat,Value,Instagram,IG_Reels_Push,03-10-2024,Dormant,Amazon,Skincare,18-08-2025,2,1495.05
538175,Sandeep Modi,47,Male,Ahmedabad,Gujarat,Regular,Organic Search,Organic_Direct,20-11-2025,Active,D2C Website,Skincare,06-12-2025,4,1424.15
521798,Rakesh Krishnan,20,Male,Chennai,Tamil Nadu,Value,Google,Google_Shopping,06-06-2025,Dormant,D2C Website,Skincare,06-06-2025,1,319.2
521805,Deepika Saikia,18,Female,Guwahati,Assam,Value,Influencer,Influencer_Micro,21-02-2025,Active,Offline Store,Skincare,07-10-2025,5,2464.9
530005,Sonal Raju,22,Female,Hyderabad,Telangana,Value,Marketplace,Nykaa_Storefront,25-03-2025,Dormant,Offline Store,Skincare,26-12-2025,3,2193.15
530007,Swati Iyengar,27,Female,Chennai,Tamil Nadu,Value,Google,Google_Shopping,03-05-2024,Active,Nykaa,Haircare,05-11-2025,4,2604.15
562781,Sameer Shukla,35,Male,Indore,Madhya Pradesh,Value,Instagram,IG_Reels_Push,03-08-2025,Active,Offline Store,Skincare,29-12-2025,4,1791.95
595561,Akash Varma,22,Male,Kochi,Kerala,Value,Offline Store,Instore_EventPromo,04-10-2025,Active,D2C Website,Skincare,04-10-2025,1,407.55
546421,Fatima Parekh,22,Female,Ahmedabad,Gujarat,Regular,Google,Google_Shopping,13-04-2025,Inactive,D2C Website,Skincare,13-04-2025,1,549
546438,Simran Iyer,33,Female,Coimbatore,Tamil Nadu,Value,Instagram,IG_Influencer_Collab,08-08-2025,Active,Quick Commerce,Skincare,08-08-2025,1,521.55
505482,Trisha Murugan,30,Female,Chennai,Tamil Nadu,Premium,Organic Search,Organic_SEO_Blog,19-06-2025,Active,Amazon,Colour Cosmetics,26-10-2025,4,2749.8
587404,Lakshmi Kapoor,25,Female,Delhi,Delhi,Value,Google,Google_Shopping,31-07-2025,Active,Amazon,Colour Cosmetics,02-12-2025,3,1853.75
538254,Tanvi Mehra,34,Female,Delhi,Delhi,Regular,Marketplace,Myntra_Beauty_Week,26-11-2025,Active,Amazon,Skincare,07-12-2025,2,1139.75
587410,Kavya Joshi,28,Female,Pune,Maharashtra,Regular,Instagram,IG_NewLaunch,11-08-2025,Active,Offline Store,Skincare,05-12-2025,5,2498.05
587416,Sonal Pandey,25,Female,Lucknow,Uttar Pradesh,Value,Instagram,IG_Festive_Sale,18-05-2024,Inactive,Offline Store,Colour Cosmetics,09-02-2025,4,2145
513710,Priya Kamath,36,Other,Bengaluru,Karnataka,Premium,Influencer,Influencer_Micro,30-11-2025,Active,Offline Store,Skincare,15-12-2025,2,1023.4
595631,Deepika Gupta,33,Female,Delhi,Delhi,Regular,Referral,ReferAFriend_Q1,23-03-2025,Active,Amazon,Haircare,03-12-2025,10,6549.75
538290,Kunal Kulkarni,35,Male,Nagpur,Maharashtra,Value,Instagram,IG_NewLaunch,09-07-2024,Inactive,Quick Commerce,Haircare,18-08-2024,2,1257.2
587442,Sneha Gaikwad,44,Female,Nagpur,Maharashtra,Regular,Organic Search,Organic_SEO_Blog,12-02-2025,Active,Quick Commerce,Skincare,08-09-2025,4,1881.95
579254,Vivek Gupta,29,Male,Delhi,Delhi,Value,Instagram,IG_NewLaunch,12-09-2025,Active,Nykaa,Skincare,12-09-2025,1,1618.2
571066,Shreya Kamath,33,Female,Bengaluru,Karnataka,Regular,Influencer,Influencer_Micro,13-09-2025,Active,Nykaa,Skincare,13-09-2025,1,1298
505544,Shreya Baruah,33,Female,Guwahati,Assam,Regular,Organic Search,Organic_Direct,20-06-2025,Dormant,Offline Store,Colour Cosmetics,20-06-2025,1,426.55
546507,Swati Khanna,32,Female,Delhi,Delhi,Value,Influencer,Influencer_Micro,23-09-2025,Dormant,Nykaa,Colour Cosmetics,23-09-2025,1,809.1
579276,Shreya Kale,32,Female,Mumbai,Maharashtra,Regular,Instagram,IG_Influencer_Collab,04-12-2025,Active,Quick Commerce,Skincare,04-12-2025,1,549
595673,Aditya Mathew,18,Male,Kochi,Kerala,Value,Google,Google_Search_Brand,27-07-2025,Active,Myntra,Colour Cosmetics,29-12-2025,5,2492.3
579299,Shreya Das,24,Female,Unknown,Unknown,Premium,Instagram,IG_Festive_Sale,11-08-2025,Active,Nykaa,Colour Cosmetics,20-11-2025,6,4571.15
587500,Neha Raman,27,Female,Chennai,Tamil Nadu,Premium,Organic Search,Organic_Direct,06-06-2025,Dormant,Myntra,Skincare,18-07-2025,2,788.15
571118,Pranav Patil,38,Male,Mumbai,Maharashtra,Regular,Influencer,Influencer_Micro,15-02-2024,Active,D2C Website,Haircare,31-10-2025,4,1751.1
530161,Simran Chawla,29,Female,Delhi,Delhi,Value,Google,Unknown,13-05-2025,Inactive,D2C Website,Haircare,28-05-2025,2,1002.65
571121,Neha Patel,38,Female,Surat,Gujarat,Value,Organic Search,Organic_SEO_Blog,09-08-2025,Dormant,Nykaa,Skincare,07-09-2025,2,831.3
530162,Vidya Krishnan,23,Female,Chennai,Tamil Nadu,Value,Instagram,IG_Festive_Sale,08-02-2024,Dormant,Amazon,Colour Cosmetics,31-07-2025,10,8069.45
554747,Ananya Deshmukh,34,Female,Mumbai,Maharashtra,Premium,Influencer,Influencer_YT_Review,16-11-2024,Dormant,D2C Website,Skincare,21-09-2025,2,770.55
521992,Radhika Arora,46,Female,Delhi,Delhi,Value,Influencer,Influencer_YT_Review,20-12-2025,Active,Quick Commerce,Skincare,20-12-2025,1,521.55
587538,Suresh Deshmukh,34,Male,Mumbai,Maharashtra,Value,Organic Search,Organic_SEO_Blog,31-08-2025,Dormant,D2C Website,Skincare,21-12-2025,2,1782.1
579354,Vani Reddy,30,Female,Hyderabad,Telangana,Regular,Organic Search,Organic_Direct,10-11-2024,Dormant,Nykaa,Unknown,10-11-2024,1,269.4
595748,Yash Chatterjee,21,Male,Kolkata,West Bengal,Value,Influencer,Influencer_Beauty_Bloggers,22-07-2024,Active,Nykaa,Colour Cosmetics,28-12-2025,4,1006.9
513833,Ananya Chandran,39,Female,Chennai,Tamil Nadu,Regular,Marketplace,Myntra_Beauty_Week,27-09-2025,Dormant,Amazon,Skincare,11-12-2025,2,2585.4
530217,Rahul Shinde,25,Male,Nagpur,Maharashtra,Value,Organic Search,Organic_Direct,17-12-2024,Active,Nykaa,Skincare,24-12-2025,6,4982.85
587562,Pallavi Joshi,22,Female,Pune,Maharashtra,Value,Google,Google_Shopping,13-09-2024,Inactive,Myntra,Colour Cosmetics,13-09-2024,1,1438.2
562991,Rakesh Sharma,47,Male,Jaipur,Rajasthan,Regular,Marketplace,Amazon_Sponsored,24-08-2025,Active,Offline Store,Haircare,26-10-2025,2,1152.1
522037,Nikhil Reddy,41,Male,Bengaluru,Karnataka,Value,Google,Google_Shopping,23-05-2025,Inactive,Nykaa,Colour Cosmetics,23-05-2025,1,799
587580,Shreya Kale,40,Female,Mumbai,Maharashtra,Premium,Google,Google_Search_Brand,10-05-2025,Active,Myntra,Haircare,10-05-2025,1,226.85
571200,Pranav Kale,27,Male,Mumbai,Maharashtra,Value,Instagram,IG_Reels_Push,08-12-2025,Active,Quick Commerce,Colour Cosmetics,29-12-2025,9,4458.95
505683,Harsh Chatterjee,37,Male,Kolkata,West Bengal,Regular,Google,Google_Search_Generic,10-11-2025,Active,D2C Website,Haircare,10-11-2025,1,404.1
538452,Ishita Thakur,29,Female,Patna,Bihar,Premium,Instagram,IG_NewLaunch,17-09-2025,Dormant,D2C Website,Colour Cosmetics,28-12-2025,5,3026.5
513875,Amit Pillai,28,Male,Chennai,Tamil Nadu,Value,Instagram,IG_Festive_Sale,16-03-2024,Active,Nykaa,Skincare,26-09-2025,4,1843.55
579415,Tanvi Tripathi,32,Female,Lucknow,Uttar Pradesh,Regular,Google,Google_Search_Generic,29-07-2025,Active,D2C Website,Colour Cosmetics,29-07-2025,1,449
571228,Swati Kale,34,Female,Mumbai,Maharashtra,Value,Instagram,IG_Reels_Push,29-09-2024,Dormant,Offline Store,Haircare,29-09-2024,1,299
538469,Neha Naidu,32,Female,Hyderabad,Telangana,Value,Organic Search,Organic_Direct,11-10-2025,Active,D2C Website,Colour Cosmetics,19-12-2025,5,1293.55
595817,Siddharth Kulkarni,31,Male,Mumbai,Maharashtra,Value,Google,Google_Shopping,01-08-2025,Active,D2C Website,Haircare,24-12-2025,3,1427.05
505720,Rakesh Patil,34,Male,Mumbai,Maharashtra,Value,Google,Google_Shopping,20-02-2025,Inactive,Quick Commerce,Colour Cosmetics,20-02-2025,1,584.1
554874,Pooja Singh,30,Female,Chandigarh,Chandigarh,Regular,Instagram,IG_Festive_Sale,09-02-2025,Dormant,Quick Commerce,Colour Cosmetics,27-12-2025,5,5381.6
505726,Harsh Bhatia,40,Male,Delhi,Delhi,Value,Google,Google_Search_Brand,18-12-2025,Active,Amazon,Skincare,28-12-2025,4,2579.8
579457,Sanjana Chavan,26,Female,Pune,Maharashtra,Premium,Google,Google_Shopping,24-06-2024,Inactive,Offline Store,Skincare,26-06-2024,2,1043.1
530311,Riya Chavan,30,Female,Nagpur,Maharashtra,Regular,Offline Store,Instore_EventPromo,21-03-2025,Dormant,Quick Commerce,Unknown,26-12-2025,5,3018.05
579471,Meera Prasad,37,Female,Hyderabad,Telangana,Regular,Google,Google_Shopping,12-08-2025,Active,D2C Website,Skincare,20-12-2025,3,1472.2
563092,Nikhil Bhosale,24,Male,Nagpur,Maharashtra,Value,Influencer,Influencer_YT_Review,19-03-2025,Dormant,Nykaa,Skincare,19-03-2025,1,499
587670,Karan Khanna,31,Male,Delhi,Delhi,Value,Instagram,Unknown,11-03-2025,Active,Amazon,Colour Cosmetics,04-12-2025,8,4759.55
579482,Vani Malhotra,34,Female,Delhi,Delhi,Value,Google,Google_Search_Brand,20-03-2025,Inactive,Myntra,Skincare,12-04-2025,2,550.8
513947,Aditya Iyengar,22,Male,Chennai,Tamil Nadu,Value,Referral,Unknown,05-11-2025,Active,Quick Commerce,Skincare,05-11-2025,1,1168.2
587684,Vikram Nair,28,Male,Coimbatore,Tamil Nadu,Value,Marketplace,Nykaa_Storefront,28-07-2025,Active,D2C Website,Skincare,11-11-2025,3,1122.6
530340,Meera Sharma,32,Female,Delhi,Delhi,Value,Instagram,IG_NewLaunch,27-03-2025,Inactive,Offline Store,Colour Cosmetics,31-03-2025,2,660.65
554921,Akash Sengupta,18,Male,Kolkata,West Bengal,Regular,Organic Search,Organic_SEO_Blog,07-08-2025,Active,Myntra,Colour Cosmetics,07-08-2025,1,211.65
505778,Zoya Singh,32,Female,Patna,Bihar,Value,Google,Google_Search_Brand,22-12-2025,Active,Myntra,Skincare,22-12-2025,1,439.2
579507,Shreya Patel,22,Female,Ahmedabad,Gujarat,Value,Influencer,Influencer_Micro,11-03-2025,Dormant,Quick Commerce,Skincare,28-08-2025,2,661.1
513970,Harsh Mehra,40,Male,Delhi,Delhi,Regular,Google,Google_Shopping,22-05-2025,Active,Quick Commerce,Colour Cosmetics,14-12-2025,2,580.95
554935,Meera Rao,24,Female,Bengaluru,Karnataka,Value,Referral,ReferAFriend_Q1,21-11-2025,Active,Amazon,Colour Cosmetics,21-11-2025,1,199.2
513979,Pranav Sharma,24,Male,Delhi,Delhi,Regular,Google,Google_Search_Generic,01-02-2025,Active,Myntra,Haircare,29-10-2025,5,3839.1
579516,Meera Varma,42,Female,Hyderabad,Telangana,Value,Google,Unknown,19-01-2025,Active,Quick Commerce,Colour Cosmetics,29-12-2025,3,1330.1
554948,Riya Kapoor,34,Unknown,Delhi,Delhi,Regular,Google,Google_Search_Brand,04-06-2024,Active,Offline Store,Skincare,26-11-2025,10,7030.55
538566,Ishita Patel,18,Female,Ahmedabad,Gujarat,Value,Referral,ReferAFriend_Q3,24-03-2025,Active,Nykaa,Colour Cosmetics,03-12-2025,4,2984.5
563156,Pooja Murugan,36,Female,Chennai,Tamil Nadu,Regular,Google,Google_Search_Brand,03-09-2025,Dormant,Nykaa,Skincare,03-09-2025,1,411.75
505817,Siddharth Shetty,29,Male,Bengaluru,Karnataka,Regular,Referral,ReferAFriend_Q1,28-06-2025,Inactive,Nykaa,Colour Cosmetics,28-06-2025,1,521.55
595932,Manish Solanki,33,Male,Jaipur,Rajasthan,Value,Instagram,IG_Festive_Sale,01-02-2025,Inactive,Quick Commerce,Skincare,01-02-2025,1,339.15
587747,Zoya Chaudhary,25,Female,Lucknow,Uttar Pradesh,Value,Referral,ReferAFriend_Q1,28-11-2025,Active,Myntra,Skincare,28-11-2025,1,379.05
571364,Meera Pandey,21,Female,Lucknow,Uttar Pradesh,Value,Google,Google_Search_Brand,01-05-2024,Active,Amazon,Haircare,06-11-2025,5,2299.45
514029,Trisha Trivedi,32,Female,Vadodara,Gujarat,Value,Google,Google_Search_Generic,02-12-2025,Active,Amazon,Colour Cosmetics,14-12-2025,2,1272
571376,Harsh Joshi,38,Male,Mumbai,Maharashtra,Regular,Organic Search,Organic_SEO_Blog,23-10-2024,Active,Offline Store,Colour Cosmetics,17-06-2025,3,1174.85
579569,Meera Kapoor,29,Female,Delhi,Delhi,Value,Influencer,Influencer_Beauty_Bloggers,30-10-2024,Inactive,Quick Commerce,Haircare,30-10-2024,1,386.1
579570,Pooja Sethi,42,Female,Chandigarh,Chandigarh,Regular,Instagram,IG_Festive_Sale,28-01-2025,Inactive,D2C Website,Skincare,28-01-2025,1,339.15
522241,Aditya Raman,26,Male,Chennai,Tamil Nadu,Premium,Influencer,Influencer_Micro,24-06-2025,Active,D2C Website,Skincare,06-09-2025,3,1166.8
530433,Vidya Verma,44,Female,Indore,Madhya Pradesh,Value,Instagram,IG_NewLaunch,03-04-2025,Inactive,Myntra,Haircare,20-04-2025,2,711
563201,Anjali Gogoi,37,Female,Guwahati,Assam,Value,Influencer,Unknown,16-11-2024,Dormant,Amazon,Colour Cosmetics,16-11-2024,1,291.85
587782,Suresh Gandhi,32,Male,Ahmedabad,Gujarat,Value,Referral,ReferAFriend_Q1,01-09-2025,Active,Amazon,Skincare,16-10-2025,4,2920.4
579593,Ananya Bhosale,18,Female,Mumbai,Maharashtra,Regular,Instagram,IG_Festive_Sale,31-08-2025,Active,Quick Commerce,Colour Cosmetics,31-08-2025,1,549
555027,Anjali Pawar,32,Female,Pune,Maharashtra,Value,Marketplace,Myntra_Beauty_Week,21-05-2025,Active,Offline Store,Colour Cosmetics,21-05-2025,1,1038.4
555028,Ritu Kale,39,Female,Mumbai,Maharashtra,Premium,Google,Google_Shopping,22-06-2025,Active,Offline Store,Colour Cosmetics,22-06-2025,1,426.55
595991,Manish Chavan,18,Male,Mumbai,Maharashtra,Value,Referral,ReferAFriend_Q1,06-12-2025,Active,Myntra,Skincare,06-12-2025,1,284.05
538652,Sanjana Sethi,26,Female,Chandigarh,Chandigarh,Value,Influencer,Influencer_Micro,10-12-2025,Active,Quick Commerce,Colour Cosmetics,10-12-2025,1,224.1
587806,Pooja Tripathi,23,Female,Lucknow,Uttar Pradesh,Regular,Influencer,Influencer_YT_Review,07-05-2024,Dormant,Amazon,Skincare,07-05-2024,1,616.55
522280,Deepak Sethi,30,Male,Chandigarh,Chandigarh,Value,Instagram,IG_Festive_Sale,31-07-2024,Inactive,Amazon,Skincare,20-04-2025,3,1947.2
563242,Rohan Chavan,27,Male,Mumbai,Maharashtra,Value,Influencer,Influencer_Micro,19-12-2025,Active,Nykaa,Colour Cosmetics,19-12-2025,1,549
587819,Sonal Shetty,27,Female,Bengaluru,Karnataka,Value,Organic Search,Organic_Direct,30-03-2024,Dormant,Offline Store,Haircare,30-03-2024,1,364.65
555057,Pooja Dubey,37,Female,Indore,Madhya Pradesh,Value,Instagram,IG_Reels_Push,11-01-2024,Active,Myntra,Skincare,16-12-2025,7,3322.85
538680,Ritu Pillai,39,Female,Kochi,Kerala,Value,Instagram,Unknown,22-11-2025,Active,Offline Store,Skincare,22-11-2025,1,663.1
587833,Vani Iyengar,37,Female,Bengaluru,Karnataka,Regular,Instagram,IG_Festive_Sale,08-11-2025,Active,D2C Website,Haircare,09-12-2025,3,1405.9
587835,Tanvi Sharma,40,Female,Delhi,Delhi,Regular,Instagram,IG_Festive_Sale,19-08-2025,Active,Offline Store,Haircare,19-08-2025,1,386.1
538684,Rahul Reddy,23,Male,Bengaluru,Karnataka,Regular,Influencer,Influencer_Beauty_Bloggers,12-07-2025,Dormant,Myntra,Skincare,12-07-2025,1,359.2
555069,Swati Kapoor,32,Female,Delhi,Delhi,Regular,Organic Search,Organic_SEO_Blog,18-08-2025,Dormant,Nykaa,Colour Cosmetics,18-08-2025,1,404.1
538696,Riya Sharma,28,Female,Jaipur,Rajasthan,Value,Marketplace,Myntra_Beauty_Week,17-05-2025,Active,Quick Commerce,Colour Cosmetics,30-12-2025,10,10857.55
546898,Nandini Desai,22,Female,Ahmedabad,Gujarat,Regular,Marketplace,Amazon_Sponsored,16-11-2024,Inactive,Amazon,Skincare,16-11-2024,1,449.1
505943,Manish Dubey,24,Male,Indore,Madhya Pradesh,Regular,Organic Search,Organic_Direct,01-07-2025,Active,Quick Commerce,Skincare,27-08-2025,4,2569.7
505952,Vani Chouhan,31,Female,Indore,Madhya Pradesh,Value,Marketplace,Amazon_Sponsored,27-02-2024,Active,Amazon,Skincare,19-09-2025,6,3752.4
555108,Jaya Bhosale,18,Unknown,Pune,Maharashtra,Value,Instagram,IG_Festive_Sale,20-07-2025,Dormant,Nykaa,Haircare,13-11-2025,4,2190.65
514150,Tanvi Kumar,32,Female,Unknown,Unknown,Value,Influencer,Influencer_YT_Review,12-10-2025,Active,Offline Store,Haircare,04-12-2025,4,1716.25
587878,Ananya Desai,30,Female,Ahmedabad,Gujarat,Value,Marketplace,Amazon_Sponsored,06-09-2024,Active,Nykaa,Colour Cosmetics,10-09-2025,2,1197.75
587881,Pranav Chawla,40,Male,Delhi,Delhi,Value,Referral,ReferAFriend_Q3,20-12-2025,Active,Nykaa,Haircare,20-12-2025,1,486.75
530539,Zoya Ghosh,24,Female,Kolkata,West Bengal,Value,Marketplace,Nykaa_Storefront,07-10-2025,Active,Amazon,Colour Cosmetics,17-12-2025,9,5378.45
505965,Sonal Baruah,28,Female,Guwahati,Assam,Regular,Google,Google_Search_Generic,31-05-2025,Active,D2C Website,Skincare,22-11-2025,8,4751.85
571511,Riya Deshmukh,25,Other,Mumbai,Maharashtra,Value,Organic Search,Unknown,13-11-2025,Active,Myntra,Skincare,28-12-2025,2,1265.55
514168,Naveen Gaikwad,26,Male,Pune,Maharashtra,Premium,Instagram,IG_Festive_Sale,15-02-2024,Active,Amazon,Colour Cosmetics,03-10-2025,7,5486.95
587900,Lakshmi Chavan,30,Female,Mumbai,Maharashtra,Value,Instagram,IG_Festive_Sale,31-08-2024,Active,Myntra,Colour Cosmetics,25-04-2025,2,1422.5
538752,Lakshmi Iyengar,31,Female,Bengaluru,Karnataka,Premium,Google,Google_Search_Brand,14-12-2025,Active,D2C Website,Skincare,14-12-2025,1,1137.15
563335,Pooja Pawar,18,Female,Mumbai,Maharashtra,Regular,Offline Store,Instore_Walkin,10-04-2025,Dormant,Myntra,Colour Cosmetics,10-04-2025,1,404.1
514184,Farhan Rathore,43,Male,Jaipur,Rajasthan,Value,Marketplace,Myntra_Beauty_Week,23-10-2024,Dormant,Amazon,Colour Cosmetics,29-12-2025,4,1428.05
546955,Kiran Kulkarni,24,Unknown,Mumbai,Maharashtra,Value,Google,Google_Search_Generic,19-09-2025,Active,Quick Commerce,Colour Cosmetics,12-10-2025,2,822.4
579730,Yash Bhatt,24,Male,Jaipur,Rajasthan,Premium,Instagram,IG_NewLaunch,30-12-2024,Active,Quick Commerce,Skincare,19-11-2025,3,1427.3
538770,Kritika Srivastava,37,Female,Lucknow,Uttar Pradesh,Regular,Google,Google_Search_Brand,01-03-2025,Active,Offline Store,Skincare,21-10-2025,5,3117.05
514201,Kunal Gaikwad,29,Male,Mumbai,Maharashtra,Value,Influencer,Influencer_Micro,16-08-2024,Active,Quick Commerce,Skincare,21-10-2025,5,1943
538780,Riya Agarwal,34,Female,Jaipur,Rajasthan,Value,Google,Google_Search_Brand,02-12-2025,Active,Amazon,Colour Cosmetics,24-12-2025,5,2916.9
514208,Tanvi Grewal,23,Female,Chandigarh,Chandigarh,Value,Google,Google_Shopping,15-11-2024,Inactive,Offline Store,Colour Cosmetics,28-04-2025,3,1270.05
530595,Rakesh Pawar,35,Male,Pune,Maharashtra,Value,Google,Google_Search_Brand,29-07-2025,Active,Myntra,Haircare,07-11-2025,2,740.85
546984,Pranav Mishra,18,Male,Lucknow,Uttar Pradesh,Premium,Instagram,Unknown,02-06-2024,Active,Nykaa,Haircare,16-12-2025,10,5524.95
555176,Suresh Bhosale,26,Male,Mumbai,Maharashtra,Regular,Google,Google_Shopping,24-04-2025,Dormant,Quick Commerce,Skincare,24-04-2025,1,1647
563372,Krishna Rathore,23,Male,Bhopal,Madhya Pradesh,Value,Organic Search,Organic_SEO_Blog,08-07-2024,Inactive,Nykaa,Colour Cosmetics,20-01-2025,3,1371.45
506028,Radhika Naik,20,Female,Bengaluru,Karnataka,Regular,Instagram,IG_Reels_Push,29-05-2024,Inactive,Nykaa,Skincare,29-05-2024,1,379.05
530613,Trisha Kohli,29,Female,Chandigarh,Chandigarh,Regular,Marketplace,Nykaa_Storefront,01-03-2025,Active,Nykaa,Haircare,01-12-2025,6,4193.7
571582,Rajesh Roy,33,Male,Kolkata,West Bengal,Value,Organic Search,Organic_Direct,01-05-2025,Active,Amazon,Colour Cosmetics,09-07-2025,3,1184.65
547012,Ritu Shah,35,Female,Ahmedabad,Gujarat,Premium,Instagram,IG_Reels_Push,05-05-2025,Dormant,Amazon,Skincare,07-11-2025,4,2105.4
506057,Rakesh Bhatia,19,Male,Delhi,Delhi,Regular,Instagram,IG_Reels_Push,19-06-2025,Active,Quick Commerce,Skincare,19-06-2025,1,519.2
538829,Yash Pillai,38,Male,Chennai,Tamil Nadu,Premium,Instagram,IG_Festive_Sale,01-10-2025,Active,Quick Commerce,Haircare,01-10-2025,1,449
596180,Radhika Srivastava,33,Female,Lucknow,Uttar Pradesh,Value,Instagram,IG_Influencer_Collab,21-11-2025,Active,Quick Commerce,Colour Cosmetics,21-11-2025,1,284.05
530647,Sanjana Ganguly,42,Female,Kolkata,West Bengal,Value,Referral,ReferAFriend_Q1,16-10-2024,Inactive,Offline Store,Skincare,16-10-2024,1,359.2
579806,Vidya Patil,23,Female,Mumbai,Maharashtra,Value,Organic Search,Organic_Direct,10-04-2024,Inactive,D2C Website,Skincare,14-05-2024,2,1806.6
579807,Neha Desai,32,Female,Ahmedabad,Gujarat,Premium,Instagram,IG_NewLaunch,19-12-2025,Active,Amazon,Colour Cosmetics,28-12-2025,2,988.2
547049,Aisha Khanna,37,Female,Delhi,Delhi,Regular,Influencer,Influencer_Micro,09-08-2025,Active,Myntra,Skincare,08-11-2025,4,2924.75
579818,Tanvi Chawla,32,Female,Delhi,Delhi,Premium,Instagram,IG_Festive_Sale,27-10-2025,Dormant,Amazon,Skincare,23-11-2025,2,2196.2
579822,Varun Bhat,24,Male,Bengaluru,Karnataka,Premium,Influencer,Influencer_YT_Review,10-02-2025,Active,Myntra,Haircare,03-12-2025,7,3933.05
530671,Pooja Reddy,26,Female,Bengaluru,Karnataka,Premium,Instagram,IG_Influencer_Collab,20-10-2024,Dormant,Amazon,Skincare,20-10-2024,1,249
514293,Lakshmi Mukherjee,32,Female,Kolkata,West Bengal,Value,Organic Search,Organic_SEO_Blog,15-10-2025,Active,Myntra,Skincare,12-11-2025,2,1110.05
555255,Meera Hazarika,22,Female,Guwahati,Assam,Value,Instagram,IG_Festive_Sale,13-05-2024,Dormant,Myntra,Skincare,13-05-2024,1,224.25
571643,Vidya Reddy,30,Female,Bengaluru,Karnataka,Regular,Referral,ReferAFriend_Q1,26-11-2024,Active,Amazon,Skincare,08-08-2025,7,4424.7
588039,Sneha Krishnan,27,Female,Coimbatore,Tamil Nadu,Value,Marketplace,Amazon_Sponsored,04-01-2025,Inactive,Myntra,Colour Cosmetics,04-01-2025,1,381.65
563464,Anjali Chavan,32,Female,Pune,Maharashtra,Value,Influencer,Influencer_YT_Review,05-10-2025,Active,Offline Store,Skincare,24-12-2025,7,3600.8
538890,Nandini Pillai,19,Female,Chennai,Tamil Nadu,Value,Organic Search,Organic_Direct,28-12-2024,Inactive,Amazon,Skincare,28-12-2024,1,778.05
514322,Naveen Bhosale,26,Male,Mumbai,Maharashtra,Value,Offline Store,Instore_EventPromo,19-03-2025,Dormant,D2C Website,Skincare,19-03-2025,1,499
563483,Shreya Bhosale,22,Female,Mumbai,Maharashtra,Regular,Google,Google_Shopping,29-09-2025,Active,Myntra,Haircare,12-10-2025,2,1754.55
522527,Naveen Joshi,44,Male,Pune,Maharashtra,Regular,Instagram,IG_NewLaunch,20-12-2024,Dormant,Quick Commerce,Skincare,20-12-2024,1,466.65
555296,Deepak Goud,27,Male,Hyderabad,Telangana,Value,Referral,ReferAFriend_Q1,24-12-2025,Active,Quick Commerce,Colour Cosmetics,24-12-2025,1,359.2
530735,Naveen Khanna,30,Male,Delhi,Delhi,Regular,Google,Google_Search_Generic,29-10-2025,Active,Myntra,Skincare,29-10-2025,1,674.25
579887,Rohan Kumar,32,Male,Hyderabad,Telangana,Value,Google,Google_Search_Brand,04-08-2024,Inactive,Quick Commerce,Skincare,22-02-2025,5,2655.35
596276,Vani Khanna,28,Female,Delhi,Delhi,Premium,Google,Google_Search_Generic,04-11-2025,Active,Offline Store,Colour Cosmetics,04-11-2025,1,663.1
563517,Abhishek Modi,32,Male,Surat,Gujarat,Value,Instagram,IG_NewLaunch,27-02-2024,Dormant,Quick Commerce,Skincare,07-06-2024,4,1394.2
506175,Swati Singh,39,Female,Lucknow,Uttar Pradesh,Value,Instagram,IG_Reels_Push,10-10-2025,Active,Amazon,Haircare,21-12-2025,6,3782.5
596289,Siddharth Rao,26,Male,Bengaluru,Karnataka,Premium,Marketplace,Nykaa_Storefront,26-02-2025,Inactive,Myntra,Skincare,26-02-2025,1,494.1
579905,Simran Singh,38,Female,Jaipur,Rajasthan,Value,Instagram,IG_Festive_Sale,14-01-2025,Inactive,Myntra,Colour Cosmetics,14-01-2025,1,1093.95
514371,Pallavi Patil,28,Female,Pune,Maharashtra,Regular,Google,Google_Search_Generic,19-10-2024,Inactive,Nykaa,Skincare,29-10-2024,2,948
555333,Rahul Banerjee,29,Male,Kolkata,West Bengal,Regular,Referral,ReferAFriend_Q1,18-10-2025,Active,Offline Store,Colour Cosmetics,18-10-2025,1,321.75
563532,Siddharth Hegde,27,Male,Bengaluru,Karnataka,Regular,Instagram,IG_Influencer_Collab,29-10-2025,Active,Myntra,Colour Cosmetics,21-12-2025,2,773.5
530771,Divya Malhotra,35,Female,Delhi,Delhi,Regular,Influencer,Influencer_YT_Review,25-11-2025,Active,D2C Website,Skincare,29-11-2025,2,715.65
588117,Aarav Joshi,27,Male,Mumbai,Maharashtra,Value,Google,Google_Search_Brand,27-09-2025,Active,Amazon,Colour Cosmetics,17-12-2025,2,558.3
530775,Sameer Desai,33,Male,Ahmedabad,Gujarat,Value,Marketplace,Myntra_Beauty_Week,09-09-2025,Active,Quick Commerce,Skincare,26-10-2025,3,1592.4
579928,Nikhil Bhosale,32,Male,Mumbai,Maharashtra,Regular,Instagram,IG_NewLaunch,14-03-2025,Inactive,Myntra,Skincare,14-03-2025,1,486.75
588125,Vikram Patel,20,Male,Surat,Gujarat,Regular,Influencer,Influencer_YT_Review,20-01-2025,Active,D2C Website,Colour Cosmetics,11-04-2025,4,1541.3
538974,Yash Bhat,37,Male,Bengaluru,Karnataka,Regular,Instagram,IG_NewLaunch,23-12-2024,Dormant,Quick Commerce,Skincare,23-12-2024,1,678.3
530784,Deepika Bhosale,28,Female,Mumbai,Maharashtra,Premium,Instagram,IG_NewLaunch,22-11-2024,Active,D2C Website,Skincare,05-08-2025,3,2150.9
514408,Aisha Vyas,27,Female,Vadodara,Gujarat,Value,Google,Google_Search_Generic,18-12-2024,Active,Offline Store,Skincare,06-12-2025,2,613.65
596345,Tanvi Patel,28,Female,Ahmedabad,Gujarat,Value,Instagram,IG_Influencer_Collab,07-11-2025,Active,Offline Store,Haircare,23-12-2025,8,6039.9
522617,Sanjana Chavan,22,Female,Mumbai,Maharashtra,Value,Offline Store,Instore_Walkin,01-01-2025,Active,D2C Website,Colour Cosmetics,24-06-2025,2,1048.25
579964,Aisha Rao,33,Female,Bengaluru,Karnataka,Regular,Influencer,Influencer_YT_Review,26-12-2025,Active,Offline Store,Colour Cosmetics,27-12-2025,2,1481.7
530828,Naveen Kapoor,28,Male,Delhi,Delhi,Value,Google,Google_Search_Brand,11-06-2025,Active,Quick Commerce,Skincare,20-08-2025,2,983.3
506258,Tanvi Chary,40,Female,Hyderabad,Telangana,Regular,Influencer,Influencer_YT_Review,25-12-2025,Dormant,Offline Store,Skincare,30-12-2025,4,2345.65
588184,Aisha Rao,20,Female,Unknown,Unknown,Premium,Google,Google_Shopping,29-09-2025,Active,Amazon,Colour Cosmetics,24-12-2025,4,1653.3
588188,Simran Chavan,37,Female,Nagpur,Maharashtra,Value,Google,Google_Shopping,12-05-2025,Active,Myntra,Colour Cosmetics,10-12-2025,2,1212.1
579997,Sandeep Malviya,22,Male,Indore,Madhya Pradesh,Value,Organic Search,Organic_SEO_Blog,16-09-2024,Inactive,Nykaa,Haircare,08-04-2025,5,2780.55
571810,Fatima Mehta,26,Female,Ahmedabad,Gujarat,Value,Instagram,IG_Influencer_Collab,13-11-2025,Active,Amazon,Colour Cosmetics,13-11-2025,1,709.65
563624,Sameer Deshmukh,36,Male,Mumbai,Maharashtra,Regular,Influencer,Influencer_Beauty_Bloggers,20-11-2024,Active,Offline Store,Colour Cosmetics,02-12-2025,7,6902.4
571819,Gaurav Joshi,26,Male,Pune,Maharashtra,Regular,Referral,ReferAFriend_Q3,09-04-2024,Inactive,Nykaa,Skincare,09-04-2024,1,616.55
555435,Zoya Prasad,33,Female,Hyderabad,Telangana,Value,Influencer,Influencer_Micro,16-11-2024,Inactive,Myntra,Colour Cosmetics,09-04-2025,4,2631.95
555444,Sam Modi,29,Unknown,Surat,Gujarat,Regular,Influencer,Influencer_Micro,11-11-2024,Dormant,Amazon,Colour Cosmetics,25-05-2025,4,2051
580031,Karan Pawar,27,Male,Mumbai,Maharashtra,Regular,Google,Google_Search_Brand,04-10-2024,Dormant,Amazon,Skincare,04-10-2024,1,399
555461,Divya Kale,36,Female,Mumbai,Maharashtra,Value,Instagram,IG_Festive_Sale,14-06-2024,Active,D2C Website,Skincare,26-11-2025,10,7057.45
563653,Riya Pawar,33,Female,Mumbai,Maharashtra,Value,Referral,ReferAFriend_Q3,26-11-2025,Dormant,Myntra,Colour Cosmetics,26-11-2025,1,948.1
563654,Vidya Bhosale,30,Female,Mumbai,Maharashtra,Value,Marketplace,Amazon_Sponsored,29-07-2025,Active,Quick Commerce,Colour Cosmetics,27-12-2025,10,5709.9
563656,Kritika Prasad,35,Female,Hyderabad,Telangana,Value,Referral,ReferAFriend_Q1,13-07-2025,Inactive,Amazon,Skincare,13-09-2025,3,1883.65
596434,Pooja Dubey,28,Female,Indore,Madhya Pradesh,Regular,Influencer,Influencer_Micro,28-08-2025,Active,Myntra,Colour Cosmetics,28-08-2025,1,379.05
555476,Anjali Rao,37,Female,Hyderabad,Telangana,Regular,Marketplace,Nykaa_Storefront,22-05-2025,Active,Myntra,Skincare,01-11-2025,4,1342.25
530903,Divya Patil,25,Female,Mumbai,Maharashtra,Value,Marketplace,Myntra_Beauty_Week,20-05-2024,Inactive,Quick Commerce,Haircare,20-05-2024,1,386.1
571874,Riya Kale,18,Female,Mumbai,Maharashtra,Regular,Google,Google_Search_Brand,17-05-2025,Active,Quick Commerce,Skincare,17-05-2025,1,399
588259,Tanvi Kale,31,Female,Mumbai,Maharashtra,Value,Organic Search,Organic_SEO_Blog,26-12-2024,Dormant,D2C Website,Skincare,21-04-2025,2,1097
514530,Ananya Kalita,21,Female,Guwahati,Assam,Premium,Organic Search,Organic_SEO_Blog,24-10-2024,Active,D2C Website,Colour Cosmetics,23-11-2025,5,1881.25
547301,Kritika Iyer,18,Female,Chennai,Tamil Nadu,Value,Offline Store,Instore_EventPromo,07-11-2025,Active,D2C Website,Colour Cosmetics,28-12-2025,4,2689.05
514534,Divya Hegde,36,Female,Bengaluru,Karnataka,Value,Google,Google_Search_Brand,12-02-2025,Dormant,Offline Store,Skincare,12-02-2025,1,638.4
555496,Sonal Bhosale,18,Female,Nagpur,Maharashtra,Regular,Offline Store,Instore_EventPromo,23-08-2025,Active,Nykaa,Skincare,08-10-2025,2,743.3
539117,Anjali Malviya,24,Female,Indore,Madhya Pradesh,Premium,Influencer,Influencer_Beauty_Bloggers,16-11-2024,Active,D2C Website,Colour Cosmetics,30-11-2025,3,1034.9
596463,Vidya Joshi,37,Female,Ahmedabad,Gujarat,Value,Google,Google_Search_Brand,03-11-2025,Active,Amazon,Haircare,03-11-2025,1,808.2
563699,Trisha Deshmukh,18,Female,Mumbai,Maharashtra,Value,Google,Google_Search_Generic,30-11-2025,Dormant,Quick Commerce,Skincare,24-12-2025,3,1307.05
522740,Vani Murugan,30,Female,Chennai,Tamil Nadu,Value,Marketplace,Myntra_Beauty_Week,21-12-2025,Active,Offline Store,Colour Cosmetics,27-12-2025,2,788.3
539132,Meera Rao,23,Female,Bengaluru,Karnataka,Regular,Instagram,IG_Influencer_Collab,08-11-2025,Active,Myntra,Haircare,18-12-2025,4,1711.3
555518,Trisha Kurup,20,Female,Kochi,Kerala,Value,Instagram,IG_Festive_Sale,30-08-2025,Active,D2C Website,Skincare,11-10-2025,2,1503.05
555519,Rohan Mehra,38,Male,Delhi,Delhi,Regular,Marketplace,Nykaa_Storefront,14-04-2024,Inactive,Nykaa,Skincare,11-05-2024,2,853.2
539139,Ananya Trivedi,18,Female,Ahmedabad,Gujarat,Value,Instagram,IG_NewLaunch,18-09-2025,Dormant,D2C Website,Colour Cosmetics,01-10-2025,2,1487.4
530947,Deepika Gupta,48,Female,Delhi,Delhi,Value,Instagram,IG_Reels_Push,22-03-2025,Active,Nykaa,Skincare,24-12-2025,4,2725.7
514573,Vivek Chawla,27,Male,Delhi,Delhi,Regular,Instagram,IG_Influencer_Collab,27-12-2025,Active,D2C Website,Skincare,27-12-2025,1,521.55
580120,Varun Kamath,39,Male,Bengaluru,Karnataka,Value,Google,Google_Search_Generic,12-12-2025,Active,Nykaa,Skincare,27-12-2025,8,6707.4
530968,Deepak Rao,37,Male,Bengaluru,Karnataka,Value,Google,Google_Search_Generic,03-07-2025,Inactive,Quick Commerce,Skincare,15-07-2025,2,785.95
563736,Aarav Pawar,37,Male,Mumbai,Maharashtra,Value,Instagram,IG_Influencer_Collab,24-11-2025,Dormant,Quick Commerce,Skincare,24-11-2025,1,474.05
571932,Varun Prasad,29,Male,Hyderabad,Telangana,Regular,Referral,ReferAFriend_Q1,13-03-2024,Active,Quick Commerce,Colour Cosmetics,05-03-2025,4,1516
522782,Pallavi Mehta,42,Female,Ahmedabad,Gujarat,Value,Influencer,Influencer_Micro,02-11-2025,Active,D2C Website,Skincare,02-11-2025,1,809.1
530982,Vani Kale,22,Female,Mumbai,Maharashtra,Value,Instagram,IG_Festive_Sale,01-09-2025,Active,Myntra,Skincare,01-09-2025,1,466.65
588338,Pooja Shah,31,Female,Vadodara,Gujarat,Value,Instagram,IG_Festive_Sale,21-09-2025,Active,Nykaa,Colour Cosmetics,01-12-2025,4,1500.85
555576,Varun Mehta,34,Male,Ahmedabad,Gujarat,Regular,Organic Search,Organic_Direct,09-08-2025,Active,Amazon,Colour Cosmetics,17-11-2025,4,1821.55
522810,Vidya Prasad,36,Female,Hyderabad,Telangana,Regular,Referral,ReferAFriend_Q3,16-12-2025,Dormant,Quick Commerce,Skincare,16-12-2025,1,284.05
506428,Deepika Kale,28,Female,Mumbai,Maharashtra,Value,Instagram,IG_NewLaunch,14-12-2025,Dormant,Myntra,Haircare,14-12-2025,1,299.4
514621,Priya Das,25,Female,Unknown,Unknown,Value,Organic Search,Organic_SEO_Blog,31-05-2025,Active,Offline Store,Colour Cosmetics,31-05-2025,1,269.1
596542,Rakesh Kale,26,Male,Pune,Maharashtra,Value,Organic Search,Organic_SEO_Blog,26-02-2025,Active,D2C Website,Colour Cosmetics,24-11-2025,2,828.05
563783,Ritu Naidu,32,Female,Hyderabad,Telangana,Regular,Referral,ReferAFriend_Q1,19-03-2025,Dormant,Myntra,Skincare,19-03-2025,1,933.3
539210,Swati Rao,27,Female,Hyderabad,Telangana,Regular,Referral,ReferAFriend_Q1,26-10-2025,Active,Offline Store,Skincare,03-12-2025,3,1951.3
563788,Aditya Pawar,29,Male,Pune,Maharashtra,Regular,Instagram,IG_NewLaunch,05-08-2025,Active,Myntra,Colour Cosmetics,05-08-2025,1,239.4
580173,Sanjana Singh,27,Female,Patna,Bihar,Value,Marketplace,Nykaa_Storefront,12-08-2024,Active,Nykaa,Haircare,01-06-2025,4,2949.7
571987,Simran Shetty,21,Female,Bengaluru,Karnataka,Premium,Marketplace,Myntra_Beauty_Week,21-08-2025,Active,Amazon,Skincare,30-12-2025,9,7030.4
531029,Manish Yadav,30,Male,Lucknow,Uttar Pradesh,Regular,Marketplace,Myntra_Beauty_Week,08-07-2025,Inactive,Amazon,Haircare,08-07-2025,1,404.1
522838,Roshan Chaudhary,38,Other,Lucknow,Uttar Pradesh,Value,Instagram,Unknown,27-12-2025,Active,Nykaa,Skincare,27-12-2025,1,359.2
547419,Pranav Bhat,38,Male,Bengaluru,Karnataka,Regular,Referral,ReferAFriend_Q3,15-07-2024,Inactive,Nykaa,Skincare,23-07-2024,3,1348
588381,Aisha Ganguly,24,Female,Kolkata,West Bengal,Premium,Influencer,Influencer_Micro,07-07-2025,Active,Nykaa,Skincare,07-07-2025,1,486.75
555615,Ritu Shinde,31,Female,Pune,Maharashtra,Value,Organic Search,Organic_SEO_Blog,29-05-2025,Inactive,Offline Store,Skincare,29-05-2025,1,538.2
547425,Sneha Iyengar,23,Female,Bengaluru,Karnataka,Value,Instagram,IG_Festive_Sale,23-12-2024,Dormant,Myntra,Haircare,03-09-2025,5,2025.75
547428,Nikhil Desai,31,Male,Ahmedabad,Gujarat,Value,Organic Search,Organic_SEO_Blog,19-08-2025,Active,Amazon,Skincare,29-12-2025,9,6281.25
588389,Pranav Kumar,33,Male,Hyderabad,Telangana,Value,Marketplace,Nykaa_Storefront,16-12-2024,Dormant,Nykaa,Skincare,28-09-2025,3,1420.6
514662,Kavya Kale,25,Female,Mumbai,Maharashtra,Premium,Google,Google_Search_Generic,21-11-2025,Active,Myntra,Skincare,10-12-2025,4,2208.95
514663,Harsh Balan,20,Male,Chennai,Tamil Nadu,Value,Organic Search,Organic_SEO_Blog,27-05-2024,Dormant,Myntra,Skincare,02-04-2025,4,2208
539240,Divya Kale,26,Female,Mumbai,Maharashtra,Value,Instagram,IG_NewLaunch,20-09-2025,Dormant,Quick Commerce,Haircare,20-09-2025,1,759.05
588395,Sam Barman,41,Other,Guwahati,Assam,Regular,Google,Google_Search_Generic,17-11-2025,Dormant,Myntra,Skincare,17-11-2025,1,269.1
539251,Kritika Kulkarni,31,Female,Mumbai,Maharashtra,Regular,Referral,ReferAFriend_Q3,11-09-2024,Dormant,Quick Commerce,Haircare,22-07-2025,4,1926.5
522871,Divya Iyengar,22,Female,Chennai,Tamil Nadu,Premium,Offline Store,Instore_EventPromo,28-11-2025,Active,Quick Commerce,Skincare,11-12-2025,3,965.5
596605,Ishita Rao,24,Female,Unknown,Unknown,Value,Instagram,IG_Reels_Push,05-08-2025,Dormant,Amazon,Skincare,29-12-2025,7,6799
547453,Kritika Sharma,34,Female,Hyderabad,Telangana,Regular,Instagram,IG_Festive_Sale,30-08-2025,Active,Nykaa,Skincare,19-11-2025,3,1529.15
547472,Neha Khanna,28,Female,Delhi,Delhi,Value,Influencer,Influencer_Beauty_Bloggers,13-03-2025,Inactive,Nykaa,Colour Cosmetics,13-03-2025,1,718.4
531091,Manish Reddy,26,Male,Bengaluru,Karnataka,Value,Referral,ReferAFriend_Q3,09-03-2024,Inactive,Myntra,Skincare,29-03-2024,2,748.2
506522,Fatima Ganguly,34,Female,Kolkata,West Bengal,Value,Instagram,IG_Influencer_Collab,02-11-2025,Active,Quick Commerce,Haircare,25-12-2025,6,3508.4
572063,Aarav Rao,28,Male,Hyderabad,Telangana,Premium,Google,Google_Search_Generic,21-10-2025,Active,Amazon,Colour Cosmetics,21-10-2025,1,359.2
588452,Shreya Chawla,30,Female,Delhi,Delhi,Regular,Instagram,IG_Reels_Push,24-09-2025,Active,Nykaa,Skincare,25-11-2025,5,2746.75
588470,Rakesh Goud,24,Male,Hyderabad,Telangana,Regular,Marketplace,Nykaa_Storefront,29-12-2025,Active,Offline Store,Colour Cosmetics,29-12-2025,1,404.1
539321,Amit Chary,28,Male,Hyderabad,Telangana,Value,Influencer,Influencer_YT_Review,28-12-2025,Active,Myntra,Colour Cosmetics,28-12-2025,1,628.2
531133,Divya Tiwari,19,Female,Indore,Madhya Pradesh,Regular,Instagram,IG_NewLaunch,14-09-2024,Active,Amazon,Skincare,12-05-2025,2,698.6
563904,Sanjana Sandhu,30,Female,Chandigarh,Chandigarh,Value,Organic Search,Organic_Direct,10-12-2025,Active,Nykaa,Haircare,10-12-2025,1,551.65
522946,Suresh Vyas,37,Male,Surat,Gujarat,Value,Instagram,IG_Festive_Sale,29-05-2025,Active,Amazon,Colour Cosmetics,03-12-2025,2,1117.2
572102,Sameer Modi,34,Male,Surat,Gujarat,Value,Instagram,IG_Festive_Sale,14-06-2024,Dormant,D2C Website,Colour Cosmetics,17-05-2025,4,2188.05
547526,Fatima Kale,26,Female,Pune,Maharashtra,Regular,Marketplace,Amazon_Sponsored,17-09-2024,Dormant,Myntra,Skincare,17-09-2024,1,499
555723,Divya Sharma,34,Female,Delhi,Delhi,Premium,Google,Google_Search_Brand,15-07-2025,Active,Myntra,Colour Cosmetics,05-12-2025,5,1983.45
506572,Tanvi Pawar,27,Female,Mumbai,Maharashtra,Regular,Influencer,Influencer_Beauty_Bloggers,30-07-2025,Active,Amazon,Colour Cosmetics,10-11-2025,4,2110.5
555724,Zoya Chatterjee,26,Female,Kolkata,West Bengal,Regular,Instagram,IG_NewLaunch,19-11-2025,Active,Offline Store,Colour Cosmetics,19-11-2025,1,279.2
580301,Ritu Reddy,34,Female,Unknown,Unknown,Value,Instagram,IG_Festive_Sale,29-07-2025,Active,Nykaa,Skincare,05-11-2025,2,878.4
531147,Tarun Verma,37,Male,Patna,Bihar,Regular,Google,Google_Search_Brand,02-03-2025,Dormant,Quick Commerce,Skincare,06-03-2025,2,900.85
547537,Alex Sharma,34,Other,Hyderabad,Telangana,Value,Instagram,IG_Influencer_Collab,23-11-2025,Active,Amazon,Skincare,29-12-2025,8,7712.4
522962,Sanjana Raman,25,Female,Chennai,Tamil Nadu,Regular,Referral,ReferAFriend_Q3,07-02-2024,Active,Myntra,Skincare,18-11-2025,7,4886
588501,Pallavi Kale,25,Female,Pune,Maharashtra,Premium,Google,Google_Search_Brand,26-07-2025,Active,D2C Website,Skincare,26-10-2025,2,1192.25
506582,Naveen Gowda,43,Male,Bengaluru,Karnataka,Value,Instagram,IG_Reels_Push,05-07-2025,Active,Offline Store,Colour Cosmetics,05-07-2025,1,764.15
506590,Trisha Chavan,22,Female,Mumbai,Maharashtra,Premium,Influencer,Influencer_Beauty_Bloggers,28-09-2025,Active,Nykaa,Colour Cosmetics,28-09-2025,1,299
539363,Vidya Kulkarni,32,Female,Mumbai,Maharashtra,Value,Instagram,IG_Reels_Push,15-09-2025,Active,D2C Website,Skincare,15-09-2025,1,466.65
572132,Kavya Chavan,21,Female,Mumbai,Maharashtra,Regular,Influencer,Influencer_Micro,21-06-2025,Active,Offline Store,Colour Cosmetics,21-06-2025,1,551.65
572140,Deepak Kale,26,Male,Pune,Maharashtra,Value,Google,Google_Search_Brand,31-01-2025,Active,Quick Commerce,Colour Cosmetics,22-11-2025,4,1935.55
531186,Nandini Joshi,37,Female,Pune,Maharashtra,Value,Google,Google_Shopping,05-03-2025,Dormant,Amazon,Colour Cosmetics,20-12-2025,3,1526.4
563956,Nandini Raman,36,Female,Chennai,Tamil Nadu,Value,Instagram,IG_Influencer_Collab,07-12-2024,Dormant,Amazon,Skincare,14-04-2025,2,1487.4
547576,Ishita Bhosale,18,Female,Mumbai,Maharashtra,Regular,Organic Search,Organic_Direct,07-01-2025,Dormant,Quick Commerce,Skincare,31-08-2025,3,1442.1
531195,Deepak Chouhan,32,Male,Bhopal,Madhya Pradesh,Regular,Google,Google_Search_Generic,29-12-2024,Dormant,Offline Store,Skincare,16-08-2025,2,933.1
555771,Nandini Reddy,31,Female,Bengaluru,Karnataka,Regular,Google,Google_Search_Generic,02-05-2024,Inactive,Amazon,Skincare,23-08-2025,4,2306.35
506629,Pooja Kale,25,Female,Nagpur,Maharashtra,Regular,Google,Unknown,15-08-2024,Inactive,D2C Website,Colour Cosmetics,15-08-2024,1,439.2
506630,Ritu Vyas,43,Female,Vadodara,Gujarat,Premium,Organic Search,Organic_SEO_Blog,19-06-2024,Active,Amazon,Skincare,16-07-2024,2,643.35
588555,Nikhil Deshmukh,28,Male,Mumbai,Maharashtra,Value,Instagram,IG_Festive_Sale,24-08-2025,Active,Quick Commerce,Skincare,24-08-2025,1,299
523021,Riya Naik,30,Unknown,Bengaluru,Karnataka,Value,Influencer,Influencer_YT_Review,16-06-2025,Active,Amazon,Skincare,16-06-2025,1,449.1
523028,Zoya Chandran,29,Female,Chennai,Tamil Nadu,Premium,Referral,ReferAFriend_Q3,22-12-2025,Active,Quick Commerce,Haircare,29-12-2025,4,2432.45
563993,Farhan Gaikwad,36,Male,Mumbai,Maharashtra,Value,Marketplace,Amazon_Sponsored,17-10-2024,Active,D2C Website,Colour Cosmetics,10-12-2024,3,2660.5
506658,Fatima Verma,33,Female,Lucknow,Uttar Pradesh,Regular,Google,Google_Shopping,11-05-2025,Active,Nykaa,Colour Cosmetics,27-12-2025,5,2282.35
572199,Pooja Jha,24,Female,Patna,Bihar,Value,Organic Search,Organic_Direct,12-07-2025,Active,D2C Website,Skincare,12-07-2025,1,399.2
523053,Pranav Banerjee,37,Male,Kolkata,West Bengal,Value,Marketplace,Amazon_Sponsored,06-06-2025,Active,Myntra,Colour Cosmetics,06-06-2025,1,898
531252,Simran Kulkarni,21,Female,Bengaluru,Karnataka,Value,Organic Search,Organic_SEO_Blog,27-11-2025,Active,D2C Website,Haircare,18-12-2025,3,1234.75
539446,Pranav Mehra,40,Male,Delhi,Delhi,Value,Google,Google_Search_Brand,13-03-2025,Dormant,D2C Website,Skincare,01-11-2025,9,7181.2
514871,Shreya Pawar,28,Female,Mumbai,Maharashtra,Value,Google,Google_Search_Generic,27-06-2025,Inactive,Amazon,Haircare,27-06-2025,1,336.75
564032,Rahul Pillai,31,Male,Chennai,Tamil Nadu,Regular,Instagram,IG_NewLaunch,28-12-2025,Active,Quick Commerce,Colour Cosmetics,28-12-2025,1,549
531266,Ishita Bhat,33,Female,Bengaluru,Karnataka,Regular,Marketplace,Nykaa_Storefront,01-12-2025,Active,Nykaa,Colour Cosmetics,01-12-2025,1,638.4
564038,Manish Bose,29,Male,Kolkata,West Bengal,Regular,Google,Google_Shopping,05-08-2024,Active,Offline Store,Skincare,30-05-2025,2,2213.65
580422,Kritika Raju,32,Female,Hyderabad,Telangana,Value,Instagram,IG_Reels_Push,10-08-2025,Inactive,Myntra,Colour Cosmetics,17-08-2025,2,1831.3
564042,Rohan Malhotra,28,Male,Delhi,Delhi,Regular,Referral,ReferAFriend_Q1,22-12-2025,Active,D2C Website,Skincare,22-12-2025,1,798.4
596810,Kavya Ganguly,23,Female,Kolkata,West Bengal,Premium,Marketplace,Nykaa_Storefront,17-12-2025,Active,D2C Website,Colour Cosmetics,23-12-2025,2,1102.1
523086,Priya Agarwal,26,Female,Lucknow,Uttar Pradesh,Value,Organic Search,Organic_Direct,04-09-2025,Active,Offline Store,Colour Cosmetics,25-12-2025,2,915.8
596815,Neha Raman,35,Female,Chennai,Tamil Nadu,Regular,Instagram,IG_NewLaunch,30-10-2025,Dormant,Myntra,Skincare,23-12-2025,4,2770.1
514896,Vidya Bhosale,31,Female,Pune,Maharashtra,Value,Referral,ReferAFriend_Q1,17-10-2024,Active,Amazon,Skincare,14-08-2025,7,4752.65
539472,Manish Srivastava,21,Male,Lucknow,Uttar Pradesh,Value,Organic Search,Organic_Direct,20-11-2025,Dormant,Nykaa,Skincare,20-11-2025,1,381.65
531285,Nandini Reddy,31,Female,Bengaluru,Karnataka,Regular,Instagram,IG_Influencer_Collab,25-04-2025,Inactive,Offline Store,Skincare,25-04-2025,1,499
572255,Radhika Thomas,35,Female,Kochi,Kerala,Regular,Instagram,IG_Festive_Sale,13-11-2025,Active,Nykaa,Colour Cosmetics,23-12-2025,6,2943.05
555872,Yash Iyengar,29,Male,Chennai,Tamil Nadu,Value,Google,Google_Search_Generic,15-06-2025,Active,D2C Website,Skincare,15-06-2025,1,399
596832,Farhan Balan,34,Male,Coimbatore,Tamil Nadu,Value,Organic Search,Organic_Direct,06-04-2024,Dormant,D2C Website,Skincare,09-07-2024,4,1651.15
596835,Suresh Gaikwad,31,Male,Pune,Maharashtra,Value,Influencer,Influencer_YT_Review,25-07-2025,Active,Myntra,Colour Cosmetics,25-07-2025,1,449
531300,Deepika Naidu,34,Female,Hyderabad,Telangana,Value,Offline Store,Instore_EventPromo,28-10-2025,Active,Nykaa,Haircare,28-10-2025,1,729.3
514918,Aarav Kapoor,31,Male,Delhi,Delhi,Value,Instagram,IG_Influencer_Collab,11-09-2025,Active,Quick Commerce,Skincare,08-12-2025,3,1638.55
588647,Kritika Sinha,35,Female,Patna,Bihar,Value,Instagram,IG_NewLaunch,19-04-2025,Active,Offline Store,Colour Cosmetics,20-09-2025,2,1200.7
572264,Rajesh Shetty,32,Male,Bengaluru,Karnataka,Regular,Offline Store,Instore_EventPromo,09-09-2024,Inactive,Quick Commerce,Colour Cosmetics,09-09-2024,1,1438.2
588652,Siddharth Chawla,25,Male,Delhi,Delhi,Premium,Influencer,Influencer_Beauty_Bloggers,27-10-2025,Active,Nykaa,Colour Cosmetics,27-10-2025,1,988.2
506734,Simran Menon,24,Female,Kochi,Kerala,Value,Instagram,IG_NewLaunch,07-07-2025,Active,Myntra,Haircare,07-07-2025,1,429
547696,Deepika Gandhi,23,Female,Ahmedabad,Gujarat,Value,Marketplace,Nykaa_Storefront,29-08-2025,Active,Amazon,Skincare,07-12-2025,5,1666.1
539507,Arya Varma,25,Other,Hyderabad,Telangana,Value,Instagram,IG_Influencer_Collab,08-10-2025,Active,Quick Commerce,Colour Cosmetics,28-11-2025,8,4973.75
596851,Gaurav Naik,44,Male,Bengaluru,Karnataka,Value,Instagram,IG_NewLaunch,11-04-2025,Dormant,Myntra,Colour Cosmetics,11-04-2025,1,404.1
506743,Deepika Naik,36,Female,Bengaluru,Karnataka,Value,Organic Search,Organic_Direct,20-05-2025,Active,Amazon,Skincare,20-05-2025,1,584.1
514945,Kritika Hegde,23,Female,Bengaluru,Karnataka,Value,Referral,ReferAFriend_Q3,19-12-2025,Active,Myntra,Skincare,19-12-2025,1,254.15
539529,Ritu Arora,33,Female,Delhi,Delhi,Regular,Referral,ReferAFriend_Q3,05-10-2025,Active,Quick Commerce,Skincare,05-10-2025,1,404.1
514953,Akash Kale,33,Male,Mumbai,Maharashtra,Premium,Organic Search,Organic_SEO_Blog,17-12-2025,Active,Amazon,Skincare,30-12-2025,4,1748.85
506764,Zoya Bhatia,32,Female,Delhi,Delhi,Regular,Google,Google_Shopping,25-11-2025,Active,D2C Website,Haircare,08-12-2025,2,583.5
539535,Varun Bhatia,29,Male,Delhi,Delhi,Premium,Google,Google_Search_Generic,25-08-2025,Active,D2C Website,Skincare,29-09-2025,2,1213.2
531348,Tanvi Nair,20,Female,Chennai,Tamil Nadu,Premium,Google,Google_Shopping,28-09-2025,Dormant,Myntra,Colour Cosmetics,04-11-2025,3,1311.65
572309,Vani Chakraborty,20,Female,Kolkata,West Bengal,Value,Instagram,IG_Reels_Push,04-03-2025,Dormant,Myntra,Colour Cosmetics,27-08-2025,3,909.7
547739,Tanvi Kale,32,Female,Mumbai,Maharashtra,Value,Instagram,IG_Festive_Sale,14-10-2024,Active,Myntra,Colour Cosmetics,28-10-2025,3,1676.2
555933,Ritu Sharma,25,Female,Delhi,Delhi,Value,Instagram,IG_Reels_Push,21-12-2024,Dormant,Offline Store,Colour Cosmetics,03-03-2025,2,2645
531358,Kritika Ganguly,27,Female,Kolkata,West Bengal,Premium,Influencer,Influencer_YT_Review,16-09-2025,Active,Nykaa,Colour Cosmetics,16-09-2025,1,359.2
555936,Vikram Chakraborty,30,Male,Kolkata,West Bengal,Regular,Organic Search,Organic_SEO_Blog,01-07-2025,Active,D2C Website,Skincare,27-10-2025,3,1120.4
531365,Amit Shah,35,Male,Ahmedabad,Gujarat,Premium,Google,Google_Search_Brand,20-08-2024,Dormant,Quick Commerce,Skincare,10-11-2025,7,4138.65
547749,Deepika Kulkarni,18,Female,Pune,Maharashtra,Value,Offline Store,Instore_Walkin,21-10-2025,Active,Amazon,Colour Cosmetics,04-12-2025,3,1264.8
564139,Deepak Goud,36,Male,Hyderabad,Telangana,Value,Referral,ReferAFriend_Q1,19-11-2025,Active,Myntra,Colour Cosmetics,05-12-2025,3,929.75
514993,Aditya Mehra,29,Male,Delhi,Delhi,Value,Instagram,IG_Festive_Sale,30-06-2025,Active,Myntra,Colour Cosmetics,07-11-2025,8,4601.55
572340,Abhishek Raju,29,Male,Hyderabad,Telangana,Value,Instagram,IG_NewLaunch,27-10-2025,Active,Amazon,Skincare,27-10-2025,1,194.35
514996,Rakesh Gupta,18,Male,Unknown,Unknown,Regular,Instagram,IG_Festive_Sale,29-11-2025,Dormant,Nykaa,Skincare,29-11-2025,1,299.25
531385,Ritu Pawar,24,Female,Pune,Maharashtra,Premium,Marketplace,Myntra_Beauty_Week,01-09-2025,Active,Nykaa,Skincare,26-12-2025,5,2646.35
572350,Amit Arora,31,Male,Delhi,Delhi,Value,Marketplace,Myntra_Beauty_Week,05-04-2025,Dormant,Nykaa,Haircare,10-09-2025,4,3001.1
515012,Fatima Sharma,21,Female,Bhopal,Madhya Pradesh,Value,Google,Google_Shopping,26-11-2025,Dormant,D2C Website,Haircare,26-11-2025,1,426.55
515014,Gaurav Shinde,29,Male,Pune,Maharashtra,Regular,Influencer,Influencer_Micro,09-10-2025,Active,Myntra,Skincare,09-10-2025,1,616.55
523206,Neha Rajpurohit,23,Female,Jaipur,Rajasthan,Regular,Google,Google_Search_Generic,09-06-2024,Active,D2C Website,Colour Cosmetics,26-11-2025,8,4171.95
506826,Suresh Tiwari,25,Male,Lucknow,Uttar Pradesh,Premium,Google,Google_Shopping,19-08-2025,Active,D2C Website,Haircare,19-08-2025,1,399
539599,Kritika Raju,25,Female,Hyderabad,Telangana,Value,Google,Google_Shopping,01-03-2025,Inactive,Quick Commerce,Skincare,01-03-2025,1,321.75
564178,Meera Solanki,33,Female,Jaipur,Rajasthan,Value,Influencer,Influencer_Beauty_Bloggers,14-02-2025,Active,Nykaa,Colour Cosmetics,18-09-2025,5,1517.45
547795,Radhika Varma,18,Female,Hyderabad,Telangana,Value,Referral,ReferAFriend_Q1,04-04-2024,Dormant,Myntra,Skincare,17-11-2025,9,6919.85
523218,Shreya Kale,37,Female,Mumbai,Maharashtra,Value,Influencer,Influencer_Micro,22-12-2025,Active,Myntra,Colour Cosmetics,22-12-2025,1,1038.4
506839,Kritika Solanki,23,Female,Jaipur,Rajasthan,Value,Organic Search,Organic_Direct,21-10-2025,Active,Offline Store,Skincare,22-12-2025,8,5235.65
539608,Ishita Murugan,23,Female,Chennai,Tamil Nadu,Premium,Organic Search,Organic_Direct,09-12-2025,Active,Myntra,Colour Cosmetics,09-12-2025,1,224.1
572384,Aisha Pillai,41,Female,Chennai,Tamil Nadu,Regular,Organic Search,Organic_SEO_Blog,21-06-2025,Active,Offline Store,Colour Cosmetics,30-12-2025,4,1998.65
539618,Fatima Nair,34,Female,Unknown,Unknown,Value,Influencer,Influencer_YT_Review,16-07-2024,Active,Amazon,Haircare,16-07-2024,1,359.2
515043,Sanjana Chawla,35,Female,Delhi,Delhi,Regular,Google,Unknown,14-08-2025,Active,Myntra,Skincare,14-08-2025,1,799
588777,Amit Chatterjee,29,Male,Kolkata,West Bengal,Regular,Instagram,IG_NewLaunch,24-03-2025,Inactive,Amazon,Skincare,24-03-2025,1,551.65
588781,Nikhil Joshi,27,Male,Pune,Maharashtra,Value,Marketplace,Myntra_Beauty_Week,08-11-2024,Inactive,Amazon,Haircare,16-12-2024,3,1863.7
531439,Priya Trivedi,24,Female,Surat,Gujarat,Regular,Influencer,Influencer_Beauty_Bloggers,28-09-2024,Inactive,D2C Website,Skincare,27-01-2025,2,683.3
547823,Sandeep Bhatia,21,Male,Delhi,Delhi,Value,Instagram,IG_Reels_Push,06-11-2025,Active,Amazon,Colour Cosmetics,30-11-2025,3,1481.4
506863,Swati Sengupta,27,Female,Kolkata,West Bengal,Regular,Influencer,Influencer_Micro,01-08-2025,Dormant,Myntra,Colour Cosmetics,01-08-2025,1,224.1
515058,Radhika Bhatia,32,Female,Delhi,Delhi,Value,Instagram,IG_Reels_Push,26-04-2025,Inactive,Amazon,Skincare,26-04-2025,1,379.05
506868,Fatima Roy,24,Female,Kolkata,West Bengal,Regular,Google,Google_Search_Generic,14-11-2025,Active,Myntra,Colour Cosmetics,29-12-2025,4,2539.8
580610,Neha Varma,21,Female,Hyderabad,Telangana,Regular,Organic Search,Organic_Direct,16-12-2025,Dormant,Quick Commerce,Haircare,23-12-2025,4,2342.5
539651,Priya Iyengar,25,Female,Bengaluru,Karnataka,Value,Organic Search,Organic_Direct,28-08-2024,Active,Quick Commerce,Skincare,01-11-2025,5,2587.15
572420,Krishna Gupta,21,Male,Delhi,Delhi,Premium,Organic Search,Organic_Direct,06-06-2025,Dormant,Myntra,Haircare,06-06-2025,1,429
597004,Ritu Patil,18,Female,Mumbai,Maharashtra,Value,Influencer,Influencer_Beauty_Bloggers,03-05-2025,Active,Amazon,Skincare,18-12-2025,5,3636.6
588815,Aarav Yadav,24,Male,Lucknow,Uttar Pradesh,Premium,Google,Google_Shopping,16-03-2025,Inactive,D2C Website,Skincare,21-06-2025,3,1064.15
580623,Abhishek Joshi,27,Male,Ahmedabad,Gujarat,Value,Influencer,Influencer_YT_Review,26-09-2025,Active,Offline Store,Colour Cosmetics,26-09-2025,1,261.75
506895,Deepika Gupta,29,Female,Delhi,Delhi,Value,Influencer,Influencer_Micro,04-01-2025,Active,Quick Commerce,Colour Cosmetics,12-12-2025,5,2207.2
515095,Vani Hegde,32,Female,Bengaluru,Karnataka,Value,Instagram,IG_NewLaunch,24-08-2025,Active,Quick Commerce,Colour Cosmetics,24-08-2025,1,423.3
515096,Sameer Malhotra,18,Male,Delhi,Delhi,Regular,Marketplace,Nykaa_Storefront,09-12-2025,Active,D2C Website,Skincare,09-12-2025,1,494.1
556057,Tanvi Naidu,20,Female,Hyderabad,Telangana,Value,Google,Google_Shopping,12-10-2024,Dormant,Myntra,Colour Cosmetics,12-10-2024,1,799
564251,Manish Pillai,18,Male,Kochi,Kerala,Value,Instagram,IG_Festive_Sale,22-12-2025,Active,D2C Website,Colour Cosmetics,22-12-2025,1,249
588835,Sanjana Murugan,29,Female,Chennai,Tamil Nadu,Value,Google,Google_Search_Generic,07-09-2025,Active,Offline Store,Skincare,07-09-2025,1,314.1
564260,Gaurav Shukla,23,Male,Indore,Madhya Pradesh,Regular,Google,Google_Search_Brand,15-05-2024,Inactive,Offline Store,Colour Cosmetics,15-05-2024,1,249
531499,Anjali Nair,18,Female,Chennai,Tamil Nadu,Value,Google,Google_Search_Generic,09-07-2025,Active,Myntra,Unknown,25-10-2025,4,2564.3
539691,Deepak Hegde,32,Male,Bengaluru,Karnataka,Value,Influencer,Influencer_Beauty_Bloggers,18-08-2025,Active,Quick Commerce,Haircare,02-10-2025,3,1650.2
515118,Riya Reddy,39,Female,Bengaluru,Karnataka,Value,Offline Store,Instore_Walkin,09-10-2025,Active,Amazon,Skincare,30-12-2025,2,1354.85
580654,Neha Rathore,36,Female,Jaipur,Rajasthan,Regular,Influencer,Influencer_Micro,27-11-2025,Active,Offline Store,Skincare,27-11-2025,1,269.4
515129,Trisha Bhat,30,Female,Bengaluru,Karnataka,Value,Offline Store,Instore_Walkin,14-11-2025,Active,Offline Store,Haircare,30-12-2025,5,1704.85
580676,Rajesh Prasad,43,Male,Hyderabad,Telangana,Value,Influencer,Influencer_Micro,29-10-2025,Active,Quick Commerce,Skincare,30-12-2025,4,1551.15
515157,Sanjana Gaikwad,30,Female,Nagpur,Maharashtra,Value,Instagram,IG_Reels_Push,22-11-2024,Active,Nykaa,Colour Cosmetics,31-10-2025,3,1090.15
580694,Alex Agarwal,36,Other,Lucknow,Uttar Pradesh,Premium,Influencer,Influencer_Beauty_Bloggers,10-07-2025,Dormant,Myntra,Skincare,22-08-2025,2,853.2
588895,Farhan Grewal,29,Male,Chandigarh,Chandigarh,Value,Google,Google_Shopping,15-05-2025,Active,Myntra,Skincare,04-09-2025,3,1185.05
572512,Pallavi Chary,24,Female,Hyderabad,Telangana,Premium,Google,Google_Shopping,02-12-2025,Active,Nykaa,Colour Cosmetics,02-12-2025,1,679.15
506980,Vidya Chatterjee,18,Female,Kolkata,West Bengal,Regular,Google,Google_Search_Generic,16-03-2025,Active,Nykaa,Colour Cosmetics,29-11-2025,5,2370.1
547942,Ritu Deshmukh,32,Female,Pune,Maharashtra,Value,Instagram,IG_Influencer_Collab,16-06-2025,Dormant,D2C Website,Colour Cosmetics,16-06-2025,1,1077.6
588907,Deepak Chavan,18,Male,Mumbai,Maharashtra,Regular,Instagram,IG_Festive_Sale,18-12-2025,Active,Offline Store,Skincare,27-12-2025,2,1147.5
564332,Priya Goud,30,Female,Hyderabad,Telangana,Regular,Influencer,Influencer_YT_Review,30-08-2025,Dormant,D2C Website,Colour Cosmetics,30-08-2025,1,381.65
531566,Shreya Prasad,25,Female,Patna,Bihar,Premium,Google,Google_Search_Generic,14-11-2025,Dormant,Quick Commerce,Skincare,14-11-2025,1,673.5
572529,Nandini Rao,32,Female,Hyderabad,Telangana,Regular,Influencer,Influencer_Micro,28-10-2024,Active,D2C Website,Haircare,28-10-2024,1,381.65
547953,Swati Vyas,32,Female,Surat,Gujarat,Value,Offline Store,Instore_EventPromo,04-11-2025,Active,Offline Store,Colour Cosmetics,17-12-2025,9,6424.6
531571,Vikram Pawar,23,Male,Mumbai,Maharashtra,Premium,Google,Google_Search_Brand,10-10-2025,Active,Nykaa,Skincare,19-12-2025,4,2112.85
556148,Vikram Nair,33,Male,Chennai,Tamil Nadu,Value,Marketplace,Amazon_Sponsored,12-08-2025,Active,Amazon,Haircare,20-11-2025,4,2013.1
564340,Roshan Reddy,27,Unknown,Bengaluru,Karnataka,Value,Offline Store,Instore_Walkin,14-10-2025,Active,Nykaa,Skincare,14-10-2025,1,616.55
588916,Radhika Deshmukh,26,Female,Mumbai,Maharashtra,Regular,Offline Store,Instore_Walkin,03-10-2024,Inactive,Quick Commerce,Colour Cosmetics,03-10-2024,1,1103.3
580728,Tarun Mehta,26,Male,Jaipur,Rajasthan,Value,Offline Store,Instore_EventPromo,27-10-2024,Active,Nykaa,Colour Cosmetics,22-12-2025,5,1825.8
515194,Zoya Varma,29,Female,Hyderabad,Telangana,Premium,Influencer,Influencer_Micro,15-04-2024,Active,D2C Website,Skincare,17-06-2025,4,2867.25
572544,Simran Joshi,31,Female,Mumbai,Maharashtra,Value,Instagram,IG_Influencer_Collab,01-10-2025,Active,Quick Commerce,Skincare,01-10-2025,1,449.1
597120,Vani Chary,18,Female,Hyderabad,Telangana,Value,Instagram,IG_NewLaunch,05-09-2024,Active,Nykaa,Colour Cosmetics,11-10-2025,4,1898.85
588930,Vidya Raju,40,Female,Hyderabad,Telangana,Regular,Offline Store,Instore_EventPromo,04-04-2025,Active,Offline Store,Colour Cosmetics,26-12-2025,5,2784
523405,Arya Gupta,27,Other,Delhi,Delhi,Regular,Offline Store,Instore_EventPromo,13-10-2024,Active,Amazon,Colour Cosmetics,03-12-2025,5,4475.75
507026,Amit Pawar,33,Male,Mumbai,Maharashtra,Regular,Instagram,IG_Reels_Push,24-12-2025,Active,Nykaa,Skincare,24-12-2025,1,649
556179,Pooja Srivastava,37,Female,Lucknow,Uttar Pradesh,Value,Instagram,IG_Influencer_Collab,06-05-2024,Active,Quick Commerce,Colour Cosmetics,09-05-2024,2,1075.55
515220,Arya Menon,18,Unknown,Kochi,Kerala,Regular,Google,Google_Search_Generic,03-09-2024,Dormant,Myntra,Colour Cosmetics,18-12-2025,5,1897.7
523416,Kritika Rathore,23,Female,Bhopal,Madhya Pradesh,Regular,Referral,ReferAFriend_Q1,16-03-2025,Dormant,Offline Store,Colour Cosmetics,26-06-2025,4,2318.4
597154,Sameer Khanna,25,Male,Delhi,Delhi,Value,Google,Google_Shopping,21-04-2025,Active,Offline Store,Skincare,21-04-2025,1,254.15
556207,Sanjana Arora,25,Female,Delhi,Delhi,Value,Instagram,IG_Influencer_Collab,28-12-2024,Dormant,Quick Commerce,Skincare,28-12-2024,1,948.1
539824,Ishita Mehra,18,Female,Delhi,Delhi,Regular,Organic Search,Organic_SEO_Blog,12-04-2025,Active,Offline Store,Haircare,13-07-2025,4,1998.05
531635,Riya Balan,28,Female,Coimbatore,Tamil Nadu,Value,Instagram,IG_Reels_Push,19-11-2024,Inactive,D2C Website,Colour Cosmetics,21-05-2025,3,2155.2
539829,Kavya Reddy,22,Female,Bengaluru,Karnataka,Regular,Offline Store,Instore_EventPromo,23-08-2025,Active,Myntra,Skincare,23-08-2025,1,899
588984,Abhishek Bhosale,30,Male,Mumbai,Maharashtra,Regular,Instagram,IG_Festive_Sale,26-08-2025,Active,Myntra,Unknown,26-08-2025,1,379.05
572603,Kritika Modi,20,Female,Ahmedabad,Gujarat,Value,Influencer,Influencer_Beauty_Bloggers,09-12-2025,Active,Myntra,Haircare,09-12-2025,1,386.1
539857,Tanvi Gogoi,23,Female,Guwahati,Assam,Value,Marketplace,Myntra_Beauty_Week,12-12-2025,Active,Myntra,Colour Cosmetics,12-12-2025,1,1347.3
556244,Sneha Tiwari,27,Female,Bhopal,Madhya Pradesh,Regular,Organic Search,Organic_Direct,25-05-2025,Active,Amazon,Skincare,22-11-2025,8,6867
589016,Arjun Shinde,27,Male,Mumbai,Maharashtra,Value,Instagram,IG_NewLaunch,12-12-2025,Active,D2C Website,Skincare,12-12-2025,1,379.05
507100,Priya Joshi,27,Female,Pune,Maharashtra,Regular,Influencer,Influencer_YT_Review,07-08-2025,Dormant,Myntra,Skincare,07-08-2025,1,519.2
515292,Zoya Varma,18,Female,Hyderabad,Telangana,Value,Influencer,Influencer_YT_Review,27-11-2025,Active,Quick Commerce,Colour Cosmetics,13-12-2025,7,4535.3
507104,Sonal Sharma,37,Female,Delhi,Delhi,Regular,Organic Search,Organic_SEO_Blog,18-12-2025,Active,D2C Website,Skincare,23-12-2025,2,570.75
572641,Aisha Pawar,37,Female,Mumbai,Maharashtra,Value,Instagram,IG_Festive_Sale,23-11-2025,Dormant,Myntra,Haircare,23-11-2025,1,772.2
597218,Ishita Chandran,29,Female,Coimbatore,Tamil Nadu,Premium,Referral,ReferAFriend_Q3,04-10-2025,Active,Nykaa,Colour Cosmetics,19-12-2025,2,735.75
564451,Simran Kulkarni,21,Female,Pune,Maharashtra,Regular,Offline Store,Instore_EventPromo,27-12-2024,Dormant,D2C Website,Colour Cosmetics,28-12-2025,5,3746.05
564454,Tanvi Kale,25,Female,Pune,Maharashtra,Regular,Influencer,Influencer_Micro,24-09-2024,Dormant,Quick Commerce,Colour Cosmetics,07-01-2025,4,2317.3
556267,Anjali Kapoor,28,Female,Delhi,Delhi,Premium,Organic Search,Organic_Direct,24-06-2025,Active,Offline Store,Colour Cosmetics,24-06-2025,1,439.2
572655,Rahul Bajaj,25,Male,Chandigarh,Chandigarh,Value,Google,Google_Shopping,04-10-2024,Active,Offline Store,Haircare,04-10-2024,1,404.1
523509,Sanjana Varma,26,Female,Hyderabad,Telangana,Value,Google,Google_Search_Brand,04-09-2025,Dormant,Quick Commerce,Skincare,10-12-2025,9,6618.65
539893,Sneha Vyas,25,Female,Surat,Gujarat,Value,Organic Search,Organic_SEO_Blog,09-01-2025,Active,Nykaa,Colour Cosmetics,09-03-2025,2,1616.85
572667,Akash Jha,32,Male,Patna,Bihar,Premium,Instagram,IG_Reels_Push,15-11-2025,Active,Offline Store,Colour Cosmetics,15-11-2025,1,331.55
523519,Aarav Bhat,23,Male,Bengaluru,Karnataka,Value,Influencer,Influencer_Beauty_Bloggers,04-03-2024,Dormant,D2C Website,Skincare,04-03-2024,1,411.75
597248,Pooja Shetty,27,Female,Bengaluru,Karnataka,Value,Instagram,IG_Reels_Push,14-04-2025,Inactive,Quick Commerce,Skincare,14-04-2025,1,616.55
589065,Nandini Rathore,24,Female,Jaipur,Rajasthan,Value,Organic Search,Organic_Direct,30-04-2024,Active,Nykaa,Haircare,15-09-2025,9,5502.05
507146,Tanvi Kulkarni,25,Female,Mumbai,Maharashtra,Regular,Offline Store,Instore_EventPromo,15-08-2024,Dormant,Nykaa,Colour Cosmetics,04-10-2025,4,2180
597260,Kavya Trivedi,22,Female,Ahmedabad,Gujarat,Value,Influencer,Influencer_Beauty_Bloggers,02-10-2024,Active,D2C Website,Haircare,01-11-2025,10,5910.55
572684,Varun Verma,32,Male,Lucknow,Uttar Pradesh,Value,Influencer,Influencer_Beauty_Bloggers,20-10-2025,Active,D2C Website,Skincare,20-10-2025,1,239.2
572692,Tanvi Iyengar,29,Female,Bengaluru,Karnataka,Value,Influencer,Influencer_Micro,08-10-2025,Active,Amazon,Skincare,08-10-2025,1,314.1
597290,Fatima Kamath,24,Female,Bengaluru,Karnataka,Value,Offline Store,Instore_Walkin,18-10-2025,Active,Offline Store,Skincare,11-12-2025,8,5803.95
507180,Fatima Gaikwad,27,Female,Pune,Maharashtra,Regular,Influencer,Influencer_Beauty_Bloggers,07-09-2024,Active,Quick Commerce,Haircare,10-10-2025,4,3039.9
556333,Pallavi Das,32,Female,Guwahati,Assam,Regular,Google,Google_Search_Generic,12-12-2024,Inactive,Offline Store,Skincare,19-01-2025,2,870.85
548147,Siddharth Kapoor,21,Male,Delhi,Delhi,Value,Marketplace,Myntra_Beauty_Week,05-11-2025,Active,Amazon,Skincare,10-12-2025,4,1591.55
556346,Tanvi Pawar,18,Female,Pune,Maharashtra,Value,Organic Search,Organic_SEO_Blog,30-03-2025,Inactive,Nykaa,Haircare,30-03-2025,1,349
556349,Pallavi Sharma,28,Female,Delhi,Delhi,Value,Influencer,Influencer_YT_Review,09-04-2025,Active,Offline Store,Colour Cosmetics,02-11-2025,2,2830.8
597310,Tanvi Shukla,36,Female,Indore,Madhya Pradesh,Value,Google,Google_Shopping,15-07-2025,Active,Myntra,Skincare,15-07-2025,1,551.65
580931,Ravi Kulkarni,20,Unknown,Pune,Maharashtra,Value,Google,Google_Search_Generic,19-04-2025,Dormant,Offline Store,Skincare,30-10-2025,3,1322.05
515396,Neha Chouhan,26,Female,Indore,Madhya Pradesh,Regular,Instagram,IG_Festive_Sale,16-11-2025,Active,Nykaa,Skincare,25-12-2025,9,6892.3
523600,Pooja Shetty,33,Female,Bengaluru,Karnataka,Value,Google,Google_Search_Brand,25-09-2024,Active,Nykaa,Colour Cosmetics,07-10-2025,4,1765.8
548176,Priya Patel,29,Unknown,Surat,Gujarat,Value,Marketplace,Nykaa_Storefront,03-01-2025,Inactive,Myntra,Colour Cosmetics,03-01-2025,1,224.1
556370,Radhika Shinde,27,Female,Nagpur,Maharashtra,Premium,Organic Search,Organic_SEO_Blog,13-12-2024,Dormant,Nykaa,Skincare,30-11-2025,6,5240.6
564569,Shreya Singh,20,Female,Jaipur,Rajasthan,Value,Google,Google_Search_Brand,15-02-2025,Active,Myntra,Skincare,15-02-2025,1,494.1
572768,Pallavi Deshmukh,31,Female,Mumbai,Maharashtra,Value,Instagram,IG_NewLaunch,07-05-2024,Dormant,Amazon,Skincare,01-04-2025,3,1536.7
540001,Lakshmi Kulkarni,25,Female,Pune,Maharashtra,Value,Instagram,IG_NewLaunch,15-12-2025,Active,Amazon,Skincare,15-12-2025,1,519.35
556387,Kritika Ghosh,18,Female,Kolkata,West Bengal,Premium,Instagram,IG_NewLaunch,30-10-2025,Active,D2C Website,Skincare,16-12-2025,3,1431.4
523627,Tarun Pawar,31,Male,Mumbai,Maharashtra,Value,Marketplace,Myntra_Beauty_Week,21-03-2025,Inactive,Myntra,Skincare,21-03-2025,1,224.25
589166,Anjali Ahluwalia,32,Female,Chandigarh,Chandigarh,Regular,Marketplace,Myntra_Beauty_Week,06-11-2024,Active,Offline Store,Colour Cosmetics,17-01-2025,2,987.9
580981,Kavya Arora,30,Female,Delhi,Delhi,Value,Instagram,IG_NewLaunch,26-04-2024,Inactive,Offline Store,Haircare,16-07-2024,2,790.2
531830,Ishita Bhat,18,Female,Bengaluru,Karnataka,Regular,Marketplace,Amazon_Sponsored,05-12-2025,Active,D2C Website,Colour Cosmetics,05-12-2025,1,399
548213,Siddharth Kurup,37,Male,Kochi,Kerala,Regular,Instagram,IG_Reels_Push,15-06-2025,Active,Quick Commerce,Skincare,31-08-2025,3,1769.95
597370,Ritu Srivastava,18,Female,Lucknow,Uttar Pradesh,Regular,Marketplace,Nykaa_Storefront,08-03-2025,Inactive,D2C Website,Colour Cosmetics,08-03-2025,1,381.65
540026,Vidya Patil,38,Female,Mumbai,Maharashtra,Value,Offline Store,Instore_Walkin,24-09-2025,Active,Offline Store,Colour Cosmetics,24-09-2025,1,404.1
523647,Tanvi Pillai,24,Female,Chennai,Tamil Nadu,Regular,Instagram,IG_Reels_Push,06-12-2025,Active,D2C Website,Colour Cosmetics,14-12-2025,2,1017.45
589192,Zoya Chawla,30,Female,Delhi,Delhi,Value,Google,Google_Search_Generic,13-11-2025,Active,Nykaa,Haircare,13-11-2025,1,593.3
531850,Deepak Modi,24,Male,Ahmedabad,Gujarat,Value,Influencer,Influencer_Micro,27-11-2024,Inactive,Nykaa,Haircare,27-11-2024,1,239.2
581006,Kritika Pillai,27,Female,Chennai,Tamil Nadu,Regular,Instagram,IG_Reels_Push,28-03-2025,Inactive,Quick Commerce,Skincare,28-03-2025,1,584.1
581018,Pooja Trivedi,30,Female,Ahmedabad,Gujarat,Value,Marketplace,Nykaa_Storefront,28-12-2025,Active,Myntra,Colour Cosmetics,28-12-2025,1,224.1
597404,Nandini Mehra,38,Female,Delhi,Delhi,Regular,Instagram,IG_NewLaunch,29-08-2025,Active,Offline Store,Colour Cosmetics,29-08-2025,1,349
556446,Trisha Murugan,30,Female,Chennai,Tamil Nadu,Premium,Organic Search,Organic_SEO_Blog,05-04-2024,Active,D2C Website,Colour Cosmetics,26-05-2025,7,4253.9
556450,Ishita Iyengar,18,Female,Chennai,Tamil Nadu,Premium,Instagram,IG_NewLaunch,15-02-2025,Inactive,D2C Website,Haircare,15-02-2025,1,1358.3
572845,Vani Kale,25,Female,Pune,Maharashtra,Premium,Referral,ReferAFriend_Q3,12-08-2025,Active,Nykaa,Skincare,12-08-2025,1,194.35
572848,Nandini Nair,18,Female,Kochi,Kerala,Value,Google,Google_Search_Generic,07-12-2025,Active,Myntra,Unknown,18-12-2025,2,615.75
531890,Kritika Sandhu,27,Female,Chandigarh,Chandigarh,Value,Google,Unknown,17-08-2024,Active,Offline Store,Haircare,20-05-2025,2,1070.05
531891,Gaurav Khanna,32,Male,Delhi,Delhi,Regular,Influencer,Influencer_YT_Review,29-05-2024,Inactive,Quick Commerce,Skincare,23-01-2025,4,1920.85
523703,Kritika Mehta,18,Female,Surat,Gujarat,Value,Instagram,IG_Reels_Push,24-12-2024,Active,Myntra,Colour Cosmetics,17-12-2025,9,7017.4
589241,Simran Pawar,18,Female,Mumbai,Maharashtra,Value,Influencer,Influencer_Micro,17-02-2025,Dormant,Amazon,Skincare,03-04-2025,2,1295.7
581057,Rakesh Dubey,18,Male,Bhopal,Madhya Pradesh,Premium,Instagram,IG_Reels_Push,14-12-2024,Active,Myntra,Colour Cosmetics,14-12-2024,1,486.75
515525,Priya Kale,29,Unknown,Pune,Maharashtra,Regular,Google,Google_Search_Brand,10-12-2025,Active,Nykaa,Skincare,10-12-2025,1,424.15
564686,Varun Khanna,29,Male,Delhi,Delhi,Regular,Google,Google_Search_Generic,17-12-2025,Active,D2C Website,Skincare,17-12-2025,1,584.1
556498,Anjali Shinde,18,Female,Mumbai,Maharashtra,Value,Instagram,IG_Festive_Sale,27-11-2025,Active,Myntra,Skincare,27-11-2025,1,538.2
531925,Riya Kale,21,Female,Mumbai,Maharashtra,Premium,Instagram,IG_NewLaunch,27-12-2025,Active,Offline Store,Skincare,27-12-2025,1,424.15
548311,Divya Bhosale,26,Female,Mumbai,Maharashtra,Value,Google,Google_Search_Brand,22-09-2024,Active,D2C Website,Haircare,04-11-2025,6,5173.55
507355,Riya Gowda,18,Female,Bengaluru,Karnataka,Value,Influencer,Influencer_Beauty_Bloggers,08-10-2024,Active,Offline Store,Skincare,15-10-2025,8,8477.7
589277,Neha Chavan,31,Female,Mumbai,Maharashtra,Value,Influencer,Influencer_Beauty_Bloggers,26-11-2025,Active,Myntra,Skincare,26-11-2025,1,324.35
597472,Kritika Raman,36,Female,Chennai,Tamil Nadu,Value,Marketplace,Amazon_Sponsored,20-02-2025,Inactive,Quick Commerce,Skincare,02-04-2025,2,3346
507362,Shreya Verma,26,Female,Delhi,Delhi,Regular,Organic Search,Organic_Direct,25-10-2025,Active,Myntra,Colour Cosmetics,15-12-2025,3,1119.75
540135,Priya Chandran,40,Female,Chennai,Tamil Nadu,Value,Organic Search,Organic_Direct,23-07-2025,Active,D2C Website,Colour Cosmetics,25-12-2025,4,2849.9
531946,Aisha Solanki,18,Female,Jaipur,Rajasthan,Regular,Influencer,Influencer_YT_Review,14-03-2024,Active,D2C Website,Colour Cosmetics,26-09-2025,10,6687.75
548331,Neha Deshmukh,26,Female,Pune,Maharashtra,Premium,Google,Google_Shopping,21-07-2025,Dormant,D2C Website,Skincare,21-07-2025,1,551.65
572910,Anjali Verma,36,Female,Lucknow,Uttar Pradesh,Value,Influencer,Influencer_Beauty_Bloggers,28-02-2025,Active,Amazon,Skincare,27-09-2025,7,7505.1
564722,Sonal Pawar,28,Female,Nagpur,Maharashtra,Premium,Instagram,IG_NewLaunch,24-11-2025,Active,Offline Store,Skincare,24-11-2025,1,584.1
556531,Sandeep Singh,18,Male,Patna,Bihar,Regular,Google,Google_Search_Brand,19-09-2025,Active,Offline Store,Colour Cosmetics,04-12-2025,3,1177.7
531963,Riya Kohli,25,Female,Chandigarh,Chandigarh,Regular,Referral,ReferAFriend_Q1,26-11-2025,Active,D2C Website,Haircare,26-11-2025,1,1098
572924,Sanjana Shetty,24,Female,Bengaluru,Karnataka,Regular,Influencer,Influencer_Micro,18-04-2025,Dormant,Amazon,Skincare,18-04-2025,1,339.15
548351,Rohan Dubey,32,Male,Bhopal,Madhya Pradesh,Value,Instagram,IG_Reels_Push,26-05-2025,Active,Myntra,Colour Cosmetics,26-05-2025,1,331.55
523777,Manish Chouhan,18,Male,Jaipur,Rajasthan,Value,Google,Google_Search_Brand,28-11-2025,Active,Amazon,Colour Cosmetics,28-11-2025,1,319.2
531979,Priya Chary,31,Female,Hyderabad,Telangana,Value,Referral,ReferAFriend_Q1,28-12-2025,Active,D2C Website,Skincare,28-12-2025,1,584.1
523788,Vidya Chavan,40,Female,Pune,Maharashtra,Regular,Google,Google_Shopping,22-04-2025,Inactive,D2C Website,Skincare,22-04-2025,1,1168.7
548368,Vidya Tiwari,27,Female,Bhopal,Madhya Pradesh,Premium,Offline Store,Instore_Walkin,19-02-2025,Active,Myntra,Skincare,27-11-2025,3,1484.45
564764,Sandeep Iyengar,23,Male,Bengaluru,Karnataka,Value,Offline Store,Instore_Walkin,26-09-2025,Dormant,Quick Commerce,Colour Cosmetics,10-12-2025,3,1221.15
540189,Trisha Verma,33,Female,Delhi,Delhi,Premium,Instagram,IG_Reels_Push,05-11-2024,Inactive,D2C Website,Colour Cosmetics,05-11-2024,1,628.2
532007,Ananya Patil,22,Female,Mumbai,Maharashtra,Value,Offline Store,Instore_Walkin,27-07-2025,Active,D2C Website,Skincare,02-12-2025,5,2702.35
589353,Anjali Gupta,33,Female,Delhi,Delhi,Value,Instagram,IG_NewLaunch,17-06-2025,Active,Nykaa,Colour Cosmetics,03-12-2025,3,1164.65
548393,Aisha Bhatia,28,Female,Delhi,Delhi,Value,Instagram,IG_NewLaunch,29-11-2025,Active,Nykaa,Colour Cosmetics,12-12-2025,2,678.3
523819,Yash Yadav,39,Male,Lucknow,Uttar Pradesh,Value,Influencer,Influencer_Micro,03-07-2024,Active,Quick Commerce,Colour Cosmetics,22-09-2025,5,1521
572972,Priya Tiwari,33,Other,Indore,Madhya Pradesh,Premium,Google,Google_Search_Brand,04-10-2025,Active,Nykaa,Skincare,11-11-2025,3,2812.8
581167,Aarav Iyengar,35,Male,Bengaluru,Karnataka,Value,Instagram,IG_Reels_Push,05-02-2025,Inactive,Quick Commerce,Skincare,05-02-2025,1,649
532018,Farhan Jain,38,Male,Jaipur,Rajasthan,Regular,Instagram,IG_Festive_Sale,04-05-2025,Dormant,D2C Website,Haircare,04-05-2025,1,254.15
589364,Vivek Subramaniam,33,Male,Coimbatore,Tamil Nadu,Regular,Marketplace,Nykaa_Storefront,31-12-2024,Inactive,Amazon,Skincare,07-05-2025,4,3226.4
564789,Kavya Raman,18,Female,Coimbatore,Tamil Nadu,Value,Referral,ReferAFriend_Q1,15-05-2025,Dormant,Offline Store,Skincare,15-05-2025,1,674.25
523834,Divya Trivedi,24,Female,Surat,Gujarat,Value,Google,Google_Shopping,31-05-2025,Active,Amazon,Skincare,31-05-2025,1,1168.2
556606,Karan Verma,25,Male,Delhi,Delhi,Value,Organic Search,Organic_SEO_Blog,25-07-2025,Active,Quick Commerce,Skincare,25-07-2025,1,399
507455,Radhika Deshmukh,24,Female,Pune,Maharashtra,Value,Influencer,Influencer_Beauty_Bloggers,12-08-2025,Inactive,D2C Website,Skincare,12-08-2025,1,424.15
581183,Aditya Naidu,40,Male,Hyderabad,Telangana,Value,Organic Search,Organic_Direct,12-11-2025,Active,Amazon,Colour Cosmetics,12-11-2025,1,597.6
564799,Anjali Nair,19,Female,Chennai,Tamil Nadu,Regular,Instagram,IG_NewLaunch,04-07-2024,Active,D2C Website,Skincare,30-05-2025,5,1910.7
507456,Neha Chary,20,Female,Hyderabad,Telangana,Value,Organic Search,Organic_SEO_Blog,09-05-2024,Inactive,Amazon,Colour Cosmetics,07-03-2025,2,748
548434,Sanjana Desai,29,Female,Vadodara,Gujarat,Value,Google,Unknown,20-08-2024,Active,Offline Store,Haircare,28-08-2025,2,1555.5
556626,Kunal Iyengar,33,Male,Chennai,Tamil Nadu,Value,Google,Google_Search_Generic,25-10-2025,Active,Myntra,Colour Cosmetics,25-10-2025,1,584.1
581205,Aarav Yadav,26,Male,Lucknow,Uttar Pradesh,Value,Influencer,Influencer_YT_Review,13-12-2025,Active,Offline Store,Skincare,19-12-2025,2,873.25
515670,Sneha Sengupta,18,Female,Kolkata,West Bengal,Premium,Google,Google_Search_Brand,04-06-2024,Inactive,Amazon,Haircare,04-06-2024,1,686.4
589399,Ishita Iyengar,30,Female,Chennai,Tamil Nadu,Value,Organic Search,Organic_Direct,16-11-2025,Active,Quick Commerce,Haircare,16-11-2025,1,386.1
597594,Meera Parekh,33,Female,Ahmedabad,Gujarat,Value,Instagram,IG_NewLaunch,07-07-2025,Active,Amazon,Haircare,27-12-2025,5,2850
507492,Harsh Chavan,32,Male,Pune,Maharashtra,Regular,Influencer,Influencer_Micro,07-10-2024,Inactive,Offline Store,Skincare,07-10-2024,1,549
597605,Aarav Bhatia,18,Male,Delhi,Delhi,Regular,Influencer,Influencer_Micro,03-12-2024,Active,Amazon,Skincare,23-09-2025,2,598.5
597609,Kritika Sharma,31,Female,Indore,Madhya Pradesh,Value,Referral,ReferAFriend_Q1,28-08-2025,Dormant,Offline Store,Haircare,28-08-2025,1,429
581226,Simran Pillai,28,Female,Chennai,Tamil Nadu,Regular,Referral,ReferAFriend_Q3,10-02-2025,Active,Myntra,Skincare,20-12-2025,8,6087.85
573048,Sonal Gupta,34,Female,Delhi,Delhi,Value,Influencer,Influencer_Micro,02-06-2025,Inactive,Amazon,Skincare,02-06-2025,1,449.1
532092,Kritika Sethi,20,Female,Chandigarh,Chandigarh,Regular,Google,Google_Search_Brand,25-08-2024,Active,Quick Commerce,Colour Cosmetics,14-12-2025,3,874.95
515713,Sneha Naidu,32,Female,Hyderabad,Telangana,Premium,Instagram,IG_Festive_Sale,16-05-2024,Inactive,Quick Commerce,Skincare,16-05-2024,1,1557.6
573060,Riya Gupta,35,Other,Delhi,Delhi,Premium,Instagram,IG_Influencer_Collab,18-09-2025,Active,Myntra,Colour Cosmetics,14-10-2025,2,1307.2
515726,Divya Mishra,29,Female,Patna,Bihar,Regular,Offline Store,Instore_Walkin,16-10-2025,Active,Nykaa,Skincare,15-12-2025,6,3317.35
540306,Amit Chatterjee,34,Male,Kolkata,West Bengal,Value,Instagram,IG_Influencer_Collab,13-03-2024,Active,D2C Website,Haircare,24-11-2025,4,3032.15
548503,Nikhil Pandey,35,Male,Lucknow,Uttar Pradesh,Regular,Instagram,IG_NewLaunch,05-12-2025,Active,Myntra,Haircare,28-12-2025,4,1746.3
540319,Arjun Mishra,22,Male,Lucknow,Uttar Pradesh,Value,Influencer,Influencer_Beauty_Bloggers,19-09-2024,Inactive,Offline Store,Skincare,09-10-2024,2,1040.7
597671,Pallavi Kale,22,Female,Mumbai,Maharashtra,Value,Instagram,IG_Reels_Push,10-05-2025,Inactive,Offline Store,Colour Cosmetics,10-05-2025,1,449
564923,Anjali Khanna,28,Female,Delhi,Delhi,Value,Marketplace,Nykaa_Storefront,22-09-2025,Active,Amazon,Colour Cosmetics,19-12-2025,2,1127.2
507592,Akash Joshi,35,Male,Mumbai,Maharashtra,Value,Organic Search,Organic_Direct,04-09-2025,Active,Nykaa,Haircare,04-09-2025,1,319.2
573133,Vidya Kumar,34,Female,Hyderabad,Telangana,Regular,Influencer,Influencer_YT_Review,05-10-2025,Dormant,D2C Website,Skincare,05-10-2025,1,988.2
564942,Vikram Sharma,23,Male,Bhopal,Madhya Pradesh,Value,Offline Store,Unknown,17-11-2025,Active,Quick Commerce,Skincare,17-11-2025,1,998
532177,Rajesh Hegde,37,Male,Bengaluru,Karnataka,Value,Influencer,Influencer_Beauty_Bloggers,11-10-2025,Active,D2C Website,Skincare,13-12-2025,2,875.65
548566,Neha Pawar,26,Female,Pune,Maharashtra,Regular,Google,Google_Shopping,17-11-2025,Active,D2C Website,Skincare,17-11-2025,1,799
548571,Anjali Kulkarni,25,Female,Mumbai,Maharashtra,Value,Influencer,Influencer_Beauty_Bloggers,15-03-2024,Inactive,Offline Store,Skincare,15-03-2024,1,1103.3
573147,Vani Pillai,21,Female,Kochi,Kerala,Value,Organic Search,Organic_Direct,07-07-2025,Active,Myntra,Colour Cosmetics,07-07-2025,1,399
589539,Vikram Arora,30,Male,Delhi,Delhi,Regular,Influencer,Influencer_Micro,07-01-2025,Active,Offline Store,Haircare,21-06-2025,4,1176.6
515814,Tarun Chandran,28,Male,Chennai,Tamil Nadu,Value,Organic Search,Organic_SEO_Blog,17-01-2025,Active,D2C Website,Skincare,19-08-2025,5,1756
581351,Divya Srivastava,32,Female,Lucknow,Uttar Pradesh,Value,Influencer,Influencer_Beauty_Bloggers,21-09-2025,Active,D2C Website,Colour Cosmetics,21-09-2025,1,359.2
597735,Ishita Deshmukh,27,Female,Pune,Maharashtra,Value,Google,Google_Shopping,21-12-2024,Active,Myntra,Colour Cosmetics,06-09-2025,3,1189.85
540404,Vidya Singh,23,Female,Patna,Bihar,Value,Instagram,IG_NewLaunch,29-12-2025,Active,Amazon,Colour Cosmetics,29-12-2025,1,521.55
597754,Nikhil Nair,35,Male,Coimbatore,Tamil Nadu,Value,Google,Google_Search_Generic,16-03-2024,Inactive,Quick Commerce,Colour Cosmetics,24-04-2024,2,1744.4
581381,Priya Kale,36,Female,Pune,Maharashtra,Premium,Organic Search,Organic_SEO_Blog,23-05-2025,Active,Myntra,Skincare,07-09-2025,5,2128.7
540425,Gaurav Tripathi,35,Male,Lucknow,Uttar Pradesh,Value,Influencer,Influencer_Beauty_Bloggers,19-11-2024,Inactive,Quick Commerce,Skincare,19-11-2024,1,499
597771,Anjali Sidhu,22,Female,Chandigarh,Chandigarh,Regular,Instagram,IG_Influencer_Collab,03-06-2025,Active,Myntra,Skincare,23-10-2025,4,2844.25
507665,Meera Shah,20,Female,Vadodara,Gujarat,Value,Organic Search,Organic_SEO_Blog,24-01-2025,Dormant,Myntra,Skincare,24-01-2025,1,314.1
524050,Zoya Modi,20,Female,Ahmedabad,Gujarat,Regular,Organic Search,Organic_Direct,28-03-2025,Inactive,Nykaa,Unknown,28-03-2025,1,549
515860,Neha Raju,35,Female,Hyderabad,Telangana,Value,Organic Search,Organic_Direct,09-12-2024,Inactive,Amazon,Skincare,14-12-2024,2,718.1
548629,Pooja Parekh,18,Female,Ahmedabad,Gujarat,Regular,Google,Google_Shopping,21-04-2024,Dormant,Quick Commerce,Colour Cosmetics,20-12-2025,9,6878.4
556822,Sonal Banerjee,45,Female,Kolkata,West Bengal,Value,Instagram,IG_Festive_Sale,10-11-2025,Active,Amazon,Haircare,10-11-2025,1,551.65
581399,Farhan Chary,30,Male,Hyderabad,Telangana,Value,Organic Search,Organic_Direct,06-05-2025,Dormant,Myntra,Skincare,10-09-2025,2,1257.8
515866,Zoya Chavan,35,Female,Mumbai,Maharashtra,Value,Organic Search,Organic_SEO_Blog,05-06-2025,Active,Nykaa,Skincare,05-06-2025,1,1849.65
597794,Farhan Kamath,36,Male,Bengaluru,Karnataka,Premium,Instagram,IG_Festive_Sale,21-02-2025,Active,Quick Commerce,Haircare,12-08-2025,2,875.55
507685,Pooja Reddy,32,Female,Bengaluru,Karnataka,Regular,Instagram,Unknown,17-08-2024,Active,Quick Commerce,Skincare,17-08-2024,1,494.1
581416,Ritu Sharma,32,Female,Indore,Madhya Pradesh,Value,Influencer,Influencer_Beauty_Bloggers,28-08-2025,Dormant,D2C Website,Colour Cosmetics,28-08-2025,1,639.2
532271,Sneha Prasad,28,Female,Hyderabad,Telangana,Value,Influencer,Influencer_Micro,09-06-2025,Dormant,Myntra,Skincare,09-10-2025,4,1996.9
548655,Amit Arora,35,Male,Delhi,Delhi,Regular,Organic Search,Organic_Direct,12-10-2024,Active,Myntra,Colour Cosmetics,10-11-2025,4,1610.65
573233,Rohan Desai,28,Male,Surat,Gujarat,Regular,Google,Google_Search_Brand,04-06-2025,Active,Offline Store,Skincare,17-10-2025,2,723.25
597818,Divya Gaikwad,22,Female,Mumbai,Maharashtra,Premium,Instagram,IG_Influencer_Collab,06-05-2025,Active,Amazon,Skincare,26-07-2025,3,1414.95
581439,Trisha Kapoor,27,Female,Delhi,Delhi,Value,Organic Search,Organic_Direct,01-01-2025,Inactive,Quick Commerce,Colour Cosmetics,01-01-2025,1,449
515906,Radhika Iyer,31,Female,Chennai,Tamil Nadu,Regular,Influencer,Influencer_Micro,19-01-2025,Inactive,Amazon,Haircare,19-01-2025,1,474.05
540483,Ishita Hazarika,24,Female,Guwahati,Assam,Premium,Marketplace,Amazon_Sponsored,18-09-2025,Dormant,Myntra,Skincare,18-09-2025,1,254.15
507716,Sonal Gandhi,26,Female,Surat,Gujarat,Premium,Marketplace,Amazon_Sponsored,28-03-2024,Active,Myntra,Colour Cosmetics,28-05-2025,2,923.45
573259,Sanjana Raju,30,Female,Hyderabad,Telangana,Premium,Instagram,IG_Reels_Push,13-07-2025,Active,Myntra,Colour Cosmetics,20-09-2025,3,2690.6
515915,Tanvi Joshi,37,Female,Surat,Gujarat,Premium,Google,Google_Search_Generic,26-07-2025,Active,Myntra,Colour Cosmetics,12-11-2025,4,1913.35
540492,Rakesh Sharma,27,Male,Jaipur,Rajasthan,Value,Marketplace,Amazon_Sponsored,17-12-2025,Active,Myntra,Skincare,17-12-2025,1,494.1
556881,Pallavi Chandran,25,Female,Chennai,Tamil Nadu,Value,Instagram,IG_Influencer_Collab,16-10-2025,Active,D2C Website,Skincare,16-10-2025,1,499
548689,Aarav Yadav,24,Male,Lucknow,Uttar Pradesh,Regular,Marketplace,Amazon_Sponsored,02-08-2025,Active,Offline Store,Colour Cosmetics,02-10-2025,3,1616.6
540499,Akash Raju,23,Male,Hyderabad,Telangana,Regular,Instagram,Unknown,20-07-2025,Active,Amazon,Skincare,12-09-2025,2,733.05
597853,Karan Sharma,34,Male,Delhi,Delhi,Value,Referral,ReferAFriend_Q3,20-03-2025,Active,Amazon,Skincare,19-12-2025,8,5569.95
581490,Ananya Krishnan,43,Female,Chennai,Tamil Nadu,Regular,Instagram,IG_Reels_Push,04-11-2025,Active,D2C Website,Skincare,10-12-2025,4,3761.75
565107,Ritu Sharma,26,Female,Delhi,Delhi,Value,Instagram,IG_Festive_Sale,15-08-2025,Active,Amazon,Skincare,28-11-2025,2,1038.4
589687,Deepa Agarwal,37,Other,Lucknow,Uttar Pradesh,Regular,Instagram,IG_NewLaunch,27-12-2025,Active,Quick Commerce,Haircare,27-12-2025,1,379.05
597880,Anjali Chary,41,Female,Hyderabad,Telangana,Value,Google,Google_Search_Brand,18-09-2025,Inactive,Myntra,Skincare,18-09-2025,1,843.7
540538,Pallavi Chavan,30,Female,Mumbai,Maharashtra,Value,Google,Google_Search_Brand,14-05-2025,Active,Offline Store,Skincare,14-05-2025,1,549
515970,Ravi Reddy,29,Other,Bengaluru,Karnataka,Value,Instagram,IG_Influencer_Collab,27-03-2025,Active,Nykaa,Skincare,08-07-2025,4,2130.8
524164,Divya Arora,28,Female,Delhi,Delhi,Value,Instagram,IG_NewLaunch,09-10-2025,Active,Offline Store,Skincare,07-12-2025,2,748.25
589705,Suresh Chavan,21,Male,Mumbai,Maharashtra,Value,Offline Store,Instore_Walkin,13-10-2025,Active,Offline Store,Colour Cosmetics,15-12-2025,2,698
540562,Arya Yadav,28,Other,Bhopal,Madhya Pradesh,Regular,Organic Search,Organic_Direct,29-03-2024,Active,Offline Store,Colour Cosmetics,05-05-2025,3,1977.1
597912,Akash Raman,23,Male,Coimbatore,Tamil Nadu,Regular,Marketplace,Myntra_Beauty_Week,17-02-2025,Active,D2C Website,Colour Cosmetics,11-12-2025,10,5243.45
556959,Divya Das,29,Female,Guwahati,Assam,Regular,Referral,ReferAFriend_Q3,18-12-2024,Dormant,Nykaa,Skincare,18-05-2025,2,1464.95
540577,Vani Kohli,33,Female,Chandigarh,Chandigarh,Regular,Referral,ReferAFriend_Q1,24-12-2025,Active,Offline Store,Skincare,30-12-2025,3,997.45
507816,Sandeep Kulkarni,52,Male,Mumbai,Maharashtra,Regular,Instagram,IG_Festive_Sale,18-06-2024,Dormant,Offline Store,Skincare,29-08-2025,5,2259.65
516011,Tanvi Tripathi,32,Female,Lucknow,Uttar Pradesh,Value,Instagram,IG_Festive_Sale,23-04-2025,Active,D2C Website,Colour Cosmetics,17-10-2025,2,1083.25
516021,Riya Pillai,27,Female,Chennai,Tamil Nadu,Value,Instagram,IG_NewLaunch,27-04-2024,Active,Nykaa,Colour Cosmetics,28-07-2025,3,1526.6
532406,Abhishek Ghosh,38,Male,Kolkata,West Bengal,Value,Influencer,Influencer_Micro,18-05-2025,Active,D2C Website,Colour Cosmetics,24-12-2025,5,2192.2
581560,Pooja Iyengar,24,Female,Coimbatore,Tamil Nadu,Value,Offline Store,Instore_EventPromo,30-04-2025,Active,Amazon,Colour Cosmetics,07-12-2025,3,1508.95
556985,Riya Gandhi,31,Other,Ahmedabad,Gujarat,Value,Influencer,Influencer_Micro,27-11-2025,Active,Offline Store,Haircare,27-11-2025,1,359.2
532411,Meera Patil,25,Female,Mumbai,Maharashtra,Premium,Marketplace,Myntra_Beauty_Week,27-06-2024,Inactive,Offline Store,Skincare,12-01-2025,2,865.75
573385,Vani Gowda,41,Female,Bengaluru,Karnataka,Value,Instagram,IG_Influencer_Collab,08-09-2024,Active,Nykaa,Skincare,12-07-2025,4,1879.4
565193,Fatima Kale,32,Female,Nagpur,Maharashtra,Value,Influencer,Influencer_Micro,29-09-2024,Dormant,D2C Website,Skincare,16-12-2024,3,1257.45
597973,Vikram Bhatia,28,Male,Delhi,Delhi,Value,Organic Search,Organic_Direct,26-10-2025,Active,Offline Store,Colour Cosmetics,26-12-2025,9,5803.8
507861,Ananya Mehra,33,Female,Delhi,Delhi,Value,Offline Store,Instore_Walkin,29-08-2025,Active,Offline Store,Skincare,14-10-2025,2,765.05
597978,Deepika Shinde,27,Female,Nagpur,Maharashtra,Premium,Instagram,IG_Festive_Sale,16-02-2025,Active,Nykaa,Colour Cosmetics,09-12-2025,3,830.15
581609,Fatima Pillai,29,Female,Kochi,Kerala,Premium,Instagram,IG_NewLaunch,05-06-2025,Inactive,Nykaa,Skincare,05-06-2025,1,764.15
524267,Kritika Patil,23,Female,Mumbai,Maharashtra,Value,Instagram,IG_Reels_Push,14-06-2024,Dormant,Nykaa,Skincare,18-11-2025,4,3373.05
548843,Kunal Tiwari,23,Male,Indore,Madhya Pradesh,Regular,Instagram,IG_NewLaunch,10-11-2025,Dormant,Myntra,Skincare,10-11-2025,1,359.2
565230,Kavya Rao,39,Female,Bengaluru,Karnataka,Value,Organic Search,Organic_SEO_Blog,13-09-2025,Active,Myntra,Colour Cosmetics,20-10-2025,2,905.85
507894,Nikhil Bhosale,30,Male,Mumbai,Maharashtra,Value,Marketplace,Myntra_Beauty_Week,08-11-2025,Dormant,Quick Commerce,Colour Cosmetics,08-11-2025,1,426.55
540662,Swati Chavan,33,Female,Mumbai,Maharashtra,Value,Google,Google_Search_Generic,15-02-2025,Inactive,Quick Commerce,Skincare,15-02-2025,1,379.05
532472,Kavya Raman,27,Female,Coimbatore,Tamil Nadu,Value,Referral,ReferAFriend_Q1,19-01-2025,Active,Amazon,Skincare,08-06-2025,2,995.85
540668,Ishita Goud,31,Female,Hyderabad,Telangana,Value,Referral,ReferAFriend_Q1,19-08-2025,Active,D2C Website,Haircare,05-12-2025,2,756.55
